<stg><name>CalculateNodeHeight</name>


<trans_list>

<trans id="39" from="1" to="2">
<condition id="-1">
<or_exp><and_exp><literal name="icmp_ln13" val="0"/>
</and_exp></or_exp>
</condition>
</trans>

<trans id="40" from="1" to="9">
<condition id="-1">
<or_exp><and_exp><literal name="icmp_ln13" val="1"/>
</and_exp></or_exp>
</condition>
</trans>

<trans id="42" from="2" to="3">
<condition id="-1">
<or_exp><and_exp></and_exp></or_exp>
</condition>
</trans>

<trans id="43" from="3" to="4">
<condition id="-1">
<or_exp><and_exp></and_exp></or_exp>
</condition>
</trans>

<trans id="44" from="4" to="9">
<condition id="-1">
<or_exp><and_exp><literal name="icmp_ln19" val="1"/>
</and_exp></or_exp>
</condition>
</trans>

<trans id="45" from="4" to="5">
<condition id="-1">
<or_exp><and_exp><literal name="icmp_ln19" val="0"/>
<literal name="icmp_ln22" val="0"/>
</and_exp></or_exp>
</condition>
</trans>

<trans id="46" from="4" to="7">
<condition id="-1">
<or_exp><and_exp><literal name="icmp_ln19" val="0"/>
<literal name="icmp_ln22" val="1"/>
</and_exp></or_exp>
</condition>
</trans>

<trans id="47" from="5" to="6">
<condition id="-1">
<or_exp><and_exp></and_exp></or_exp>
</condition>
</trans>

<trans id="48" from="6" to="7">
<condition id="-1">
<or_exp><and_exp></and_exp></or_exp>
</condition>
</trans>

<trans id="49" from="7" to="8">
<condition id="-1">
<or_exp><and_exp><literal name="icmp_ln27" val="0"/>
</and_exp></or_exp>
</condition>
</trans>

<trans id="50" from="7" to="9">
<condition id="-1">
<or_exp><and_exp><literal name="icmp_ln27" val="1"/>
</and_exp></or_exp>
</condition>
</trans>

<trans id="52" from="8" to="9">
<condition id="-1">
<or_exp><and_exp></and_exp></or_exp>
</condition>
</trans>
</trans_list>



<state_list>

<state id="1" st_id="1">

<operation id="10" st_id="1" stage="1" lat="1">
<core>NULL</core>
<MemPortIdVec></MemPortIdVec>
<condition id="-1">
<or_exp><and_exp></and_exp></or_exp>
</condition>

<Node id="3" bw="0" op_0_bw="0" op_1_bw="32" op_2_bw="0" op_3_bw="32" op_4_bw="32" op_5_bw="0" op_6_bw="32" op_7_bw="32" op_8_bw="0" op_9_bw="0" op_10_bw="0" op_11_bw="32" op_12_bw="32" op_13_bw="32" op_14_bw="32" op_15_bw="0" op_16_bw="0">
<![CDATA[
:0  call void (...)* @_ssdm_op_SpecInterface(i32* %myHeap, [6 x i8]* @p_str3, i32 0, i32 0, [1 x i8]* @p_str1, i32 0, i32 1, [1 x i8]* @p_str1, [4 x i8]* @p_str4, [1 x i8]* @p_str1, i32 16, i32 16, i32 16, i32 16, [1 x i8]* @p_str1, [1 x i8]* @p_str1) nounwind

]]></Node>
<StgValue><ssdm name="specinterface_ln0"/></StgValue>
</operation>

<operation id="11" st_id="1" stage="1" lat="1">
<core>NULL</core>
<MemPortIdVec></MemPortIdVec>
<condition id="-1">
<or_exp><and_exp></and_exp></or_exp>
</condition>

<Node id="4" bw="32" op_0_bw="32" op_1_bw="32">
<![CDATA[
:1  %nodePtr_read = call i32 @_ssdm_op_Read.ap_auto.i32(i32 %nodePtr) nounwind

]]></Node>
<StgValue><ssdm name="nodePtr_read"/></StgValue>
</operation>

<operation id="12" st_id="1" stage="1" lat="1">
<core>Cmp</core>
<MemPortIdVec></MemPortIdVec>
<condition id="-1">
<or_exp><and_exp></and_exp></or_exp>
</condition>

<Node id="5" bw="1" op_0_bw="32" op_1_bw="32">
<![CDATA[
:2  %icmp_ln13 = icmp eq i32 %nodePtr_read, 0

]]></Node>
<StgValue><ssdm name="icmp_ln13"/></StgValue>
</operation>

<operation id="13" st_id="1" stage="1" lat="1">
<core>NULL</core>
<MemPortIdVec></MemPortIdVec>
<condition id="-1">
<or_exp><and_exp></and_exp></or_exp>
</condition>

<Node id="6" bw="0" op_0_bw="1" op_1_bw="0" op_2_bw="0">
<![CDATA[
:3  br i1 %icmp_ln13, label %._crit_edge, label %1

]]></Node>
<StgValue><ssdm name="br_ln13"/></StgValue>
</operation>

<operation id="14" st_id="1" stage="2" lat="2">
<core></core>
<MemPortIdVec></MemPortIdVec>
<condition id="-1">
<or_exp><and_exp><literal name="icmp_ln13" val="0"/>
</and_exp></or_exp>
</condition>

<Node id="8" bw="32" op_0_bw="32" op_1_bw="32" op_2_bw="32">
<![CDATA[
:0  %leftPtr = call fastcc i32 @node_get_left_pointe(i32* %myHeap, i32 %nodePtr_read)

]]></Node>
<StgValue><ssdm name="leftPtr"/></StgValue>
</operation>
</state>

<state id="2" st_id="2">

<operation id="15" st_id="2" stage="1" lat="2">
<core></core>
<MemPortIdVec></MemPortIdVec>
<condition id="-1">
<or_exp><and_exp></and_exp></or_exp>
</condition>

<Node id="8" bw="32" op_0_bw="32" op_1_bw="32" op_2_bw="32">
<![CDATA[
:0  %leftPtr = call fastcc i32 @node_get_left_pointe(i32* %myHeap, i32 %nodePtr_read)

]]></Node>
<StgValue><ssdm name="leftPtr"/></StgValue>
</operation>
</state>

<state id="3" st_id="3">

<operation id="16" st_id="3" stage="2" lat="2">
<core></core>
<MemPortIdVec></MemPortIdVec>
<condition id="-1">
<or_exp><and_exp></and_exp></or_exp>
</condition>

<Node id="9" bw="32" op_0_bw="32" op_1_bw="32" op_2_bw="32" op_3_bw="32" op_4_bw="32">
<![CDATA[
:1  %rightPtr = call fastcc i32 @node_get_right_point(i32* %myHeap, i32 %nodePtr_read)

]]></Node>
<StgValue><ssdm name="rightPtr"/></StgValue>
</operation>
</state>

<state id="4" st_id="4">

<operation id="17" st_id="4" stage="1" lat="2">
<core></core>
<MemPortIdVec></MemPortIdVec>
<condition id="-1">
<or_exp><and_exp></and_exp></or_exp>
</condition>

<Node id="9" bw="32" op_0_bw="32" op_1_bw="32" op_2_bw="32" op_3_bw="32" op_4_bw="32">
<![CDATA[
:1  %rightPtr = call fastcc i32 @node_get_right_point(i32* %myHeap, i32 %nodePtr_read)

]]></Node>
<StgValue><ssdm name="rightPtr"/></StgValue>
</operation>

<operation id="18" st_id="4" stage="1" lat="1">
<core>LogicGate</core>
<MemPortIdVec></MemPortIdVec>
<condition id="-1">
<or_exp><and_exp></and_exp></or_exp>
</condition>

<Node id="10" bw="32" op_0_bw="32" op_1_bw="32">
<![CDATA[
:2  %or_ln19 = or i32 %rightPtr, %leftPtr

]]></Node>
<StgValue><ssdm name="or_ln19"/></StgValue>
</operation>

<operation id="19" st_id="4" stage="1" lat="1">
<core>Cmp</core>
<MemPortIdVec></MemPortIdVec>
<condition id="-1">
<or_exp><and_exp></and_exp></or_exp>
</condition>

<Node id="11" bw="1" op_0_bw="32" op_1_bw="32">
<![CDATA[
:3  %icmp_ln19 = icmp eq i32 %or_ln19, 0

]]></Node>
<StgValue><ssdm name="icmp_ln19"/></StgValue>
</operation>

<operation id="20" st_id="4" stage="1" lat="1">
<core>NULL</core>
<MemPortIdVec></MemPortIdVec>
<condition id="-1">
<or_exp><and_exp></and_exp></or_exp>
</condition>

<Node id="12" bw="0" op_0_bw="1" op_1_bw="0" op_2_bw="0">
<![CDATA[
:4  br i1 %icmp_ln19, label %._crit_edge, label %2

]]></Node>
<StgValue><ssdm name="br_ln19"/></StgValue>
</operation>

<operation id="21" st_id="4" stage="1" lat="1">
<core>Cmp</core>
<MemPortIdVec></MemPortIdVec>
<condition id="-1">
<or_exp><and_exp><literal name="icmp_ln19" val="0"/>
</and_exp></or_exp>
</condition>

<Node id="14" bw="1" op_0_bw="32" op_1_bw="32">
<![CDATA[
:0  %icmp_ln22 = icmp eq i32 %leftPtr, 0

]]></Node>
<StgValue><ssdm name="icmp_ln22"/></StgValue>
</operation>

<operation id="22" st_id="4" stage="1" lat="1">
<core>NULL</core>
<MemPortIdVec></MemPortIdVec>
<condition id="-1">
<or_exp><and_exp><literal name="icmp_ln19" val="0"/>
</and_exp></or_exp>
</condition>

<Node id="15" bw="0" op_0_bw="1" op_1_bw="0" op_2_bw="0">
<![CDATA[
:1  br i1 %icmp_ln22, label %._crit_edge2, label %3

]]></Node>
<StgValue><ssdm name="br_ln22"/></StgValue>
</operation>
</state>

<state id="5" st_id="5">

<operation id="23" st_id="5" stage="2" lat="2">
<core></core>
<MemPortIdVec></MemPortIdVec>
<condition id="-1">
<or_exp><and_exp></and_exp></or_exp>
</condition>

<Node id="17" bw="32" op_0_bw="32" op_1_bw="32" op_2_bw="32" op_3_bw="32" op_4_bw="32" op_5_bw="32" op_6_bw="32">
<![CDATA[
:0  %leftHeight = call fastcc i32 @node_read_height(i32* %myHeap, i32 %leftPtr)

]]></Node>
<StgValue><ssdm name="leftHeight"/></StgValue>
</operation>
</state>

<state id="6" st_id="6">

<operation id="24" st_id="6" stage="1" lat="2">
<core></core>
<MemPortIdVec></MemPortIdVec>
<condition id="-1">
<or_exp><and_exp></and_exp></or_exp>
</condition>

<Node id="17" bw="32" op_0_bw="32" op_1_bw="32" op_2_bw="32" op_3_bw="32" op_4_bw="32" op_5_bw="32" op_6_bw="32">
<![CDATA[
:0  %leftHeight = call fastcc i32 @node_read_height(i32* %myHeap, i32 %leftPtr)

]]></Node>
<StgValue><ssdm name="leftHeight"/></StgValue>
</operation>
</state>

<state id="7" st_id="7">

<operation id="25" st_id="7" stage="1" lat="1">
<core>NULL</core>
<MemPortIdVec></MemPortIdVec>
<condition id="-1">
<or_exp><and_exp><literal name="icmp_ln22" val="0"/>
</and_exp></or_exp>
</condition>

<Node id="18" bw="0" op_0_bw="0">
<![CDATA[
:1  br label %._crit_edge2

]]></Node>
<StgValue><ssdm name="br_ln24"/></StgValue>
</operation>

<operation id="26" st_id="7" stage="1" lat="1">
<core>NULL</core>
<MemPortIdVec></MemPortIdVec>
<condition id="-1">
<or_exp><and_exp></and_exp></or_exp>
</condition>

<Node id="20" bw="32" op_0_bw="32" op_1_bw="0" op_2_bw="32" op_3_bw="0">
<![CDATA[
._crit_edge2:0  %a_assign = phi i32 [ %leftHeight, %3 ], [ 0, %2 ]

]]></Node>
<StgValue><ssdm name="a_assign"/></StgValue>
</operation>

<operation id="27" st_id="7" stage="1" lat="1">
<core>Cmp</core>
<MemPortIdVec></MemPortIdVec>
<condition id="-1">
<or_exp><and_exp></and_exp></or_exp>
</condition>

<Node id="21" bw="1" op_0_bw="32" op_1_bw="32">
<![CDATA[
._crit_edge2:1  %icmp_ln27 = icmp eq i32 %rightPtr, 0

]]></Node>
<StgValue><ssdm name="icmp_ln27"/></StgValue>
</operation>

<operation id="28" st_id="7" stage="1" lat="1">
<core>NULL</core>
<MemPortIdVec></MemPortIdVec>
<condition id="-1">
<or_exp><and_exp></and_exp></or_exp>
</condition>

<Node id="22" bw="0" op_0_bw="1" op_1_bw="0" op_2_bw="0">
<![CDATA[
._crit_edge2:2  br i1 %icmp_ln27, label %._crit_edge3, label %4

]]></Node>
<StgValue><ssdm name="br_ln27"/></StgValue>
</operation>

<operation id="29" st_id="7" stage="2" lat="2">
<core></core>
<MemPortIdVec></MemPortIdVec>
<condition id="-1">
<or_exp><and_exp><literal name="icmp_ln27" val="0"/>
</and_exp></or_exp>
</condition>

<Node id="24" bw="32" op_0_bw="32" op_1_bw="32" op_2_bw="32" op_3_bw="32" op_4_bw="32" op_5_bw="32" op_6_bw="32" op_7_bw="32" op_8_bw="32">
<![CDATA[
:0  %rightHeight = call fastcc i32 @node_read_height(i32* %myHeap, i32 %rightPtr)

]]></Node>
<StgValue><ssdm name="rightHeight"/></StgValue>
</operation>
</state>

<state id="8" st_id="8">

<operation id="30" st_id="8" stage="1" lat="2">
<core></core>
<MemPortIdVec></MemPortIdVec>
<condition id="-1">
<or_exp><and_exp></and_exp></or_exp>
</condition>

<Node id="24" bw="32" op_0_bw="32" op_1_bw="32" op_2_bw="32" op_3_bw="32" op_4_bw="32" op_5_bw="32" op_6_bw="32" op_7_bw="32" op_8_bw="32">
<![CDATA[
:0  %rightHeight = call fastcc i32 @node_read_height(i32* %myHeap, i32 %rightPtr)

]]></Node>
<StgValue><ssdm name="rightHeight"/></StgValue>
</operation>
</state>

<state id="9" st_id="9">

<operation id="31" st_id="9" stage="1" lat="1">
<core>NULL</core>
<MemPortIdVec></MemPortIdVec>
<condition id="-1">
<or_exp><and_exp><literal name="icmp_ln13" val="0"/>
<literal name="icmp_ln19" val="0"/>
<literal name="icmp_ln27" val="0"/>
</and_exp></or_exp>
</condition>

<Node id="25" bw="0" op_0_bw="0">
<![CDATA[
:1  br label %._crit_edge3

]]></Node>
<StgValue><ssdm name="br_ln29"/></StgValue>
</operation>

<operation id="32" st_id="9" stage="1" lat="1">
<core>NULL</core>
<MemPortIdVec></MemPortIdVec>
<condition id="-1">
<or_exp><and_exp><literal name="icmp_ln13" val="0"/>
<literal name="icmp_ln19" val="0"/>
</and_exp></or_exp>
</condition>

<Node id="27" bw="32" op_0_bw="32" op_1_bw="0" op_2_bw="32" op_3_bw="0">
<![CDATA[
._crit_edge3:0  %b_assign = phi i32 [ %rightHeight, %4 ], [ 0, %._crit_edge2 ]

]]></Node>
<StgValue><ssdm name="b_assign"/></StgValue>
</operation>

<operation id="33" st_id="9" stage="1" lat="1">
<core>Cmp</core>
<MemPortIdVec></MemPortIdVec>
<condition id="-1">
<or_exp><and_exp><literal name="icmp_ln13" val="0"/>
<literal name="icmp_ln19" val="0"/>
</and_exp></or_exp>
</condition>

<Node id="28" bw="1" op_0_bw="32" op_1_bw="32">
<![CDATA[
._crit_edge3:1  %icmp_ln4 = icmp sgt i32 %a_assign, %b_assign

]]></Node>
<StgValue><ssdm name="icmp_ln4"/></StgValue>
</operation>

<operation id="34" st_id="9" stage="1" lat="1">
<core>Sel</core>
<MemPortIdVec></MemPortIdVec>
<condition id="-1">
<or_exp><and_exp><literal name="icmp_ln13" val="0"/>
<literal name="icmp_ln19" val="0"/>
</and_exp></or_exp>
</condition>

<Node id="29" bw="32" op_0_bw="1" op_1_bw="32" op_2_bw="32">
<![CDATA[
._crit_edge3:2  %select_ln4 = select i1 %icmp_ln4, i32 %a_assign, i32 %b_assign

]]></Node>
<StgValue><ssdm name="select_ln4"/></StgValue>
</operation>

<operation id="35" st_id="9" stage="1" lat="1">
<core>AddSub</core>
<MemPortIdVec></MemPortIdVec>
<condition id="-1">
<or_exp><and_exp><literal name="icmp_ln13" val="0"/>
<literal name="icmp_ln19" val="0"/>
</and_exp></or_exp>
</condition>

<Node id="30" bw="32" op_0_bw="32" op_1_bw="32">
<![CDATA[
._crit_edge3:3  %height_1_1 = add nsw i32 %select_ln4, 1

]]></Node>
<StgValue><ssdm name="height_1_1"/></StgValue>
</operation>

<operation id="36" st_id="9" stage="1" lat="1">
<core>NULL</core>
<MemPortIdVec></MemPortIdVec>
<condition id="-1">
<or_exp><and_exp><literal name="icmp_ln13" val="0"/>
<literal name="icmp_ln19" val="0"/>
</and_exp></or_exp>
</condition>

<Node id="31" bw="0" op_0_bw="0">
<![CDATA[
._crit_edge3:4  br label %._crit_edge

]]></Node>
<StgValue><ssdm name="br_ln0"/></StgValue>
</operation>

<operation id="37" st_id="9" stage="1" lat="1">
<core>NULL</core>
<MemPortIdVec></MemPortIdVec>
<condition id="-1">
<or_exp><and_exp></and_exp></or_exp>
</condition>

<Node id="33" bw="32" op_0_bw="32" op_1_bw="0" op_2_bw="32" op_3_bw="0" op_4_bw="32" op_5_bw="0">
<![CDATA[
._crit_edge:0  %height_1 = phi i32 [ %height_1_1, %._crit_edge3 ], [ 0, %0 ], [ 1, %1 ]

]]></Node>
<StgValue><ssdm name="height_1"/></StgValue>
</operation>

<operation id="38" st_id="9" stage="1" lat="1">
<core>NULL</core>
<MemPortIdVec></MemPortIdVec>
<condition id="-1">
<or_exp><and_exp></and_exp></or_exp>
</condition>

<Node id="34" bw="0" op_0_bw="32">
<![CDATA[
._crit_edge:1  ret i32 %height_1

]]></Node>
<StgValue><ssdm name="ret_ln35"/></StgValue>
</operation>
</state>
</state_list>


<ports>
<port id="53" name="myHeap" dir="0" iftype="4">
<core>NULL</core><StgValue><ssdm name="myHeap"/></StgValue>
</port>
<port id="54" name="nodePtr" dir="0" iftype="0">
<core>NULL</core><StgValue><ssdm name="nodePtr"/></StgValue>
</port>
</ports>


<dataflows>
<dataflow id="56" from="_ssdm_op_SpecInterface" to="specinterface_ln0" fromId="55" toId="10">
</dataflow>
<dataflow id="57" from="myHeap" to="specinterface_ln0" fromId="53" toId="10">
</dataflow>
<dataflow id="59" from="p_str3" to="specinterface_ln0" fromId="58" toId="10">
</dataflow>
<dataflow id="61" from="StgValue_60" to="specinterface_ln0" fromId="60" toId="10">
</dataflow>
<dataflow id="62" from="StgValue_60" to="specinterface_ln0" fromId="60" toId="10">
</dataflow>
<dataflow id="64" from="p_str1" to="specinterface_ln0" fromId="63" toId="10">
</dataflow>
<dataflow id="65" from="StgValue_60" to="specinterface_ln0" fromId="60" toId="10">
</dataflow>
<dataflow id="67" from="StgValue_66" to="specinterface_ln0" fromId="66" toId="10">
</dataflow>
<dataflow id="68" from="p_str1" to="specinterface_ln0" fromId="63" toId="10">
</dataflow>
<dataflow id="70" from="p_str4" to="specinterface_ln0" fromId="69" toId="10">
</dataflow>
<dataflow id="71" from="p_str1" to="specinterface_ln0" fromId="63" toId="10">
</dataflow>
<dataflow id="73" from="StgValue_72" to="specinterface_ln0" fromId="72" toId="10">
</dataflow>
<dataflow id="74" from="StgValue_72" to="specinterface_ln0" fromId="72" toId="10">
</dataflow>
<dataflow id="75" from="StgValue_72" to="specinterface_ln0" fromId="72" toId="10">
</dataflow>
<dataflow id="76" from="StgValue_72" to="specinterface_ln0" fromId="72" toId="10">
</dataflow>
<dataflow id="77" from="p_str1" to="specinterface_ln0" fromId="63" toId="10">
</dataflow>
<dataflow id="78" from="p_str1" to="specinterface_ln0" fromId="63" toId="10">
</dataflow>
<dataflow id="80" from="_ssdm_op_Read.ap_auto.i32" to="nodePtr_read" fromId="79" toId="11">
</dataflow>
<dataflow id="81" from="nodePtr" to="nodePtr_read" fromId="54" toId="11">
</dataflow>
<dataflow id="82" from="nodePtr_read" to="icmp_ln13" fromId="11" toId="12">
</dataflow>
<dataflow id="83" from="StgValue_60" to="icmp_ln13" fromId="60" toId="12">
</dataflow>
<dataflow id="84" from="icmp_ln13" to="br_ln13" fromId="12" toId="13">
</dataflow>
<dataflow id="86" from="node_get_left_pointe" to="leftPtr" fromId="85" toId="14">
</dataflow>
<dataflow id="87" from="myHeap" to="leftPtr" fromId="53" toId="14">
</dataflow>
<dataflow id="88" from="nodePtr_read" to="leftPtr" fromId="11" toId="14">
</dataflow>
<dataflow id="89" from="node_get_left_pointe" to="leftPtr" fromId="85" toId="15">
</dataflow>
<dataflow id="90" from="myHeap" to="leftPtr" fromId="53" toId="15">
</dataflow>
<dataflow id="91" from="nodePtr_read" to="leftPtr" fromId="11" toId="15">
</dataflow>
<dataflow id="93" from="node_get_right_point" to="rightPtr" fromId="92" toId="16">
</dataflow>
<dataflow id="94" from="myHeap" to="rightPtr" fromId="53" toId="16">
</dataflow>
<dataflow id="95" from="nodePtr_read" to="rightPtr" fromId="11" toId="16">
</dataflow>
<dataflow id="96" from="node_get_right_point" to="rightPtr" fromId="92" toId="17">
</dataflow>
<dataflow id="97" from="myHeap" to="rightPtr" fromId="53" toId="17">
</dataflow>
<dataflow id="98" from="nodePtr_read" to="rightPtr" fromId="11" toId="17">
</dataflow>
<dataflow id="99" from="rightPtr" to="or_ln19" fromId="17" toId="18">
</dataflow>
<dataflow id="100" from="leftPtr" to="or_ln19" fromId="15" toId="18">
</dataflow>
<dataflow id="101" from="or_ln19" to="icmp_ln19" fromId="18" toId="19">
</dataflow>
<dataflow id="102" from="StgValue_60" to="icmp_ln19" fromId="60" toId="19">
</dataflow>
<dataflow id="103" from="icmp_ln19" to="br_ln19" fromId="19" toId="20">
</dataflow>
<dataflow id="104" from="leftPtr" to="icmp_ln22" fromId="15" toId="21">
</dataflow>
<dataflow id="105" from="StgValue_60" to="icmp_ln22" fromId="60" toId="21">
</dataflow>
<dataflow id="106" from="icmp_ln22" to="br_ln22" fromId="21" toId="22">
</dataflow>
<dataflow id="108" from="node_read_height" to="leftHeight" fromId="107" toId="23">
</dataflow>
<dataflow id="109" from="myHeap" to="leftHeight" fromId="53" toId="23">
</dataflow>
<dataflow id="110" from="leftPtr" to="leftHeight" fromId="15" toId="23">
</dataflow>
<dataflow id="111" from="node_read_height" to="leftHeight" fromId="107" toId="24">
</dataflow>
<dataflow id="112" from="myHeap" to="leftHeight" fromId="53" toId="24">
</dataflow>
<dataflow id="113" from="leftPtr" to="leftHeight" fromId="15" toId="24">
</dataflow>
<dataflow id="114" from="leftHeight" to="a_assign" fromId="24" toId="26">
<condition id="-1">
<or_exp><and_exp><literal name="icmp_ln22" val="0"/>
</and_exp></or_exp>
</condition>
</dataflow>
<dataflow id="115" from="br_ln24" to="a_assign" fromId="25" toId="26">
</dataflow>
<dataflow id="116" from="StgValue_60" to="a_assign" fromId="60" toId="26">
<condition id="-1">
<or_exp><and_exp><literal name="icmp_ln19" val="0"/>
<literal name="icmp_ln22" val="1"/>
</and_exp></or_exp>
</condition>
</dataflow>
<dataflow id="117" from="br_ln22" to="a_assign" fromId="22" toId="26">
</dataflow>
<dataflow id="118" from="rightPtr" to="icmp_ln27" fromId="17" toId="27">
</dataflow>
<dataflow id="119" from="StgValue_60" to="icmp_ln27" fromId="60" toId="27">
</dataflow>
<dataflow id="120" from="icmp_ln27" to="br_ln27" fromId="27" toId="28">
</dataflow>
<dataflow id="121" from="node_read_height" to="rightHeight" fromId="107" toId="29">
</dataflow>
<dataflow id="122" from="myHeap" to="rightHeight" fromId="53" toId="29">
</dataflow>
<dataflow id="123" from="rightPtr" to="rightHeight" fromId="17" toId="29">
</dataflow>
<dataflow id="124" from="node_read_height" to="rightHeight" fromId="107" toId="30">
</dataflow>
<dataflow id="125" from="myHeap" to="rightHeight" fromId="53" toId="30">
</dataflow>
<dataflow id="126" from="rightPtr" to="rightHeight" fromId="17" toId="30">
</dataflow>
<dataflow id="127" from="rightHeight" to="b_assign" fromId="30" toId="32">
<condition id="-1">
<or_exp><and_exp><literal name="icmp_ln13" val="0"/>
<literal name="icmp_ln19" val="0"/>
<literal name="icmp_ln27" val="0"/>
</and_exp></or_exp>
</condition>
</dataflow>
<dataflow id="128" from="br_ln29" to="b_assign" fromId="31" toId="32">
</dataflow>
<dataflow id="129" from="StgValue_60" to="b_assign" fromId="60" toId="32">
<condition id="-1">
<or_exp><and_exp><literal name="icmp_ln27" val="1"/>
</and_exp></or_exp>
</condition>
</dataflow>
<dataflow id="130" from="br_ln27" to="b_assign" fromId="28" toId="32">
</dataflow>
<dataflow id="131" from="a_assign" to="icmp_ln4" fromId="26" toId="33">
</dataflow>
<dataflow id="132" from="b_assign" to="icmp_ln4" fromId="32" toId="33">
</dataflow>
<dataflow id="133" from="icmp_ln4" to="select_ln4" fromId="33" toId="34">
</dataflow>
<dataflow id="134" from="a_assign" to="select_ln4" fromId="26" toId="34">
</dataflow>
<dataflow id="135" from="b_assign" to="select_ln4" fromId="32" toId="34">
</dataflow>
<dataflow id="136" from="select_ln4" to="height_1_1" fromId="34" toId="35">
</dataflow>
<dataflow id="137" from="StgValue_66" to="height_1_1" fromId="66" toId="35">
</dataflow>
<dataflow id="138" from="height_1_1" to="height_1" fromId="35" toId="37">
<condition id="-1">
<or_exp><and_exp><literal name="icmp_ln13" val="0"/>
<literal name="icmp_ln19" val="0"/>
</and_exp></or_exp>
</condition>
</dataflow>
<dataflow id="139" from="br_ln0" to="height_1" fromId="36" toId="37">
</dataflow>
<dataflow id="140" from="StgValue_60" to="height_1" fromId="60" toId="37">
<condition id="-1">
<or_exp><and_exp><literal name="icmp_ln13" val="1"/>
</and_exp></or_exp>
</condition>
</dataflow>
<dataflow id="141" from="br_ln13" to="height_1" fromId="13" toId="37">
</dataflow>
<dataflow id="142" from="StgValue_66" to="height_1" fromId="66" toId="37">
<condition id="-1">
<or_exp><and_exp><literal name="icmp_ln19" val="1"/>
</and_exp></or_exp>
</condition>
</dataflow>
<dataflow id="143" from="br_ln19" to="height_1" fromId="20" toId="37">
</dataflow>
<dataflow id="144" from="height_1" to="ret_ln35" fromId="37" toId="38">
</dataflow>
<dataflow id="145" from="icmp_ln13" to="StgValue_1" fromId="12" toId="1">
</dataflow>
<dataflow id="146" from="icmp_ln19" to="StgValue_4" fromId="19" toId="4">
</dataflow>
<dataflow id="147" from="icmp_ln22" to="StgValue_7" fromId="21" toId="7">
</dataflow>
<dataflow id="148" from="icmp_ln27" to="StgValue_7" fromId="27" toId="7">
</dataflow>
<dataflow id="149" from="icmp_ln13" to="StgValue_9" fromId="12" toId="9">
</dataflow>
<dataflow id="150" from="icmp_ln19" to="StgValue_9" fromId="19" toId="9">
</dataflow>
<dataflow id="151" from="icmp_ln27" to="StgValue_9" fromId="27" toId="9">
</dataflow>
<dataflow id="152" from="icmp_ln22" to="StgValue_4" fromId="21" toId="4">
</dataflow>
</dataflows>


</stg>
