<profile>

<section name = "Vivado HLS Report for 'Cavl'" level="0">
<item name = "Date">Mon Sep 20 14:59:00 2021
</item>
<item name = "Version">2019.1 (Build 2552052 on Fri May 24 15:28:33 MDT 2019)</item>
<item name = "Project">avltreefint</item>
<item name = "Solution">solution1</item>
<item name = "Product family">virtex7</item>
<item name = "Target device">xc7vx485t-ffg1157-1</item>
</section>

<section name = "Performance Estimates" level="0">
<item name = "Timing (ns)">
<section name = "" level="1">
<item name = "Summary"><table name="" hasTotal="0">
<keys size="4">Clock, Target, Estimated, Uncertainty</keys>
<column name="ap_clk">10.00, 8.750, 1.25</column>
</table>
</item>
</section>
</item>
<item name = "Latency (clock cycles)">
<section name = "" level="1">
<item name = "Summary"><table name="" hasTotal="0">
<keys size="6">, min, max, min, max, Type</keys>
<column name="">?, ?, ?, ?, none</column>
</table>
</item>
<item name = "Detail">
<section name = "" level="1">
<item name = "Instance"><table name="" hasTotal="0">
<keys size="7">Instance, Module, min, max, min, max, Type</keys>
<column name="grp_PM_3_UPDATE_fu_269">PM_3_UPDATE, ?, ?, ?, ?, none</column>
<column name="grp_PM_2_CHECK_INSERTION_fu_290">PM_2_CHECK_INSERTION, ?, ?, ?, ?, none</column>
<column name="grp_PM_1_INSERTION_fu_310">PM_1_INSERTION, ?, ?, ?, ?, none</column>
<column name="grp_PM_4_DELETION_fu_328">PM_4_DELETION, ?, ?, ?, ?, none</column>
</table>
</item>
<item name = "Loop"><table name="" hasTotal="0">
<keys size="8">Loop Name, min, max, Latency, achieved, target, Count, Pipelined</keys>
</table>
</item>
</section>
</item>
</section>
</item>
</section>

<section name = "Utilization Estimates" level="0">
<item name = "Summary"><table name="" hasTotal="1">
<keys size="6">Name, BRAM_18K, DSP48E, FF, LUT, URAM</keys>
<column name="DSP">-, -, -, -, -</column>
<column name="Expression">-, -, 0, 236, -</column>
<column name="FIFO">-, -, -, -, -</column>
<column name="Instance">4, -, 40921, 139728, -</column>
<column name="Memory">2, -, 0, 0, 0</column>
<column name="Multiplexer">-, -, -, 2288, -</column>
<column name="Register">-, -, 549, -, -</column>
<specialColumn name="Available">2060, 2800, 607200, 303600, 0</specialColumn>
<specialColumn name="Utilization (%)">~0, 0, 6, 46, 0</specialColumn>
</table>
</item>
<item name = "Detail">
<section name = "" level="1">
<item name = "Instance"><table name="" hasTotal="1">
<keys size="7">Instance, Module, BRAM_18K, DSP48E, FF, LUT, URAM</keys>
<column name="Cavl_Master2Mem_m_axi_U">Cavl_Master2Mem_m_axi, 2, 0, 512, 580, 0</column>
<column name="Cavl_Master2SysAlloc_m_axi_U">Cavl_Master2SysAlloc_m_axi, 2, 0, 512, 580, 0</column>
<column name="Cavl_SlavePort_s_axi_U">Cavl_SlavePort_s_axi, 0, 0, 258, 424, 0</column>
<column name="grp_PM_1_INSERTION_fu_310">PM_1_INSERTION, 0, 0, 9277, 32047, 0</column>
<column name="grp_PM_2_CHECK_INSERTION_fu_290">PM_2_CHECK_INSERTION, 0, 0, 9607, 33743, 0</column>
<column name="grp_PM_3_UPDATE_fu_269">PM_3_UPDATE, 0, 0, 19940, 69676, 0</column>
<column name="grp_PM_4_DELETION_fu_328">PM_4_DELETION, 0, 0, 815, 2678, 0</column>
</table>
</item>
<item name = "DSP48E"><table name="" hasTotal="0">
<keys size="3">Instance, Module, Expression</keys>
</table>
</item>
<item name = "Memory"><table name="" hasTotal="1">
<keys size="10">Memory, Module, BRAM_18K, FF, LUT, URAM, Words, Bits, Banks, W*Bits*Banks</keys>
<column name="myStack1_U">Cavl_myStack1, 1, 0, 0, 0, 40, 32, 1, 1280</column>
<column name="myStack2_U">Cavl_myStack1, 1, 0, 0, 0, 40, 32, 1, 1280</column>
</table>
</item>
<item name = "FIFO"><table name="" hasTotal="1">
<keys size="8">Name, BRAM_18K, FF, LUT, URAM, Depth, Bits, Size:D*B</keys>
</table>
</item>
<item name = "Expression"><table name="" hasTotal="1">
<keys size="7">Variable Name, Operation, DSP48E, FF, LUT, Bitwidth P0, Bitwidth P1</keys>
<column name="root_11_fu_445_p2">+, 0, 0, 39, 32, 2</column>
<column name="root_5_fu_391_p2">+, 0, 0, 39, 32, 2</column>
<column name="root_7_fu_409_p2">+, 0, 0, 39, 32, 2</column>
<column name="root_9_fu_427_p2">+, 0, 0, 39, 32, 2</column>
<column name="ap_block_state16">and, 0, 0, 2, 1, 1</column>
<column name="ap_block_state31">and, 0, 0, 2, 1, 1</column>
<column name="ap_block_state46">and, 0, 0, 2, 1, 1</column>
<column name="ap_block_state61">and, 0, 0, 2, 1, 1</column>
<column name="icmp_ln38_fu_385_p2">icmp, 0, 0, 18, 32, 1</column>
<column name="icmp_ln46_fu_403_p2">icmp, 0, 0, 18, 32, 32</column>
<column name="icmp_ln55_fu_421_p2">icmp, 0, 0, 18, 32, 32</column>
<column name="icmp_ln64_fu_439_p2">icmp, 0, 0, 18, 32, 32</column>
</table>
</item>
<item name = "Multiplexer"><table name="" hasTotal="1">
<keys size="5">Name, LUT, Input Size, Bits, Total Bits</keys>
<column name="Master2Mem_ARADDR">27, 5, 32, 160</column>
<column name="Master2Mem_ARBURST">27, 5, 2, 10</column>
<column name="Master2Mem_ARCACHE">27, 5, 4, 20</column>
<column name="Master2Mem_ARID">27, 5, 1, 5</column>
<column name="Master2Mem_ARLEN">27, 5, 32, 160</column>
<column name="Master2Mem_ARLOCK">27, 5, 2, 10</column>
<column name="Master2Mem_ARPROT">27, 5, 3, 15</column>
<column name="Master2Mem_ARQOS">27, 5, 4, 20</column>
<column name="Master2Mem_ARREGION">27, 5, 4, 20</column>
<column name="Master2Mem_ARSIZE">27, 5, 3, 15</column>
<column name="Master2Mem_ARUSER">27, 5, 1, 5</column>
<column name="Master2Mem_ARVALID">27, 5, 1, 5</column>
<column name="Master2Mem_AWADDR">27, 5, 32, 160</column>
<column name="Master2Mem_AWBURST">27, 5, 2, 10</column>
<column name="Master2Mem_AWCACHE">27, 5, 4, 20</column>
<column name="Master2Mem_AWID">27, 5, 1, 5</column>
<column name="Master2Mem_AWLEN">27, 5, 32, 160</column>
<column name="Master2Mem_AWLOCK">27, 5, 2, 10</column>
<column name="Master2Mem_AWPROT">27, 5, 3, 15</column>
<column name="Master2Mem_AWQOS">27, 5, 4, 20</column>
<column name="Master2Mem_AWREGION">27, 5, 4, 20</column>
<column name="Master2Mem_AWSIZE">27, 5, 3, 15</column>
<column name="Master2Mem_AWUSER">27, 5, 1, 5</column>
<column name="Master2Mem_AWVALID">27, 5, 1, 5</column>
<column name="Master2Mem_BREADY">27, 5, 1, 5</column>
<column name="Master2Mem_RREADY">27, 5, 1, 5</column>
<column name="Master2Mem_WDATA">27, 5, 32, 160</column>
<column name="Master2Mem_WID">27, 5, 1, 5</column>
<column name="Master2Mem_WLAST">27, 5, 1, 5</column>
<column name="Master2Mem_WSTRB">27, 5, 4, 20</column>
<column name="Master2Mem_WUSER">27, 5, 1, 5</column>
<column name="Master2Mem_WVALID">27, 5, 1, 5</column>
<column name="Master2SysAlloc_ARADDR">27, 5, 32, 160</column>
<column name="Master2SysAlloc_ARBURST">27, 5, 2, 10</column>
<column name="Master2SysAlloc_ARCACHE">27, 5, 4, 20</column>
<column name="Master2SysAlloc_ARID">27, 5, 1, 5</column>
<column name="Master2SysAlloc_ARLEN">27, 5, 32, 160</column>
<column name="Master2SysAlloc_ARLOCK">27, 5, 2, 10</column>
<column name="Master2SysAlloc_ARPROT">27, 5, 3, 15</column>
<column name="Master2SysAlloc_ARQOS">27, 5, 4, 20</column>
<column name="Master2SysAlloc_ARREGION">27, 5, 4, 20</column>
<column name="Master2SysAlloc_ARSIZE">27, 5, 3, 15</column>
<column name="Master2SysAlloc_ARUSER">27, 5, 1, 5</column>
<column name="Master2SysAlloc_ARVALID">27, 5, 1, 5</column>
<column name="Master2SysAlloc_AWADDR">56, 13, 32, 416</column>
<column name="Master2SysAlloc_AWBURST">27, 5, 2, 10</column>
<column name="Master2SysAlloc_AWCACHE">27, 5, 4, 20</column>
<column name="Master2SysAlloc_AWID">27, 5, 1, 5</column>
<column name="Master2SysAlloc_AWLEN">33, 6, 32, 192</column>
<column name="Master2SysAlloc_AWLOCK">27, 5, 2, 10</column>
<column name="Master2SysAlloc_AWPROT">27, 5, 3, 15</column>
<column name="Master2SysAlloc_AWQOS">27, 5, 4, 20</column>
<column name="Master2SysAlloc_AWREGION">27, 5, 4, 20</column>
<column name="Master2SysAlloc_AWSIZE">27, 5, 3, 15</column>
<column name="Master2SysAlloc_AWUSER">27, 5, 1, 5</column>
<column name="Master2SysAlloc_AWVALID">33, 6, 1, 6</column>
<column name="Master2SysAlloc_BREADY">33, 6, 1, 6</column>
<column name="Master2SysAlloc_RREADY">27, 5, 1, 5</column>
<column name="Master2SysAlloc_WDATA">38, 7, 32, 224</column>
<column name="Master2SysAlloc_WID">27, 5, 1, 5</column>
<column name="Master2SysAlloc_WLAST">27, 5, 1, 5</column>
<column name="Master2SysAlloc_WSTRB">33, 6, 4, 24</column>
<column name="Master2SysAlloc_WUSER">27, 5, 1, 5</column>
<column name="Master2SysAlloc_WVALID">33, 6, 1, 6</column>
<column name="Master2SysAlloc_blk_n_AW">9, 2, 1, 2</column>
<column name="Master2SysAlloc_blk_n_B">9, 2, 1, 2</column>
<column name="Master2SysAlloc_blk_n_W">9, 2, 1, 2</column>
<column name="ap_NS_fsm">265, 62, 1, 62</column>
<column name="ap_phi_mux_root_3_phi_fu_263_p4">9, 2, 32, 64</column>
<column name="myStack1_address0">27, 5, 6, 30</column>
<column name="myStack1_ce0">27, 5, 1, 5</column>
<column name="myStack1_d0">27, 5, 32, 160</column>
<column name="myStack1_we0">27, 5, 1, 5</column>
<column name="root_3_reg_260">9, 2, 32, 64</column>
<column name="root_old_1_reg_240">9, 2, 32, 64</column>
<column name="root_old_2_reg_250">9, 2, 32, 64</column>
<column name="root_old_reg_230">9, 2, 32, 64</column>
<column name="seed_w">15, 3, 32, 96</column>
<column name="seed_x">15, 3, 32, 96</column>
<column name="seed_y">15, 3, 32, 96</column>
</table>
</item>
<item name = "Register"><table name="" hasTotal="1">
<keys size="5">Name, FF, LUT, Bits, Const Bits</keys>
<column name="SelectTestCase_assig_fu_82">32, 0, 32, 0</column>
<column name="TestCase">32, 0, 32, 0</column>
<column name="ap_CS_fsm">61, 0, 61, 0</column>
<column name="grp_PM_1_INSERTION_fu_310_ap_start_reg">1, 0, 1, 0</column>
<column name="grp_PM_2_CHECK_INSERTION_fu_290_ap_start_reg">1, 0, 1, 0</column>
<column name="grp_PM_3_UPDATE_fu_269_ap_start_reg">1, 0, 1, 0</column>
<column name="grp_PM_4_DELETION_fu_328_ap_start_reg">1, 0, 1, 0</column>
<column name="icmp_ln38_reg_495">1, 0, 1, 0</column>
<column name="icmp_ln46_reg_517">1, 0, 1, 0</column>
<column name="icmp_ln55_reg_539">1, 0, 1, 0</column>
<column name="icmp_ln64_reg_561">1, 0, 1, 0</column>
<column name="input_r_assign_fu_78">32, 0, 32, 0</column>
<column name="log2_tree_size_reg_482">32, 0, 32, 0</column>
<column name="root_10_reg_555">32, 0, 32, 0</column>
<column name="root_3_reg_260">32, 0, 32, 0</column>
<column name="root_6_reg_511">32, 0, 32, 0</column>
<column name="root_8_reg_533">32, 0, 32, 0</column>
<column name="root_old_1_reg_240">32, 0, 32, 0</column>
<column name="root_old_2_reg_250">32, 0, 32, 0</column>
<column name="root_old_reg_230">32, 0, 32, 0</column>
<column name="root_reg_489">32, 0, 32, 0</column>
<column name="seed_w">32, 0, 32, 0</column>
<column name="seed_x">32, 0, 32, 0</column>
<column name="seed_y">32, 0, 32, 0</column>
</table>
</item>
</section>
</item>
</section>

<section name = "Interface" level="0">
<item name = "Summary"><table name="" hasTotal="0">
<keys size="6">RTL Ports, Dir, Bits, Protocol, Source Object, C Type</keys>
<column name="s_axi_SlavePort_AWVALID">in, 1, s_axi, SlavePort, scalar</column>
<column name="s_axi_SlavePort_AWREADY">out, 1, s_axi, SlavePort, scalar</column>
<column name="s_axi_SlavePort_AWADDR">in, 6, s_axi, SlavePort, scalar</column>
<column name="s_axi_SlavePort_WVALID">in, 1, s_axi, SlavePort, scalar</column>
<column name="s_axi_SlavePort_WREADY">out, 1, s_axi, SlavePort, scalar</column>
<column name="s_axi_SlavePort_WDATA">in, 32, s_axi, SlavePort, scalar</column>
<column name="s_axi_SlavePort_WSTRB">in, 4, s_axi, SlavePort, scalar</column>
<column name="s_axi_SlavePort_ARVALID">in, 1, s_axi, SlavePort, scalar</column>
<column name="s_axi_SlavePort_ARREADY">out, 1, s_axi, SlavePort, scalar</column>
<column name="s_axi_SlavePort_ARADDR">in, 6, s_axi, SlavePort, scalar</column>
<column name="s_axi_SlavePort_RVALID">out, 1, s_axi, SlavePort, scalar</column>
<column name="s_axi_SlavePort_RREADY">in, 1, s_axi, SlavePort, scalar</column>
<column name="s_axi_SlavePort_RDATA">out, 32, s_axi, SlavePort, scalar</column>
<column name="s_axi_SlavePort_RRESP">out, 2, s_axi, SlavePort, scalar</column>
<column name="s_axi_SlavePort_BVALID">out, 1, s_axi, SlavePort, scalar</column>
<column name="s_axi_SlavePort_BREADY">in, 1, s_axi, SlavePort, scalar</column>
<column name="s_axi_SlavePort_BRESP">out, 2, s_axi, SlavePort, scalar</column>
<column name="ap_clk">in, 1, ap_ctrl_hs, Cavl, return value</column>
<column name="ap_rst_n">in, 1, ap_ctrl_hs, Cavl, return value</column>
<column name="interrupt">out, 1, ap_ctrl_hs, Cavl, return value</column>
<column name="m_axi_Master2Mem_AWVALID">out, 1, m_axi, Master2Mem, pointer</column>
<column name="m_axi_Master2Mem_AWREADY">in, 1, m_axi, Master2Mem, pointer</column>
<column name="m_axi_Master2Mem_AWADDR">out, 32, m_axi, Master2Mem, pointer</column>
<column name="m_axi_Master2Mem_AWID">out, 1, m_axi, Master2Mem, pointer</column>
<column name="m_axi_Master2Mem_AWLEN">out, 8, m_axi, Master2Mem, pointer</column>
<column name="m_axi_Master2Mem_AWSIZE">out, 3, m_axi, Master2Mem, pointer</column>
<column name="m_axi_Master2Mem_AWBURST">out, 2, m_axi, Master2Mem, pointer</column>
<column name="m_axi_Master2Mem_AWLOCK">out, 2, m_axi, Master2Mem, pointer</column>
<column name="m_axi_Master2Mem_AWCACHE">out, 4, m_axi, Master2Mem, pointer</column>
<column name="m_axi_Master2Mem_AWPROT">out, 3, m_axi, Master2Mem, pointer</column>
<column name="m_axi_Master2Mem_AWQOS">out, 4, m_axi, Master2Mem, pointer</column>
<column name="m_axi_Master2Mem_AWREGION">out, 4, m_axi, Master2Mem, pointer</column>
<column name="m_axi_Master2Mem_AWUSER">out, 1, m_axi, Master2Mem, pointer</column>
<column name="m_axi_Master2Mem_WVALID">out, 1, m_axi, Master2Mem, pointer</column>
<column name="m_axi_Master2Mem_WREADY">in, 1, m_axi, Master2Mem, pointer</column>
<column name="m_axi_Master2Mem_WDATA">out, 32, m_axi, Master2Mem, pointer</column>
<column name="m_axi_Master2Mem_WSTRB">out, 4, m_axi, Master2Mem, pointer</column>
<column name="m_axi_Master2Mem_WLAST">out, 1, m_axi, Master2Mem, pointer</column>
<column name="m_axi_Master2Mem_WID">out, 1, m_axi, Master2Mem, pointer</column>
<column name="m_axi_Master2Mem_WUSER">out, 1, m_axi, Master2Mem, pointer</column>
<column name="m_axi_Master2Mem_ARVALID">out, 1, m_axi, Master2Mem, pointer</column>
<column name="m_axi_Master2Mem_ARREADY">in, 1, m_axi, Master2Mem, pointer</column>
<column name="m_axi_Master2Mem_ARADDR">out, 32, m_axi, Master2Mem, pointer</column>
<column name="m_axi_Master2Mem_ARID">out, 1, m_axi, Master2Mem, pointer</column>
<column name="m_axi_Master2Mem_ARLEN">out, 8, m_axi, Master2Mem, pointer</column>
<column name="m_axi_Master2Mem_ARSIZE">out, 3, m_axi, Master2Mem, pointer</column>
<column name="m_axi_Master2Mem_ARBURST">out, 2, m_axi, Master2Mem, pointer</column>
<column name="m_axi_Master2Mem_ARLOCK">out, 2, m_axi, Master2Mem, pointer</column>
<column name="m_axi_Master2Mem_ARCACHE">out, 4, m_axi, Master2Mem, pointer</column>
<column name="m_axi_Master2Mem_ARPROT">out, 3, m_axi, Master2Mem, pointer</column>
<column name="m_axi_Master2Mem_ARQOS">out, 4, m_axi, Master2Mem, pointer</column>
<column name="m_axi_Master2Mem_ARREGION">out, 4, m_axi, Master2Mem, pointer</column>
<column name="m_axi_Master2Mem_ARUSER">out, 1, m_axi, Master2Mem, pointer</column>
<column name="m_axi_Master2Mem_RVALID">in, 1, m_axi, Master2Mem, pointer</column>
<column name="m_axi_Master2Mem_RREADY">out, 1, m_axi, Master2Mem, pointer</column>
<column name="m_axi_Master2Mem_RDATA">in, 32, m_axi, Master2Mem, pointer</column>
<column name="m_axi_Master2Mem_RLAST">in, 1, m_axi, Master2Mem, pointer</column>
<column name="m_axi_Master2Mem_RID">in, 1, m_axi, Master2Mem, pointer</column>
<column name="m_axi_Master2Mem_RUSER">in, 1, m_axi, Master2Mem, pointer</column>
<column name="m_axi_Master2Mem_RRESP">in, 2, m_axi, Master2Mem, pointer</column>
<column name="m_axi_Master2Mem_BVALID">in, 1, m_axi, Master2Mem, pointer</column>
<column name="m_axi_Master2Mem_BREADY">out, 1, m_axi, Master2Mem, pointer</column>
<column name="m_axi_Master2Mem_BRESP">in, 2, m_axi, Master2Mem, pointer</column>
<column name="m_axi_Master2Mem_BID">in, 1, m_axi, Master2Mem, pointer</column>
<column name="m_axi_Master2Mem_BUSER">in, 1, m_axi, Master2Mem, pointer</column>
<column name="m_axi_Master2SysAlloc_AWVALID">out, 1, m_axi, Master2SysAlloc, pointer</column>
<column name="m_axi_Master2SysAlloc_AWREADY">in, 1, m_axi, Master2SysAlloc, pointer</column>
<column name="m_axi_Master2SysAlloc_AWADDR">out, 32, m_axi, Master2SysAlloc, pointer</column>
<column name="m_axi_Master2SysAlloc_AWID">out, 1, m_axi, Master2SysAlloc, pointer</column>
<column name="m_axi_Master2SysAlloc_AWLEN">out, 8, m_axi, Master2SysAlloc, pointer</column>
<column name="m_axi_Master2SysAlloc_AWSIZE">out, 3, m_axi, Master2SysAlloc, pointer</column>
<column name="m_axi_Master2SysAlloc_AWBURST">out, 2, m_axi, Master2SysAlloc, pointer</column>
<column name="m_axi_Master2SysAlloc_AWLOCK">out, 2, m_axi, Master2SysAlloc, pointer</column>
<column name="m_axi_Master2SysAlloc_AWCACHE">out, 4, m_axi, Master2SysAlloc, pointer</column>
<column name="m_axi_Master2SysAlloc_AWPROT">out, 3, m_axi, Master2SysAlloc, pointer</column>
<column name="m_axi_Master2SysAlloc_AWQOS">out, 4, m_axi, Master2SysAlloc, pointer</column>
<column name="m_axi_Master2SysAlloc_AWREGION">out, 4, m_axi, Master2SysAlloc, pointer</column>
<column name="m_axi_Master2SysAlloc_AWUSER">out, 1, m_axi, Master2SysAlloc, pointer</column>
<column name="m_axi_Master2SysAlloc_WVALID">out, 1, m_axi, Master2SysAlloc, pointer</column>
<column name="m_axi_Master2SysAlloc_WREADY">in, 1, m_axi, Master2SysAlloc, pointer</column>
<column name="m_axi_Master2SysAlloc_WDATA">out, 32, m_axi, Master2SysAlloc, pointer</column>
<column name="m_axi_Master2SysAlloc_WSTRB">out, 4, m_axi, Master2SysAlloc, pointer</column>
<column name="m_axi_Master2SysAlloc_WLAST">out, 1, m_axi, Master2SysAlloc, pointer</column>
<column name="m_axi_Master2SysAlloc_WID">out, 1, m_axi, Master2SysAlloc, pointer</column>
<column name="m_axi_Master2SysAlloc_WUSER">out, 1, m_axi, Master2SysAlloc, pointer</column>
<column name="m_axi_Master2SysAlloc_ARVALID">out, 1, m_axi, Master2SysAlloc, pointer</column>
<column name="m_axi_Master2SysAlloc_ARREADY">in, 1, m_axi, Master2SysAlloc, pointer</column>
<column name="m_axi_Master2SysAlloc_ARADDR">out, 32, m_axi, Master2SysAlloc, pointer</column>
<column name="m_axi_Master2SysAlloc_ARID">out, 1, m_axi, Master2SysAlloc, pointer</column>
<column name="m_axi_Master2SysAlloc_ARLEN">out, 8, m_axi, Master2SysAlloc, pointer</column>
<column name="m_axi_Master2SysAlloc_ARSIZE">out, 3, m_axi, Master2SysAlloc, pointer</column>
<column name="m_axi_Master2SysAlloc_ARBURST">out, 2, m_axi, Master2SysAlloc, pointer</column>
<column name="m_axi_Master2SysAlloc_ARLOCK">out, 2, m_axi, Master2SysAlloc, pointer</column>
<column name="m_axi_Master2SysAlloc_ARCACHE">out, 4, m_axi, Master2SysAlloc, pointer</column>
<column name="m_axi_Master2SysAlloc_ARPROT">out, 3, m_axi, Master2SysAlloc, pointer</column>
<column name="m_axi_Master2SysAlloc_ARQOS">out, 4, m_axi, Master2SysAlloc, pointer</column>
<column name="m_axi_Master2SysAlloc_ARREGION">out, 4, m_axi, Master2SysAlloc, pointer</column>
<column name="m_axi_Master2SysAlloc_ARUSER">out, 1, m_axi, Master2SysAlloc, pointer</column>
<column name="m_axi_Master2SysAlloc_RVALID">in, 1, m_axi, Master2SysAlloc, pointer</column>
<column name="m_axi_Master2SysAlloc_RREADY">out, 1, m_axi, Master2SysAlloc, pointer</column>
<column name="m_axi_Master2SysAlloc_RDATA">in, 32, m_axi, Master2SysAlloc, pointer</column>
<column name="m_axi_Master2SysAlloc_RLAST">in, 1, m_axi, Master2SysAlloc, pointer</column>
<column name="m_axi_Master2SysAlloc_RID">in, 1, m_axi, Master2SysAlloc, pointer</column>
<column name="m_axi_Master2SysAlloc_RUSER">in, 1, m_axi, Master2SysAlloc, pointer</column>
<column name="m_axi_Master2SysAlloc_RRESP">in, 2, m_axi, Master2SysAlloc, pointer</column>
<column name="m_axi_Master2SysAlloc_BVALID">in, 1, m_axi, Master2SysAlloc, pointer</column>
<column name="m_axi_Master2SysAlloc_BREADY">out, 1, m_axi, Master2SysAlloc, pointer</column>
<column name="m_axi_Master2SysAlloc_BRESP">in, 2, m_axi, Master2SysAlloc, pointer</column>
<column name="m_axi_Master2SysAlloc_BID">in, 1, m_axi, Master2SysAlloc, pointer</column>
<column name="m_axi_Master2SysAlloc_BUSER">in, 1, m_axi, Master2SysAlloc, pointer</column>
</table>
</item>
</section>
</profile>
