<stg><name>Cavl</name>


<trans_list>

<trans id="189" from="1" to="2">
<condition id="-1">
<or_exp><and_exp></and_exp></or_exp>
</condition>
</trans>

<trans id="190" from="2" to="3">
<condition id="-1">
<or_exp><and_exp></and_exp></or_exp>
</condition>
</trans>

<trans id="191" from="3" to="4">
<condition id="-1">
<or_exp><and_exp></and_exp></or_exp>
</condition>
</trans>

<trans id="192" from="4" to="5">
<condition id="-1">
<or_exp><and_exp></and_exp></or_exp>
</condition>
</trans>

<trans id="193" from="5" to="6">
<condition id="-1">
<or_exp><and_exp></and_exp></or_exp>
</condition>
</trans>

<trans id="194" from="6" to="7">
<condition id="-1">
<or_exp><and_exp></and_exp></or_exp>
</condition>
</trans>

<trans id="195" from="7" to="8">
<condition id="-1">
<or_exp><and_exp></and_exp></or_exp>
</condition>
</trans>

<trans id="196" from="8" to="9">
<condition id="-1">
<or_exp><and_exp></and_exp></or_exp>
</condition>
</trans>

<trans id="197" from="9" to="10">
<condition id="-1">
<or_exp><and_exp><literal name="icmp_ln38" val="0"/>
</and_exp></or_exp>
</condition>
</trans>

<trans id="198" from="9" to="16">
<condition id="-1">
<or_exp><and_exp><literal name="icmp_ln38" val="1"/>
</and_exp></or_exp>
</condition>
</trans>

<trans id="200" from="10" to="11">
<condition id="-1">
<or_exp><and_exp></and_exp></or_exp>
</condition>
</trans>

<trans id="201" from="11" to="12">
<condition id="-1">
<or_exp><and_exp></and_exp></or_exp>
</condition>
</trans>

<trans id="202" from="12" to="13">
<condition id="-1">
<or_exp><and_exp></and_exp></or_exp>
</condition>
</trans>

<trans id="203" from="13" to="14">
<condition id="-1">
<or_exp><and_exp></and_exp></or_exp>
</condition>
</trans>

<trans id="204" from="14" to="15">
<condition id="-1">
<or_exp><and_exp></and_exp></or_exp>
</condition>
</trans>

<trans id="205" from="15" to="16">
<condition id="-1">
<or_exp><and_exp></and_exp></or_exp>
</condition>
</trans>

<trans id="206" from="16" to="17">
<condition id="-1">
<or_exp><and_exp></and_exp></or_exp>
</condition>
</trans>

<trans id="208" from="17" to="18">
<condition id="-1">
<or_exp><and_exp></and_exp></or_exp>
</condition>
</trans>

<trans id="209" from="18" to="19">
<condition id="-1">
<or_exp><and_exp></and_exp></or_exp>
</condition>
</trans>

<trans id="210" from="19" to="20">
<condition id="-1">
<or_exp><and_exp></and_exp></or_exp>
</condition>
</trans>

<trans id="211" from="20" to="21">
<condition id="-1">
<or_exp><and_exp></and_exp></or_exp>
</condition>
</trans>

<trans id="212" from="21" to="22">
<condition id="-1">
<or_exp><and_exp></and_exp></or_exp>
</condition>
</trans>

<trans id="213" from="22" to="23">
<condition id="-1">
<or_exp><and_exp></and_exp></or_exp>
</condition>
</trans>

<trans id="214" from="23" to="24">
<condition id="-1">
<or_exp><and_exp></and_exp></or_exp>
</condition>
</trans>

<trans id="215" from="24" to="25">
<condition id="-1">
<or_exp><and_exp><literal name="icmp_ln46" val="0"/>
</and_exp></or_exp>
</condition>
</trans>

<trans id="216" from="24" to="31">
<condition id="-1">
<or_exp><and_exp><literal name="icmp_ln46" val="1"/>
</and_exp></or_exp>
</condition>
</trans>

<trans id="218" from="25" to="26">
<condition id="-1">
<or_exp><and_exp></and_exp></or_exp>
</condition>
</trans>

<trans id="219" from="26" to="27">
<condition id="-1">
<or_exp><and_exp></and_exp></or_exp>
</condition>
</trans>

<trans id="220" from="27" to="28">
<condition id="-1">
<or_exp><and_exp></and_exp></or_exp>
</condition>
</trans>

<trans id="221" from="28" to="29">
<condition id="-1">
<or_exp><and_exp></and_exp></or_exp>
</condition>
</trans>

<trans id="222" from="29" to="30">
<condition id="-1">
<or_exp><and_exp></and_exp></or_exp>
</condition>
</trans>

<trans id="223" from="30" to="31">
<condition id="-1">
<or_exp><and_exp></and_exp></or_exp>
</condition>
</trans>

<trans id="224" from="31" to="32">
<condition id="-1">
<or_exp><and_exp></and_exp></or_exp>
</condition>
</trans>

<trans id="226" from="32" to="33">
<condition id="-1">
<or_exp><and_exp></and_exp></or_exp>
</condition>
</trans>

<trans id="227" from="33" to="34">
<condition id="-1">
<or_exp><and_exp></and_exp></or_exp>
</condition>
</trans>

<trans id="228" from="34" to="35">
<condition id="-1">
<or_exp><and_exp></and_exp></or_exp>
</condition>
</trans>

<trans id="229" from="35" to="36">
<condition id="-1">
<or_exp><and_exp></and_exp></or_exp>
</condition>
</trans>

<trans id="230" from="36" to="37">
<condition id="-1">
<or_exp><and_exp></and_exp></or_exp>
</condition>
</trans>

<trans id="231" from="37" to="38">
<condition id="-1">
<or_exp><and_exp></and_exp></or_exp>
</condition>
</trans>

<trans id="232" from="38" to="39">
<condition id="-1">
<or_exp><and_exp></and_exp></or_exp>
</condition>
</trans>

<trans id="233" from="39" to="40">
<condition id="-1">
<or_exp><and_exp><literal name="icmp_ln55" val="0"/>
</and_exp></or_exp>
</condition>
</trans>

<trans id="234" from="39" to="46">
<condition id="-1">
<or_exp><and_exp><literal name="icmp_ln55" val="1"/>
</and_exp></or_exp>
</condition>
</trans>

<trans id="236" from="40" to="41">
<condition id="-1">
<or_exp><and_exp></and_exp></or_exp>
</condition>
</trans>

<trans id="237" from="41" to="42">
<condition id="-1">
<or_exp><and_exp></and_exp></or_exp>
</condition>
</trans>

<trans id="238" from="42" to="43">
<condition id="-1">
<or_exp><and_exp></and_exp></or_exp>
</condition>
</trans>

<trans id="239" from="43" to="44">
<condition id="-1">
<or_exp><and_exp></and_exp></or_exp>
</condition>
</trans>

<trans id="240" from="44" to="45">
<condition id="-1">
<or_exp><and_exp></and_exp></or_exp>
</condition>
</trans>

<trans id="241" from="45" to="46">
<condition id="-1">
<or_exp><and_exp></and_exp></or_exp>
</condition>
</trans>

<trans id="242" from="46" to="47">
<condition id="-1">
<or_exp><and_exp></and_exp></or_exp>
</condition>
</trans>

<trans id="244" from="47" to="48">
<condition id="-1">
<or_exp><and_exp></and_exp></or_exp>
</condition>
</trans>

<trans id="245" from="48" to="49">
<condition id="-1">
<or_exp><and_exp></and_exp></or_exp>
</condition>
</trans>

<trans id="246" from="49" to="50">
<condition id="-1">
<or_exp><and_exp></and_exp></or_exp>
</condition>
</trans>

<trans id="247" from="50" to="51">
<condition id="-1">
<or_exp><and_exp></and_exp></or_exp>
</condition>
</trans>

<trans id="248" from="51" to="52">
<condition id="-1">
<or_exp><and_exp></and_exp></or_exp>
</condition>
</trans>

<trans id="249" from="52" to="53">
<condition id="-1">
<or_exp><and_exp></and_exp></or_exp>
</condition>
</trans>

<trans id="250" from="53" to="54">
<condition id="-1">
<or_exp><and_exp></and_exp></or_exp>
</condition>
</trans>

<trans id="251" from="54" to="55">
<condition id="-1">
<or_exp><and_exp><literal name="icmp_ln64" val="0"/>
</and_exp></or_exp>
</condition>
</trans>

<trans id="252" from="54" to="61">
<condition id="-1">
<or_exp><and_exp><literal name="icmp_ln64" val="1"/>
</and_exp></or_exp>
</condition>
</trans>

<trans id="254" from="55" to="56">
<condition id="-1">
<or_exp><and_exp></and_exp></or_exp>
</condition>
</trans>

<trans id="255" from="56" to="57">
<condition id="-1">
<or_exp><and_exp></and_exp></or_exp>
</condition>
</trans>

<trans id="256" from="57" to="58">
<condition id="-1">
<or_exp><and_exp></and_exp></or_exp>
</condition>
</trans>

<trans id="257" from="58" to="59">
<condition id="-1">
<or_exp><and_exp></and_exp></or_exp>
</condition>
</trans>

<trans id="258" from="59" to="60">
<condition id="-1">
<or_exp><and_exp></and_exp></or_exp>
</condition>
</trans>

<trans id="259" from="60" to="61">
<condition id="-1">
<or_exp><and_exp></and_exp></or_exp>
</condition>
</trans>
</trans_list>



<state_list>

<state id="1" st_id="1">

<operation id="62" st_id="1" stage="1" lat="1">
<core>NULL</core>
<MemPortIdVec></MemPortIdVec>
<condition id="-1">
<or_exp><and_exp></and_exp></or_exp>
</condition>

<Node id="25" bw="32" op_0_bw="64">
<![CDATA[
:13  %input_r_assign = alloca i32, align 4

]]></Node>
<StgValue><ssdm name="input_r_assign"/></StgValue>
</operation>

<operation id="63" st_id="1" stage="1" lat="1">
<core>NULL</core>
<MemPortIdVec></MemPortIdVec>
<condition id="-1">
<or_exp><and_exp></and_exp></or_exp>
</condition>

<Node id="26" bw="32" op_0_bw="64">
<![CDATA[
:14  %SelectTestCase_assig = alloca i32, align 4

]]></Node>
<StgValue><ssdm name="SelectTestCase_assig"/></StgValue>
</operation>

<operation id="64" st_id="1" stage="1" lat="1">
<core>NULL</core>
<MemPortIdVec></MemPortIdVec>
<condition id="-1">
<or_exp><and_exp></and_exp></or_exp>
</condition>

<Node id="27" bw="32" op_0_bw="64">
<![CDATA[
:15  %root_in_assign = alloca i32, align 4

]]></Node>
<StgValue><ssdm name="root_in_assign"/></StgValue>
</operation>

<operation id="65" st_id="1" stage="1" lat="1">
<core>NULL</core>
<MemPortIdVec></MemPortIdVec>
<condition id="-1">
<or_exp><and_exp></and_exp></or_exp>
</condition>

<Node id="28" bw="32" op_0_bw="64">
<![CDATA[
:16  %key_in_assign = alloca i32, align 4

]]></Node>
<StgValue><ssdm name="key_in_assign"/></StgValue>
</operation>

<operation id="66" st_id="1" stage="1" lat="1">
<core>NULL</core>
<MemPortIdVec></MemPortIdVec>
<condition id="-1">
<or_exp><and_exp></and_exp></or_exp>
</condition>

<Node id="29" bw="32" op_0_bw="64">
<![CDATA[
:17  %myStack1 = alloca [40 x i32], align 16

]]></Node>
<StgValue><ssdm name="myStack1"/></StgValue>
</operation>

<operation id="67" st_id="1" stage="1" lat="1">
<core>NULL</core>
<MemPortIdVec></MemPortIdVec>
<condition id="-1">
<or_exp><and_exp></and_exp></or_exp>
</condition>

<Node id="30" bw="32" op_0_bw="64">
<![CDATA[
:18  %myStack2 = alloca [40 x i32], align 16

]]></Node>
<StgValue><ssdm name="myStack2"/></StgValue>
</operation>

<operation id="68" st_id="1" stage="1" lat="1">
<core>NULL</core>
<MemPortIdVec></MemPortIdVec>
<condition id="-1">
<or_exp><and_exp></and_exp></or_exp>
</condition>

<Node id="50" bw="32" op_0_bw="32" op_1_bw="64">
<![CDATA[
:38  %Master2SysAlloc_addr = getelementptr inbounds i32* %Master2SysAlloc, i64 284180481

]]></Node>
<StgValue><ssdm name="Master2SysAlloc_addr"/></StgValue>
</operation>

<operation id="69" st_id="1" stage="1" lat="1">
<core>m_axi</core>
<MemPortIdVec></MemPortIdVec>
<condition id="-1">
<or_exp><and_exp></and_exp></or_exp>
</condition>

<Node id="51" bw="1" op_0_bw="1" op_1_bw="32" op_2_bw="32">
<![CDATA[
:39  %Master2SysAlloc_addr_10 = call i1 @_ssdm_op_WriteReq.m_axi.i32P(i32* %Master2SysAlloc_addr, i32 1) nounwind

]]></Node>
<StgValue><ssdm name="Master2SysAlloc_addr_10"/></StgValue>
</operation>
</state>

<state id="2" st_id="2">

<operation id="70" st_id="2" stage="1" lat="1">
<core>m_axi</core>
<MemPortIdVec></MemPortIdVec>
<condition id="-1">
<or_exp><and_exp></and_exp></or_exp>
</condition>

<Node id="52" bw="0" op_0_bw="0" op_1_bw="32" op_2_bw="32" op_3_bw="4" op_4_bw="1">
<![CDATA[
:40  call void @_ssdm_op_Write.m_axi.volatile.i32P(i32* %Master2SysAlloc_addr, i32 1, i4 -1) nounwind

]]></Node>
<StgValue><ssdm name="write_ln35"/></StgValue>
</operation>
</state>

<state id="3" st_id="3">

<operation id="71" st_id="3" stage="5" lat="5">
<core>m_axi</core>
<MemPortIdVec></MemPortIdVec>
<condition id="-1">
<or_exp><and_exp></and_exp></or_exp>
</condition>

<Node id="53" bw="1" op_0_bw="1" op_1_bw="32" op_2_bw="0">
<![CDATA[
:41  %Master2SysAlloc_addr_11 = call i1 @_ssdm_op_WriteResp.m_axi.i32P(i32* %Master2SysAlloc_addr) nounwind

]]></Node>
<StgValue><ssdm name="Master2SysAlloc_addr_11"/></StgValue>
</operation>
</state>

<state id="4" st_id="4">

<operation id="72" st_id="4" stage="4" lat="5">
<core>m_axi</core>
<MemPortIdVec></MemPortIdVec>
<condition id="-1">
<or_exp><and_exp></and_exp></or_exp>
</condition>

<Node id="53" bw="1" op_0_bw="1" op_1_bw="32" op_2_bw="0">
<![CDATA[
:41  %Master2SysAlloc_addr_11 = call i1 @_ssdm_op_WriteResp.m_axi.i32P(i32* %Master2SysAlloc_addr) nounwind

]]></Node>
<StgValue><ssdm name="Master2SysAlloc_addr_11"/></StgValue>
</operation>
</state>

<state id="5" st_id="5">

<operation id="73" st_id="5" stage="1" lat="1">
<core>s_axilite</core>
<MemPortIdVec></MemPortIdVec>
<condition id="-1">
<or_exp><and_exp></and_exp></or_exp>
</condition>

<Node id="21" bw="32" op_0_bw="32" op_1_bw="32">
<![CDATA[
:9  %key_in_read = call i32 @_ssdm_op_Read.s_axilite.i32(i32 %key_in) nounwind

]]></Node>
<StgValue><ssdm name="key_in_read"/></StgValue>
</operation>

<operation id="74" st_id="5" stage="1" lat="1">
<core>s_axilite</core>
<MemPortIdVec></MemPortIdVec>
<condition id="-1">
<or_exp><and_exp></and_exp></or_exp>
</condition>

<Node id="22" bw="32" op_0_bw="32" op_1_bw="32">
<![CDATA[
:10  %root_in_read = call i32 @_ssdm_op_Read.s_axilite.i32(i32 %root_in) nounwind

]]></Node>
<StgValue><ssdm name="root_in_read"/></StgValue>
</operation>

<operation id="75" st_id="5" stage="1" lat="1">
<core>s_axilite</core>
<MemPortIdVec></MemPortIdVec>
<condition id="-1">
<or_exp><and_exp></and_exp></or_exp>
</condition>

<Node id="23" bw="32" op_0_bw="32" op_1_bw="32">
<![CDATA[
:11  %SelectTestCase_read = call i32 @_ssdm_op_Read.s_axilite.i32(i32 %SelectTestCase) nounwind

]]></Node>
<StgValue><ssdm name="SelectTestCase_read"/></StgValue>
</operation>

<operation id="76" st_id="5" stage="1" lat="1">
<core>s_axilite</core>
<MemPortIdVec></MemPortIdVec>
<condition id="-1">
<or_exp><and_exp></and_exp></or_exp>
</condition>

<Node id="24" bw="32" op_0_bw="32" op_1_bw="32">
<![CDATA[
:12  %input_r_read = call i32 @_ssdm_op_Read.s_axilite.i32(i32 %input_r) nounwind

]]></Node>
<StgValue><ssdm name="input_r_read"/></StgValue>
</operation>

<operation id="77" st_id="5" stage="1" lat="1">
<core>NULL</core>
<MemPortIdVec></MemPortIdVec>
<condition id="-1">
<or_exp><and_exp></and_exp></or_exp>
</condition>

<Node id="31" bw="0" op_0_bw="32" op_1_bw="32">
<![CDATA[
:19  store volatile i32 %input_r_read, i32* %input_r_assign, align 4

]]></Node>
<StgValue><ssdm name="store_ln0"/></StgValue>
</operation>

<operation id="78" st_id="5" stage="1" lat="1">
<core>NULL</core>
<MemPortIdVec></MemPortIdVec>
<condition id="-1">
<or_exp><and_exp></and_exp></or_exp>
</condition>

<Node id="32" bw="0" op_0_bw="32" op_1_bw="32">
<![CDATA[
:20  store volatile i32 %SelectTestCase_read, i32* %SelectTestCase_assig, align 4

]]></Node>
<StgValue><ssdm name="store_ln0"/></StgValue>
</operation>

<operation id="79" st_id="5" stage="1" lat="1">
<core>NULL</core>
<MemPortIdVec></MemPortIdVec>
<condition id="-1">
<or_exp><and_exp></and_exp></or_exp>
</condition>

<Node id="33" bw="0" op_0_bw="32" op_1_bw="32">
<![CDATA[
:21  store volatile i32 %root_in_read, i32* %root_in_assign, align 4

]]></Node>
<StgValue><ssdm name="store_ln0"/></StgValue>
</operation>

<operation id="80" st_id="5" stage="1" lat="1">
<core>NULL</core>
<MemPortIdVec></MemPortIdVec>
<condition id="-1">
<or_exp><and_exp></and_exp></or_exp>
</condition>

<Node id="34" bw="0" op_0_bw="32" op_1_bw="32">
<![CDATA[
:22  store volatile i32 %key_in_read, i32* %key_in_assign, align 4

]]></Node>
<StgValue><ssdm name="store_ln0"/></StgValue>
</operation>

<operation id="81" st_id="5" stage="3" lat="5">
<core>m_axi</core>
<MemPortIdVec></MemPortIdVec>
<condition id="-1">
<or_exp><and_exp></and_exp></or_exp>
</condition>

<Node id="53" bw="1" op_0_bw="1" op_1_bw="32" op_2_bw="0">
<![CDATA[
:41  %Master2SysAlloc_addr_11 = call i1 @_ssdm_op_WriteResp.m_axi.i32P(i32* %Master2SysAlloc_addr) nounwind

]]></Node>
<StgValue><ssdm name="Master2SysAlloc_addr_11"/></StgValue>
</operation>
</state>

<state id="6" st_id="6">

<operation id="82" st_id="6" stage="1" lat="1">
<core>NULL</core>
<MemPortIdVec></MemPortIdVec>
<condition id="-1">
<or_exp><and_exp></and_exp></or_exp>
</condition>

<Node id="35" bw="32" op_0_bw="32" op_1_bw="0">
<![CDATA[
:23  %SelectTestCase_assig_1 = load volatile i32* %SelectTestCase_assig, align 4

]]></Node>
<StgValue><ssdm name="SelectTestCase_assig_1"/></StgValue>
</operation>

<operation id="83" st_id="6" stage="2" lat="5">
<core>m_axi</core>
<MemPortIdVec></MemPortIdVec>
<condition id="-1">
<or_exp><and_exp></and_exp></or_exp>
</condition>

<Node id="53" bw="1" op_0_bw="1" op_1_bw="32" op_2_bw="0">
<![CDATA[
:41  %Master2SysAlloc_addr_11 = call i1 @_ssdm_op_WriteResp.m_axi.i32P(i32* %Master2SysAlloc_addr) nounwind

]]></Node>
<StgValue><ssdm name="Master2SysAlloc_addr_11"/></StgValue>
</operation>
</state>

<state id="7" st_id="7">

<operation id="84" st_id="7" stage="1" lat="1">
<core>NULL</core>
<MemPortIdVec></MemPortIdVec>
<condition id="-1">
<or_exp><and_exp></and_exp></or_exp>
</condition>

<Node id="37" bw="32" op_0_bw="32" op_1_bw="0">
<![CDATA[
:25  %input_r_assign_load = load volatile i32* %input_r_assign, align 4

]]></Node>
<StgValue><ssdm name="input_r_assign_load"/></StgValue>
</operation>

<operation id="85" st_id="7" stage="1" lat="1">
<core>NULL</core>
<MemPortIdVec></MemPortIdVec>
<condition id="-1">
<or_exp><and_exp></and_exp></or_exp>
</condition>

<Node id="48" bw="32" op_0_bw="32" op_1_bw="32">
<![CDATA[
:36  %SelectTestCase_assig_2 = load volatile i32* %SelectTestCase_assig, align 4

]]></Node>
<StgValue><ssdm name="SelectTestCase_assig_2"/></StgValue>
</operation>

<operation id="86" st_id="7" stage="1" lat="1">
<core>NULL</core>
<MemPortIdVec></MemPortIdVec>
<condition id="-1">
<or_exp><and_exp></and_exp></or_exp>
</condition>

<Node id="49" bw="0" op_0_bw="32" op_1_bw="32">
<![CDATA[
:37  store i32 %SelectTestCase_assig_2, i32* @TestCase, align 4

]]></Node>
<StgValue><ssdm name="store_ln15"/></StgValue>
</operation>

<operation id="87" st_id="7" stage="1" lat="5">
<core>m_axi</core>
<MemPortIdVec></MemPortIdVec>
<condition id="-1">
<or_exp><and_exp></and_exp></or_exp>
</condition>

<Node id="53" bw="1" op_0_bw="1" op_1_bw="32" op_2_bw="0">
<![CDATA[
:41  %Master2SysAlloc_addr_11 = call i1 @_ssdm_op_WriteResp.m_axi.i32P(i32* %Master2SysAlloc_addr) nounwind

]]></Node>
<StgValue><ssdm name="Master2SysAlloc_addr_11"/></StgValue>
</operation>
</state>

<state id="8" st_id="8">

<operation id="88" st_id="8" stage="1" lat="1">
<core>NULL</core>
<MemPortIdVec></MemPortIdVec>
<condition id="-1">
<or_exp><and_exp></and_exp></or_exp>
</condition>

<Node id="47" bw="32" op_0_bw="32" op_1_bw="32">
<![CDATA[
:35  %log2_tree_size = load volatile i32* %input_r_assign, align 4

]]></Node>
<StgValue><ssdm name="log2_tree_size"/></StgValue>
</operation>

<operation id="89" st_id="8" stage="2" lat="2">
<core></core>
<MemPortIdVec></MemPortIdVec>
<condition id="-1">
<or_exp><and_exp></and_exp></or_exp>
</condition>

<Node id="54" bw="32" op_0_bw="32" op_1_bw="32" op_2_bw="32" op_3_bw="32" op_4_bw="32" op_5_bw="32" op_6_bw="32" op_7_bw="32" op_8_bw="32" op_9_bw="1" op_10_bw="0">
<![CDATA[
:42  %root = call fastcc i32 @PM_1_INSERTION(i32* %Master2Mem, i32* %Master2SysAlloc, [40 x i32]* %myStack1, i32 %log2_tree_size) nounwind

]]></Node>
<StgValue><ssdm name="root"/></StgValue>
</operation>
</state>

<state id="9" st_id="9">

<operation id="90" st_id="9" stage="1" lat="1">
<core>NULL</core>
<MemPortIdVec></MemPortIdVec>
<condition id="-1">
<or_exp><and_exp></and_exp></or_exp>
</condition>

<Node id="12" bw="0" op_0_bw="0" op_1_bw="32">
<![CDATA[
:0  call void (...)* @_ssdm_op_SpecBitsMap(i32* %SlaveAXI) nounwind, !map !179

]]></Node>
<StgValue><ssdm name="specbitsmap_ln0"/></StgValue>
</operation>

<operation id="91" st_id="9" stage="1" lat="1">
<core>NULL</core>
<MemPortIdVec></MemPortIdVec>
<condition id="-1">
<or_exp><and_exp></and_exp></or_exp>
</condition>

<Node id="13" bw="0" op_0_bw="0" op_1_bw="32">
<![CDATA[
:1  call void (...)* @_ssdm_op_SpecBitsMap(i32* %Master2Mem) nounwind, !map !183

]]></Node>
<StgValue><ssdm name="specbitsmap_ln0"/></StgValue>
</operation>

<operation id="92" st_id="9" stage="1" lat="1">
<core>NULL</core>
<MemPortIdVec></MemPortIdVec>
<condition id="-1">
<or_exp><and_exp></and_exp></or_exp>
</condition>

<Node id="14" bw="0" op_0_bw="0" op_1_bw="32">
<![CDATA[
:2  call void (...)* @_ssdm_op_SpecBitsMap(i32* %Master2SysAlloc) nounwind, !map !187

]]></Node>
<StgValue><ssdm name="specbitsmap_ln0"/></StgValue>
</operation>

<operation id="93" st_id="9" stage="1" lat="1">
<core>NULL</core>
<MemPortIdVec></MemPortIdVec>
<condition id="-1">
<or_exp><and_exp></and_exp></or_exp>
</condition>

<Node id="15" bw="0" op_0_bw="0" op_1_bw="32">
<![CDATA[
:3  call void (...)* @_ssdm_op_SpecBitsMap(i32 %input_r) nounwind, !map !191

]]></Node>
<StgValue><ssdm name="specbitsmap_ln0"/></StgValue>
</operation>

<operation id="94" st_id="9" stage="1" lat="1">
<core>NULL</core>
<MemPortIdVec></MemPortIdVec>
<condition id="-1">
<or_exp><and_exp></and_exp></or_exp>
</condition>

<Node id="16" bw="0" op_0_bw="0" op_1_bw="32">
<![CDATA[
:4  call void (...)* @_ssdm_op_SpecBitsMap(i32 %SelectTestCase) nounwind, !map !197

]]></Node>
<StgValue><ssdm name="specbitsmap_ln0"/></StgValue>
</operation>

<operation id="95" st_id="9" stage="1" lat="1">
<core>NULL</core>
<MemPortIdVec></MemPortIdVec>
<condition id="-1">
<or_exp><and_exp></and_exp></or_exp>
</condition>

<Node id="17" bw="0" op_0_bw="0" op_1_bw="32">
<![CDATA[
:5  call void (...)* @_ssdm_op_SpecBitsMap(i32 %root_in) nounwind, !map !201

]]></Node>
<StgValue><ssdm name="specbitsmap_ln0"/></StgValue>
</operation>

<operation id="96" st_id="9" stage="1" lat="1">
<core>NULL</core>
<MemPortIdVec></MemPortIdVec>
<condition id="-1">
<or_exp><and_exp></and_exp></or_exp>
</condition>

<Node id="18" bw="0" op_0_bw="0" op_1_bw="32">
<![CDATA[
:6  call void (...)* @_ssdm_op_SpecBitsMap(i32 %key_in) nounwind, !map !205

]]></Node>
<StgValue><ssdm name="specbitsmap_ln0"/></StgValue>
</operation>

<operation id="97" st_id="9" stage="1" lat="1">
<core>NULL</core>
<MemPortIdVec></MemPortIdVec>
<condition id="-1">
<or_exp><and_exp></and_exp></or_exp>
</condition>

<Node id="19" bw="0" op_0_bw="0" op_1_bw="32">
<![CDATA[
:7  call void (...)* @_ssdm_op_SpecBitsMap(i32 0) nounwind, !map !209

]]></Node>
<StgValue><ssdm name="specbitsmap_ln0"/></StgValue>
</operation>

<operation id="98" st_id="9" stage="1" lat="1">
<core>NULL</core>
<MemPortIdVec></MemPortIdVec>
<condition id="-1">
<or_exp><and_exp></and_exp></or_exp>
</condition>

<Node id="20" bw="0" op_0_bw="0" op_1_bw="0">
<![CDATA[
:8  call void (...)* @_ssdm_op_SpecTopModule([5 x i8]* @Cavl_str) nounwind

]]></Node>
<StgValue><ssdm name="spectopmodule_ln0"/></StgValue>
</operation>

<operation id="99" st_id="9" stage="1" lat="1">
<core>NULL</core>
<MemPortIdVec></MemPortIdVec>
<condition id="-1">
<or_exp><and_exp></and_exp></or_exp>
</condition>

<Node id="36" bw="0" op_0_bw="0" op_1_bw="32" op_2_bw="0" op_3_bw="32" op_4_bw="32" op_5_bw="0" op_6_bw="32" op_7_bw="32" op_8_bw="0" op_9_bw="0" op_10_bw="0" op_11_bw="32" op_12_bw="32" op_13_bw="32" op_14_bw="32" op_15_bw="0" op_16_bw="0">
<![CDATA[
:24  call void (...)* @_ssdm_op_SpecInterface(i32 %SelectTestCase, [10 x i8]* @p_str, i32 0, i32 0, [1 x i8]* @p_str1, i32 0, i32 0, [10 x i8]* @p_str2, [1 x i8]* @p_str1, [1 x i8]* @p_str1, i32 0, i32 0, i32 0, i32 0, [1 x i8]* @p_str1, [1 x i8]* @p_str1) nounwind

]]></Node>
<StgValue><ssdm name="specinterface_ln4"/></StgValue>
</operation>

<operation id="100" st_id="9" stage="1" lat="1">
<core>NULL</core>
<MemPortIdVec></MemPortIdVec>
<condition id="-1">
<or_exp><and_exp></and_exp></or_exp>
</condition>

<Node id="38" bw="0" op_0_bw="0" op_1_bw="32" op_2_bw="0" op_3_bw="32" op_4_bw="32" op_5_bw="0" op_6_bw="32" op_7_bw="32" op_8_bw="0" op_9_bw="0" op_10_bw="0" op_11_bw="32" op_12_bw="32" op_13_bw="32" op_14_bw="32" op_15_bw="0" op_16_bw="0">
<![CDATA[
:26  call void (...)* @_ssdm_op_SpecInterface(i32 %input_r, [10 x i8]* @p_str, i32 0, i32 0, [1 x i8]* @p_str1, i32 0, i32 0, [10 x i8]* @p_str2, [1 x i8]* @p_str1, [1 x i8]* @p_str1, i32 0, i32 0, i32 0, i32 0, [1 x i8]* @p_str1, [1 x i8]* @p_str1) nounwind

]]></Node>
<StgValue><ssdm name="specinterface_ln5"/></StgValue>
</operation>

<operation id="101" st_id="9" stage="1" lat="1">
<core>NULL</core>
<MemPortIdVec></MemPortIdVec>
<condition id="-1">
<or_exp><and_exp></and_exp></or_exp>
</condition>

<Node id="39" bw="0" op_0_bw="0" op_1_bw="32" op_2_bw="0" op_3_bw="32" op_4_bw="32" op_5_bw="0" op_6_bw="32" op_7_bw="32" op_8_bw="0" op_9_bw="0" op_10_bw="0" op_11_bw="32" op_12_bw="32" op_13_bw="32" op_14_bw="32" op_15_bw="0" op_16_bw="0">
<![CDATA[
:27  call void (...)* @_ssdm_op_SpecInterface(i32* %SlaveAXI, [10 x i8]* @p_str, i32 0, i32 0, [1 x i8]* @p_str1, i32 0, i32 0, [10 x i8]* @p_str2, [1 x i8]* @p_str1, [1 x i8]* @p_str1, i32 0, i32 0, i32 0, i32 0, [1 x i8]* @p_str1, [1 x i8]* @p_str1) nounwind

]]></Node>
<StgValue><ssdm name="specinterface_ln6"/></StgValue>
</operation>

<operation id="102" st_id="9" stage="1" lat="1">
<core>NULL</core>
<MemPortIdVec></MemPortIdVec>
<condition id="-1">
<or_exp><and_exp></and_exp></or_exp>
</condition>

<Node id="40" bw="0" op_0_bw="0" op_1_bw="32" op_2_bw="0" op_3_bw="32" op_4_bw="32" op_5_bw="0" op_6_bw="32" op_7_bw="32" op_8_bw="0" op_9_bw="0" op_10_bw="0" op_11_bw="32" op_12_bw="32" op_13_bw="32" op_14_bw="32" op_15_bw="0" op_16_bw="0">
<![CDATA[
:28  call void (...)* @_ssdm_op_SpecInterface(i32 0, [10 x i8]* @p_str, i32 0, i32 0, [1 x i8]* @p_str1, i32 0, i32 0, [10 x i8]* @p_str2, [1 x i8]* @p_str1, [1 x i8]* @p_str1, i32 0, i32 0, i32 0, i32 0, [1 x i8]* @p_str1, [1 x i8]* @p_str1) nounwind

]]></Node>
<StgValue><ssdm name="specinterface_ln7"/></StgValue>
</operation>

<operation id="103" st_id="9" stage="1" lat="1">
<core>NULL</core>
<MemPortIdVec></MemPortIdVec>
<condition id="-1">
<or_exp><and_exp></and_exp></or_exp>
</condition>

<Node id="41" bw="0" op_0_bw="0" op_1_bw="32" op_2_bw="0" op_3_bw="32" op_4_bw="32" op_5_bw="0" op_6_bw="32" op_7_bw="32" op_8_bw="0" op_9_bw="0" op_10_bw="0" op_11_bw="32" op_12_bw="32" op_13_bw="32" op_14_bw="32" op_15_bw="0" op_16_bw="0">
<![CDATA[
:29  call void (...)* @_ssdm_op_SpecInterface(i32* %Master2Mem, [6 x i8]* @p_str3, i32 0, i32 0, [1 x i8]* @p_str1, i32 0, i32 1, [1 x i8]* @p_str1, [4 x i8]* @p_str4, [1 x i8]* @p_str1, i32 16, i32 16, i32 16, i32 16, [1 x i8]* @p_str1, [1 x i8]* @p_str1) nounwind

]]></Node>
<StgValue><ssdm name="specinterface_ln8"/></StgValue>
</operation>

<operation id="104" st_id="9" stage="1" lat="1">
<core>NULL</core>
<MemPortIdVec></MemPortIdVec>
<condition id="-1">
<or_exp><and_exp></and_exp></or_exp>
</condition>

<Node id="42" bw="0" op_0_bw="0" op_1_bw="32" op_2_bw="0" op_3_bw="32" op_4_bw="32" op_5_bw="0" op_6_bw="32" op_7_bw="32" op_8_bw="0" op_9_bw="0" op_10_bw="0" op_11_bw="32" op_12_bw="32" op_13_bw="32" op_14_bw="32" op_15_bw="0" op_16_bw="0">
<![CDATA[
:30  call void (...)* @_ssdm_op_SpecInterface(i32* %Master2SysAlloc, [6 x i8]* @p_str3, i32 0, i32 0, [1 x i8]* @p_str1, i32 0, i32 1, [1 x i8]* @p_str1, [4 x i8]* @p_str4, [1 x i8]* @p_str1, i32 16, i32 16, i32 16, i32 16, [1 x i8]* @p_str1, [1 x i8]* @p_str1) nounwind

]]></Node>
<StgValue><ssdm name="specinterface_ln9"/></StgValue>
</operation>

<operation id="105" st_id="9" stage="1" lat="1">
<core>NULL</core>
<MemPortIdVec></MemPortIdVec>
<condition id="-1">
<or_exp><and_exp></and_exp></or_exp>
</condition>

<Node id="43" bw="32" op_0_bw="32" op_1_bw="0">
<![CDATA[
:31  %root_in_assign_load = load volatile i32* %root_in_assign, align 4

]]></Node>
<StgValue><ssdm name="root_in_assign_load"/></StgValue>
</operation>

<operation id="106" st_id="9" stage="1" lat="1">
<core>NULL</core>
<MemPortIdVec></MemPortIdVec>
<condition id="-1">
<or_exp><and_exp></and_exp></or_exp>
</condition>

<Node id="44" bw="0" op_0_bw="0" op_1_bw="32" op_2_bw="0" op_3_bw="32" op_4_bw="32" op_5_bw="0" op_6_bw="32" op_7_bw="32" op_8_bw="0" op_9_bw="0" op_10_bw="0" op_11_bw="32" op_12_bw="32" op_13_bw="32" op_14_bw="32" op_15_bw="0" op_16_bw="0">
<![CDATA[
:32  call void (...)* @_ssdm_op_SpecInterface(i32 %root_in, [10 x i8]* @p_str, i32 0, i32 0, [1 x i8]* @p_str1, i32 0, i32 0, [10 x i8]* @p_str2, [1 x i8]* @p_str1, [1 x i8]* @p_str1, i32 0, i32 0, i32 0, i32 0, [1 x i8]* @p_str1, [1 x i8]* @p_str1) nounwind

]]></Node>
<StgValue><ssdm name="specinterface_ln11"/></StgValue>
</operation>

<operation id="107" st_id="9" stage="1" lat="1">
<core>NULL</core>
<MemPortIdVec></MemPortIdVec>
<condition id="-1">
<or_exp><and_exp></and_exp></or_exp>
</condition>

<Node id="45" bw="32" op_0_bw="32" op_1_bw="0">
<![CDATA[
:33  %key_in_assign_load = load volatile i32* %key_in_assign, align 4

]]></Node>
<StgValue><ssdm name="key_in_assign_load"/></StgValue>
</operation>

<operation id="108" st_id="9" stage="1" lat="1">
<core>NULL</core>
<MemPortIdVec></MemPortIdVec>
<condition id="-1">
<or_exp><and_exp></and_exp></or_exp>
</condition>

<Node id="46" bw="0" op_0_bw="0" op_1_bw="32" op_2_bw="0" op_3_bw="32" op_4_bw="32" op_5_bw="0" op_6_bw="32" op_7_bw="32" op_8_bw="0" op_9_bw="0" op_10_bw="0" op_11_bw="32" op_12_bw="32" op_13_bw="32" op_14_bw="32" op_15_bw="0" op_16_bw="0">
<![CDATA[
:34  call void (...)* @_ssdm_op_SpecInterface(i32 %key_in, [10 x i8]* @p_str, i32 0, i32 0, [1 x i8]* @p_str1, i32 0, i32 0, [10 x i8]* @p_str2, [1 x i8]* @p_str1, [1 x i8]* @p_str1, i32 0, i32 0, i32 0, i32 0, [1 x i8]* @p_str1, [1 x i8]* @p_str1) nounwind

]]></Node>
<StgValue><ssdm name="specinterface_ln12"/></StgValue>
</operation>

<operation id="109" st_id="9" stage="1" lat="2">
<core></core>
<MemPortIdVec></MemPortIdVec>
<condition id="-1">
<or_exp><and_exp></and_exp></or_exp>
</condition>

<Node id="54" bw="32" op_0_bw="32" op_1_bw="32" op_2_bw="32" op_3_bw="32" op_4_bw="32" op_5_bw="32" op_6_bw="32" op_7_bw="32" op_8_bw="32" op_9_bw="1" op_10_bw="0">
<![CDATA[
:42  %root = call fastcc i32 @PM_1_INSERTION(i32* %Master2Mem, i32* %Master2SysAlloc, [40 x i32]* %myStack1, i32 %log2_tree_size) nounwind

]]></Node>
<StgValue><ssdm name="root"/></StgValue>
</operation>

<operation id="110" st_id="9" stage="1" lat="1">
<core>Cmp</core>
<MemPortIdVec></MemPortIdVec>
<condition id="-1">
<or_exp><and_exp></and_exp></or_exp>
</condition>

<Node id="55" bw="1" op_0_bw="32" op_1_bw="32">
<![CDATA[
:43  %icmp_ln38 = icmp eq i32 %root, 0

]]></Node>
<StgValue><ssdm name="icmp_ln38"/></StgValue>
</operation>

<operation id="111" st_id="9" stage="1" lat="1">
<core>NULL</core>
<MemPortIdVec></MemPortIdVec>
<condition id="-1">
<or_exp><and_exp></and_exp></or_exp>
</condition>

<Node id="56" bw="0" op_0_bw="1" op_1_bw="0" op_2_bw="0">
<![CDATA[
:44  br i1 %icmp_ln38, label %._crit_edge, label %1

]]></Node>
<StgValue><ssdm name="br_ln38"/></StgValue>
</operation>
</state>

<state id="10" st_id="10">

<operation id="112" st_id="10" stage="1" lat="1">
<core>m_axi</core>
<MemPortIdVec></MemPortIdVec>
<condition id="-1">
<or_exp><and_exp></and_exp></or_exp>
</condition>

<Node id="58" bw="1" op_0_bw="1" op_1_bw="32" op_2_bw="32" op_3_bw="1" op_4_bw="32">
<![CDATA[
:0  %Master2SysAlloc_addr_12 = call i1 @_ssdm_op_WriteReq.m_axi.i32P(i32* %Master2SysAlloc_addr, i32 1) nounwind

]]></Node>
<StgValue><ssdm name="Master2SysAlloc_addr_12"/></StgValue>
</operation>
</state>

<state id="11" st_id="11">

<operation id="113" st_id="11" stage="1" lat="1">
<core>m_axi</core>
<MemPortIdVec></MemPortIdVec>
<condition id="-1">
<or_exp><and_exp></and_exp></or_exp>
</condition>

<Node id="59" bw="0" op_0_bw="0" op_1_bw="32" op_2_bw="32" op_3_bw="4" op_4_bw="1" op_5_bw="1" op_6_bw="0" op_7_bw="32">
<![CDATA[
:1  call void @_ssdm_op_Write.m_axi.volatile.i32P(i32* %Master2SysAlloc_addr, i32 2, i4 -1) nounwind

]]></Node>
<StgValue><ssdm name="write_ln39"/></StgValue>
</operation>
</state>

<state id="12" st_id="12">

<operation id="114" st_id="12" stage="5" lat="5">
<core>m_axi</core>
<MemPortIdVec></MemPortIdVec>
<condition id="-1">
<or_exp><and_exp></and_exp></or_exp>
</condition>

<Node id="60" bw="1" op_0_bw="1" op_1_bw="32" op_2_bw="0" op_3_bw="0" op_4_bw="1" op_5_bw="32">
<![CDATA[
:2  %Master2SysAlloc_addr_13 = call i1 @_ssdm_op_WriteResp.m_axi.i32P(i32* %Master2SysAlloc_addr) nounwind

]]></Node>
<StgValue><ssdm name="Master2SysAlloc_addr_13"/></StgValue>
</operation>
</state>

<state id="13" st_id="13">

<operation id="115" st_id="13" stage="4" lat="5">
<core>m_axi</core>
<MemPortIdVec></MemPortIdVec>
<condition id="-1">
<or_exp><and_exp></and_exp></or_exp>
</condition>

<Node id="60" bw="1" op_0_bw="1" op_1_bw="32" op_2_bw="0" op_3_bw="0" op_4_bw="1" op_5_bw="32">
<![CDATA[
:2  %Master2SysAlloc_addr_13 = call i1 @_ssdm_op_WriteResp.m_axi.i32P(i32* %Master2SysAlloc_addr) nounwind

]]></Node>
<StgValue><ssdm name="Master2SysAlloc_addr_13"/></StgValue>
</operation>
</state>

<state id="14" st_id="14">

<operation id="116" st_id="14" stage="3" lat="5">
<core>m_axi</core>
<MemPortIdVec></MemPortIdVec>
<condition id="-1">
<or_exp><and_exp></and_exp></or_exp>
</condition>

<Node id="60" bw="1" op_0_bw="1" op_1_bw="32" op_2_bw="0" op_3_bw="0" op_4_bw="1" op_5_bw="32">
<![CDATA[
:2  %Master2SysAlloc_addr_13 = call i1 @_ssdm_op_WriteResp.m_axi.i32P(i32* %Master2SysAlloc_addr) nounwind

]]></Node>
<StgValue><ssdm name="Master2SysAlloc_addr_13"/></StgValue>
</operation>
</state>

<state id="15" st_id="15">

<operation id="117" st_id="15" stage="2" lat="5">
<core>m_axi</core>
<MemPortIdVec></MemPortIdVec>
<condition id="-1">
<or_exp><and_exp></and_exp></or_exp>
</condition>

<Node id="60" bw="1" op_0_bw="1" op_1_bw="32" op_2_bw="0" op_3_bw="0" op_4_bw="1" op_5_bw="32">
<![CDATA[
:2  %Master2SysAlloc_addr_13 = call i1 @_ssdm_op_WriteResp.m_axi.i32P(i32* %Master2SysAlloc_addr) nounwind

]]></Node>
<StgValue><ssdm name="Master2SysAlloc_addr_13"/></StgValue>
</operation>
</state>

<state id="16" st_id="16">

<operation id="118" st_id="16" stage="1" lat="5">
<core>m_axi</core>
<MemPortIdVec></MemPortIdVec>
<condition id="-1">
<or_exp><and_exp><literal name="icmp_ln38" val="0"/>
</and_exp></or_exp>
</condition>

<Node id="60" bw="1" op_0_bw="1" op_1_bw="32" op_2_bw="0" op_3_bw="0" op_4_bw="1" op_5_bw="32">
<![CDATA[
:2  %Master2SysAlloc_addr_13 = call i1 @_ssdm_op_WriteResp.m_axi.i32P(i32* %Master2SysAlloc_addr) nounwind

]]></Node>
<StgValue><ssdm name="Master2SysAlloc_addr_13"/></StgValue>
</operation>

<operation id="119" st_id="16" stage="1" lat="1">
<core>AddSub</core>
<MemPortIdVec></MemPortIdVec>
<condition id="-1">
<or_exp><and_exp><literal name="icmp_ln38" val="0"/>
</and_exp></or_exp>
</condition>

<Node id="61" bw="32" op_0_bw="32" op_1_bw="32">
<![CDATA[
:3  %root_5 = add nsw i32 %root, -1

]]></Node>
<StgValue><ssdm name="root_5"/></StgValue>
</operation>

<operation id="120" st_id="16" stage="1" lat="1">
<core>NULL</core>
<MemPortIdVec></MemPortIdVec>
<condition id="-1">
<or_exp><and_exp><literal name="icmp_ln38" val="0"/>
</and_exp></or_exp>
</condition>

<Node id="62" bw="0" op_0_bw="0">
<![CDATA[
:4  br label %._crit_edge

]]></Node>
<StgValue><ssdm name="br_ln41"/></StgValue>
</operation>

<operation id="121" st_id="16" stage="1" lat="1">
<core>NULL</core>
<MemPortIdVec></MemPortIdVec>
<condition id="-1">
<or_exp><and_exp></and_exp></or_exp>
</condition>

<Node id="65" bw="32" op_0_bw="32" op_1_bw="64">
<![CDATA[
._crit_edge:1  %Master2SysAlloc_addr_7 = getelementptr inbounds i32* %Master2SysAlloc, i64 284180482

]]></Node>
<StgValue><ssdm name="Master2SysAlloc_addr_7"/></StgValue>
</operation>

<operation id="122" st_id="16" stage="1" lat="1">
<core>m_axi</core>
<MemPortIdVec></MemPortIdVec>
<condition id="-1">
<or_exp><and_exp></and_exp></or_exp>
</condition>

<Node id="66" bw="1" op_0_bw="1" op_1_bw="32" op_2_bw="32" op_3_bw="1" op_4_bw="32" op_5_bw="1">
<![CDATA[
._crit_edge:2  %Master2SysAlloc_addr_14 = call i1 @_ssdm_op_WriteReq.m_axi.i32P(i32* %Master2SysAlloc_addr_7, i32 1) nounwind

]]></Node>
<StgValue><ssdm name="Master2SysAlloc_addr_14"/></StgValue>
</operation>
</state>

<state id="17" st_id="17">

<operation id="123" st_id="17" stage="1" lat="1">
<core>NULL</core>
<MemPortIdVec></MemPortIdVec>
<condition id="-1">
<or_exp><and_exp></and_exp></or_exp>
</condition>

<Node id="64" bw="32" op_0_bw="32" op_1_bw="0" op_2_bw="32" op_3_bw="0">
<![CDATA[
._crit_edge:0  %root_old = phi i32 [ %root_5, %1 ], [ %root, %0 ]

]]></Node>
<StgValue><ssdm name="root_old"/></StgValue>
</operation>

<operation id="124" st_id="17" stage="1" lat="1">
<core>m_axi</core>
<MemPortIdVec></MemPortIdVec>
<condition id="-1">
<or_exp><and_exp></and_exp></or_exp>
</condition>

<Node id="67" bw="0" op_0_bw="0" op_1_bw="32" op_2_bw="32" op_3_bw="4" op_4_bw="1" op_5_bw="1" op_6_bw="0" op_7_bw="32" op_8_bw="1" op_9_bw="0">
<![CDATA[
._crit_edge:3  call void @_ssdm_op_Write.m_axi.volatile.i32P(i32* %Master2SysAlloc_addr_7, i32 1, i4 -1) nounwind

]]></Node>
<StgValue><ssdm name="write_ln43"/></StgValue>
</operation>
</state>

<state id="18" st_id="18">

<operation id="125" st_id="18" stage="5" lat="5">
<core>m_axi</core>
<MemPortIdVec></MemPortIdVec>
<condition id="-1">
<or_exp><and_exp></and_exp></or_exp>
</condition>

<Node id="68" bw="1" op_0_bw="1" op_1_bw="32" op_2_bw="0" op_3_bw="0" op_4_bw="1" op_5_bw="32" op_6_bw="0" op_7_bw="1">
<![CDATA[
._crit_edge:4  %Master2SysAlloc_addr_15 = call i1 @_ssdm_op_WriteResp.m_axi.i32P(i32* %Master2SysAlloc_addr_7) nounwind

]]></Node>
<StgValue><ssdm name="Master2SysAlloc_addr_15"/></StgValue>
</operation>
</state>

<state id="19" st_id="19">

<operation id="126" st_id="19" stage="4" lat="5">
<core>m_axi</core>
<MemPortIdVec></MemPortIdVec>
<condition id="-1">
<or_exp><and_exp></and_exp></or_exp>
</condition>

<Node id="68" bw="1" op_0_bw="1" op_1_bw="32" op_2_bw="0" op_3_bw="0" op_4_bw="1" op_5_bw="32" op_6_bw="0" op_7_bw="1">
<![CDATA[
._crit_edge:4  %Master2SysAlloc_addr_15 = call i1 @_ssdm_op_WriteResp.m_axi.i32P(i32* %Master2SysAlloc_addr_7) nounwind

]]></Node>
<StgValue><ssdm name="Master2SysAlloc_addr_15"/></StgValue>
</operation>
</state>

<state id="20" st_id="20">

<operation id="127" st_id="20" stage="3" lat="5">
<core>m_axi</core>
<MemPortIdVec></MemPortIdVec>
<condition id="-1">
<or_exp><and_exp></and_exp></or_exp>
</condition>

<Node id="68" bw="1" op_0_bw="1" op_1_bw="32" op_2_bw="0" op_3_bw="0" op_4_bw="1" op_5_bw="32" op_6_bw="0" op_7_bw="1">
<![CDATA[
._crit_edge:4  %Master2SysAlloc_addr_15 = call i1 @_ssdm_op_WriteResp.m_axi.i32P(i32* %Master2SysAlloc_addr_7) nounwind

]]></Node>
<StgValue><ssdm name="Master2SysAlloc_addr_15"/></StgValue>
</operation>
</state>

<state id="21" st_id="21">

<operation id="128" st_id="21" stage="2" lat="5">
<core>m_axi</core>
<MemPortIdVec></MemPortIdVec>
<condition id="-1">
<or_exp><and_exp></and_exp></or_exp>
</condition>

<Node id="68" bw="1" op_0_bw="1" op_1_bw="32" op_2_bw="0" op_3_bw="0" op_4_bw="1" op_5_bw="32" op_6_bw="0" op_7_bw="1">
<![CDATA[
._crit_edge:4  %Master2SysAlloc_addr_15 = call i1 @_ssdm_op_WriteResp.m_axi.i32P(i32* %Master2SysAlloc_addr_7) nounwind

]]></Node>
<StgValue><ssdm name="Master2SysAlloc_addr_15"/></StgValue>
</operation>
</state>

<state id="22" st_id="22">

<operation id="129" st_id="22" stage="1" lat="5">
<core>m_axi</core>
<MemPortIdVec></MemPortIdVec>
<condition id="-1">
<or_exp><and_exp></and_exp></or_exp>
</condition>

<Node id="68" bw="1" op_0_bw="1" op_1_bw="32" op_2_bw="0" op_3_bw="0" op_4_bw="1" op_5_bw="32" op_6_bw="0" op_7_bw="1">
<![CDATA[
._crit_edge:4  %Master2SysAlloc_addr_15 = call i1 @_ssdm_op_WriteResp.m_axi.i32P(i32* %Master2SysAlloc_addr_7) nounwind

]]></Node>
<StgValue><ssdm name="Master2SysAlloc_addr_15"/></StgValue>
</operation>
</state>

<state id="23" st_id="23">

<operation id="130" st_id="23" stage="2" lat="2">
<core></core>
<MemPortIdVec></MemPortIdVec>
<condition id="-1">
<or_exp><and_exp></and_exp></or_exp>
</condition>

<Node id="69" bw="32" op_0_bw="32" op_1_bw="32" op_2_bw="32" op_3_bw="32" op_4_bw="32" op_5_bw="32" op_6_bw="32" op_7_bw="32" op_8_bw="32" op_9_bw="32" op_10_bw="32" op_11_bw="1" op_12_bw="0" op_13_bw="1" op_14_bw="0" op_15_bw="1" op_16_bw="32" op_17_bw="1" op_18_bw="0" op_19_bw="1" op_20_bw="32">
<![CDATA[
._crit_edge:5  %root_6 = call fastcc i32 @PM_2_CHECK_INSERTION(i32* %Master2Mem, i32* %Master2SysAlloc, [40 x i32]* %myStack1, i32 %root_old, i32 %log2_tree_size) nounwind

]]></Node>
<StgValue><ssdm name="root_6"/></StgValue>
</operation>
</state>

<state id="24" st_id="24">

<operation id="131" st_id="24" stage="1" lat="2">
<core></core>
<MemPortIdVec></MemPortIdVec>
<condition id="-1">
<or_exp><and_exp></and_exp></or_exp>
</condition>

<Node id="69" bw="32" op_0_bw="32" op_1_bw="32" op_2_bw="32" op_3_bw="32" op_4_bw="32" op_5_bw="32" op_6_bw="32" op_7_bw="32" op_8_bw="32" op_9_bw="32" op_10_bw="32" op_11_bw="1" op_12_bw="0" op_13_bw="1" op_14_bw="0" op_15_bw="1" op_16_bw="32" op_17_bw="1" op_18_bw="0" op_19_bw="1" op_20_bw="32">
<![CDATA[
._crit_edge:5  %root_6 = call fastcc i32 @PM_2_CHECK_INSERTION(i32* %Master2Mem, i32* %Master2SysAlloc, [40 x i32]* %myStack1, i32 %root_old, i32 %log2_tree_size) nounwind

]]></Node>
<StgValue><ssdm name="root_6"/></StgValue>
</operation>

<operation id="132" st_id="24" stage="1" lat="1">
<core>Cmp</core>
<MemPortIdVec></MemPortIdVec>
<condition id="-1">
<or_exp><and_exp></and_exp></or_exp>
</condition>

<Node id="70" bw="1" op_0_bw="32" op_1_bw="32">
<![CDATA[
._crit_edge:6  %icmp_ln46 = icmp eq i32 %root_6, %root_old

]]></Node>
<StgValue><ssdm name="icmp_ln46"/></StgValue>
</operation>

<operation id="133" st_id="24" stage="1" lat="1">
<core>NULL</core>
<MemPortIdVec></MemPortIdVec>
<condition id="-1">
<or_exp><and_exp></and_exp></or_exp>
</condition>

<Node id="71" bw="0" op_0_bw="1" op_1_bw="0" op_2_bw="0">
<![CDATA[
._crit_edge:7  br i1 %icmp_ln46, label %._crit_edge1, label %2

]]></Node>
<StgValue><ssdm name="br_ln46"/></StgValue>
</operation>
</state>

<state id="25" st_id="25">

<operation id="134" st_id="25" stage="1" lat="1">
<core>m_axi</core>
<MemPortIdVec></MemPortIdVec>
<condition id="-1">
<or_exp><and_exp></and_exp></or_exp>
</condition>

<Node id="73" bw="1" op_0_bw="1" op_1_bw="32" op_2_bw="32" op_3_bw="1" op_4_bw="32" op_5_bw="1" op_6_bw="1" op_7_bw="32">
<![CDATA[
:0  %Master2SysAlloc_addr_16 = call i1 @_ssdm_op_WriteReq.m_axi.i32P(i32* %Master2SysAlloc_addr_7, i32 1) nounwind

]]></Node>
<StgValue><ssdm name="Master2SysAlloc_addr_16"/></StgValue>
</operation>
</state>

<state id="26" st_id="26">

<operation id="135" st_id="26" stage="1" lat="1">
<core>m_axi</core>
<MemPortIdVec></MemPortIdVec>
<condition id="-1">
<or_exp><and_exp></and_exp></or_exp>
</condition>

<Node id="74" bw="0" op_0_bw="0" op_1_bw="32" op_2_bw="32" op_3_bw="4" op_4_bw="1" op_5_bw="1" op_6_bw="0" op_7_bw="32" op_8_bw="1" op_9_bw="0" op_10_bw="1" op_11_bw="0" op_12_bw="32">
<![CDATA[
:1  call void @_ssdm_op_Write.m_axi.volatile.i32P(i32* %Master2SysAlloc_addr_7, i32 2, i4 -1) nounwind

]]></Node>
<StgValue><ssdm name="write_ln47"/></StgValue>
</operation>
</state>

<state id="27" st_id="27">

<operation id="136" st_id="27" stage="5" lat="5">
<core>m_axi</core>
<MemPortIdVec></MemPortIdVec>
<condition id="-1">
<or_exp><and_exp></and_exp></or_exp>
</condition>

<Node id="75" bw="1" op_0_bw="1" op_1_bw="32" op_2_bw="0" op_3_bw="0" op_4_bw="1" op_5_bw="32" op_6_bw="0" op_7_bw="1" op_8_bw="0" op_9_bw="1" op_10_bw="32">
<![CDATA[
:2  %Master2SysAlloc_addr_17 = call i1 @_ssdm_op_WriteResp.m_axi.i32P(i32* %Master2SysAlloc_addr_7) nounwind

]]></Node>
<StgValue><ssdm name="Master2SysAlloc_addr_17"/></StgValue>
</operation>
</state>

<state id="28" st_id="28">

<operation id="137" st_id="28" stage="4" lat="5">
<core>m_axi</core>
<MemPortIdVec></MemPortIdVec>
<condition id="-1">
<or_exp><and_exp></and_exp></or_exp>
</condition>

<Node id="75" bw="1" op_0_bw="1" op_1_bw="32" op_2_bw="0" op_3_bw="0" op_4_bw="1" op_5_bw="32" op_6_bw="0" op_7_bw="1" op_8_bw="0" op_9_bw="1" op_10_bw="32">
<![CDATA[
:2  %Master2SysAlloc_addr_17 = call i1 @_ssdm_op_WriteResp.m_axi.i32P(i32* %Master2SysAlloc_addr_7) nounwind

]]></Node>
<StgValue><ssdm name="Master2SysAlloc_addr_17"/></StgValue>
</operation>
</state>

<state id="29" st_id="29">

<operation id="138" st_id="29" stage="3" lat="5">
<core>m_axi</core>
<MemPortIdVec></MemPortIdVec>
<condition id="-1">
<or_exp><and_exp></and_exp></or_exp>
</condition>

<Node id="75" bw="1" op_0_bw="1" op_1_bw="32" op_2_bw="0" op_3_bw="0" op_4_bw="1" op_5_bw="32" op_6_bw="0" op_7_bw="1" op_8_bw="0" op_9_bw="1" op_10_bw="32">
<![CDATA[
:2  %Master2SysAlloc_addr_17 = call i1 @_ssdm_op_WriteResp.m_axi.i32P(i32* %Master2SysAlloc_addr_7) nounwind

]]></Node>
<StgValue><ssdm name="Master2SysAlloc_addr_17"/></StgValue>
</operation>
</state>

<state id="30" st_id="30">

<operation id="139" st_id="30" stage="2" lat="5">
<core>m_axi</core>
<MemPortIdVec></MemPortIdVec>
<condition id="-1">
<or_exp><and_exp></and_exp></or_exp>
</condition>

<Node id="75" bw="1" op_0_bw="1" op_1_bw="32" op_2_bw="0" op_3_bw="0" op_4_bw="1" op_5_bw="32" op_6_bw="0" op_7_bw="1" op_8_bw="0" op_9_bw="1" op_10_bw="32">
<![CDATA[
:2  %Master2SysAlloc_addr_17 = call i1 @_ssdm_op_WriteResp.m_axi.i32P(i32* %Master2SysAlloc_addr_7) nounwind

]]></Node>
<StgValue><ssdm name="Master2SysAlloc_addr_17"/></StgValue>
</operation>
</state>

<state id="31" st_id="31">

<operation id="140" st_id="31" stage="1" lat="5">
<core>m_axi</core>
<MemPortIdVec></MemPortIdVec>
<condition id="-1">
<or_exp><and_exp><literal name="icmp_ln46" val="0"/>
</and_exp></or_exp>
</condition>

<Node id="75" bw="1" op_0_bw="1" op_1_bw="32" op_2_bw="0" op_3_bw="0" op_4_bw="1" op_5_bw="32" op_6_bw="0" op_7_bw="1" op_8_bw="0" op_9_bw="1" op_10_bw="32">
<![CDATA[
:2  %Master2SysAlloc_addr_17 = call i1 @_ssdm_op_WriteResp.m_axi.i32P(i32* %Master2SysAlloc_addr_7) nounwind

]]></Node>
<StgValue><ssdm name="Master2SysAlloc_addr_17"/></StgValue>
</operation>

<operation id="141" st_id="31" stage="1" lat="1">
<core>AddSub</core>
<MemPortIdVec></MemPortIdVec>
<condition id="-1">
<or_exp><and_exp><literal name="icmp_ln46" val="0"/>
</and_exp></or_exp>
</condition>

<Node id="76" bw="32" op_0_bw="32" op_1_bw="32">
<![CDATA[
:3  %root_7 = add nsw i32 %root_6, -1

]]></Node>
<StgValue><ssdm name="root_7"/></StgValue>
</operation>

<operation id="142" st_id="31" stage="1" lat="1">
<core>NULL</core>
<MemPortIdVec></MemPortIdVec>
<condition id="-1">
<or_exp><and_exp><literal name="icmp_ln46" val="0"/>
</and_exp></or_exp>
</condition>

<Node id="77" bw="0" op_0_bw="0">
<![CDATA[
:4  br label %._crit_edge1

]]></Node>
<StgValue><ssdm name="br_ln49"/></StgValue>
</operation>

<operation id="143" st_id="31" stage="1" lat="1">
<core>NULL</core>
<MemPortIdVec></MemPortIdVec>
<condition id="-1">
<or_exp><and_exp></and_exp></or_exp>
</condition>

<Node id="80" bw="32" op_0_bw="32" op_1_bw="64">
<![CDATA[
._crit_edge1:1  %Master2SysAlloc_addr_8 = getelementptr inbounds i32* %Master2SysAlloc, i64 284180483

]]></Node>
<StgValue><ssdm name="Master2SysAlloc_addr_8"/></StgValue>
</operation>

<operation id="144" st_id="31" stage="1" lat="1">
<core>m_axi</core>
<MemPortIdVec></MemPortIdVec>
<condition id="-1">
<or_exp><and_exp></and_exp></or_exp>
</condition>

<Node id="81" bw="1" op_0_bw="1" op_1_bw="32" op_2_bw="32" op_3_bw="1" op_4_bw="32" op_5_bw="1" op_6_bw="1" op_7_bw="32" op_8_bw="1">
<![CDATA[
._crit_edge1:2  %Master2SysAlloc_addr_18 = call i1 @_ssdm_op_WriteReq.m_axi.i32P(i32* %Master2SysAlloc_addr_8, i32 1) nounwind

]]></Node>
<StgValue><ssdm name="Master2SysAlloc_addr_18"/></StgValue>
</operation>
</state>

<state id="32" st_id="32">

<operation id="145" st_id="32" stage="1" lat="1">
<core>NULL</core>
<MemPortIdVec></MemPortIdVec>
<condition id="-1">
<or_exp><and_exp></and_exp></or_exp>
</condition>

<Node id="79" bw="32" op_0_bw="32" op_1_bw="0" op_2_bw="32" op_3_bw="0">
<![CDATA[
._crit_edge1:0  %root_old_1 = phi i32 [ %root_7, %2 ], [ %root_6, %._crit_edge ]

]]></Node>
<StgValue><ssdm name="root_old_1"/></StgValue>
</operation>

<operation id="146" st_id="32" stage="1" lat="1">
<core>m_axi</core>
<MemPortIdVec></MemPortIdVec>
<condition id="-1">
<or_exp><and_exp></and_exp></or_exp>
</condition>

<Node id="82" bw="0" op_0_bw="0" op_1_bw="32" op_2_bw="32" op_3_bw="4" op_4_bw="1" op_5_bw="1" op_6_bw="0" op_7_bw="32" op_8_bw="1" op_9_bw="0" op_10_bw="1" op_11_bw="0" op_12_bw="32" op_13_bw="1" op_14_bw="0">
<![CDATA[
._crit_edge1:3  call void @_ssdm_op_Write.m_axi.volatile.i32P(i32* %Master2SysAlloc_addr_8, i32 1, i4 -1) nounwind

]]></Node>
<StgValue><ssdm name="write_ln52"/></StgValue>
</operation>
</state>

<state id="33" st_id="33">

<operation id="147" st_id="33" stage="5" lat="5">
<core>m_axi</core>
<MemPortIdVec></MemPortIdVec>
<condition id="-1">
<or_exp><and_exp></and_exp></or_exp>
</condition>

<Node id="83" bw="1" op_0_bw="1" op_1_bw="32" op_2_bw="0" op_3_bw="0" op_4_bw="1" op_5_bw="32" op_6_bw="0" op_7_bw="1" op_8_bw="0" op_9_bw="1" op_10_bw="32" op_11_bw="0" op_12_bw="1">
<![CDATA[
._crit_edge1:4  %Master2SysAlloc_addr_19 = call i1 @_ssdm_op_WriteResp.m_axi.i32P(i32* %Master2SysAlloc_addr_8) nounwind

]]></Node>
<StgValue><ssdm name="Master2SysAlloc_addr_19"/></StgValue>
</operation>
</state>

<state id="34" st_id="34">

<operation id="148" st_id="34" stage="4" lat="5">
<core>m_axi</core>
<MemPortIdVec></MemPortIdVec>
<condition id="-1">
<or_exp><and_exp></and_exp></or_exp>
</condition>

<Node id="83" bw="1" op_0_bw="1" op_1_bw="32" op_2_bw="0" op_3_bw="0" op_4_bw="1" op_5_bw="32" op_6_bw="0" op_7_bw="1" op_8_bw="0" op_9_bw="1" op_10_bw="32" op_11_bw="0" op_12_bw="1">
<![CDATA[
._crit_edge1:4  %Master2SysAlloc_addr_19 = call i1 @_ssdm_op_WriteResp.m_axi.i32P(i32* %Master2SysAlloc_addr_8) nounwind

]]></Node>
<StgValue><ssdm name="Master2SysAlloc_addr_19"/></StgValue>
</operation>
</state>

<state id="35" st_id="35">

<operation id="149" st_id="35" stage="3" lat="5">
<core>m_axi</core>
<MemPortIdVec></MemPortIdVec>
<condition id="-1">
<or_exp><and_exp></and_exp></or_exp>
</condition>

<Node id="83" bw="1" op_0_bw="1" op_1_bw="32" op_2_bw="0" op_3_bw="0" op_4_bw="1" op_5_bw="32" op_6_bw="0" op_7_bw="1" op_8_bw="0" op_9_bw="1" op_10_bw="32" op_11_bw="0" op_12_bw="1">
<![CDATA[
._crit_edge1:4  %Master2SysAlloc_addr_19 = call i1 @_ssdm_op_WriteResp.m_axi.i32P(i32* %Master2SysAlloc_addr_8) nounwind

]]></Node>
<StgValue><ssdm name="Master2SysAlloc_addr_19"/></StgValue>
</operation>
</state>

<state id="36" st_id="36">

<operation id="150" st_id="36" stage="2" lat="5">
<core>m_axi</core>
<MemPortIdVec></MemPortIdVec>
<condition id="-1">
<or_exp><and_exp></and_exp></or_exp>
</condition>

<Node id="83" bw="1" op_0_bw="1" op_1_bw="32" op_2_bw="0" op_3_bw="0" op_4_bw="1" op_5_bw="32" op_6_bw="0" op_7_bw="1" op_8_bw="0" op_9_bw="1" op_10_bw="32" op_11_bw="0" op_12_bw="1">
<![CDATA[
._crit_edge1:4  %Master2SysAlloc_addr_19 = call i1 @_ssdm_op_WriteResp.m_axi.i32P(i32* %Master2SysAlloc_addr_8) nounwind

]]></Node>
<StgValue><ssdm name="Master2SysAlloc_addr_19"/></StgValue>
</operation>
</state>

<state id="37" st_id="37">

<operation id="151" st_id="37" stage="1" lat="5">
<core>m_axi</core>
<MemPortIdVec></MemPortIdVec>
<condition id="-1">
<or_exp><and_exp></and_exp></or_exp>
</condition>

<Node id="83" bw="1" op_0_bw="1" op_1_bw="32" op_2_bw="0" op_3_bw="0" op_4_bw="1" op_5_bw="32" op_6_bw="0" op_7_bw="1" op_8_bw="0" op_9_bw="1" op_10_bw="32" op_11_bw="0" op_12_bw="1">
<![CDATA[
._crit_edge1:4  %Master2SysAlloc_addr_19 = call i1 @_ssdm_op_WriteResp.m_axi.i32P(i32* %Master2SysAlloc_addr_8) nounwind

]]></Node>
<StgValue><ssdm name="Master2SysAlloc_addr_19"/></StgValue>
</operation>
</state>

<state id="38" st_id="38">

<operation id="152" st_id="38" stage="2" lat="2">
<core></core>
<MemPortIdVec></MemPortIdVec>
<condition id="-1">
<or_exp><and_exp></and_exp></or_exp>
</condition>

<Node id="84" bw="32" op_0_bw="32" op_1_bw="32" op_2_bw="32" op_3_bw="32" op_4_bw="32" op_5_bw="32" op_6_bw="32" op_7_bw="32" op_8_bw="32" op_9_bw="32" op_10_bw="32" op_11_bw="32" op_12_bw="32" op_13_bw="1" op_14_bw="0" op_15_bw="1" op_16_bw="0" op_17_bw="1" op_18_bw="32" op_19_bw="1" op_20_bw="0" op_21_bw="1" op_22_bw="1" op_23_bw="0" op_24_bw="1" op_25_bw="32" op_26_bw="1" op_27_bw="0" op_28_bw="1" op_29_bw="32" op_30_bw="32">
<![CDATA[
._crit_edge1:5  %root_8 = call fastcc i32 @PM_3_UPDATE(i32* %Master2Mem, i32* %Master2SysAlloc, [40 x i32]* %myStack1, [40 x i32]* %myStack2, i32 %root_old_1, i32 %log2_tree_size) nounwind

]]></Node>
<StgValue><ssdm name="root_8"/></StgValue>
</operation>
</state>

<state id="39" st_id="39">

<operation id="153" st_id="39" stage="1" lat="2">
<core></core>
<MemPortIdVec></MemPortIdVec>
<condition id="-1">
<or_exp><and_exp></and_exp></or_exp>
</condition>

<Node id="84" bw="32" op_0_bw="32" op_1_bw="32" op_2_bw="32" op_3_bw="32" op_4_bw="32" op_5_bw="32" op_6_bw="32" op_7_bw="32" op_8_bw="32" op_9_bw="32" op_10_bw="32" op_11_bw="32" op_12_bw="32" op_13_bw="1" op_14_bw="0" op_15_bw="1" op_16_bw="0" op_17_bw="1" op_18_bw="32" op_19_bw="1" op_20_bw="0" op_21_bw="1" op_22_bw="1" op_23_bw="0" op_24_bw="1" op_25_bw="32" op_26_bw="1" op_27_bw="0" op_28_bw="1" op_29_bw="32" op_30_bw="32">
<![CDATA[
._crit_edge1:5  %root_8 = call fastcc i32 @PM_3_UPDATE(i32* %Master2Mem, i32* %Master2SysAlloc, [40 x i32]* %myStack1, [40 x i32]* %myStack2, i32 %root_old_1, i32 %log2_tree_size) nounwind

]]></Node>
<StgValue><ssdm name="root_8"/></StgValue>
</operation>

<operation id="154" st_id="39" stage="1" lat="1">
<core>Cmp</core>
<MemPortIdVec></MemPortIdVec>
<condition id="-1">
<or_exp><and_exp></and_exp></or_exp>
</condition>

<Node id="85" bw="1" op_0_bw="32" op_1_bw="32">
<![CDATA[
._crit_edge1:6  %icmp_ln55 = icmp eq i32 %root_8, %root_old_1

]]></Node>
<StgValue><ssdm name="icmp_ln55"/></StgValue>
</operation>

<operation id="155" st_id="39" stage="1" lat="1">
<core>NULL</core>
<MemPortIdVec></MemPortIdVec>
<condition id="-1">
<or_exp><and_exp></and_exp></or_exp>
</condition>

<Node id="86" bw="0" op_0_bw="1" op_1_bw="0" op_2_bw="0">
<![CDATA[
._crit_edge1:7  br i1 %icmp_ln55, label %._crit_edge2, label %3

]]></Node>
<StgValue><ssdm name="br_ln55"/></StgValue>
</operation>
</state>

<state id="40" st_id="40">

<operation id="156" st_id="40" stage="1" lat="1">
<core>m_axi</core>
<MemPortIdVec></MemPortIdVec>
<condition id="-1">
<or_exp><and_exp></and_exp></or_exp>
</condition>

<Node id="88" bw="1" op_0_bw="1" op_1_bw="32" op_2_bw="32" op_3_bw="1" op_4_bw="32" op_5_bw="1" op_6_bw="1" op_7_bw="32" op_8_bw="1" op_9_bw="1" op_10_bw="32">
<![CDATA[
:0  %Master2SysAlloc_addr_20 = call i1 @_ssdm_op_WriteReq.m_axi.i32P(i32* %Master2SysAlloc_addr_8, i32 1) nounwind

]]></Node>
<StgValue><ssdm name="Master2SysAlloc_addr_20"/></StgValue>
</operation>
</state>

<state id="41" st_id="41">

<operation id="157" st_id="41" stage="1" lat="1">
<core>m_axi</core>
<MemPortIdVec></MemPortIdVec>
<condition id="-1">
<or_exp><and_exp></and_exp></or_exp>
</condition>

<Node id="89" bw="0" op_0_bw="0" op_1_bw="32" op_2_bw="32" op_3_bw="4" op_4_bw="1" op_5_bw="1" op_6_bw="0" op_7_bw="32" op_8_bw="1" op_9_bw="0" op_10_bw="1" op_11_bw="0" op_12_bw="32" op_13_bw="1" op_14_bw="0" op_15_bw="1" op_16_bw="0" op_17_bw="32">
<![CDATA[
:1  call void @_ssdm_op_Write.m_axi.volatile.i32P(i32* %Master2SysAlloc_addr_8, i32 2, i4 -1) nounwind

]]></Node>
<StgValue><ssdm name="write_ln56"/></StgValue>
</operation>
</state>

<state id="42" st_id="42">

<operation id="158" st_id="42" stage="5" lat="5">
<core>m_axi</core>
<MemPortIdVec></MemPortIdVec>
<condition id="-1">
<or_exp><and_exp></and_exp></or_exp>
</condition>

<Node id="90" bw="1" op_0_bw="1" op_1_bw="32" op_2_bw="0" op_3_bw="0" op_4_bw="1" op_5_bw="32" op_6_bw="0" op_7_bw="1" op_8_bw="0" op_9_bw="1" op_10_bw="32" op_11_bw="0" op_12_bw="1" op_13_bw="0" op_14_bw="1" op_15_bw="32">
<![CDATA[
:2  %Master2SysAlloc_addr_21 = call i1 @_ssdm_op_WriteResp.m_axi.i32P(i32* %Master2SysAlloc_addr_8) nounwind

]]></Node>
<StgValue><ssdm name="Master2SysAlloc_addr_21"/></StgValue>
</operation>
</state>

<state id="43" st_id="43">

<operation id="159" st_id="43" stage="4" lat="5">
<core>m_axi</core>
<MemPortIdVec></MemPortIdVec>
<condition id="-1">
<or_exp><and_exp></and_exp></or_exp>
</condition>

<Node id="90" bw="1" op_0_bw="1" op_1_bw="32" op_2_bw="0" op_3_bw="0" op_4_bw="1" op_5_bw="32" op_6_bw="0" op_7_bw="1" op_8_bw="0" op_9_bw="1" op_10_bw="32" op_11_bw="0" op_12_bw="1" op_13_bw="0" op_14_bw="1" op_15_bw="32">
<![CDATA[
:2  %Master2SysAlloc_addr_21 = call i1 @_ssdm_op_WriteResp.m_axi.i32P(i32* %Master2SysAlloc_addr_8) nounwind

]]></Node>
<StgValue><ssdm name="Master2SysAlloc_addr_21"/></StgValue>
</operation>
</state>

<state id="44" st_id="44">

<operation id="160" st_id="44" stage="3" lat="5">
<core>m_axi</core>
<MemPortIdVec></MemPortIdVec>
<condition id="-1">
<or_exp><and_exp></and_exp></or_exp>
</condition>

<Node id="90" bw="1" op_0_bw="1" op_1_bw="32" op_2_bw="0" op_3_bw="0" op_4_bw="1" op_5_bw="32" op_6_bw="0" op_7_bw="1" op_8_bw="0" op_9_bw="1" op_10_bw="32" op_11_bw="0" op_12_bw="1" op_13_bw="0" op_14_bw="1" op_15_bw="32">
<![CDATA[
:2  %Master2SysAlloc_addr_21 = call i1 @_ssdm_op_WriteResp.m_axi.i32P(i32* %Master2SysAlloc_addr_8) nounwind

]]></Node>
<StgValue><ssdm name="Master2SysAlloc_addr_21"/></StgValue>
</operation>
</state>

<state id="45" st_id="45">

<operation id="161" st_id="45" stage="2" lat="5">
<core>m_axi</core>
<MemPortIdVec></MemPortIdVec>
<condition id="-1">
<or_exp><and_exp></and_exp></or_exp>
</condition>

<Node id="90" bw="1" op_0_bw="1" op_1_bw="32" op_2_bw="0" op_3_bw="0" op_4_bw="1" op_5_bw="32" op_6_bw="0" op_7_bw="1" op_8_bw="0" op_9_bw="1" op_10_bw="32" op_11_bw="0" op_12_bw="1" op_13_bw="0" op_14_bw="1" op_15_bw="32">
<![CDATA[
:2  %Master2SysAlloc_addr_21 = call i1 @_ssdm_op_WriteResp.m_axi.i32P(i32* %Master2SysAlloc_addr_8) nounwind

]]></Node>
<StgValue><ssdm name="Master2SysAlloc_addr_21"/></StgValue>
</operation>
</state>

<state id="46" st_id="46">

<operation id="162" st_id="46" stage="1" lat="5">
<core>m_axi</core>
<MemPortIdVec></MemPortIdVec>
<condition id="-1">
<or_exp><and_exp><literal name="icmp_ln55" val="0"/>
</and_exp></or_exp>
</condition>

<Node id="90" bw="1" op_0_bw="1" op_1_bw="32" op_2_bw="0" op_3_bw="0" op_4_bw="1" op_5_bw="32" op_6_bw="0" op_7_bw="1" op_8_bw="0" op_9_bw="1" op_10_bw="32" op_11_bw="0" op_12_bw="1" op_13_bw="0" op_14_bw="1" op_15_bw="32">
<![CDATA[
:2  %Master2SysAlloc_addr_21 = call i1 @_ssdm_op_WriteResp.m_axi.i32P(i32* %Master2SysAlloc_addr_8) nounwind

]]></Node>
<StgValue><ssdm name="Master2SysAlloc_addr_21"/></StgValue>
</operation>

<operation id="163" st_id="46" stage="1" lat="1">
<core>AddSub</core>
<MemPortIdVec></MemPortIdVec>
<condition id="-1">
<or_exp><and_exp><literal name="icmp_ln55" val="0"/>
</and_exp></or_exp>
</condition>

<Node id="91" bw="32" op_0_bw="32" op_1_bw="32">
<![CDATA[
:3  %root_9 = add nsw i32 %root_8, -1

]]></Node>
<StgValue><ssdm name="root_9"/></StgValue>
</operation>

<operation id="164" st_id="46" stage="1" lat="1">
<core>NULL</core>
<MemPortIdVec></MemPortIdVec>
<condition id="-1">
<or_exp><and_exp><literal name="icmp_ln55" val="0"/>
</and_exp></or_exp>
</condition>

<Node id="92" bw="0" op_0_bw="0">
<![CDATA[
:4  br label %._crit_edge2

]]></Node>
<StgValue><ssdm name="br_ln58"/></StgValue>
</operation>

<operation id="165" st_id="46" stage="1" lat="1">
<core>NULL</core>
<MemPortIdVec></MemPortIdVec>
<condition id="-1">
<or_exp><and_exp></and_exp></or_exp>
</condition>

<Node id="95" bw="32" op_0_bw="32" op_1_bw="64">
<![CDATA[
._crit_edge2:1  %Master2SysAlloc_addr_9 = getelementptr inbounds i32* %Master2SysAlloc, i64 284180484

]]></Node>
<StgValue><ssdm name="Master2SysAlloc_addr_9"/></StgValue>
</operation>

<operation id="166" st_id="46" stage="1" lat="1">
<core>m_axi</core>
<MemPortIdVec></MemPortIdVec>
<condition id="-1">
<or_exp><and_exp></and_exp></or_exp>
</condition>

<Node id="96" bw="1" op_0_bw="1" op_1_bw="32" op_2_bw="32" op_3_bw="1" op_4_bw="32" op_5_bw="1" op_6_bw="1" op_7_bw="32" op_8_bw="1" op_9_bw="1" op_10_bw="32" op_11_bw="1">
<![CDATA[
._crit_edge2:2  %Master2SysAlloc_addr_22 = call i1 @_ssdm_op_WriteReq.m_axi.i32P(i32* %Master2SysAlloc_addr_9, i32 1) nounwind

]]></Node>
<StgValue><ssdm name="Master2SysAlloc_addr_22"/></StgValue>
</operation>
</state>

<state id="47" st_id="47">

<operation id="167" st_id="47" stage="1" lat="1">
<core>NULL</core>
<MemPortIdVec></MemPortIdVec>
<condition id="-1">
<or_exp><and_exp></and_exp></or_exp>
</condition>

<Node id="94" bw="32" op_0_bw="32" op_1_bw="0" op_2_bw="32" op_3_bw="0">
<![CDATA[
._crit_edge2:0  %root_old_2 = phi i32 [ %root_9, %3 ], [ %root_8, %._crit_edge1 ]

]]></Node>
<StgValue><ssdm name="root_old_2"/></StgValue>
</operation>

<operation id="168" st_id="47" stage="1" lat="1">
<core>m_axi</core>
<MemPortIdVec></MemPortIdVec>
<condition id="-1">
<or_exp><and_exp></and_exp></or_exp>
</condition>

<Node id="97" bw="0" op_0_bw="0" op_1_bw="32" op_2_bw="32" op_3_bw="4" op_4_bw="1" op_5_bw="1" op_6_bw="0" op_7_bw="32" op_8_bw="1" op_9_bw="0" op_10_bw="1" op_11_bw="0" op_12_bw="32" op_13_bw="1" op_14_bw="0" op_15_bw="1" op_16_bw="0" op_17_bw="32" op_18_bw="1" op_19_bw="0">
<![CDATA[
._crit_edge2:3  call void @_ssdm_op_Write.m_axi.volatile.i32P(i32* %Master2SysAlloc_addr_9, i32 1, i4 -1) nounwind

]]></Node>
<StgValue><ssdm name="write_ln61"/></StgValue>
</operation>
</state>

<state id="48" st_id="48">

<operation id="169" st_id="48" stage="5" lat="5">
<core>m_axi</core>
<MemPortIdVec></MemPortIdVec>
<condition id="-1">
<or_exp><and_exp></and_exp></or_exp>
</condition>

<Node id="98" bw="1" op_0_bw="1" op_1_bw="32" op_2_bw="0" op_3_bw="0" op_4_bw="1" op_5_bw="32" op_6_bw="0" op_7_bw="1" op_8_bw="0" op_9_bw="1" op_10_bw="32" op_11_bw="0" op_12_bw="1" op_13_bw="0" op_14_bw="1" op_15_bw="32" op_16_bw="0" op_17_bw="1">
<![CDATA[
._crit_edge2:4  %Master2SysAlloc_addr_23 = call i1 @_ssdm_op_WriteResp.m_axi.i32P(i32* %Master2SysAlloc_addr_9) nounwind

]]></Node>
<StgValue><ssdm name="Master2SysAlloc_addr_23"/></StgValue>
</operation>
</state>

<state id="49" st_id="49">

<operation id="170" st_id="49" stage="4" lat="5">
<core>m_axi</core>
<MemPortIdVec></MemPortIdVec>
<condition id="-1">
<or_exp><and_exp></and_exp></or_exp>
</condition>

<Node id="98" bw="1" op_0_bw="1" op_1_bw="32" op_2_bw="0" op_3_bw="0" op_4_bw="1" op_5_bw="32" op_6_bw="0" op_7_bw="1" op_8_bw="0" op_9_bw="1" op_10_bw="32" op_11_bw="0" op_12_bw="1" op_13_bw="0" op_14_bw="1" op_15_bw="32" op_16_bw="0" op_17_bw="1">
<![CDATA[
._crit_edge2:4  %Master2SysAlloc_addr_23 = call i1 @_ssdm_op_WriteResp.m_axi.i32P(i32* %Master2SysAlloc_addr_9) nounwind

]]></Node>
<StgValue><ssdm name="Master2SysAlloc_addr_23"/></StgValue>
</operation>
</state>

<state id="50" st_id="50">

<operation id="171" st_id="50" stage="3" lat="5">
<core>m_axi</core>
<MemPortIdVec></MemPortIdVec>
<condition id="-1">
<or_exp><and_exp></and_exp></or_exp>
</condition>

<Node id="98" bw="1" op_0_bw="1" op_1_bw="32" op_2_bw="0" op_3_bw="0" op_4_bw="1" op_5_bw="32" op_6_bw="0" op_7_bw="1" op_8_bw="0" op_9_bw="1" op_10_bw="32" op_11_bw="0" op_12_bw="1" op_13_bw="0" op_14_bw="1" op_15_bw="32" op_16_bw="0" op_17_bw="1">
<![CDATA[
._crit_edge2:4  %Master2SysAlloc_addr_23 = call i1 @_ssdm_op_WriteResp.m_axi.i32P(i32* %Master2SysAlloc_addr_9) nounwind

]]></Node>
<StgValue><ssdm name="Master2SysAlloc_addr_23"/></StgValue>
</operation>
</state>

<state id="51" st_id="51">

<operation id="172" st_id="51" stage="2" lat="5">
<core>m_axi</core>
<MemPortIdVec></MemPortIdVec>
<condition id="-1">
<or_exp><and_exp></and_exp></or_exp>
</condition>

<Node id="98" bw="1" op_0_bw="1" op_1_bw="32" op_2_bw="0" op_3_bw="0" op_4_bw="1" op_5_bw="32" op_6_bw="0" op_7_bw="1" op_8_bw="0" op_9_bw="1" op_10_bw="32" op_11_bw="0" op_12_bw="1" op_13_bw="0" op_14_bw="1" op_15_bw="32" op_16_bw="0" op_17_bw="1">
<![CDATA[
._crit_edge2:4  %Master2SysAlloc_addr_23 = call i1 @_ssdm_op_WriteResp.m_axi.i32P(i32* %Master2SysAlloc_addr_9) nounwind

]]></Node>
<StgValue><ssdm name="Master2SysAlloc_addr_23"/></StgValue>
</operation>
</state>

<state id="52" st_id="52">

<operation id="173" st_id="52" stage="1" lat="5">
<core>m_axi</core>
<MemPortIdVec></MemPortIdVec>
<condition id="-1">
<or_exp><and_exp></and_exp></or_exp>
</condition>

<Node id="98" bw="1" op_0_bw="1" op_1_bw="32" op_2_bw="0" op_3_bw="0" op_4_bw="1" op_5_bw="32" op_6_bw="0" op_7_bw="1" op_8_bw="0" op_9_bw="1" op_10_bw="32" op_11_bw="0" op_12_bw="1" op_13_bw="0" op_14_bw="1" op_15_bw="32" op_16_bw="0" op_17_bw="1">
<![CDATA[
._crit_edge2:4  %Master2SysAlloc_addr_23 = call i1 @_ssdm_op_WriteResp.m_axi.i32P(i32* %Master2SysAlloc_addr_9) nounwind

]]></Node>
<StgValue><ssdm name="Master2SysAlloc_addr_23"/></StgValue>
</operation>
</state>

<state id="53" st_id="53">

<operation id="174" st_id="53" stage="2" lat="2">
<core></core>
<MemPortIdVec></MemPortIdVec>
<condition id="-1">
<or_exp><and_exp></and_exp></or_exp>
</condition>

<Node id="99" bw="32" op_0_bw="32" op_1_bw="32" op_2_bw="32" op_3_bw="32" op_4_bw="32" op_5_bw="32" op_6_bw="32" op_7_bw="32" op_8_bw="1" op_9_bw="1" op_10_bw="0" op_11_bw="1" op_12_bw="32" op_13_bw="1" op_14_bw="0" op_15_bw="1" op_16_bw="1" op_17_bw="0" op_18_bw="1" op_19_bw="32" op_20_bw="1" op_21_bw="0" op_22_bw="1" op_23_bw="1" op_24_bw="0" op_25_bw="1" op_26_bw="32" op_27_bw="1" op_28_bw="0" op_29_bw="1" op_30_bw="32" op_31_bw="32" op_32_bw="32">
<![CDATA[
._crit_edge2:5  %root_10 = call fastcc i32 @PM_4_DELETION(i32* %Master2Mem, i32* %Master2SysAlloc, [40 x i32]* %myStack1, i32 %root_old_2) nounwind

]]></Node>
<StgValue><ssdm name="root_10"/></StgValue>
</operation>
</state>

<state id="54" st_id="54">

<operation id="175" st_id="54" stage="1" lat="2">
<core></core>
<MemPortIdVec></MemPortIdVec>
<condition id="-1">
<or_exp><and_exp></and_exp></or_exp>
</condition>

<Node id="99" bw="32" op_0_bw="32" op_1_bw="32" op_2_bw="32" op_3_bw="32" op_4_bw="32" op_5_bw="32" op_6_bw="32" op_7_bw="32" op_8_bw="1" op_9_bw="1" op_10_bw="0" op_11_bw="1" op_12_bw="32" op_13_bw="1" op_14_bw="0" op_15_bw="1" op_16_bw="1" op_17_bw="0" op_18_bw="1" op_19_bw="32" op_20_bw="1" op_21_bw="0" op_22_bw="1" op_23_bw="1" op_24_bw="0" op_25_bw="1" op_26_bw="32" op_27_bw="1" op_28_bw="0" op_29_bw="1" op_30_bw="32" op_31_bw="32" op_32_bw="32">
<![CDATA[
._crit_edge2:5  %root_10 = call fastcc i32 @PM_4_DELETION(i32* %Master2Mem, i32* %Master2SysAlloc, [40 x i32]* %myStack1, i32 %root_old_2) nounwind

]]></Node>
<StgValue><ssdm name="root_10"/></StgValue>
</operation>

<operation id="176" st_id="54" stage="1" lat="1">
<core>Cmp</core>
<MemPortIdVec></MemPortIdVec>
<condition id="-1">
<or_exp><and_exp></and_exp></or_exp>
</condition>

<Node id="100" bw="1" op_0_bw="32" op_1_bw="32">
<![CDATA[
._crit_edge2:6  %icmp_ln64 = icmp eq i32 %root_10, %root_old_2

]]></Node>
<StgValue><ssdm name="icmp_ln64"/></StgValue>
</operation>

<operation id="177" st_id="54" stage="1" lat="1">
<core>NULL</core>
<MemPortIdVec></MemPortIdVec>
<condition id="-1">
<or_exp><and_exp></and_exp></or_exp>
</condition>

<Node id="101" bw="0" op_0_bw="1" op_1_bw="0" op_2_bw="0">
<![CDATA[
._crit_edge2:7  br i1 %icmp_ln64, label %._crit_edge3, label %4

]]></Node>
<StgValue><ssdm name="br_ln64"/></StgValue>
</operation>
</state>

<state id="55" st_id="55">

<operation id="178" st_id="55" stage="1" lat="1">
<core>m_axi</core>
<MemPortIdVec></MemPortIdVec>
<condition id="-1">
<or_exp><and_exp></and_exp></or_exp>
</condition>

<Node id="103" bw="1" op_0_bw="1" op_1_bw="32" op_2_bw="32" op_3_bw="1" op_4_bw="32" op_5_bw="1" op_6_bw="1" op_7_bw="32" op_8_bw="1" op_9_bw="1" op_10_bw="32" op_11_bw="1" op_12_bw="1" op_13_bw="32">
<![CDATA[
:0  %Master2SysAlloc_addr_24 = call i1 @_ssdm_op_WriteReq.m_axi.i32P(i32* %Master2SysAlloc_addr_9, i32 1) nounwind

]]></Node>
<StgValue><ssdm name="Master2SysAlloc_addr_24"/></StgValue>
</operation>
</state>

<state id="56" st_id="56">

<operation id="179" st_id="56" stage="1" lat="1">
<core>m_axi</core>
<MemPortIdVec></MemPortIdVec>
<condition id="-1">
<or_exp><and_exp></and_exp></or_exp>
</condition>

<Node id="104" bw="0" op_0_bw="0" op_1_bw="32" op_2_bw="32" op_3_bw="4" op_4_bw="1" op_5_bw="1" op_6_bw="0" op_7_bw="32" op_8_bw="1" op_9_bw="0" op_10_bw="1" op_11_bw="0" op_12_bw="32" op_13_bw="1" op_14_bw="0" op_15_bw="1" op_16_bw="0" op_17_bw="32" op_18_bw="1" op_19_bw="0" op_20_bw="1" op_21_bw="0" op_22_bw="32">
<![CDATA[
:1  call void @_ssdm_op_Write.m_axi.volatile.i32P(i32* %Master2SysAlloc_addr_9, i32 2, i4 -1) nounwind

]]></Node>
<StgValue><ssdm name="write_ln65"/></StgValue>
</operation>
</state>

<state id="57" st_id="57">

<operation id="180" st_id="57" stage="5" lat="5">
<core>m_axi</core>
<MemPortIdVec></MemPortIdVec>
<condition id="-1">
<or_exp><and_exp></and_exp></or_exp>
</condition>

<Node id="105" bw="1" op_0_bw="1" op_1_bw="32" op_2_bw="0" op_3_bw="0" op_4_bw="1" op_5_bw="32" op_6_bw="0" op_7_bw="1" op_8_bw="0" op_9_bw="1" op_10_bw="32" op_11_bw="0" op_12_bw="1" op_13_bw="0" op_14_bw="1" op_15_bw="32" op_16_bw="0" op_17_bw="1" op_18_bw="0" op_19_bw="1" op_20_bw="32">
<![CDATA[
:2  %Master2SysAlloc_addr_25 = call i1 @_ssdm_op_WriteResp.m_axi.i32P(i32* %Master2SysAlloc_addr_9) nounwind

]]></Node>
<StgValue><ssdm name="Master2SysAlloc_addr_25"/></StgValue>
</operation>
</state>

<state id="58" st_id="58">

<operation id="181" st_id="58" stage="4" lat="5">
<core>m_axi</core>
<MemPortIdVec></MemPortIdVec>
<condition id="-1">
<or_exp><and_exp></and_exp></or_exp>
</condition>

<Node id="105" bw="1" op_0_bw="1" op_1_bw="32" op_2_bw="0" op_3_bw="0" op_4_bw="1" op_5_bw="32" op_6_bw="0" op_7_bw="1" op_8_bw="0" op_9_bw="1" op_10_bw="32" op_11_bw="0" op_12_bw="1" op_13_bw="0" op_14_bw="1" op_15_bw="32" op_16_bw="0" op_17_bw="1" op_18_bw="0" op_19_bw="1" op_20_bw="32">
<![CDATA[
:2  %Master2SysAlloc_addr_25 = call i1 @_ssdm_op_WriteResp.m_axi.i32P(i32* %Master2SysAlloc_addr_9) nounwind

]]></Node>
<StgValue><ssdm name="Master2SysAlloc_addr_25"/></StgValue>
</operation>
</state>

<state id="59" st_id="59">

<operation id="182" st_id="59" stage="3" lat="5">
<core>m_axi</core>
<MemPortIdVec></MemPortIdVec>
<condition id="-1">
<or_exp><and_exp></and_exp></or_exp>
</condition>

<Node id="105" bw="1" op_0_bw="1" op_1_bw="32" op_2_bw="0" op_3_bw="0" op_4_bw="1" op_5_bw="32" op_6_bw="0" op_7_bw="1" op_8_bw="0" op_9_bw="1" op_10_bw="32" op_11_bw="0" op_12_bw="1" op_13_bw="0" op_14_bw="1" op_15_bw="32" op_16_bw="0" op_17_bw="1" op_18_bw="0" op_19_bw="1" op_20_bw="32">
<![CDATA[
:2  %Master2SysAlloc_addr_25 = call i1 @_ssdm_op_WriteResp.m_axi.i32P(i32* %Master2SysAlloc_addr_9) nounwind

]]></Node>
<StgValue><ssdm name="Master2SysAlloc_addr_25"/></StgValue>
</operation>
</state>

<state id="60" st_id="60">

<operation id="183" st_id="60" stage="2" lat="5">
<core>m_axi</core>
<MemPortIdVec></MemPortIdVec>
<condition id="-1">
<or_exp><and_exp></and_exp></or_exp>
</condition>

<Node id="105" bw="1" op_0_bw="1" op_1_bw="32" op_2_bw="0" op_3_bw="0" op_4_bw="1" op_5_bw="32" op_6_bw="0" op_7_bw="1" op_8_bw="0" op_9_bw="1" op_10_bw="32" op_11_bw="0" op_12_bw="1" op_13_bw="0" op_14_bw="1" op_15_bw="32" op_16_bw="0" op_17_bw="1" op_18_bw="0" op_19_bw="1" op_20_bw="32">
<![CDATA[
:2  %Master2SysAlloc_addr_25 = call i1 @_ssdm_op_WriteResp.m_axi.i32P(i32* %Master2SysAlloc_addr_9) nounwind

]]></Node>
<StgValue><ssdm name="Master2SysAlloc_addr_25"/></StgValue>
</operation>
</state>

<state id="61" st_id="61">

<operation id="184" st_id="61" stage="1" lat="5">
<core>m_axi</core>
<MemPortIdVec></MemPortIdVec>
<condition id="-1">
<or_exp><and_exp><literal name="icmp_ln64" val="0"/>
</and_exp></or_exp>
</condition>

<Node id="105" bw="1" op_0_bw="1" op_1_bw="32" op_2_bw="0" op_3_bw="0" op_4_bw="1" op_5_bw="32" op_6_bw="0" op_7_bw="1" op_8_bw="0" op_9_bw="1" op_10_bw="32" op_11_bw="0" op_12_bw="1" op_13_bw="0" op_14_bw="1" op_15_bw="32" op_16_bw="0" op_17_bw="1" op_18_bw="0" op_19_bw="1" op_20_bw="32">
<![CDATA[
:2  %Master2SysAlloc_addr_25 = call i1 @_ssdm_op_WriteResp.m_axi.i32P(i32* %Master2SysAlloc_addr_9) nounwind

]]></Node>
<StgValue><ssdm name="Master2SysAlloc_addr_25"/></StgValue>
</operation>

<operation id="185" st_id="61" stage="1" lat="1">
<core>AddSub</core>
<MemPortIdVec></MemPortIdVec>
<condition id="-1">
<or_exp><and_exp><literal name="icmp_ln64" val="0"/>
</and_exp></or_exp>
</condition>

<Node id="106" bw="32" op_0_bw="32" op_1_bw="32">
<![CDATA[
:3  %root_11 = add nsw i32 %root_10, -1

]]></Node>
<StgValue><ssdm name="root_11"/></StgValue>
</operation>

<operation id="186" st_id="61" stage="1" lat="1">
<core>NULL</core>
<MemPortIdVec></MemPortIdVec>
<condition id="-1">
<or_exp><and_exp><literal name="icmp_ln64" val="0"/>
</and_exp></or_exp>
</condition>

<Node id="107" bw="0" op_0_bw="0">
<![CDATA[
:4  br label %._crit_edge3

]]></Node>
<StgValue><ssdm name="br_ln67"/></StgValue>
</operation>

<operation id="187" st_id="61" stage="1" lat="1">
<core>NULL</core>
<MemPortIdVec></MemPortIdVec>
<condition id="-1">
<or_exp><and_exp></and_exp></or_exp>
</condition>

<Node id="109" bw="32" op_0_bw="32" op_1_bw="0" op_2_bw="32" op_3_bw="0">
<![CDATA[
._crit_edge3:0  %root_3 = phi i32 [ %root_11, %4 ], [ %root_10, %._crit_edge2 ]

]]></Node>
<StgValue><ssdm name="root_3"/></StgValue>
</operation>

<operation id="188" st_id="61" stage="1" lat="1">
<core>NULL</core>
<MemPortIdVec></MemPortIdVec>
<condition id="-1">
<or_exp><and_exp></and_exp></or_exp>
</condition>

<Node id="110" bw="0" op_0_bw="32">
<![CDATA[
._crit_edge3:1  ret i32 %root_3

]]></Node>
<StgValue><ssdm name="ret_ln70"/></StgValue>
</operation>
</state>
</state_list>


<ports>
</ports>


<dataflows>
</dataflows>


</stg>
