<stg><name>Check_thenInsert</name>


<trans_list>

<trans id="19" from="1" to="2">
<condition id="-1">
<or_exp><and_exp></and_exp></or_exp>
</condition>
</trans>

<trans id="20" from="2" to="3">
<condition id="-1">
<or_exp><and_exp><literal name="icmp_ln6" val="1"/>
</and_exp></or_exp>
</condition>
</trans>

<trans id="21" from="2" to="4">
<condition id="-1">
<or_exp><and_exp><literal name="icmp_ln6" val="0"/>
</and_exp></or_exp>
</condition>
</trans>

<trans id="22" from="3" to="4">
<condition id="-1">
<or_exp><and_exp></and_exp></or_exp>
</condition>
</trans>
</trans_list>



<state_list>

<state id="1" st_id="1">

<operation id="5" st_id="1" stage="1" lat="1">
<core>NULL</core>
<MemPortIdVec></MemPortIdVec>
<condition id="-1">
<or_exp><and_exp></and_exp></or_exp>
</condition>

<Node id="8" bw="32" op_0_bw="32" op_1_bw="32">
<![CDATA[
:2  %key_read = call i32 @_ssdm_op_Read.ap_auto.i32(i32 %key)

]]></Node>
<StgValue><ssdm name="key_read"/></StgValue>
</operation>

<operation id="6" st_id="1" stage="1" lat="1">
<core>NULL</core>
<MemPortIdVec></MemPortIdVec>
<condition id="-1">
<or_exp><and_exp></and_exp></or_exp>
</condition>

<Node id="9" bw="32" op_0_bw="32" op_1_bw="32">
<![CDATA[
:3  %rootPtr_read = call i32 @_ssdm_op_Read.ap_auto.i32(i32 %rootPtr)

]]></Node>
<StgValue><ssdm name="rootPtr_read"/></StgValue>
</operation>

<operation id="7" st_id="1" stage="2" lat="2">
<core></core>
<MemPortIdVec></MemPortIdVec>
<condition id="-1">
<or_exp><and_exp></and_exp></or_exp>
</condition>

<Node id="10" bw="2" op_0_bw="2" op_1_bw="32" op_2_bw="32" op_3_bw="32">
<![CDATA[
:4  %serResult_flag_faile = call fastcc i2 @Search(i32* %myHeap, i32 %rootPtr_read, i32 %key_read)

]]></Node>
<StgValue><ssdm name="serResult_flag_faile"/></StgValue>
</operation>
</state>

<state id="2" st_id="2">

<operation id="8" st_id="2" stage="1" lat="1">
<core>NULL</core>
<MemPortIdVec></MemPortIdVec>
<condition id="-1">
<or_exp><and_exp></and_exp></or_exp>
</condition>

<Node id="6" bw="0" op_0_bw="0" op_1_bw="32" op_2_bw="0" op_3_bw="32" op_4_bw="32" op_5_bw="0" op_6_bw="32" op_7_bw="32" op_8_bw="0" op_9_bw="0" op_10_bw="0" op_11_bw="32" op_12_bw="32" op_13_bw="32" op_14_bw="32" op_15_bw="0" op_16_bw="0">
<![CDATA[
:0  call void (...)* @_ssdm_op_SpecInterface(i32* %myHeap, [6 x i8]* @p_str3, i32 0, i32 0, [1 x i8]* @p_str1, i32 0, i32 1, [1 x i8]* @p_str1, [4 x i8]* @p_str4, [1 x i8]* @p_str1, i32 16, i32 16, i32 16, i32 16, [1 x i8]* @p_str1, [1 x i8]* @p_str1) nounwind

]]></Node>
<StgValue><ssdm name="specinterface_ln0"/></StgValue>
</operation>

<operation id="9" st_id="2" stage="1" lat="1">
<core>NULL</core>
<MemPortIdVec></MemPortIdVec>
<condition id="-1">
<or_exp><and_exp></and_exp></or_exp>
</condition>

<Node id="7" bw="0" op_0_bw="0" op_1_bw="32" op_2_bw="0" op_3_bw="32" op_4_bw="32" op_5_bw="0" op_6_bw="32" op_7_bw="32" op_8_bw="0" op_9_bw="0" op_10_bw="0" op_11_bw="32" op_12_bw="32" op_13_bw="32" op_14_bw="32" op_15_bw="0" op_16_bw="0">
<![CDATA[
:1  call void (...)* @_ssdm_op_SpecInterface(i32* %Master2SysAlloc, [6 x i8]* @p_str3, i32 0, i32 0, [1 x i8]* @p_str1, i32 0, i32 1, [1 x i8]* @p_str1, [4 x i8]* @p_str4, [1 x i8]* @p_str1, i32 16, i32 16, i32 16, i32 16, [1 x i8]* @p_str1, [1 x i8]* @p_str1) nounwind

]]></Node>
<StgValue><ssdm name="specinterface_ln0"/></StgValue>
</operation>

<operation id="10" st_id="2" stage="1" lat="2">
<core></core>
<MemPortIdVec></MemPortIdVec>
<condition id="-1">
<or_exp><and_exp></and_exp></or_exp>
</condition>

<Node id="10" bw="2" op_0_bw="2" op_1_bw="32" op_2_bw="32" op_3_bw="32">
<![CDATA[
:4  %serResult_flag_faile = call fastcc i2 @Search(i32* %myHeap, i32 %rootPtr_read, i32 %key_read)

]]></Node>
<StgValue><ssdm name="serResult_flag_faile"/></StgValue>
</operation>

<operation id="11" st_id="2" stage="1" lat="1">
<core>Cmp</core>
<MemPortIdVec></MemPortIdVec>
<condition id="-1">
<or_exp><and_exp></and_exp></or_exp>
</condition>

<Node id="11" bw="1" op_0_bw="2" op_1_bw="2">
<![CDATA[
:5  %icmp_ln6 = icmp eq i2 %serResult_flag_faile, 1

]]></Node>
<StgValue><ssdm name="icmp_ln6"/></StgValue>
</operation>

<operation id="12" st_id="2" stage="1" lat="1">
<core>NULL</core>
<MemPortIdVec></MemPortIdVec>
<condition id="-1">
<or_exp><and_exp></and_exp></or_exp>
</condition>

<Node id="12" bw="0" op_0_bw="1" op_1_bw="0" op_2_bw="0">
<![CDATA[
:6  br i1 %icmp_ln6, label %1, label %._crit_edge

]]></Node>
<StgValue><ssdm name="br_ln6"/></StgValue>
</operation>
</state>

<state id="3" st_id="3">

<operation id="13" st_id="3" stage="2" lat="2">
<core></core>
<MemPortIdVec></MemPortIdVec>
<condition id="-1">
<or_exp><and_exp></and_exp></or_exp>
</condition>

<Node id="14" bw="64" op_0_bw="64" op_1_bw="32" op_2_bw="32" op_3_bw="32" op_4_bw="32" op_5_bw="32" op_6_bw="32" op_7_bw="32" op_8_bw="2" op_9_bw="2">
<![CDATA[
:0  %Insert_ret = call fastcc { i32, i32 } @Insert(i32 undef, i32 undef, i32* %myHeap, i32* %Master2SysAlloc, [40 x i32]* %fixedStack, i32 %rootPtr_read, i32 %key_read)

]]></Node>
<StgValue><ssdm name="Insert_ret"/></StgValue>
</operation>
</state>

<state id="4" st_id="4">

<operation id="14" st_id="4" stage="1" lat="2">
<core></core>
<MemPortIdVec></MemPortIdVec>
<condition id="-1">
<or_exp><and_exp><literal name="icmp_ln6" val="1"/>
</and_exp></or_exp>
</condition>

<Node id="14" bw="64" op_0_bw="64" op_1_bw="32" op_2_bw="32" op_3_bw="32" op_4_bw="32" op_5_bw="32" op_6_bw="32" op_7_bw="32" op_8_bw="2" op_9_bw="2">
<![CDATA[
:0  %Insert_ret = call fastcc { i32, i32 } @Insert(i32 undef, i32 undef, i32* %myHeap, i32* %Master2SysAlloc, [40 x i32]* %fixedStack, i32 %rootPtr_read, i32 %key_read)

]]></Node>
<StgValue><ssdm name="Insert_ret"/></StgValue>
</operation>

<operation id="15" st_id="4" stage="1" lat="1">
<core>NULL</core>
<MemPortIdVec></MemPortIdVec>
<condition id="-1">
<or_exp><and_exp><literal name="icmp_ln6" val="1"/>
</and_exp></or_exp>
</condition>

<Node id="15" bw="32" op_0_bw="64">
<![CDATA[
:1  %newBundle_root = extractvalue { i32, i32 } %Insert_ret, 0

]]></Node>
<StgValue><ssdm name="newBundle_root"/></StgValue>
</operation>

<operation id="16" st_id="4" stage="1" lat="1">
<core>NULL</core>
<MemPortIdVec></MemPortIdVec>
<condition id="-1">
<or_exp><and_exp><literal name="icmp_ln6" val="1"/>
</and_exp></or_exp>
</condition>

<Node id="16" bw="0" op_0_bw="0">
<![CDATA[
:2  br label %._crit_edge

]]></Node>
<StgValue><ssdm name="br_ln9"/></StgValue>
</operation>

<operation id="17" st_id="4" stage="1" lat="1">
<core>NULL</core>
<MemPortIdVec></MemPortIdVec>
<condition id="-1">
<or_exp><and_exp></and_exp></or_exp>
</condition>

<Node id="18" bw="32" op_0_bw="32" op_1_bw="0" op_2_bw="32" op_3_bw="0">
<![CDATA[
._crit_edge:0  %p_0 = phi i32 [ %newBundle_root, %1 ], [ %rootPtr_read, %0 ]

]]></Node>
<StgValue><ssdm name="p_0"/></StgValue>
</operation>

<operation id="18" st_id="4" stage="1" lat="1">
<core>NULL</core>
<MemPortIdVec></MemPortIdVec>
<condition id="-1">
<or_exp><and_exp></and_exp></or_exp>
</condition>

<Node id="19" bw="0" op_0_bw="32">
<![CDATA[
._crit_edge:1  ret i32 %p_0

]]></Node>
<StgValue><ssdm name="ret_ln10"/></StgValue>
</operation>
</state>
</state_list>


<ports>
</ports>


<dataflows>
</dataflows>


</stg>
