<stg><name>Check_thenInsert</name>


<trans_list>

<trans id="19" from="1" to="2">
<condition id="-1">
<or_exp><and_exp></and_exp></or_exp>
</condition>
</trans>

<trans id="20" from="2" to="3">
<condition id="-1">
<or_exp><and_exp><literal name="icmp_ln6" val="1"/>
</and_exp></or_exp>
</condition>
</trans>

<trans id="21" from="2" to="4">
<condition id="-1">
<or_exp><and_exp><literal name="icmp_ln6" val="0"/>
</and_exp></or_exp>
</condition>
</trans>

<trans id="22" from="3" to="4">
<condition id="-1">
<or_exp><and_exp></and_exp></or_exp>
</condition>
</trans>
</trans_list>



<state_list>

<state id="1" st_id="1">

<operation id="5" st_id="1" stage="1" lat="1">
<core>NULL</core>
<MemPortIdVec></MemPortIdVec>
<condition id="-1">
<or_exp><and_exp></and_exp></or_exp>
</condition>

<Node id="8" bw="32" op_0_bw="32" op_1_bw="32">
<![CDATA[
:2  %key_read = call i32 @_ssdm_op_Read.ap_auto.i32(i32 %key)

]]></Node>
<StgValue><ssdm name="key_read"/></StgValue>
</operation>

<operation id="6" st_id="1" stage="1" lat="1">
<core>NULL</core>
<MemPortIdVec></MemPortIdVec>
<condition id="-1">
<or_exp><and_exp></and_exp></or_exp>
</condition>

<Node id="9" bw="32" op_0_bw="32" op_1_bw="32">
<![CDATA[
:3  %rootPtr_read = call i32 @_ssdm_op_Read.ap_auto.i32(i32 %rootPtr)

]]></Node>
<StgValue><ssdm name="rootPtr_read"/></StgValue>
</operation>

<operation id="7" st_id="1" stage="2" lat="2">
<core></core>
<MemPortIdVec></MemPortIdVec>
<condition id="-1">
<or_exp><and_exp></and_exp></or_exp>
</condition>

<Node id="10" bw="2" op_0_bw="2" op_1_bw="32" op_2_bw="32" op_3_bw="32">
<![CDATA[
:4  %serResult_flag_faile = call fastcc i2 @Search(i32* %myHeap, i32 %rootPtr_read, i32 %key_read)

]]></Node>
<StgValue><ssdm name="serResult_flag_faile"/></StgValue>
</operation>
</state>

<state id="2" st_id="2">

<operation id="8" st_id="2" stage="1" lat="1">
<core>NULL</core>
<MemPortIdVec></MemPortIdVec>
<condition id="-1">
<or_exp><and_exp></and_exp></or_exp>
</condition>

<Node id="6" bw="0" op_0_bw="0" op_1_bw="32" op_2_bw="0" op_3_bw="32" op_4_bw="32" op_5_bw="0" op_6_bw="32" op_7_bw="32" op_8_bw="0" op_9_bw="0" op_10_bw="0" op_11_bw="32" op_12_bw="32" op_13_bw="32" op_14_bw="32" op_15_bw="0" op_16_bw="0">
<![CDATA[
:0  call void (...)* @_ssdm_op_SpecInterface(i32* %myHeap, [6 x i8]* @p_str3, i32 0, i32 0, [1 x i8]* @p_str1, i32 0, i32 1, [1 x i8]* @p_str1, [4 x i8]* @p_str4, [1 x i8]* @p_str1, i32 16, i32 16, i32 16, i32 16, [1 x i8]* @p_str1, [1 x i8]* @p_str1) nounwind

]]></Node>
<StgValue><ssdm name="specinterface_ln0"/></StgValue>
</operation>

<operation id="9" st_id="2" stage="1" lat="1">
<core>NULL</core>
<MemPortIdVec></MemPortIdVec>
<condition id="-1">
<or_exp><and_exp></and_exp></or_exp>
</condition>

<Node id="7" bw="0" op_0_bw="0" op_1_bw="32" op_2_bw="0" op_3_bw="32" op_4_bw="32" op_5_bw="0" op_6_bw="32" op_7_bw="32" op_8_bw="0" op_9_bw="0" op_10_bw="0" op_11_bw="32" op_12_bw="32" op_13_bw="32" op_14_bw="32" op_15_bw="0" op_16_bw="0">
<![CDATA[
:1  call void (...)* @_ssdm_op_SpecInterface(i32* %Master2SysAlloc, [6 x i8]* @p_str3, i32 0, i32 0, [1 x i8]* @p_str1, i32 0, i32 1, [1 x i8]* @p_str1, [4 x i8]* @p_str4, [1 x i8]* @p_str1, i32 16, i32 16, i32 16, i32 16, [1 x i8]* @p_str1, [1 x i8]* @p_str1) nounwind

]]></Node>
<StgValue><ssdm name="specinterface_ln0"/></StgValue>
</operation>

<operation id="10" st_id="2" stage="1" lat="2">
<core></core>
<MemPortIdVec></MemPortIdVec>
<condition id="-1">
<or_exp><and_exp></and_exp></or_exp>
</condition>

<Node id="10" bw="2" op_0_bw="2" op_1_bw="32" op_2_bw="32" op_3_bw="32">
<![CDATA[
:4  %serResult_flag_faile = call fastcc i2 @Search(i32* %myHeap, i32 %rootPtr_read, i32 %key_read)

]]></Node>
<StgValue><ssdm name="serResult_flag_faile"/></StgValue>
</operation>

<operation id="11" st_id="2" stage="1" lat="1">
<core>Cmp</core>
<MemPortIdVec></MemPortIdVec>
<condition id="-1">
<or_exp><and_exp></and_exp></or_exp>
</condition>

<Node id="11" bw="1" op_0_bw="2" op_1_bw="2">
<![CDATA[
:5  %icmp_ln6 = icmp eq i2 %serResult_flag_faile, 1

]]></Node>
<StgValue><ssdm name="icmp_ln6"/></StgValue>
</operation>

<operation id="12" st_id="2" stage="1" lat="1">
<core>NULL</core>
<MemPortIdVec></MemPortIdVec>
<condition id="-1">
<or_exp><and_exp></and_exp></or_exp>
</condition>

<Node id="12" bw="0" op_0_bw="1" op_1_bw="0" op_2_bw="0">
<![CDATA[
:6  br i1 %icmp_ln6, label %1, label %._crit_edge

]]></Node>
<StgValue><ssdm name="br_ln6"/></StgValue>
</operation>
</state>

<state id="3" st_id="3">

<operation id="13" st_id="3" stage="2" lat="2">
<core></core>
<MemPortIdVec></MemPortIdVec>
<condition id="-1">
<or_exp><and_exp></and_exp></or_exp>
</condition>

<Node id="14" bw="64" op_0_bw="64" op_1_bw="32" op_2_bw="32" op_3_bw="32" op_4_bw="32" op_5_bw="32" op_6_bw="32" op_7_bw="32" op_8_bw="2" op_9_bw="2">
<![CDATA[
:0  %Insert_ret = call fastcc { i32, i32 } @Insert(i32 undef, i32 undef, i32* %myHeap, i32* %Master2SysAlloc, [40 x i32]* %fixedStack, i32 %rootPtr_read, i32 %key_read)

]]></Node>
<StgValue><ssdm name="Insert_ret"/></StgValue>
</operation>
</state>

<state id="4" st_id="4">

<operation id="14" st_id="4" stage="1" lat="2">
<core></core>
<MemPortIdVec></MemPortIdVec>
<condition id="-1">
<or_exp><and_exp><literal name="icmp_ln6" val="1"/>
</and_exp></or_exp>
</condition>

<Node id="14" bw="64" op_0_bw="64" op_1_bw="32" op_2_bw="32" op_3_bw="32" op_4_bw="32" op_5_bw="32" op_6_bw="32" op_7_bw="32" op_8_bw="2" op_9_bw="2">
<![CDATA[
:0  %Insert_ret = call fastcc { i32, i32 } @Insert(i32 undef, i32 undef, i32* %myHeap, i32* %Master2SysAlloc, [40 x i32]* %fixedStack, i32 %rootPtr_read, i32 %key_read)

]]></Node>
<StgValue><ssdm name="Insert_ret"/></StgValue>
</operation>

<operation id="15" st_id="4" stage="1" lat="1">
<core>NULL</core>
<MemPortIdVec></MemPortIdVec>
<condition id="-1">
<or_exp><and_exp><literal name="icmp_ln6" val="1"/>
</and_exp></or_exp>
</condition>

<Node id="15" bw="32" op_0_bw="64">
<![CDATA[
:1  %newBundle_root = extractvalue { i32, i32 } %Insert_ret, 0

]]></Node>
<StgValue><ssdm name="newBundle_root"/></StgValue>
</operation>

<operation id="16" st_id="4" stage="1" lat="1">
<core>NULL</core>
<MemPortIdVec></MemPortIdVec>
<condition id="-1">
<or_exp><and_exp><literal name="icmp_ln6" val="1"/>
</and_exp></or_exp>
</condition>

<Node id="16" bw="0" op_0_bw="0">
<![CDATA[
:2  br label %._crit_edge

]]></Node>
<StgValue><ssdm name="br_ln9"/></StgValue>
</operation>

<operation id="17" st_id="4" stage="1" lat="1">
<core>NULL</core>
<MemPortIdVec></MemPortIdVec>
<condition id="-1">
<or_exp><and_exp></and_exp></or_exp>
</condition>

<Node id="18" bw="32" op_0_bw="32" op_1_bw="0" op_2_bw="32" op_3_bw="0">
<![CDATA[
._crit_edge:0  %p_0 = phi i32 [ %newBundle_root, %1 ], [ %rootPtr_read, %0 ]

]]></Node>
<StgValue><ssdm name="p_0"/></StgValue>
</operation>

<operation id="18" st_id="4" stage="1" lat="1">
<core>NULL</core>
<MemPortIdVec></MemPortIdVec>
<condition id="-1">
<or_exp><and_exp></and_exp></or_exp>
</condition>

<Node id="19" bw="0" op_0_bw="32">
<![CDATA[
._crit_edge:1  ret i32 %p_0

]]></Node>
<StgValue><ssdm name="ret_ln10"/></StgValue>
</operation>
</state>
</state_list>


<ports>
<port id="23" name="myHeap" dir="2" iftype="4">
<core>NULL</core><StgValue><ssdm name="myHeap"/></StgValue>
</port>
<port id="24" name="Master2SysAlloc" dir="2" iftype="4">
<core>NULL</core><StgValue><ssdm name="Master2SysAlloc"/></StgValue>
</port>
<port id="25" name="fixedStack" dir="2" iftype="1">
<core>RAM</core><StgValue><ssdm name="fixedStack"/><MemPortTyVec>2 3 </MemPortTyVec>
</StgValue>
</port>
<port id="26" name="rootPtr" dir="0" iftype="0">
<core>NULL</core><StgValue><ssdm name="rootPtr"/></StgValue>
</port>
<port id="27" name="key" dir="0" iftype="0">
<core>NULL</core><StgValue><ssdm name="key"/></StgValue>
</port>
</ports>


<dataflows>
<dataflow id="29" from="_ssdm_op_Read.ap_auto.i32" to="key_read" fromId="28" toId="5">
</dataflow>
<dataflow id="30" from="key" to="key_read" fromId="27" toId="5">
</dataflow>
<dataflow id="31" from="_ssdm_op_Read.ap_auto.i32" to="rootPtr_read" fromId="28" toId="6">
</dataflow>
<dataflow id="32" from="rootPtr" to="rootPtr_read" fromId="26" toId="6">
</dataflow>
<dataflow id="34" from="Search" to="serResult_flag_faile" fromId="33" toId="7">
</dataflow>
<dataflow id="35" from="myHeap" to="serResult_flag_faile" fromId="23" toId="7">
</dataflow>
<dataflow id="36" from="rootPtr_read" to="serResult_flag_faile" fromId="6" toId="7">
</dataflow>
<dataflow id="37" from="key_read" to="serResult_flag_faile" fromId="5" toId="7">
</dataflow>
<dataflow id="39" from="_ssdm_op_SpecInterface" to="specinterface_ln0" fromId="38" toId="8">
</dataflow>
<dataflow id="40" from="myHeap" to="specinterface_ln0" fromId="23" toId="8">
</dataflow>
<dataflow id="42" from="p_str3" to="specinterface_ln0" fromId="41" toId="8">
</dataflow>
<dataflow id="44" from="StgValue_43" to="specinterface_ln0" fromId="43" toId="8">
</dataflow>
<dataflow id="45" from="StgValue_43" to="specinterface_ln0" fromId="43" toId="8">
</dataflow>
<dataflow id="47" from="p_str1" to="specinterface_ln0" fromId="46" toId="8">
</dataflow>
<dataflow id="48" from="StgValue_43" to="specinterface_ln0" fromId="43" toId="8">
</dataflow>
<dataflow id="50" from="StgValue_49" to="specinterface_ln0" fromId="49" toId="8">
</dataflow>
<dataflow id="51" from="p_str1" to="specinterface_ln0" fromId="46" toId="8">
</dataflow>
<dataflow id="53" from="p_str4" to="specinterface_ln0" fromId="52" toId="8">
</dataflow>
<dataflow id="54" from="p_str1" to="specinterface_ln0" fromId="46" toId="8">
</dataflow>
<dataflow id="56" from="StgValue_55" to="specinterface_ln0" fromId="55" toId="8">
</dataflow>
<dataflow id="57" from="StgValue_55" to="specinterface_ln0" fromId="55" toId="8">
</dataflow>
<dataflow id="58" from="StgValue_55" to="specinterface_ln0" fromId="55" toId="8">
</dataflow>
<dataflow id="59" from="StgValue_55" to="specinterface_ln0" fromId="55" toId="8">
</dataflow>
<dataflow id="60" from="p_str1" to="specinterface_ln0" fromId="46" toId="8">
</dataflow>
<dataflow id="61" from="p_str1" to="specinterface_ln0" fromId="46" toId="8">
</dataflow>
<dataflow id="62" from="_ssdm_op_SpecInterface" to="specinterface_ln0" fromId="38" toId="9">
</dataflow>
<dataflow id="63" from="Master2SysAlloc" to="specinterface_ln0" fromId="24" toId="9">
</dataflow>
<dataflow id="64" from="p_str3" to="specinterface_ln0" fromId="41" toId="9">
</dataflow>
<dataflow id="65" from="StgValue_43" to="specinterface_ln0" fromId="43" toId="9">
</dataflow>
<dataflow id="66" from="StgValue_43" to="specinterface_ln0" fromId="43" toId="9">
</dataflow>
<dataflow id="67" from="p_str1" to="specinterface_ln0" fromId="46" toId="9">
</dataflow>
<dataflow id="68" from="StgValue_43" to="specinterface_ln0" fromId="43" toId="9">
</dataflow>
<dataflow id="69" from="StgValue_49" to="specinterface_ln0" fromId="49" toId="9">
</dataflow>
<dataflow id="70" from="p_str1" to="specinterface_ln0" fromId="46" toId="9">
</dataflow>
<dataflow id="71" from="p_str4" to="specinterface_ln0" fromId="52" toId="9">
</dataflow>
<dataflow id="72" from="p_str1" to="specinterface_ln0" fromId="46" toId="9">
</dataflow>
<dataflow id="73" from="StgValue_55" to="specinterface_ln0" fromId="55" toId="9">
</dataflow>
<dataflow id="74" from="StgValue_55" to="specinterface_ln0" fromId="55" toId="9">
</dataflow>
<dataflow id="75" from="StgValue_55" to="specinterface_ln0" fromId="55" toId="9">
</dataflow>
<dataflow id="76" from="StgValue_55" to="specinterface_ln0" fromId="55" toId="9">
</dataflow>
<dataflow id="77" from="p_str1" to="specinterface_ln0" fromId="46" toId="9">
</dataflow>
<dataflow id="78" from="p_str1" to="specinterface_ln0" fromId="46" toId="9">
</dataflow>
<dataflow id="79" from="Search" to="serResult_flag_faile" fromId="33" toId="10">
</dataflow>
<dataflow id="80" from="myHeap" to="serResult_flag_faile" fromId="23" toId="10">
</dataflow>
<dataflow id="81" from="rootPtr_read" to="serResult_flag_faile" fromId="6" toId="10">
</dataflow>
<dataflow id="82" from="key_read" to="serResult_flag_faile" fromId="5" toId="10">
</dataflow>
<dataflow id="83" from="serResult_flag_faile" to="icmp_ln6" fromId="10" toId="11">
</dataflow>
<dataflow id="85" from="StgValue_84" to="icmp_ln6" fromId="84" toId="11">
</dataflow>
<dataflow id="86" from="icmp_ln6" to="br_ln6" fromId="11" toId="12">
</dataflow>
<dataflow id="88" from="Insert" to="Insert_ret" fromId="87" toId="13">
</dataflow>
<dataflow id="90" from="StgValue_89" to="Insert_ret" fromId="89" toId="13">
</dataflow>
<dataflow id="91" from="StgValue_89" to="Insert_ret" fromId="89" toId="13">
</dataflow>
<dataflow id="92" from="myHeap" to="Insert_ret" fromId="23" toId="13">
</dataflow>
<dataflow id="93" from="Master2SysAlloc" to="Insert_ret" fromId="24" toId="13">
</dataflow>
<dataflow id="94" from="fixedStack" to="Insert_ret" fromId="25" toId="13">
</dataflow>
<dataflow id="95" from="rootPtr_read" to="Insert_ret" fromId="6" toId="13">
</dataflow>
<dataflow id="96" from="key_read" to="Insert_ret" fromId="5" toId="13">
</dataflow>
<dataflow id="97" from="Insert" to="Insert_ret" fromId="87" toId="14">
</dataflow>
<dataflow id="98" from="StgValue_89" to="Insert_ret" fromId="89" toId="14">
</dataflow>
<dataflow id="99" from="StgValue_89" to="Insert_ret" fromId="89" toId="14">
</dataflow>
<dataflow id="100" from="myHeap" to="Insert_ret" fromId="23" toId="14">
</dataflow>
<dataflow id="101" from="Master2SysAlloc" to="Insert_ret" fromId="24" toId="14">
</dataflow>
<dataflow id="102" from="fixedStack" to="Insert_ret" fromId="25" toId="14">
</dataflow>
<dataflow id="103" from="rootPtr_read" to="Insert_ret" fromId="6" toId="14">
</dataflow>
<dataflow id="104" from="key_read" to="Insert_ret" fromId="5" toId="14">
</dataflow>
<dataflow id="105" from="Insert_ret" to="newBundle_root" fromId="14" toId="15">
</dataflow>
<dataflow id="106" from="newBundle_root" to="p_0" fromId="15" toId="17">
<condition id="-1">
<or_exp><and_exp><literal name="icmp_ln6" val="1"/>
</and_exp></or_exp>
</condition>
</dataflow>
<dataflow id="107" from="br_ln9" to="p_0" fromId="16" toId="17">
</dataflow>
<dataflow id="108" from="rootPtr_read" to="p_0" fromId="6" toId="17">
<condition id="-1">
<or_exp><and_exp><literal name="icmp_ln6" val="0"/>
</and_exp></or_exp>
</condition>
</dataflow>
<dataflow id="109" from="br_ln6" to="p_0" fromId="12" toId="17">
</dataflow>
<dataflow id="110" from="p_0" to="ret_ln10" fromId="17" toId="18">
</dataflow>
<dataflow id="111" from="icmp_ln6" to="StgValue_4" fromId="11" toId="4">
</dataflow>
<dataflow id="112" from="icmp_ln6" to="StgValue_2" fromId="11" toId="2">
</dataflow>
</dataflows>


</stg>
