<stg><name>DeleteSuccessor</name>


<trans_list>

<trans id="127" from="1" to="2">
<condition id="-1">
<or_exp><and_exp></and_exp></or_exp>
</condition>
</trans>

<trans id="128" from="2" to="3">
<condition id="-1">
<or_exp><and_exp><literal name="phi_ln376" val="1"/>
</and_exp></or_exp>
</condition>
</trans>

<trans id="130" from="3" to="8">
<condition id="-1">
<or_exp><and_exp><literal name="icmp_ln378" val="1"/>
</and_exp></or_exp>
</condition>
</trans>

<trans id="131" from="3" to="4">
<condition id="-1">
<or_exp><and_exp><literal name="icmp_ln378" val="0"/>
<literal name="icmp_ln412" val="0"/>
</and_exp></or_exp>
</condition>
</trans>

<trans id="132" from="3" to="6">
<condition id="-1">
<or_exp><and_exp><literal name="icmp_ln378" val="0"/>
<literal name="icmp_ln412" val="1"/>
</and_exp></or_exp>
</condition>
</trans>

<trans id="133" from="4" to="5">
<condition id="-1">
<or_exp><and_exp></and_exp></or_exp>
</condition>
</trans>

<trans id="134" from="5" to="17">
<condition id="-1">
<or_exp><and_exp></and_exp></or_exp>
</condition>
</trans>

<trans id="135" from="6" to="7">
<condition id="-1">
<or_exp><and_exp></and_exp></or_exp>
</condition>
</trans>

<trans id="136" from="7" to="17">
<condition id="-1">
<or_exp><and_exp></and_exp></or_exp>
</condition>
</trans>

<trans id="138" from="8" to="9">
<condition id="-1">
<or_exp><and_exp><literal name="icmp_ln384" val="0"/>
</and_exp></or_exp>
</condition>
</trans>

<trans id="155" from="8" to="17">
<condition id="-1">
<or_exp><and_exp><literal name="icmp_ln384" val="1"/>
</and_exp></or_exp>
</condition>
</trans>

<trans id="140" from="9" to="10">
<condition id="-1">
<or_exp><and_exp></and_exp></or_exp>
</condition>
</trans>

<trans id="143" from="10" to="11">
<condition id="-1">
<or_exp><and_exp></and_exp></or_exp>
</condition>
</trans>

<trans id="144" from="11" to="12">
<condition id="-1">
<or_exp><and_exp><literal name="icmp_ln395" val="1"/>
</and_exp></or_exp>
</condition>
</trans>

<trans id="145" from="11" to="16">
<condition id="-1">
<or_exp><and_exp><literal name="icmp_ln395" val="0"/>
</and_exp></or_exp>
</condition>
</trans>

<trans id="147" from="12" to="14">
<condition id="-1">
<or_exp><and_exp><literal name="icmp_ln400" val="1"/>
</and_exp></or_exp>
</condition>
</trans>

<trans id="148" from="12" to="13">
<condition id="-1">
<or_exp><and_exp><literal name="icmp_ln400" val="0"/>
<literal name="tmp_19" val="0"/>
</and_exp></or_exp>
</condition>
</trans>

<trans id="149" from="12" to="15">
<condition id="-1">
<or_exp><and_exp><literal name="icmp_ln400" val="0"/>
<literal name="tmp_19" val="1"/>
</and_exp></or_exp>
</condition>
</trans>

<trans id="150" from="13" to="14">
<condition id="-1">
<or_exp><and_exp></and_exp></or_exp>
</condition>
</trans>

<trans id="152" from="14" to="11">
<condition id="-1">
<or_exp><and_exp></and_exp></or_exp>
</condition>
</trans>

<trans id="151" from="15" to="14">
<condition id="-1">
<or_exp><and_exp></and_exp></or_exp>
</condition>
</trans>

<trans id="154" from="16" to="17">
<condition id="-1">
<or_exp><and_exp></and_exp></or_exp>
</condition>
</trans>

<trans id="156" from="17" to="2">
<condition id="-1">
<or_exp><and_exp></and_exp></or_exp>
</condition>
</trans>
</trans_list>



<state_list>

<state id="1" st_id="1">

<operation id="18" st_id="1" stage="1" lat="1">
<core>NULL</core>
<MemPortIdVec></MemPortIdVec>
<condition id="-1">
<or_exp><and_exp></and_exp></or_exp>
</condition>

<Node id="6" bw="32" op_0_bw="32">
<![CDATA[
:0  %pointer_assign = alloca i32

]]></Node>
<StgValue><ssdm name="pointer_assign"/></StgValue>
</operation>

<operation id="19" st_id="1" stage="1" lat="1">
<core>NULL</core>
<MemPortIdVec></MemPortIdVec>
<condition id="-1">
<or_exp><and_exp></and_exp></or_exp>
</condition>

<Node id="7" bw="2" op_0_bw="32">
<![CDATA[
:1  %flag_stackIsUsed_0 = alloca i2

]]></Node>
<StgValue><ssdm name="flag_stackIsUsed_0"/></StgValue>
</operation>

<operation id="20" st_id="1" stage="1" lat="1">
<core>NULL</core>
<MemPortIdVec></MemPortIdVec>
<condition id="-1">
<or_exp><and_exp></and_exp></or_exp>
</condition>

<Node id="8" bw="32" op_0_bw="32">
<![CDATA[
:2  %hdStack_assign = alloca i32

]]></Node>
<StgValue><ssdm name="hdStack_assign"/></StgValue>
</operation>

<operation id="21" st_id="1" stage="1" lat="1">
<core>NULL</core>
<MemPortIdVec></MemPortIdVec>
<condition id="-1">
<or_exp><and_exp></and_exp></or_exp>
</condition>

<Node id="9" bw="32" op_0_bw="32">
<![CDATA[
:3  %p_01 = alloca i32

]]></Node>
<StgValue><ssdm name="p_01"/></StgValue>
</operation>

<operation id="22" st_id="1" stage="1" lat="1">
<core>NULL</core>
<MemPortIdVec></MemPortIdVec>
<condition id="-1">
<or_exp><and_exp></and_exp></or_exp>
</condition>

<Node id="10" bw="0" op_0_bw="0" op_1_bw="32" op_2_bw="0" op_3_bw="32" op_4_bw="32" op_5_bw="0" op_6_bw="32" op_7_bw="32" op_8_bw="0" op_9_bw="0" op_10_bw="0" op_11_bw="32" op_12_bw="32" op_13_bw="32" op_14_bw="32" op_15_bw="0" op_16_bw="0">
<![CDATA[
:4  call void (...)* @_ssdm_op_SpecInterface(i32* %myHeap, [6 x i8]* @p_str3, i32 0, i32 0, [1 x i8]* @p_str1, i32 0, i32 1, [1 x i8]* @p_str1, [4 x i8]* @p_str4, [1 x i8]* @p_str1, i32 16, i32 16, i32 16, i32 16, [1 x i8]* @p_str1, [1 x i8]* @p_str1) nounwind

]]></Node>
<StgValue><ssdm name="specinterface_ln0"/></StgValue>
</operation>

<operation id="23" st_id="1" stage="1" lat="1">
<core>NULL</core>
<MemPortIdVec></MemPortIdVec>
<condition id="-1">
<or_exp><and_exp></and_exp></or_exp>
</condition>

<Node id="11" bw="0" op_0_bw="0" op_1_bw="32" op_2_bw="0" op_3_bw="32" op_4_bw="32" op_5_bw="0" op_6_bw="32" op_7_bw="32" op_8_bw="0" op_9_bw="0" op_10_bw="0" op_11_bw="32" op_12_bw="32" op_13_bw="32" op_14_bw="32" op_15_bw="0" op_16_bw="0">
<![CDATA[
:5  call void (...)* @_ssdm_op_SpecInterface(i32* %Master2SysAlloc, [6 x i8]* @p_str3, i32 0, i32 0, [1 x i8]* @p_str1, i32 0, i32 1, [1 x i8]* @p_str1, [4 x i8]* @p_str4, [1 x i8]* @p_str1, i32 16, i32 16, i32 16, i32 16, [1 x i8]* @p_str1, [1 x i8]* @p_str1) nounwind

]]></Node>
<StgValue><ssdm name="specinterface_ln0"/></StgValue>
</operation>

<operation id="24" st_id="1" stage="1" lat="1">
<core>NULL</core>
<MemPortIdVec></MemPortIdVec>
<condition id="-1">
<or_exp><and_exp></and_exp></or_exp>
</condition>

<Node id="12" bw="32" op_0_bw="32" op_1_bw="32">
<![CDATA[
:6  %key_read = call i32 @_ssdm_op_Read.ap_auto.i32(i32 %key)

]]></Node>
<StgValue><ssdm name="key_read"/></StgValue>
</operation>

<operation id="25" st_id="1" stage="1" lat="1">
<core>NULL</core>
<MemPortIdVec></MemPortIdVec>
<condition id="-1">
<or_exp><and_exp></and_exp></or_exp>
</condition>

<Node id="13" bw="32" op_0_bw="32" op_1_bw="32">
<![CDATA[
:7  %rootPtr_read = call i32 @_ssdm_op_Read.ap_auto.i32(i32 %rootPtr)

]]></Node>
<StgValue><ssdm name="rootPtr_read"/></StgValue>
</operation>

<operation id="26" st_id="1" stage="1" lat="1">
<core>NULL</core>
<MemPortIdVec></MemPortIdVec>
<condition id="-1">
<or_exp><and_exp></and_exp></or_exp>
</condition>

<Node id="14" bw="0" op_0_bw="32" op_1_bw="32">
<![CDATA[
:8  store i32 %rootPtr_read, i32* %p_01

]]></Node>
<StgValue><ssdm name="store_ln376"/></StgValue>
</operation>

<operation id="27" st_id="1" stage="1" lat="1">
<core>NULL</core>
<MemPortIdVec></MemPortIdVec>
<condition id="-1">
<or_exp><and_exp></and_exp></or_exp>
</condition>

<Node id="15" bw="0" op_0_bw="32" op_1_bw="32">
<![CDATA[
:9  store i32 0, i32* %hdStack_assign

]]></Node>
<StgValue><ssdm name="store_ln376"/></StgValue>
</operation>

<operation id="28" st_id="1" stage="1" lat="1">
<core>NULL</core>
<MemPortIdVec></MemPortIdVec>
<condition id="-1">
<or_exp><and_exp></and_exp></or_exp>
</condition>

<Node id="16" bw="0" op_0_bw="2" op_1_bw="2">
<![CDATA[
:10  store i2 0, i2* %flag_stackIsUsed_0

]]></Node>
<StgValue><ssdm name="store_ln376"/></StgValue>
</operation>

<operation id="29" st_id="1" stage="1" lat="1">
<core>NULL</core>
<MemPortIdVec></MemPortIdVec>
<condition id="-1">
<or_exp><and_exp></and_exp></or_exp>
</condition>

<Node id="17" bw="0" op_0_bw="32" op_1_bw="32">
<![CDATA[
:11  store i32 %rootPtr_read, i32* %pointer_assign

]]></Node>
<StgValue><ssdm name="store_ln376"/></StgValue>
</operation>

<operation id="30" st_id="1" stage="1" lat="1">
<core>NULL</core>
<MemPortIdVec></MemPortIdVec>
<condition id="-1">
<or_exp><and_exp></and_exp></or_exp>
</condition>

<Node id="18" bw="0" op_0_bw="0">
<![CDATA[
:12  br label %.backedge

]]></Node>
<StgValue><ssdm name="br_ln376"/></StgValue>
</operation>
</state>

<state id="2" st_id="2">

<operation id="31" st_id="2" stage="1" lat="1">
<core>NULL</core>
<MemPortIdVec></MemPortIdVec>
<condition id="-1">
<or_exp><and_exp></and_exp></or_exp>
</condition>

<Node id="20" bw="1" op_0_bw="1" op_1_bw="0" op_2_bw="1" op_3_bw="0">
<![CDATA[
.backedge:0  %phi_ln376 = phi i1 [ true, %0 ], [ %phi_ln376_be, %.backedge.backedge ]

]]></Node>
<StgValue><ssdm name="phi_ln376"/></StgValue>
</operation>

<operation id="32" st_id="2" stage="1" lat="1">
<core>NULL</core>
<MemPortIdVec></MemPortIdVec>
<condition id="-1">
<or_exp><and_exp></and_exp></or_exp>
</condition>

<Node id="21" bw="32" op_0_bw="32" op_1_bw="0">
<![CDATA[
.backedge:1  %hdStack_assign_load = load i32* %hdStack_assign

]]></Node>
<StgValue><ssdm name="hdStack_assign_load"/></StgValue>
</operation>

<operation id="33" st_id="2" stage="1" lat="1">
<core>NULL</core>
<MemPortIdVec></MemPortIdVec>
<condition id="-1">
<or_exp><and_exp></and_exp></or_exp>
</condition>

<Node id="22" bw="0" op_0_bw="1" op_1_bw="0" op_2_bw="0">
<![CDATA[
.backedge:2  br i1 %phi_ln376, label %1, label %17

]]></Node>
<StgValue><ssdm name="br_ln376"/></StgValue>
</operation>

<operation id="34" st_id="2" stage="1" lat="1">
<core>NULL</core>
<MemPortIdVec></MemPortIdVec>
<condition id="-1">
<or_exp><and_exp><literal name="phi_ln376" val="1"/>
</and_exp></or_exp>
</condition>

<Node id="24" bw="32" op_0_bw="32" op_1_bw="0">
<![CDATA[
:0  %pointer_assign_load = load i32* %pointer_assign

]]></Node>
<StgValue><ssdm name="pointer_assign_load"/></StgValue>
</operation>

<operation id="35" st_id="2" stage="2" lat="2">
<core></core>
<MemPortIdVec></MemPortIdVec>
<condition id="-1">
<or_exp><and_exp><literal name="phi_ln376" val="1"/>
</and_exp></or_exp>
</condition>

<Node id="25" bw="2" op_0_bw="2" op_1_bw="32" op_2_bw="32" op_3_bw="32">
<![CDATA[
:1  %subResult_feedback = call fastcc i2 @DeleteSuccessorSub(i32* %myHeap, i32 %pointer_assign_load, i32 %key_read)

]]></Node>
<StgValue><ssdm name="subResult_feedback"/></StgValue>
</operation>

<operation id="36" st_id="2" stage="1" lat="1">
<core>NULL</core>
<MemPortIdVec></MemPortIdVec>
<condition id="-1">
<or_exp><and_exp><literal name="phi_ln376" val="0"/>
</and_exp></or_exp>
</condition>

<Node id="122" bw="32" op_0_bw="32" op_1_bw="0">
<![CDATA[
:0  %p_01_load = load i32* %p_01

]]></Node>
<StgValue><ssdm name="p_01_load"/></StgValue>
</operation>

<operation id="37" st_id="2" stage="1" lat="1">
<core>NULL</core>
<MemPortIdVec></MemPortIdVec>
<condition id="-1">
<or_exp><and_exp><literal name="phi_ln376" val="0"/>
</and_exp></or_exp>
</condition>

<Node id="123" bw="0" op_0_bw="32">
<![CDATA[
:1  ret i32 %p_01_load

]]></Node>
<StgValue><ssdm name="ret_ln423"/></StgValue>
</operation>
</state>

<state id="3" st_id="3">

<operation id="38" st_id="3" stage="1" lat="2">
<core></core>
<MemPortIdVec></MemPortIdVec>
<condition id="-1">
<or_exp><and_exp></and_exp></or_exp>
</condition>

<Node id="25" bw="2" op_0_bw="2" op_1_bw="32" op_2_bw="32" op_3_bw="32">
<![CDATA[
:1  %subResult_feedback = call fastcc i2 @DeleteSuccessorSub(i32* %myHeap, i32 %pointer_assign_load, i32 %key_read)

]]></Node>
<StgValue><ssdm name="subResult_feedback"/></StgValue>
</operation>

<operation id="39" st_id="3" stage="1" lat="1">
<core>Cmp</core>
<MemPortIdVec></MemPortIdVec>
<condition id="-1">
<or_exp><and_exp></and_exp></or_exp>
</condition>

<Node id="26" bw="1" op_0_bw="2" op_1_bw="2">
<![CDATA[
:2  %icmp_ln378 = icmp eq i2 %subResult_feedback, 1

]]></Node>
<StgValue><ssdm name="icmp_ln378"/></StgValue>
</operation>

<operation id="40" st_id="3" stage="1" lat="1">
<core>NULL</core>
<MemPortIdVec></MemPortIdVec>
<condition id="-1">
<or_exp><and_exp></and_exp></or_exp>
</condition>

<Node id="27" bw="0" op_0_bw="1" op_1_bw="0" op_2_bw="0">
<![CDATA[
:3  br i1 %icmp_ln378, label %2, label %14

]]></Node>
<StgValue><ssdm name="br_ln378"/></StgValue>
</operation>

<operation id="41" st_id="3" stage="1" lat="1">
<core>Cmp</core>
<MemPortIdVec></MemPortIdVec>
<condition id="-1">
<or_exp><and_exp><literal name="icmp_ln378" val="0"/>
</and_exp></or_exp>
</condition>

<Node id="29" bw="1" op_0_bw="2" op_1_bw="2">
<![CDATA[
:0  %icmp_ln412 = icmp eq i2 %subResult_feedback, -2

]]></Node>
<StgValue><ssdm name="icmp_ln412"/></StgValue>
</operation>

<operation id="42" st_id="3" stage="1" lat="1">
<core>NULL</core>
<MemPortIdVec></MemPortIdVec>
<condition id="-1">
<or_exp><and_exp><literal name="icmp_ln378" val="0"/>
</and_exp></or_exp>
</condition>

<Node id="30" bw="0" op_0_bw="2" op_1_bw="2" op_2_bw="0">
<![CDATA[
:1  store i2 1, i2* %flag_stackIsUsed_0

]]></Node>
<StgValue><ssdm name="store_ln412"/></StgValue>
</operation>

<operation id="43" st_id="3" stage="1" lat="1">
<core>NULL</core>
<MemPortIdVec></MemPortIdVec>
<condition id="-1">
<or_exp><and_exp><literal name="icmp_ln378" val="0"/>
</and_exp></or_exp>
</condition>

<Node id="31" bw="32" op_0_bw="32" op_1_bw="0">
<![CDATA[
:2  %pointer_assign_load_2 = load i32* %pointer_assign

]]></Node>
<StgValue><ssdm name="pointer_assign_load_2"/></StgValue>
</operation>

<operation id="44" st_id="3" stage="1" lat="1">
<core>NULL</core>
<MemPortIdVec></MemPortIdVec>
<condition id="-1">
<or_exp><and_exp><literal name="icmp_ln378" val="0"/>
</and_exp></or_exp>
</condition>

<Node id="32" bw="0" op_0_bw="1" op_1_bw="0" op_2_bw="0">
<![CDATA[
:3  br i1 %icmp_ln412, label %15, label %16

]]></Node>
<StgValue><ssdm name="br_ln412"/></StgValue>
</operation>

<operation id="45" st_id="3" stage="2" lat="2">
<core></core>
<MemPortIdVec></MemPortIdVec>
<condition id="-1">
<or_exp><and_exp><literal name="icmp_ln378" val="1"/>
</and_exp></or_exp>
</condition>

<Node id="54" bw="0" op_0_bw="0" op_1_bw="32" op_2_bw="32">
<![CDATA[
:1  call fastcc void @node_delete(i32* %Master2SysAlloc, i32 %pointer_assign_load)

]]></Node>
<StgValue><ssdm name="call_ln381"/></StgValue>
</operation>
</state>

<state id="4" st_id="4">

<operation id="46" st_id="4" stage="1" lat="1">
<core>NULL</core>
<MemPortIdVec></MemPortIdVec>
<condition id="-1">
<or_exp><and_exp></and_exp></or_exp>
</condition>

<Node id="34" bw="32" op_0_bw="32" op_1_bw="32">
<![CDATA[
:0  %nodeData = or i32 %pointer_assign_load_2, -2147483648

]]></Node>
<StgValue><ssdm name="nodeData"/></StgValue>
</operation>

<operation id="47" st_id="4" stage="1" lat="1">
<core>AddSub</core>
<MemPortIdVec></MemPortIdVec>
<condition id="-1">
<or_exp><and_exp></and_exp></or_exp>
</condition>

<Node id="35" bw="32" op_0_bw="32" op_1_bw="32">
<![CDATA[
:1  %output_hdPtr_avl_7 = add nsw i32 %hdStack_assign_load, 1

]]></Node>
<StgValue><ssdm name="output_hdPtr_avl_7"/></StgValue>
</operation>

<operation id="48" st_id="4" stage="1" lat="1">
<core>NULL</core>
<MemPortIdVec></MemPortIdVec>
<condition id="-1">
<or_exp><and_exp></and_exp></or_exp>
</condition>

<Node id="36" bw="64" op_0_bw="32">
<![CDATA[
:2  %sext_ln51_4 = sext i32 %output_hdPtr_avl_7 to i64

]]></Node>
<StgValue><ssdm name="sext_ln51_4"/></StgValue>
</operation>

<operation id="49" st_id="4" stage="1" lat="1">
<core>NULL</core>
<MemPortIdVec></MemPortIdVec>
<condition id="-1">
<or_exp><and_exp></and_exp></or_exp>
</condition>

<Node id="37" bw="6" op_0_bw="32" op_1_bw="64" op_2_bw="64">
<![CDATA[
:3  %fixedStack_addr_10 = getelementptr [40 x i32]* %fixedStack, i64 0, i64 %sext_ln51_4

]]></Node>
<StgValue><ssdm name="fixedStack_addr_10"/></StgValue>
</operation>

<operation id="50" st_id="4" stage="1" lat="1">
<core>RAM</core>
<MemPortIdVec></MemPortIdVec>
<condition id="-1">
<or_exp><and_exp></and_exp></or_exp>
</condition>

<Node id="38" bw="0" op_0_bw="32" op_1_bw="6">
<![CDATA[
:4  store i32 %nodeData, i32* %fixedStack_addr_10, align 4

]]></Node>
<StgValue><ssdm name="store_ln51"/></StgValue>
</operation>

<operation id="51" st_id="4" stage="2" lat="2">
<core></core>
<MemPortIdVec></MemPortIdVec>
<condition id="-1">
<or_exp><and_exp></and_exp></or_exp>
</condition>

<Node id="39" bw="32" op_0_bw="32" op_1_bw="32" op_2_bw="32" op_3_bw="2" op_4_bw="2">
<![CDATA[
:5  %nowPtr_3 = call fastcc i32 @node_get_right_point(i32* %myHeap, i32 %pointer_assign_load_2)

]]></Node>
<StgValue><ssdm name="nowPtr_3"/></StgValue>
</operation>

<operation id="52" st_id="4" stage="1" lat="1">
<core>NULL</core>
<MemPortIdVec></MemPortIdVec>
<condition id="-1">
<or_exp><and_exp></and_exp></or_exp>
</condition>

<Node id="40" bw="0" op_0_bw="32" op_1_bw="32" op_2_bw="0" op_3_bw="32">
<![CDATA[
:6  store i32 %output_hdPtr_avl_7, i32* %hdStack_assign

]]></Node>
<StgValue><ssdm name="store_ln51"/></StgValue>
</operation>
</state>

<state id="5" st_id="5">

<operation id="53" st_id="5" stage="1" lat="2">
<core></core>
<MemPortIdVec></MemPortIdVec>
<condition id="-1">
<or_exp><and_exp></and_exp></or_exp>
</condition>

<Node id="39" bw="32" op_0_bw="32" op_1_bw="32" op_2_bw="32" op_3_bw="2" op_4_bw="2">
<![CDATA[
:5  %nowPtr_3 = call fastcc i32 @node_get_right_point(i32* %myHeap, i32 %pointer_assign_load_2)

]]></Node>
<StgValue><ssdm name="nowPtr_3"/></StgValue>
</operation>

<operation id="54" st_id="5" stage="1" lat="1">
<core>NULL</core>
<MemPortIdVec></MemPortIdVec>
<condition id="-1">
<or_exp><and_exp></and_exp></or_exp>
</condition>

<Node id="41" bw="0" op_0_bw="32" op_1_bw="32" op_2_bw="0" op_3_bw="32" op_4_bw="32">
<![CDATA[
:7  store i32 %nowPtr_3, i32* %pointer_assign

]]></Node>
<StgValue><ssdm name="store_ln419"/></StgValue>
</operation>

<operation id="55" st_id="5" stage="1" lat="1">
<core>NULL</core>
<MemPortIdVec></MemPortIdVec>
<condition id="-1">
<or_exp><and_exp></and_exp></or_exp>
</condition>

<Node id="42" bw="0" op_0_bw="0">
<![CDATA[
:8  br label %.backedge.backedge

]]></Node>
<StgValue><ssdm name="br_ln0"/></StgValue>
</operation>
</state>

<state id="6" st_id="6">

<operation id="56" st_id="6" stage="1" lat="1">
<core>AddSub</core>
<MemPortIdVec></MemPortIdVec>
<condition id="-1">
<or_exp><and_exp></and_exp></or_exp>
</condition>

<Node id="44" bw="32" op_0_bw="32" op_1_bw="32">
<![CDATA[
:0  %output_hdPtr_avl = add nsw i32 %hdStack_assign_load, 1

]]></Node>
<StgValue><ssdm name="output_hdPtr_avl"/></StgValue>
</operation>

<operation id="57" st_id="6" stage="1" lat="1">
<core>NULL</core>
<MemPortIdVec></MemPortIdVec>
<condition id="-1">
<or_exp><and_exp></and_exp></or_exp>
</condition>

<Node id="45" bw="64" op_0_bw="32">
<![CDATA[
:1  %sext_ln51 = sext i32 %output_hdPtr_avl to i64

]]></Node>
<StgValue><ssdm name="sext_ln51"/></StgValue>
</operation>

<operation id="58" st_id="6" stage="1" lat="1">
<core>NULL</core>
<MemPortIdVec></MemPortIdVec>
<condition id="-1">
<or_exp><and_exp></and_exp></or_exp>
</condition>

<Node id="46" bw="6" op_0_bw="32" op_1_bw="64" op_2_bw="64">
<![CDATA[
:2  %fixedStack_addr_9 = getelementptr [40 x i32]* %fixedStack, i64 0, i64 %sext_ln51

]]></Node>
<StgValue><ssdm name="fixedStack_addr_9"/></StgValue>
</operation>

<operation id="59" st_id="6" stage="1" lat="1">
<core>RAM</core>
<MemPortIdVec></MemPortIdVec>
<condition id="-1">
<or_exp><and_exp></and_exp></or_exp>
</condition>

<Node id="47" bw="0" op_0_bw="32" op_1_bw="6">
<![CDATA[
:3  store i32 %pointer_assign_load_2, i32* %fixedStack_addr_9, align 4

]]></Node>
<StgValue><ssdm name="store_ln51"/></StgValue>
</operation>

<operation id="60" st_id="6" stage="2" lat="2">
<core></core>
<MemPortIdVec></MemPortIdVec>
<condition id="-1">
<or_exp><and_exp></and_exp></or_exp>
</condition>

<Node id="48" bw="32" op_0_bw="32" op_1_bw="32" op_2_bw="32" op_3_bw="2" op_4_bw="2">
<![CDATA[
:4  %nowPtr = call fastcc i32 @node_get_left_pointe(i32* %myHeap, i32 %pointer_assign_load_2)

]]></Node>
<StgValue><ssdm name="nowPtr"/></StgValue>
</operation>

<operation id="61" st_id="6" stage="1" lat="1">
<core>NULL</core>
<MemPortIdVec></MemPortIdVec>
<condition id="-1">
<or_exp><and_exp></and_exp></or_exp>
</condition>

<Node id="49" bw="0" op_0_bw="32" op_1_bw="32" op_2_bw="0" op_3_bw="32">
<![CDATA[
:5  store i32 %output_hdPtr_avl, i32* %hdStack_assign

]]></Node>
<StgValue><ssdm name="store_ln416"/></StgValue>
</operation>
</state>

<state id="7" st_id="7">

<operation id="62" st_id="7" stage="1" lat="2">
<core></core>
<MemPortIdVec></MemPortIdVec>
<condition id="-1">
<or_exp><and_exp></and_exp></or_exp>
</condition>

<Node id="48" bw="32" op_0_bw="32" op_1_bw="32" op_2_bw="32" op_3_bw="2" op_4_bw="2">
<![CDATA[
:4  %nowPtr = call fastcc i32 @node_get_left_pointe(i32* %myHeap, i32 %pointer_assign_load_2)

]]></Node>
<StgValue><ssdm name="nowPtr"/></StgValue>
</operation>

<operation id="63" st_id="7" stage="1" lat="1">
<core>NULL</core>
<MemPortIdVec></MemPortIdVec>
<condition id="-1">
<or_exp><and_exp></and_exp></or_exp>
</condition>

<Node id="50" bw="0" op_0_bw="32" op_1_bw="32" op_2_bw="0" op_3_bw="32" op_4_bw="32">
<![CDATA[
:6  store i32 %nowPtr, i32* %pointer_assign

]]></Node>
<StgValue><ssdm name="store_ln416"/></StgValue>
</operation>

<operation id="64" st_id="7" stage="1" lat="1">
<core>NULL</core>
<MemPortIdVec></MemPortIdVec>
<condition id="-1">
<or_exp><and_exp></and_exp></or_exp>
</condition>

<Node id="51" bw="0" op_0_bw="0">
<![CDATA[
:7  br label %.backedge.backedge

]]></Node>
<StgValue><ssdm name="br_ln416"/></StgValue>
</operation>
</state>

<state id="8" st_id="8">

<operation id="65" st_id="8" stage="1" lat="1">
<core>NULL</core>
<MemPortIdVec></MemPortIdVec>
<condition id="-1">
<or_exp><and_exp></and_exp></or_exp>
</condition>

<Node id="53" bw="2" op_0_bw="2" op_1_bw="0">
<![CDATA[
:0  %flag_stackIsUsed_0_l = load i2* %flag_stackIsUsed_0

]]></Node>
<StgValue><ssdm name="flag_stackIsUsed_0_l"/></StgValue>
</operation>

<operation id="66" st_id="8" stage="1" lat="2">
<core></core>
<MemPortIdVec></MemPortIdVec>
<condition id="-1">
<or_exp><and_exp></and_exp></or_exp>
</condition>

<Node id="54" bw="0" op_0_bw="0" op_1_bw="32" op_2_bw="32">
<![CDATA[
:1  call fastcc void @node_delete(i32* %Master2SysAlloc, i32 %pointer_assign_load)

]]></Node>
<StgValue><ssdm name="call_ln381"/></StgValue>
</operation>

<operation id="67" st_id="8" stage="1" lat="1">
<core>Cmp</core>
<MemPortIdVec></MemPortIdVec>
<condition id="-1">
<or_exp><and_exp></and_exp></or_exp>
</condition>

<Node id="55" bw="1" op_0_bw="2" op_1_bw="2">
<![CDATA[
:2  %icmp_ln384 = icmp eq i2 %flag_stackIsUsed_0_l, 0

]]></Node>
<StgValue><ssdm name="icmp_ln384"/></StgValue>
</operation>

<operation id="68" st_id="8" stage="1" lat="1">
<core>NULL</core>
<MemPortIdVec></MemPortIdVec>
<condition id="-1">
<or_exp><and_exp></and_exp></or_exp>
</condition>

<Node id="56" bw="0" op_0_bw="1" op_1_bw="0" op_2_bw="0">
<![CDATA[
:3  br i1 %icmp_ln384, label %..backedge.backedge_crit_edge, label %3

]]></Node>
<StgValue><ssdm name="br_ln384"/></StgValue>
</operation>

<operation id="69" st_id="8" stage="1" lat="1">
<core>NULL</core>
<MemPortIdVec></MemPortIdVec>
<condition id="-1">
<or_exp><and_exp><literal name="icmp_ln384" val="0"/>
</and_exp></or_exp>
</condition>

<Node id="58" bw="64" op_0_bw="32">
<![CDATA[
:0  %sext_ln57 = sext i32 %hdStack_assign_load to i64

]]></Node>
<StgValue><ssdm name="sext_ln57"/></StgValue>
</operation>

<operation id="70" st_id="8" stage="1" lat="1">
<core>NULL</core>
<MemPortIdVec></MemPortIdVec>
<condition id="-1">
<or_exp><and_exp><literal name="icmp_ln384" val="0"/>
</and_exp></or_exp>
</condition>

<Node id="59" bw="6" op_0_bw="32" op_1_bw="64" op_2_bw="64">
<![CDATA[
:1  %fixedStack_addr = getelementptr [40 x i32]* %fixedStack, i64 0, i64 %sext_ln57

]]></Node>
<StgValue><ssdm name="fixedStack_addr"/></StgValue>
</operation>

<operation id="71" st_id="8" stage="2" lat="2">
<core>RAM</core>
<MemPortIdVec></MemPortIdVec>
<condition id="-1">
<or_exp><and_exp><literal name="icmp_ln384" val="0"/>
</and_exp></or_exp>
</condition>

<Node id="60" bw="32" op_0_bw="6">
<![CDATA[
:2  %stackOut = load i32* %fixedStack_addr, align 4

]]></Node>
<StgValue><ssdm name="stackOut"/></StgValue>
</operation>

<operation id="72" st_id="8" stage="1" lat="1">
<core>NULL</core>
<MemPortIdVec></MemPortIdVec>
<condition id="-1">
<or_exp><and_exp><literal name="icmp_ln384" val="1"/>
</and_exp></or_exp>
</condition>

<Node id="115" bw="0" op_0_bw="32" op_1_bw="32" op_2_bw="0">
<![CDATA[
..backedge.backedge_crit_edge:0  store i32 0, i32* %p_01

]]></Node>
<StgValue><ssdm name="store_ln384"/></StgValue>
</operation>

<operation id="73" st_id="8" stage="1" lat="1">
<core>NULL</core>
<MemPortIdVec></MemPortIdVec>
<condition id="-1">
<or_exp><and_exp><literal name="icmp_ln384" val="1"/>
</and_exp></or_exp>
</condition>

<Node id="116" bw="0" op_0_bw="32" op_1_bw="32" op_2_bw="0" op_3_bw="32">
<![CDATA[
..backedge.backedge_crit_edge:1  store i32 0, i32* %pointer_assign

]]></Node>
<StgValue><ssdm name="store_ln384"/></StgValue>
</operation>

<operation id="74" st_id="8" stage="1" lat="1">
<core>NULL</core>
<MemPortIdVec></MemPortIdVec>
<condition id="-1">
<or_exp><and_exp><literal name="icmp_ln384" val="1"/>
</and_exp></or_exp>
</condition>

<Node id="117" bw="0" op_0_bw="0">
<![CDATA[
..backedge.backedge_crit_edge:2  br label %.backedge.backedge

]]></Node>
<StgValue><ssdm name="br_ln384"/></StgValue>
</operation>
</state>

<state id="9" st_id="9">

<operation id="75" st_id="9" stage="1" lat="2">
<core>RAM</core>
<MemPortIdVec></MemPortIdVec>
<condition id="-1">
<or_exp><and_exp></and_exp></or_exp>
</condition>

<Node id="60" bw="32" op_0_bw="6">
<![CDATA[
:2  %stackOut = load i32* %fixedStack_addr, align 4

]]></Node>
<StgValue><ssdm name="stackOut"/></StgValue>
</operation>

<operation id="76" st_id="9" stage="1" lat="1">
<core>NULL</core>
<MemPortIdVec></MemPortIdVec>
<condition id="-1">
<or_exp><and_exp></and_exp></or_exp>
</condition>

<Node id="61" bw="29" op_0_bw="32">
<![CDATA[
:3  %output_pointer = trunc i32 %stackOut to i29

]]></Node>
<StgValue><ssdm name="output_pointer"/></StgValue>
</operation>

<operation id="77" st_id="9" stage="1" lat="1">
<core>NULL</core>
<MemPortIdVec></MemPortIdVec>
<condition id="-1">
<or_exp><and_exp></and_exp></or_exp>
</condition>

<Node id="62" bw="32" op_0_bw="29">
<![CDATA[
:4  %zext_ln63 = zext i29 %output_pointer to i32

]]></Node>
<StgValue><ssdm name="zext_ln63"/></StgValue>
</operation>

<operation id="78" st_id="9" stage="1" lat="1">
<core>NULL</core>
<MemPortIdVec></MemPortIdVec>
<condition id="-1">
<or_exp><and_exp></and_exp></or_exp>
</condition>

<Node id="63" bw="1" op_0_bw="1" op_1_bw="32" op_2_bw="32">
<![CDATA[
:5  %tmp = call i1 @_ssdm_op_BitSelect.i1.i32.i32(i32 %stackOut, i32 31)

]]></Node>
<StgValue><ssdm name="tmp"/></StgValue>
</operation>

<operation id="79" st_id="9" stage="1" lat="1">
<core>NULL</core>
<MemPortIdVec></MemPortIdVec>
<condition id="-1">
<or_exp><and_exp></and_exp></or_exp>
</condition>

<Node id="64" bw="0" op_0_bw="1" op_1_bw="0" op_2_bw="0">
<![CDATA[
:6  br i1 %tmp, label %5, label %4

]]></Node>
<StgValue><ssdm name="br_ln390"/></StgValue>
</operation>

<operation id="80" st_id="9" stage="2" lat="2">
<core></core>
<MemPortIdVec></MemPortIdVec>
<condition id="-1">
<or_exp><and_exp><literal name="tmp" val="0"/>
</and_exp></or_exp>
</condition>

<Node id="66" bw="0" op_0_bw="0" op_1_bw="32" op_2_bw="32" op_3_bw="32" op_4_bw="2" op_5_bw="2">
<![CDATA[
:0  call fastcc void @node_set_left(i32* %myHeap, i32 %zext_ln63, i32 0)

]]></Node>
<StgValue><ssdm name="call_ln391"/></StgValue>
</operation>

<operation id="81" st_id="9" stage="2" lat="2">
<core></core>
<MemPortIdVec></MemPortIdVec>
<condition id="-1">
<or_exp><and_exp><literal name="tmp" val="1"/>
</and_exp></or_exp>
</condition>

<Node id="69" bw="0" op_0_bw="0" op_1_bw="32" op_2_bw="32" op_3_bw="32" op_4_bw="2" op_5_bw="2">
<![CDATA[
:0  call fastcc void @node_set_right(i32* %myHeap, i32 %zext_ln63, i32 0)

]]></Node>
<StgValue><ssdm name="call_ln393"/></StgValue>
</operation>
</state>

<state id="10" st_id="10">

<operation id="82" st_id="10" stage="1" lat="2">
<core></core>
<MemPortIdVec></MemPortIdVec>
<condition id="-1">
<or_exp><and_exp><literal name="tmp" val="0"/>
</and_exp></or_exp>
</condition>

<Node id="66" bw="0" op_0_bw="0" op_1_bw="32" op_2_bw="32" op_3_bw="32" op_4_bw="2" op_5_bw="2">
<![CDATA[
:0  call fastcc void @node_set_left(i32* %myHeap, i32 %zext_ln63, i32 0)

]]></Node>
<StgValue><ssdm name="call_ln391"/></StgValue>
</operation>

<operation id="83" st_id="10" stage="1" lat="1">
<core>NULL</core>
<MemPortIdVec></MemPortIdVec>
<condition id="-1">
<or_exp><and_exp><literal name="tmp" val="0"/>
</and_exp></or_exp>
</condition>

<Node id="67" bw="0" op_0_bw="0">
<![CDATA[
:1  br label %6

]]></Node>
<StgValue><ssdm name="br_ln392"/></StgValue>
</operation>

<operation id="84" st_id="10" stage="1" lat="2">
<core></core>
<MemPortIdVec></MemPortIdVec>
<condition id="-1">
<or_exp><and_exp><literal name="tmp" val="1"/>
</and_exp></or_exp>
</condition>

<Node id="69" bw="0" op_0_bw="0" op_1_bw="32" op_2_bw="32" op_3_bw="32" op_4_bw="2" op_5_bw="2">
<![CDATA[
:0  call fastcc void @node_set_right(i32* %myHeap, i32 %zext_ln63, i32 0)

]]></Node>
<StgValue><ssdm name="call_ln393"/></StgValue>
</operation>

<operation id="85" st_id="10" stage="1" lat="1">
<core>NULL</core>
<MemPortIdVec></MemPortIdVec>
<condition id="-1">
<or_exp><and_exp><literal name="tmp" val="1"/>
</and_exp></or_exp>
</condition>

<Node id="70" bw="0" op_0_bw="0">
<![CDATA[
:1  br label %6

]]></Node>
<StgValue><ssdm name="br_ln0"/></StgValue>
</operation>

<operation id="86" st_id="10" stage="1" lat="1">
<core>AddSub</core>
<MemPortIdVec></MemPortIdVec>
<condition id="-1">
<or_exp><and_exp></and_exp></or_exp>
</condition>

<Node id="72" bw="32" op_0_bw="32" op_1_bw="32">
<![CDATA[
:0  %sub_ln395 = sub i32 0, %hdStack_assign_load

]]></Node>
<StgValue><ssdm name="sub_ln395"/></StgValue>
</operation>

<operation id="87" st_id="10" stage="1" lat="1">
<core>NULL</core>
<MemPortIdVec></MemPortIdVec>
<condition id="-1">
<or_exp><and_exp></and_exp></or_exp>
</condition>

<Node id="73" bw="1" op_0_bw="1" op_1_bw="32" op_2_bw="32">
<![CDATA[
:1  %tmp_18 = call i1 @_ssdm_op_BitSelect.i1.i32.i32(i32 %sub_ln395, i32 31)

]]></Node>
<StgValue><ssdm name="tmp_18"/></StgValue>
</operation>

<operation id="88" st_id="10" stage="1" lat="1">
<core>AddSub</core>
<MemPortIdVec></MemPortIdVec>
<condition id="-1">
<or_exp><and_exp></and_exp></or_exp>
</condition>

<Node id="74" bw="32" op_0_bw="32" op_1_bw="32">
<![CDATA[
:2  %add_ln388 = add i32 %hdStack_assign_load, -1

]]></Node>
<StgValue><ssdm name="add_ln388"/></StgValue>
</operation>

<operation id="89" st_id="10" stage="1" lat="1">
<core>Sel</core>
<MemPortIdVec></MemPortIdVec>
<condition id="-1">
<or_exp><and_exp></and_exp></or_exp>
</condition>

<Node id="75" bw="32" op_0_bw="1" op_1_bw="32" op_2_bw="32">
<![CDATA[
:3  %stackOutput_hdPtr_av = select i1 %tmp_18, i32 0, i32 %add_ln388

]]></Node>
<StgValue><ssdm name="stackOutput_hdPtr_av"/></StgValue>
</operation>

<operation id="90" st_id="10" stage="1" lat="1">
<core>NULL</core>
<MemPortIdVec></MemPortIdVec>
<condition id="-1">
<or_exp><and_exp></and_exp></or_exp>
</condition>

<Node id="76" bw="0" op_0_bw="0">
<![CDATA[
:4  br label %7

]]></Node>
<StgValue><ssdm name="br_ln395"/></StgValue>
</operation>
</state>

<state id="11" st_id="11">

<operation id="91" st_id="11" stage="1" lat="1">
<core>NULL</core>
<MemPortIdVec></MemPortIdVec>
<condition id="-1">
<or_exp><and_exp></and_exp></or_exp>
</condition>

<Node id="78" bw="29" op_0_bw="29" op_1_bw="0" op_2_bw="29" op_3_bw="0">
<![CDATA[
:0  %nowPtr_4 = phi i29 [ %output_pointer, %6 ], [ %output_pointer_4, %._crit_edge ]

]]></Node>
<StgValue><ssdm name="nowPtr_4"/></StgValue>
</operation>

<operation id="92" st_id="11" stage="1" lat="1">
<core>NULL</core>
<MemPortIdVec></MemPortIdVec>
<condition id="-1">
<or_exp><and_exp></and_exp></or_exp>
</condition>

<Node id="79" bw="32" op_0_bw="32" op_1_bw="0" op_2_bw="32" op_3_bw="0">
<![CDATA[
:1  %p_1_in = phi i32 [ %hdStack_assign_load, %6 ], [ %add_ln388_1, %._crit_edge ]

]]></Node>
<StgValue><ssdm name="p_1_in"/></StgValue>
</operation>

<operation id="93" st_id="11" stage="1" lat="1">
<core>NULL</core>
<MemPortIdVec></MemPortIdVec>
<condition id="-1">
<or_exp><and_exp></and_exp></or_exp>
</condition>

<Node id="80" bw="29" op_0_bw="29" op_1_bw="0" op_2_bw="29" op_3_bw="0">
<![CDATA[
:2  %nowPtr_1 = phi i29 [ 0, %6 ], [ %nowPtr_4, %._crit_edge ]

]]></Node>
<StgValue><ssdm name="nowPtr_1"/></StgValue>
</operation>

<operation id="94" st_id="11" stage="1" lat="1">
<core>NULL</core>
<MemPortIdVec></MemPortIdVec>
<condition id="-1">
<or_exp><and_exp></and_exp></or_exp>
</condition>

<Node id="81" bw="32" op_0_bw="29">
<![CDATA[
:3  %zext_ln388 = zext i29 %nowPtr_4 to i32

]]></Node>
<StgValue><ssdm name="zext_ln388"/></StgValue>
</operation>

<operation id="95" st_id="11" stage="1" lat="1">
<core>AddSub</core>
<MemPortIdVec></MemPortIdVec>
<condition id="-1">
<or_exp><and_exp></and_exp></or_exp>
</condition>

<Node id="82" bw="32" op_0_bw="32" op_1_bw="32">
<![CDATA[
:4  %add_ln388_1 = add nsw i32 %p_1_in, -1

]]></Node>
<StgValue><ssdm name="add_ln388_1"/></StgValue>
</operation>

<operation id="96" st_id="11" stage="1" lat="1">
<core>Cmp</core>
<MemPortIdVec></MemPortIdVec>
<condition id="-1">
<or_exp><and_exp></and_exp></or_exp>
</condition>

<Node id="83" bw="1" op_0_bw="32" op_1_bw="32">
<![CDATA[
:5  %icmp_ln395 = icmp sgt i32 %add_ln388_1, 0

]]></Node>
<StgValue><ssdm name="icmp_ln395"/></StgValue>
</operation>

<operation id="97" st_id="11" stage="1" lat="1">
<core>NULL</core>
<MemPortIdVec></MemPortIdVec>
<condition id="-1">
<or_exp><and_exp></and_exp></or_exp>
</condition>

<Node id="84" bw="0" op_0_bw="1" op_1_bw="0" op_2_bw="0">
<![CDATA[
:6  br i1 %icmp_ln395, label %8, label %13

]]></Node>
<StgValue><ssdm name="br_ln395"/></StgValue>
</operation>

<operation id="98" st_id="11" stage="2" lat="2">
<core></core>
<MemPortIdVec></MemPortIdVec>
<condition id="-1">
<or_exp><and_exp><literal name="icmp_ln395" val="1"/>
</and_exp></or_exp>
</condition>

<Node id="86" bw="32" op_0_bw="32" op_1_bw="32" op_2_bw="32" op_3_bw="2" op_4_bw="0" op_5_bw="0" op_6_bw="2" op_7_bw="0" op_8_bw="0">
<![CDATA[
:0  %nowPtr_new = call fastcc i32 @ProcessNodeDeletion(i32* %myHeap, i32 %zext_ln388)

]]></Node>
<StgValue><ssdm name="nowPtr_new"/></StgValue>
</operation>

<operation id="99" st_id="11" stage="1" lat="1">
<core>NULL</core>
<MemPortIdVec></MemPortIdVec>
<condition id="-1">
<or_exp><and_exp><literal name="icmp_ln395" val="1"/>
</and_exp></or_exp>
</condition>

<Node id="87" bw="64" op_0_bw="32">
<![CDATA[
:1  %zext_ln57 = zext i32 %add_ln388_1 to i64

]]></Node>
<StgValue><ssdm name="zext_ln57"/></StgValue>
</operation>

<operation id="100" st_id="11" stage="1" lat="1">
<core>NULL</core>
<MemPortIdVec></MemPortIdVec>
<condition id="-1">
<or_exp><and_exp><literal name="icmp_ln395" val="1"/>
</and_exp></or_exp>
</condition>

<Node id="88" bw="6" op_0_bw="32" op_1_bw="64" op_2_bw="64">
<![CDATA[
:2  %fixedStack_addr_11 = getelementptr [40 x i32]* %fixedStack, i64 0, i64 %zext_ln57

]]></Node>
<StgValue><ssdm name="fixedStack_addr_11"/></StgValue>
</operation>

<operation id="101" st_id="11" stage="2" lat="2">
<core>RAM</core>
<MemPortIdVec></MemPortIdVec>
<condition id="-1">
<or_exp><and_exp><literal name="icmp_ln395" val="1"/>
</and_exp></or_exp>
</condition>

<Node id="89" bw="32" op_0_bw="6">
<![CDATA[
:3  %stackOut_3 = load i32* %fixedStack_addr_11, align 4

]]></Node>
<StgValue><ssdm name="stackOut_3"/></StgValue>
</operation>

<operation id="102" st_id="11" stage="1" lat="1">
<core>NULL</core>
<MemPortIdVec></MemPortIdVec>
<condition id="-1">
<or_exp><and_exp><literal name="icmp_ln395" val="0"/>
</and_exp></or_exp>
</condition>

<Node id="108" bw="32" op_0_bw="29">
<![CDATA[
:0  %zext_ln388_1 = zext i29 %nowPtr_1 to i32

]]></Node>
<StgValue><ssdm name="zext_ln388_1"/></StgValue>
</operation>

<operation id="103" st_id="11" stage="2" lat="2">
<core></core>
<MemPortIdVec></MemPortIdVec>
<condition id="-1">
<or_exp><and_exp><literal name="icmp_ln395" val="0"/>
</and_exp></or_exp>
</condition>

<Node id="109" bw="32" op_0_bw="32" op_1_bw="32" op_2_bw="32" op_3_bw="2" op_4_bw="0" op_5_bw="0" op_6_bw="2" op_7_bw="0" op_8_bw="0">
<![CDATA[
:1  %rootPtr_assign = call fastcc i32 @ProcessNodeDeletion(i32* %myHeap, i32 %zext_ln388)

]]></Node>
<StgValue><ssdm name="rootPtr_assign"/></StgValue>
</operation>

<operation id="104" st_id="11" stage="1" lat="1">
<core>NULL</core>
<MemPortIdVec></MemPortIdVec>
<condition id="-1">
<or_exp><and_exp><literal name="icmp_ln395" val="0"/>
</and_exp></or_exp>
</condition>

<Node id="111" bw="0" op_0_bw="32" op_1_bw="32" op_2_bw="0" op_3_bw="32">
<![CDATA[
:3  store i32 %stackOutput_hdPtr_av, i32* %hdStack_assign

]]></Node>
<StgValue><ssdm name="store_ln388"/></StgValue>
</operation>

<operation id="105" st_id="11" stage="1" lat="1">
<core>NULL</core>
<MemPortIdVec></MemPortIdVec>
<condition id="-1">
<or_exp><and_exp><literal name="icmp_ln395" val="0"/>
</and_exp></or_exp>
</condition>

<Node id="112" bw="0" op_0_bw="32" op_1_bw="32" op_2_bw="0" op_3_bw="32">
<![CDATA[
:4  store i32 %zext_ln388_1, i32* %pointer_assign

]]></Node>
<StgValue><ssdm name="store_ln388"/></StgValue>
</operation>
</state>

<state id="12" st_id="12">

<operation id="106" st_id="12" stage="1" lat="2">
<core></core>
<MemPortIdVec></MemPortIdVec>
<condition id="-1">
<or_exp><and_exp></and_exp></or_exp>
</condition>

<Node id="86" bw="32" op_0_bw="32" op_1_bw="32" op_2_bw="32" op_3_bw="2" op_4_bw="0" op_5_bw="0" op_6_bw="2" op_7_bw="0" op_8_bw="0">
<![CDATA[
:0  %nowPtr_new = call fastcc i32 @ProcessNodeDeletion(i32* %myHeap, i32 %zext_ln388)

]]></Node>
<StgValue><ssdm name="nowPtr_new"/></StgValue>
</operation>

<operation id="107" st_id="12" stage="1" lat="2">
<core>RAM</core>
<MemPortIdVec></MemPortIdVec>
<condition id="-1">
<or_exp><and_exp></and_exp></or_exp>
</condition>

<Node id="89" bw="32" op_0_bw="6">
<![CDATA[
:3  %stackOut_3 = load i32* %fixedStack_addr_11, align 4

]]></Node>
<StgValue><ssdm name="stackOut_3"/></StgValue>
</operation>

<operation id="108" st_id="12" stage="1" lat="1">
<core>NULL</core>
<MemPortIdVec></MemPortIdVec>
<condition id="-1">
<or_exp><and_exp></and_exp></or_exp>
</condition>

<Node id="90" bw="29" op_0_bw="32">
<![CDATA[
:4  %output_pointer_4 = trunc i32 %stackOut_3 to i29

]]></Node>
<StgValue><ssdm name="output_pointer_4"/></StgValue>
</operation>

<operation id="109" st_id="12" stage="1" lat="1">
<core>NULL</core>
<MemPortIdVec></MemPortIdVec>
<condition id="-1">
<or_exp><and_exp></and_exp></or_exp>
</condition>

<Node id="91" bw="32" op_0_bw="29">
<![CDATA[
:5  %zext_ln63_3 = zext i29 %output_pointer_4 to i32

]]></Node>
<StgValue><ssdm name="zext_ln63_3"/></StgValue>
</operation>

<operation id="110" st_id="12" stage="1" lat="1">
<core>Cmp</core>
<MemPortIdVec></MemPortIdVec>
<condition id="-1">
<or_exp><and_exp></and_exp></or_exp>
</condition>

<Node id="92" bw="1" op_0_bw="32" op_1_bw="32">
<![CDATA[
:6  %icmp_ln400 = icmp eq i32 %nowPtr_new, %zext_ln388

]]></Node>
<StgValue><ssdm name="icmp_ln400"/></StgValue>
</operation>

<operation id="111" st_id="12" stage="1" lat="1">
<core>NULL</core>
<MemPortIdVec></MemPortIdVec>
<condition id="-1">
<or_exp><and_exp></and_exp></or_exp>
</condition>

<Node id="93" bw="0" op_0_bw="1" op_1_bw="0" op_2_bw="0">
<![CDATA[
:7  br i1 %icmp_ln400, label %._crit_edge, label %9

]]></Node>
<StgValue><ssdm name="br_ln400"/></StgValue>
</operation>

<operation id="112" st_id="12" stage="1" lat="1">
<core>NULL</core>
<MemPortIdVec></MemPortIdVec>
<condition id="-1">
<or_exp><and_exp><literal name="icmp_ln400" val="0"/>
</and_exp></or_exp>
</condition>

<Node id="95" bw="1" op_0_bw="1" op_1_bw="32" op_2_bw="32">
<![CDATA[
:0  %tmp_19 = call i1 @_ssdm_op_BitSelect.i1.i32.i32(i32 %stackOut_3, i32 31)

]]></Node>
<StgValue><ssdm name="tmp_19"/></StgValue>
</operation>

<operation id="113" st_id="12" stage="1" lat="1">
<core>NULL</core>
<MemPortIdVec></MemPortIdVec>
<condition id="-1">
<or_exp><and_exp><literal name="icmp_ln400" val="0"/>
</and_exp></or_exp>
</condition>

<Node id="96" bw="0" op_0_bw="1" op_1_bw="0" op_2_bw="0">
<![CDATA[
:1  br i1 %tmp_19, label %11, label %10

]]></Node>
<StgValue><ssdm name="br_ln401"/></StgValue>
</operation>
</state>

<state id="13" st_id="13">

<operation id="114" st_id="13" stage="2" lat="2">
<core></core>
<MemPortIdVec></MemPortIdVec>
<condition id="-1">
<or_exp><and_exp></and_exp></or_exp>
</condition>

<Node id="98" bw="0" op_0_bw="0" op_1_bw="32" op_2_bw="32" op_3_bw="32" op_4_bw="2" op_5_bw="0" op_6_bw="0" op_7_bw="32" op_8_bw="2" op_9_bw="0" op_10_bw="0" op_11_bw="32">
<![CDATA[
:0  call fastcc void @node_set_left(i32* %myHeap, i32 %zext_ln63_3, i32 %nowPtr_new)

]]></Node>
<StgValue><ssdm name="call_ln402"/></StgValue>
</operation>
</state>

<state id="14" st_id="14">

<operation id="115" st_id="14" stage="1" lat="2">
<core></core>
<MemPortIdVec></MemPortIdVec>
<condition id="-1">
<or_exp><and_exp><literal name="icmp_ln400" val="0"/>
<literal name="tmp_19" val="0"/>
</and_exp></or_exp>
</condition>

<Node id="98" bw="0" op_0_bw="0" op_1_bw="32" op_2_bw="32" op_3_bw="32" op_4_bw="2" op_5_bw="0" op_6_bw="0" op_7_bw="32" op_8_bw="2" op_9_bw="0" op_10_bw="0" op_11_bw="32">
<![CDATA[
:0  call fastcc void @node_set_left(i32* %myHeap, i32 %zext_ln63_3, i32 %nowPtr_new)

]]></Node>
<StgValue><ssdm name="call_ln402"/></StgValue>
</operation>

<operation id="116" st_id="14" stage="1" lat="1">
<core>NULL</core>
<MemPortIdVec></MemPortIdVec>
<condition id="-1">
<or_exp><and_exp><literal name="icmp_ln400" val="0"/>
<literal name="tmp_19" val="0"/>
</and_exp></or_exp>
</condition>

<Node id="99" bw="0" op_0_bw="0">
<![CDATA[
:1  br label %12

]]></Node>
<StgValue><ssdm name="br_ln403"/></StgValue>
</operation>

<operation id="117" st_id="14" stage="1" lat="2">
<core></core>
<MemPortIdVec></MemPortIdVec>
<condition id="-1">
<or_exp><and_exp><literal name="icmp_ln400" val="0"/>
<literal name="tmp_19" val="1"/>
</and_exp></or_exp>
</condition>

<Node id="101" bw="0" op_0_bw="0" op_1_bw="32" op_2_bw="32" op_3_bw="32" op_4_bw="2" op_5_bw="0" op_6_bw="0" op_7_bw="32" op_8_bw="2" op_9_bw="0" op_10_bw="0" op_11_bw="32">
<![CDATA[
:0  call fastcc void @node_set_right(i32* %myHeap, i32 %zext_ln63_3, i32 %nowPtr_new)

]]></Node>
<StgValue><ssdm name="call_ln404"/></StgValue>
</operation>

<operation id="118" st_id="14" stage="1" lat="1">
<core>NULL</core>
<MemPortIdVec></MemPortIdVec>
<condition id="-1">
<or_exp><and_exp><literal name="icmp_ln400" val="0"/>
<literal name="tmp_19" val="1"/>
</and_exp></or_exp>
</condition>

<Node id="102" bw="0" op_0_bw="0">
<![CDATA[
:1  br label %12

]]></Node>
<StgValue><ssdm name="br_ln0"/></StgValue>
</operation>

<operation id="119" st_id="14" stage="1" lat="1">
<core>NULL</core>
<MemPortIdVec></MemPortIdVec>
<condition id="-1">
<or_exp><and_exp><literal name="icmp_ln400" val="0"/>
</and_exp></or_exp>
</condition>

<Node id="104" bw="0" op_0_bw="0">
<![CDATA[
:0  br label %._crit_edge

]]></Node>
<StgValue><ssdm name="br_ln406"/></StgValue>
</operation>

<operation id="120" st_id="14" stage="1" lat="1">
<core>NULL</core>
<MemPortIdVec></MemPortIdVec>
<condition id="-1">
<or_exp><and_exp></and_exp></or_exp>
</condition>

<Node id="106" bw="0" op_0_bw="0">
<![CDATA[
._crit_edge:0  br label %7

]]></Node>
<StgValue><ssdm name="br_ln407"/></StgValue>
</operation>
</state>

<state id="15" st_id="15">

<operation id="121" st_id="15" stage="2" lat="2">
<core></core>
<MemPortIdVec></MemPortIdVec>
<condition id="-1">
<or_exp><and_exp></and_exp></or_exp>
</condition>

<Node id="101" bw="0" op_0_bw="0" op_1_bw="32" op_2_bw="32" op_3_bw="32" op_4_bw="2" op_5_bw="0" op_6_bw="0" op_7_bw="32" op_8_bw="2" op_9_bw="0" op_10_bw="0" op_11_bw="32">
<![CDATA[
:0  call fastcc void @node_set_right(i32* %myHeap, i32 %zext_ln63_3, i32 %nowPtr_new)

]]></Node>
<StgValue><ssdm name="call_ln404"/></StgValue>
</operation>
</state>

<state id="16" st_id="16">

<operation id="122" st_id="16" stage="1" lat="2">
<core></core>
<MemPortIdVec></MemPortIdVec>
<condition id="-1">
<or_exp><and_exp></and_exp></or_exp>
</condition>

<Node id="109" bw="32" op_0_bw="32" op_1_bw="32" op_2_bw="32" op_3_bw="2" op_4_bw="0" op_5_bw="0" op_6_bw="2" op_7_bw="0" op_8_bw="0">
<![CDATA[
:1  %rootPtr_assign = call fastcc i32 @ProcessNodeDeletion(i32* %myHeap, i32 %zext_ln388)

]]></Node>
<StgValue><ssdm name="rootPtr_assign"/></StgValue>
</operation>

<operation id="123" st_id="16" stage="1" lat="1">
<core>NULL</core>
<MemPortIdVec></MemPortIdVec>
<condition id="-1">
<or_exp><and_exp></and_exp></or_exp>
</condition>

<Node id="110" bw="0" op_0_bw="32" op_1_bw="32" op_2_bw="0">
<![CDATA[
:2  store i32 %rootPtr_assign, i32* %p_01

]]></Node>
<StgValue><ssdm name="store_ln408"/></StgValue>
</operation>

<operation id="124" st_id="16" stage="1" lat="1">
<core>NULL</core>
<MemPortIdVec></MemPortIdVec>
<condition id="-1">
<or_exp><and_exp></and_exp></or_exp>
</condition>

<Node id="113" bw="0" op_0_bw="0">
<![CDATA[
:5  br label %.backedge.backedge

]]></Node>
<StgValue><ssdm name="br_ln0"/></StgValue>
</operation>
</state>

<state id="17" st_id="17">

<operation id="125" st_id="17" stage="1" lat="1">
<core>NULL</core>
<MemPortIdVec></MemPortIdVec>
<condition id="-1">
<or_exp><and_exp></and_exp></or_exp>
</condition>

<Node id="119" bw="1" op_0_bw="1" op_1_bw="0" op_2_bw="1" op_3_bw="0" op_4_bw="1" op_5_bw="0" op_6_bw="1" op_7_bw="0">
<![CDATA[
.backedge.backedge:0  %phi_ln376_be = phi i1 [ false, %..backedge.backedge_crit_edge ], [ false, %13 ], [ true, %15 ], [ true, %16 ]

]]></Node>
<StgValue><ssdm name="phi_ln376_be"/></StgValue>
</operation>

<operation id="126" st_id="17" stage="1" lat="1">
<core>NULL</core>
<MemPortIdVec></MemPortIdVec>
<condition id="-1">
<or_exp><and_exp></and_exp></or_exp>
</condition>

<Node id="120" bw="0" op_0_bw="0">
<![CDATA[
.backedge.backedge:1  br label %.backedge

]]></Node>
<StgValue><ssdm name="br_ln0"/></StgValue>
</operation>
</state>
</state_list>


<ports>
</ports>


<dataflows>
</dataflows>


</stg>
