<profile>

<section name = "Vivado HLS Report for 'DeleteTreeNode'" level="0">
<item name = "Date">Mon Sep 20 14:58:50 2021
</item>
<item name = "Version">2019.1 (Build 2552052 on Fri May 24 15:28:33 MDT 2019)</item>
<item name = "Project">avltreefint</item>
<item name = "Solution">solution1</item>
<item name = "Product family">virtex7</item>
<item name = "Target device">xc7vx485t-ffg1157-1</item>
</section>

<section name = "Performance Estimates" level="0">
<item name = "Timing (ns)">
<section name = "" level="1">
<item name = "Summary"><table name="" hasTotal="0">
<keys size="4">Clock, Target, Estimated, Uncertainty</keys>
<column name="ap_clk">10.00, 8.750, 1.25</column>
</table>
</item>
</section>
</item>
<item name = "Latency (clock cycles)">
<section name = "" level="1">
<item name = "Summary"><table name="" hasTotal="0">
<keys size="6">, min, max, min, max, Type</keys>
<column name="">?, ?, ?, ?, none</column>
</table>
</item>
<item name = "Detail">
<section name = "" level="1">
<item name = "Instance"><table name="" hasTotal="0">
<keys size="7">Instance, Module, min, max, min, max, Type</keys>
<column name="grp_DeleteSuccessor_fu_253">DeleteSuccessor, ?, ?, ?, ?, none</column>
<column name="grp_ProcessNodeDeletion_fu_265">ProcessNodeDeletion, 1, 655, 1, 655, none</column>
<column name="grp_node_write_std_fu_273">node_write_std, 39, 39, 39, 39, none</column>
<column name="grp_node_read_std_fu_285">node_read_std, 43, 43, 43, 43, none</column>
<column name="grp_minValueNode_fu_292">minValueNode, ?, ?, ?, ?, none</column>
<column name="grp_DeleteNodeSub_fu_299">DeleteNodeSub, 10, 10, 10, 10, none</column>
<column name="grp_node_get_right_point_fu_308">node_get_right_point, 10, 10, 10, 10, none</column>
<column name="grp_node_set_right_fu_316">node_set_right, 9, 9, 9, 9, none</column>
<column name="grp_node_delete_fu_326">node_delete, ?, ?, ?, ?, none</column>
<column name="grp_node_get_left_pointe_fu_334">node_get_left_pointe, 10, 10, 10, 10, none</column>
<column name="grp_node_set_left_fu_342">node_set_left, 9, 9, 9, 9, none</column>
<column name="grp_node_write_data_fu_351">node_write_data, 7, 7, 7, 7, none</column>
<column name="grp_node_read_data_fu_360">node_read_data, 8, 8, 8, 8, none</column>
</table>
</item>
<item name = "Loop"><table name="" hasTotal="0">
<keys size="8">Loop Name, min, max, Latency, achieved, target, Count, Pipelined</keys>
<column name="- Loop 1">?, ?, ?, -, -, ?, no</column>
<column name=" + Loop 1.1">?, ?, 4 ~ 668, -, -, ?, no</column>
</table>
</item>
</section>
</item>
</section>
</item>
</section>

<section name = "Utilization Estimates" level="0">
<item name = "Summary"><table name="" hasTotal="1">
<keys size="6">Name, BRAM_18K, DSP48E, FF, LUT, URAM</keys>
<column name="DSP">-, -, -, -, -</column>
<column name="Expression">-, -, 0, 368, -</column>
<column name="FIFO">-, -, -, -, -</column>
<column name="Instance">-, -, 9639, 33790, -</column>
<column name="Memory">-, -, -, -, -</column>
<column name="Multiplexer">-, -, -, 2268, -</column>
<column name="Register">-, -, 910, -, -</column>
<specialColumn name="Available">2060, 2800, 607200, 303600, 0</specialColumn>
<specialColumn name="Utilization (%)">0, 0, 1, 11, 0</specialColumn>
</table>
</item>
<item name = "Detail">
<section name = "" level="1">
<item name = "Instance"><table name="" hasTotal="1">
<keys size="7">Instance, Module, BRAM_18K, DSP48E, FF, LUT, URAM</keys>
<column name="grp_DeleteNodeSub_fu_299">DeleteNodeSub, 0, 0, 79, 303, 0</column>
<column name="grp_DeleteSuccessor_fu_253">DeleteSuccessor, 0, 0, 4562, 15711, 0</column>
<column name="grp_ProcessNodeDeletion_fu_265">ProcessNodeDeletion, 0, 0, 3559, 12612, 0</column>
<column name="grp_minValueNode_fu_292">minValueNode, 0, 0, 177, 347, 0</column>
<column name="grp_node_delete_fu_326">node_delete, 0, 0, 99, 315, 0</column>
<column name="grp_node_get_left_pointe_fu_334">node_get_left_pointe, 0, 0, 76, 251, 0</column>
<column name="grp_node_get_right_point_fu_308">node_get_right_point, 0, 0, 77, 290, 0</column>
<column name="grp_node_read_data_fu_360">node_read_data, 0, 0, 41, 212, 0</column>
<column name="grp_node_read_std_fu_285">node_read_std, 0, 0, 471, 1396, 0</column>
<column name="grp_node_set_left_fu_342">node_set_left, 0, 0, 75, 266, 0</column>
<column name="grp_node_set_right_fu_316">node_set_right, 0, 0, 76, 305, 0</column>
<column name="grp_node_write_data_fu_351">node_write_data, 0, 0, 72, 218, 0</column>
<column name="grp_node_write_std_fu_273">node_write_std, 0, 0, 275, 1564, 0</column>
</table>
</item>
<item name = "DSP48E"><table name="" hasTotal="0">
<keys size="3">Instance, Module, Expression</keys>
</table>
</item>
<item name = "Memory"><table name="" hasTotal="1">
<keys size="10">Memory, Module, BRAM_18K, FF, LUT, URAM, Words, Bits, Banks, W*Bits*Banks</keys>
</table>
</item>
<item name = "FIFO"><table name="" hasTotal="1">
<keys size="8">Name, BRAM_18K, FF, LUT, URAM, Depth, Bits, Size:D*B</keys>
</table>
</item>
<item name = "Expression"><table name="" hasTotal="1">
<keys size="7">Variable Name, Operation, DSP48E, FF, LUT, Bitwidth P0, Bitwidth P1</keys>
<column name="add_ln306_1_fu_577_p2">+, 0, 0, 39, 32, 2</column>
<column name="add_ln306_fu_559_p2">+, 0, 0, 39, 32, 2</column>
<column name="grp_fu_372_p2">+, 0, 0, 39, 32, 1</column>
<column name="sub_ln313_fu_546_p2">-, 0, 0, 39, 1, 32</column>
<column name="ap_block_state24_on_subcall_done">and, 0, 0, 2, 1, 1</column>
<column name="ap_predicate_op187_call_state39">and, 0, 0, 2, 1, 1</column>
<column name="ap_predicate_op189_call_state39">and, 0, 0, 2, 1, 1</column>
<column name="icmp_ln266_fu_455_p2">icmp, 0, 0, 8, 2, 1</column>
<column name="icmp_ln271_1_fu_500_p2">icmp, 0, 0, 18, 32, 1</column>
<column name="icmp_ln271_fu_495_p2">icmp, 0, 0, 18, 32, 1</column>
<column name="icmp_ln297_fu_515_p2">icmp, 0, 0, 8, 2, 1</column>
<column name="icmp_ln299_fu_525_p2">icmp, 0, 0, 18, 32, 1</column>
<column name="icmp_ln313_fu_583_p2">icmp, 0, 0, 18, 32, 1</column>
<column name="icmp_ln318_fu_606_p2">icmp, 0, 0, 18, 32, 32</column>
<column name="icmp_ln330_fu_461_p2">icmp, 0, 0, 9, 2, 3</column>
<column name="phitmp_fu_484_p2">icmp, 0, 0, 18, 32, 1</column>
<column name="ap_block_state26_on_subcall_done">or, 0, 0, 2, 1, 1</column>
<column name="ap_block_state35_on_subcall_done">or, 0, 0, 2, 1, 1</column>
<column name="ap_block_state39_on_subcall_done">or, 0, 0, 2, 1, 1</column>
<column name="nodeData_fu_467_p2">or, 0, 0, 33, 32, 33</column>
<column name="or_ln271_fu_506_p2">or, 0, 0, 2, 1, 1</column>
<column name="stackOutput_hdPtr_av_fu_564_p3">select, 0, 0, 32, 1, 1</column>
</table>
</item>
<item name = "Multiplexer"><table name="" hasTotal="1">
<keys size="5">Name, LUT, Input Size, Bits, Total Bits</keys>
<column name="ap_NS_fsm">197, 45, 1, 45</column>
<column name="ap_phi_mux_rootPtr_assign_phi_fu_171_p8">9, 2, 32, 64</column>
<column name="fixedStack_address0">27, 5, 6, 30</column>
<column name="fixedStack_d0">15, 3, 32, 96</column>
<column name="grp_ProcessNodeDeletion_fu_265_nowPtr">15, 3, 32, 96</column>
<column name="grp_node_delete_fu_326_nodePtr">21, 4, 32, 128</column>
<column name="grp_node_read_std_fu_285_nodePtr">15, 3, 32, 96</column>
<column name="grp_node_set_left_fu_342_currentPtr">15, 3, 32, 96</column>
<column name="grp_node_set_left_fu_342_nextPtr">15, 3, 32, 96</column>
<column name="grp_node_set_right_fu_316_currentPtr">21, 4, 32, 128</column>
<column name="grp_node_set_right_fu_316_nextPtr">21, 4, 32, 128</column>
<column name="hdStack_assign_fu_74">15, 3, 32, 96</column>
<column name="m_axi_Master2SysAlloc_ARADDR">15, 3, 32, 96</column>
<column name="m_axi_Master2SysAlloc_ARBURST">15, 3, 2, 6</column>
<column name="m_axi_Master2SysAlloc_ARCACHE">15, 3, 4, 12</column>
<column name="m_axi_Master2SysAlloc_ARID">15, 3, 1, 3</column>
<column name="m_axi_Master2SysAlloc_ARLEN">15, 3, 32, 96</column>
<column name="m_axi_Master2SysAlloc_ARLOCK">15, 3, 2, 6</column>
<column name="m_axi_Master2SysAlloc_ARPROT">15, 3, 3, 9</column>
<column name="m_axi_Master2SysAlloc_ARQOS">15, 3, 4, 12</column>
<column name="m_axi_Master2SysAlloc_ARREGION">15, 3, 4, 12</column>
<column name="m_axi_Master2SysAlloc_ARSIZE">15, 3, 3, 9</column>
<column name="m_axi_Master2SysAlloc_ARUSER">15, 3, 1, 3</column>
<column name="m_axi_Master2SysAlloc_ARVALID">15, 3, 1, 3</column>
<column name="m_axi_Master2SysAlloc_AWADDR">15, 3, 32, 96</column>
<column name="m_axi_Master2SysAlloc_AWBURST">15, 3, 2, 6</column>
<column name="m_axi_Master2SysAlloc_AWCACHE">15, 3, 4, 12</column>
<column name="m_axi_Master2SysAlloc_AWID">15, 3, 1, 3</column>
<column name="m_axi_Master2SysAlloc_AWLEN">15, 3, 32, 96</column>
<column name="m_axi_Master2SysAlloc_AWLOCK">15, 3, 2, 6</column>
<column name="m_axi_Master2SysAlloc_AWPROT">15, 3, 3, 9</column>
<column name="m_axi_Master2SysAlloc_AWQOS">15, 3, 4, 12</column>
<column name="m_axi_Master2SysAlloc_AWREGION">15, 3, 4, 12</column>
<column name="m_axi_Master2SysAlloc_AWSIZE">15, 3, 3, 9</column>
<column name="m_axi_Master2SysAlloc_AWUSER">15, 3, 1, 3</column>
<column name="m_axi_Master2SysAlloc_AWVALID">15, 3, 1, 3</column>
<column name="m_axi_Master2SysAlloc_BREADY">15, 3, 1, 3</column>
<column name="m_axi_Master2SysAlloc_RREADY">15, 3, 1, 3</column>
<column name="m_axi_Master2SysAlloc_WDATA">15, 3, 32, 96</column>
<column name="m_axi_Master2SysAlloc_WID">15, 3, 1, 3</column>
<column name="m_axi_Master2SysAlloc_WLAST">15, 3, 1, 3</column>
<column name="m_axi_Master2SysAlloc_WSTRB">15, 3, 4, 12</column>
<column name="m_axi_Master2SysAlloc_WUSER">15, 3, 1, 3</column>
<column name="m_axi_Master2SysAlloc_WVALID">15, 3, 1, 3</column>
<column name="m_axi_myHeap_ARADDR">44, 9, 32, 288</column>
<column name="m_axi_myHeap_ARBURST">44, 9, 2, 18</column>
<column name="m_axi_myHeap_ARCACHE">44, 9, 4, 36</column>
<column name="m_axi_myHeap_ARID">44, 9, 1, 9</column>
<column name="m_axi_myHeap_ARLEN">44, 9, 32, 288</column>
<column name="m_axi_myHeap_ARLOCK">44, 9, 2, 18</column>
<column name="m_axi_myHeap_ARPROT">44, 9, 3, 27</column>
<column name="m_axi_myHeap_ARQOS">44, 9, 4, 36</column>
<column name="m_axi_myHeap_ARREGION">44, 9, 4, 36</column>
<column name="m_axi_myHeap_ARSIZE">44, 9, 3, 27</column>
<column name="m_axi_myHeap_ARUSER">44, 9, 1, 9</column>
<column name="m_axi_myHeap_ARVALID">44, 9, 1, 9</column>
<column name="m_axi_myHeap_AWADDR">38, 7, 32, 224</column>
<column name="m_axi_myHeap_AWBURST">38, 7, 2, 14</column>
<column name="m_axi_myHeap_AWCACHE">38, 7, 4, 28</column>
<column name="m_axi_myHeap_AWID">38, 7, 1, 7</column>
<column name="m_axi_myHeap_AWLEN">38, 7, 32, 224</column>
<column name="m_axi_myHeap_AWLOCK">38, 7, 2, 14</column>
<column name="m_axi_myHeap_AWPROT">38, 7, 3, 21</column>
<column name="m_axi_myHeap_AWQOS">38, 7, 4, 28</column>
<column name="m_axi_myHeap_AWREGION">38, 7, 4, 28</column>
<column name="m_axi_myHeap_AWSIZE">38, 7, 3, 21</column>
<column name="m_axi_myHeap_AWUSER">38, 7, 1, 7</column>
<column name="m_axi_myHeap_AWVALID">38, 7, 1, 7</column>
<column name="m_axi_myHeap_BREADY">38, 7, 1, 7</column>
<column name="m_axi_myHeap_RREADY">44, 9, 1, 9</column>
<column name="m_axi_myHeap_WDATA">38, 7, 32, 224</column>
<column name="m_axi_myHeap_WID">38, 7, 1, 7</column>
<column name="m_axi_myHeap_WLAST">38, 7, 1, 7</column>
<column name="m_axi_myHeap_WSTRB">38, 7, 4, 28</column>
<column name="m_axi_myHeap_WUSER">38, 7, 1, 7</column>
<column name="m_axi_myHeap_WVALID">38, 7, 1, 7</column>
<column name="nowPtr_2_reg_186">9, 2, 29, 58</column>
<column name="nowPtr_4_reg_204">9, 2, 32, 64</column>
<column name="nowPtr_6_reg_157">9, 2, 32, 64</column>
<column name="p_0_fu_82">15, 3, 32, 96</column>
<column name="p_12_in_reg_195">9, 2, 32, 64</column>
<column name="phi_ln264_be_reg_215">9, 2, 1, 2</column>
<column name="phi_ln264_reg_135">9, 2, 1, 2</column>
<column name="pointer_assign_be_reg_234">21, 4, 32, 128</column>
<column name="pointer_assign_reg_146">9, 2, 32, 64</column>
<column name="rootPtr_assign_reg_167">9, 2, 32, 64</column>
</table>
</item>
<item name = "Register"><table name="" hasTotal="1">
<keys size="5">Name, FF, LUT, Bits, Const Bits</keys>
<column name="add_ln306_1_reg_745">32, 0, 32, 0</column>
<column name="ap_CS_fsm">44, 0, 44, 0</column>
<column name="copyData_reg_696">32, 0, 32, 0</column>
<column name="flag_stackIsUsed_0_fu_78">1, 0, 2, 1</column>
<column name="grp_DeleteNodeSub_fu_299_ap_start_reg">1, 0, 1, 0</column>
<column name="grp_DeleteSuccessor_fu_253_ap_start_reg">1, 0, 1, 0</column>
<column name="grp_ProcessNodeDeletion_fu_265_ap_start_reg">1, 0, 1, 0</column>
<column name="grp_minValueNode_fu_292_ap_start_reg">1, 0, 1, 0</column>
<column name="grp_node_delete_fu_326_ap_start_reg">1, 0, 1, 0</column>
<column name="grp_node_get_left_pointe_fu_334_ap_start_reg">1, 0, 1, 0</column>
<column name="grp_node_get_right_point_fu_308_ap_start_reg">1, 0, 1, 0</column>
<column name="grp_node_read_data_fu_360_ap_start_reg">1, 0, 1, 0</column>
<column name="grp_node_read_std_fu_285_ap_start_reg">1, 0, 1, 0</column>
<column name="grp_node_set_left_fu_342_ap_start_reg">1, 0, 1, 0</column>
<column name="grp_node_set_right_fu_316_ap_start_reg">1, 0, 1, 0</column>
<column name="grp_node_write_data_fu_351_ap_start_reg">1, 0, 1, 0</column>
<column name="grp_node_write_std_fu_273_ap_start_reg">1, 0, 1, 0</column>
<column name="hdStack_assign_fu_74">32, 0, 32, 0</column>
<column name="hdStack_assign_load_reg_644">32, 0, 32, 0</column>
<column name="icmp_ln318_reg_775">1, 0, 1, 0</column>
<column name="leftPtr_reg_674">32, 0, 32, 0</column>
<column name="minPtr_reg_691">32, 0, 32, 0</column>
<column name="nowPtr_2_reg_186">29, 0, 29, 0</column>
<column name="nowPtr_4_reg_204">32, 0, 32, 0</column>
<column name="nowPtr_6_reg_157">32, 0, 32, 0</column>
<column name="nowPtr_new_reg_758">32, 0, 32, 0</column>
<column name="or_ln271_reg_687">1, 0, 1, 0</column>
<column name="output_pointer_3_reg_764">29, 0, 29, 0</column>
<column name="output_pointer_reg_718">29, 0, 29, 0</column>
<column name="p_0_fu_82">32, 0, 32, 0</column>
<column name="p_12_in_reg_195">32, 0, 32, 0</column>
<column name="phi_ln264_be_reg_215">1, 0, 1, 0</column>
<column name="phi_ln264_reg_135">1, 0, 1, 0</column>
<column name="pointer_assign_be_reg_234">32, 0, 32, 0</column>
<column name="pointer_assign_reg_146">32, 0, 32, 0</column>
<column name="reg_411">32, 0, 32, 0</column>
<column name="reg_419">32, 0, 32, 0</column>
<column name="reg_424">32, 0, 32, 0</column>
<column name="reg_429">32, 0, 32, 0</column>
<column name="reg_434">32, 0, 32, 0</column>
<column name="rootPtr_assign_reg_167">32, 0, 32, 0</column>
<column name="stackOutput_hdPtr_av_reg_733">32, 0, 32, 0</column>
<column name="tempPtr_reg_702">32, 0, 32, 0</column>
<column name="tmp_17_reg_779">1, 0, 1, 0</column>
<column name="tmp_reg_729">1, 0, 1, 0</column>
<column name="zext_ln306_reg_738">29, 0, 32, 3</column>
<column name="zext_ln63_2_reg_769">29, 0, 32, 3</column>
<column name="zext_ln63_reg_723">29, 0, 32, 3</column>
</table>
</item>
</section>
</item>
</section>

<section name = "Interface" level="0">
<item name = "Summary"><table name="" hasTotal="0">
<keys size="6">RTL Ports, Dir, Bits, Protocol, Source Object, C Type</keys>
<column name="ap_clk">in, 1, ap_ctrl_hs, DeleteTreeNode, return value</column>
<column name="ap_rst">in, 1, ap_ctrl_hs, DeleteTreeNode, return value</column>
<column name="ap_start">in, 1, ap_ctrl_hs, DeleteTreeNode, return value</column>
<column name="ap_done">out, 1, ap_ctrl_hs, DeleteTreeNode, return value</column>
<column name="ap_idle">out, 1, ap_ctrl_hs, DeleteTreeNode, return value</column>
<column name="ap_ready">out, 1, ap_ctrl_hs, DeleteTreeNode, return value</column>
<column name="ap_return">out, 32, ap_ctrl_hs, DeleteTreeNode, return value</column>
<column name="m_axi_myHeap_AWVALID">out, 1, m_axi, myHeap, pointer</column>
<column name="m_axi_myHeap_AWREADY">in, 1, m_axi, myHeap, pointer</column>
<column name="m_axi_myHeap_AWADDR">out, 32, m_axi, myHeap, pointer</column>
<column name="m_axi_myHeap_AWID">out, 1, m_axi, myHeap, pointer</column>
<column name="m_axi_myHeap_AWLEN">out, 32, m_axi, myHeap, pointer</column>
<column name="m_axi_myHeap_AWSIZE">out, 3, m_axi, myHeap, pointer</column>
<column name="m_axi_myHeap_AWBURST">out, 2, m_axi, myHeap, pointer</column>
<column name="m_axi_myHeap_AWLOCK">out, 2, m_axi, myHeap, pointer</column>
<column name="m_axi_myHeap_AWCACHE">out, 4, m_axi, myHeap, pointer</column>
<column name="m_axi_myHeap_AWPROT">out, 3, m_axi, myHeap, pointer</column>
<column name="m_axi_myHeap_AWQOS">out, 4, m_axi, myHeap, pointer</column>
<column name="m_axi_myHeap_AWREGION">out, 4, m_axi, myHeap, pointer</column>
<column name="m_axi_myHeap_AWUSER">out, 1, m_axi, myHeap, pointer</column>
<column name="m_axi_myHeap_WVALID">out, 1, m_axi, myHeap, pointer</column>
<column name="m_axi_myHeap_WREADY">in, 1, m_axi, myHeap, pointer</column>
<column name="m_axi_myHeap_WDATA">out, 32, m_axi, myHeap, pointer</column>
<column name="m_axi_myHeap_WSTRB">out, 4, m_axi, myHeap, pointer</column>
<column name="m_axi_myHeap_WLAST">out, 1, m_axi, myHeap, pointer</column>
<column name="m_axi_myHeap_WID">out, 1, m_axi, myHeap, pointer</column>
<column name="m_axi_myHeap_WUSER">out, 1, m_axi, myHeap, pointer</column>
<column name="m_axi_myHeap_ARVALID">out, 1, m_axi, myHeap, pointer</column>
<column name="m_axi_myHeap_ARREADY">in, 1, m_axi, myHeap, pointer</column>
<column name="m_axi_myHeap_ARADDR">out, 32, m_axi, myHeap, pointer</column>
<column name="m_axi_myHeap_ARID">out, 1, m_axi, myHeap, pointer</column>
<column name="m_axi_myHeap_ARLEN">out, 32, m_axi, myHeap, pointer</column>
<column name="m_axi_myHeap_ARSIZE">out, 3, m_axi, myHeap, pointer</column>
<column name="m_axi_myHeap_ARBURST">out, 2, m_axi, myHeap, pointer</column>
<column name="m_axi_myHeap_ARLOCK">out, 2, m_axi, myHeap, pointer</column>
<column name="m_axi_myHeap_ARCACHE">out, 4, m_axi, myHeap, pointer</column>
<column name="m_axi_myHeap_ARPROT">out, 3, m_axi, myHeap, pointer</column>
<column name="m_axi_myHeap_ARQOS">out, 4, m_axi, myHeap, pointer</column>
<column name="m_axi_myHeap_ARREGION">out, 4, m_axi, myHeap, pointer</column>
<column name="m_axi_myHeap_ARUSER">out, 1, m_axi, myHeap, pointer</column>
<column name="m_axi_myHeap_RVALID">in, 1, m_axi, myHeap, pointer</column>
<column name="m_axi_myHeap_RREADY">out, 1, m_axi, myHeap, pointer</column>
<column name="m_axi_myHeap_RDATA">in, 32, m_axi, myHeap, pointer</column>
<column name="m_axi_myHeap_RLAST">in, 1, m_axi, myHeap, pointer</column>
<column name="m_axi_myHeap_RID">in, 1, m_axi, myHeap, pointer</column>
<column name="m_axi_myHeap_RUSER">in, 1, m_axi, myHeap, pointer</column>
<column name="m_axi_myHeap_RRESP">in, 2, m_axi, myHeap, pointer</column>
<column name="m_axi_myHeap_BVALID">in, 1, m_axi, myHeap, pointer</column>
<column name="m_axi_myHeap_BREADY">out, 1, m_axi, myHeap, pointer</column>
<column name="m_axi_myHeap_BRESP">in, 2, m_axi, myHeap, pointer</column>
<column name="m_axi_myHeap_BID">in, 1, m_axi, myHeap, pointer</column>
<column name="m_axi_myHeap_BUSER">in, 1, m_axi, myHeap, pointer</column>
<column name="m_axi_Master2SysAlloc_AWVALID">out, 1, m_axi, Master2SysAlloc, pointer</column>
<column name="m_axi_Master2SysAlloc_AWREADY">in, 1, m_axi, Master2SysAlloc, pointer</column>
<column name="m_axi_Master2SysAlloc_AWADDR">out, 32, m_axi, Master2SysAlloc, pointer</column>
<column name="m_axi_Master2SysAlloc_AWID">out, 1, m_axi, Master2SysAlloc, pointer</column>
<column name="m_axi_Master2SysAlloc_AWLEN">out, 32, m_axi, Master2SysAlloc, pointer</column>
<column name="m_axi_Master2SysAlloc_AWSIZE">out, 3, m_axi, Master2SysAlloc, pointer</column>
<column name="m_axi_Master2SysAlloc_AWBURST">out, 2, m_axi, Master2SysAlloc, pointer</column>
<column name="m_axi_Master2SysAlloc_AWLOCK">out, 2, m_axi, Master2SysAlloc, pointer</column>
<column name="m_axi_Master2SysAlloc_AWCACHE">out, 4, m_axi, Master2SysAlloc, pointer</column>
<column name="m_axi_Master2SysAlloc_AWPROT">out, 3, m_axi, Master2SysAlloc, pointer</column>
<column name="m_axi_Master2SysAlloc_AWQOS">out, 4, m_axi, Master2SysAlloc, pointer</column>
<column name="m_axi_Master2SysAlloc_AWREGION">out, 4, m_axi, Master2SysAlloc, pointer</column>
<column name="m_axi_Master2SysAlloc_AWUSER">out, 1, m_axi, Master2SysAlloc, pointer</column>
<column name="m_axi_Master2SysAlloc_WVALID">out, 1, m_axi, Master2SysAlloc, pointer</column>
<column name="m_axi_Master2SysAlloc_WREADY">in, 1, m_axi, Master2SysAlloc, pointer</column>
<column name="m_axi_Master2SysAlloc_WDATA">out, 32, m_axi, Master2SysAlloc, pointer</column>
<column name="m_axi_Master2SysAlloc_WSTRB">out, 4, m_axi, Master2SysAlloc, pointer</column>
<column name="m_axi_Master2SysAlloc_WLAST">out, 1, m_axi, Master2SysAlloc, pointer</column>
<column name="m_axi_Master2SysAlloc_WID">out, 1, m_axi, Master2SysAlloc, pointer</column>
<column name="m_axi_Master2SysAlloc_WUSER">out, 1, m_axi, Master2SysAlloc, pointer</column>
<column name="m_axi_Master2SysAlloc_ARVALID">out, 1, m_axi, Master2SysAlloc, pointer</column>
<column name="m_axi_Master2SysAlloc_ARREADY">in, 1, m_axi, Master2SysAlloc, pointer</column>
<column name="m_axi_Master2SysAlloc_ARADDR">out, 32, m_axi, Master2SysAlloc, pointer</column>
<column name="m_axi_Master2SysAlloc_ARID">out, 1, m_axi, Master2SysAlloc, pointer</column>
<column name="m_axi_Master2SysAlloc_ARLEN">out, 32, m_axi, Master2SysAlloc, pointer</column>
<column name="m_axi_Master2SysAlloc_ARSIZE">out, 3, m_axi, Master2SysAlloc, pointer</column>
<column name="m_axi_Master2SysAlloc_ARBURST">out, 2, m_axi, Master2SysAlloc, pointer</column>
<column name="m_axi_Master2SysAlloc_ARLOCK">out, 2, m_axi, Master2SysAlloc, pointer</column>
<column name="m_axi_Master2SysAlloc_ARCACHE">out, 4, m_axi, Master2SysAlloc, pointer</column>
<column name="m_axi_Master2SysAlloc_ARPROT">out, 3, m_axi, Master2SysAlloc, pointer</column>
<column name="m_axi_Master2SysAlloc_ARQOS">out, 4, m_axi, Master2SysAlloc, pointer</column>
<column name="m_axi_Master2SysAlloc_ARREGION">out, 4, m_axi, Master2SysAlloc, pointer</column>
<column name="m_axi_Master2SysAlloc_ARUSER">out, 1, m_axi, Master2SysAlloc, pointer</column>
<column name="m_axi_Master2SysAlloc_RVALID">in, 1, m_axi, Master2SysAlloc, pointer</column>
<column name="m_axi_Master2SysAlloc_RREADY">out, 1, m_axi, Master2SysAlloc, pointer</column>
<column name="m_axi_Master2SysAlloc_RDATA">in, 32, m_axi, Master2SysAlloc, pointer</column>
<column name="m_axi_Master2SysAlloc_RLAST">in, 1, m_axi, Master2SysAlloc, pointer</column>
<column name="m_axi_Master2SysAlloc_RID">in, 1, m_axi, Master2SysAlloc, pointer</column>
<column name="m_axi_Master2SysAlloc_RUSER">in, 1, m_axi, Master2SysAlloc, pointer</column>
<column name="m_axi_Master2SysAlloc_RRESP">in, 2, m_axi, Master2SysAlloc, pointer</column>
<column name="m_axi_Master2SysAlloc_BVALID">in, 1, m_axi, Master2SysAlloc, pointer</column>
<column name="m_axi_Master2SysAlloc_BREADY">out, 1, m_axi, Master2SysAlloc, pointer</column>
<column name="m_axi_Master2SysAlloc_BRESP">in, 2, m_axi, Master2SysAlloc, pointer</column>
<column name="m_axi_Master2SysAlloc_BID">in, 1, m_axi, Master2SysAlloc, pointer</column>
<column name="m_axi_Master2SysAlloc_BUSER">in, 1, m_axi, Master2SysAlloc, pointer</column>
<column name="fixedStack_address0">out, 6, ap_memory, fixedStack, array</column>
<column name="fixedStack_ce0">out, 1, ap_memory, fixedStack, array</column>
<column name="fixedStack_we0">out, 1, ap_memory, fixedStack, array</column>
<column name="fixedStack_d0">out, 32, ap_memory, fixedStack, array</column>
<column name="fixedStack_q0">in, 32, ap_memory, fixedStack, array</column>
<column name="secondStack_address0">out, 6, ap_memory, secondStack, array</column>
<column name="secondStack_ce0">out, 1, ap_memory, secondStack, array</column>
<column name="secondStack_we0">out, 1, ap_memory, secondStack, array</column>
<column name="secondStack_d0">out, 32, ap_memory, secondStack, array</column>
<column name="secondStack_q0">in, 32, ap_memory, secondStack, array</column>
<column name="rootPtr">in, 32, ap_none, rootPtr, scalar</column>
<column name="key">in, 32, ap_none, key, scalar</column>
</table>
</item>
</section>
</profile>
