<stg><name>DeleteTreeSub</name>


<trans_list>

<trans id="31" from="1" to="2">
<condition id="-1">
<or_exp><and_exp><literal name="icmp_ln236" val="0"/>
</and_exp></or_exp>
</condition>
</trans>

<trans id="32" from="1" to="5">
<condition id="-1">
<or_exp><and_exp><literal name="icmp_ln236" val="1"/>
</and_exp></or_exp>
</condition>
</trans>

<trans id="34" from="2" to="3">
<condition id="-1">
<or_exp><and_exp></and_exp></or_exp>
</condition>
</trans>

<trans id="35" from="3" to="4">
<condition id="-1">
<or_exp><and_exp></and_exp></or_exp>
</condition>
</trans>

<trans id="36" from="4" to="5">
<condition id="-1">
<or_exp><and_exp></and_exp></or_exp>
</condition>
</trans>
</trans_list>



<state_list>

<state id="1" st_id="1">

<operation id="6" st_id="1" stage="1" lat="1">
<core>NULL</core>
<MemPortIdVec></MemPortIdVec>
<condition id="-1">
<or_exp><and_exp></and_exp></or_exp>
</condition>

<Node id="4" bw="0" op_0_bw="0" op_1_bw="32" op_2_bw="0" op_3_bw="32" op_4_bw="32" op_5_bw="0" op_6_bw="32" op_7_bw="32" op_8_bw="0" op_9_bw="0" op_10_bw="0" op_11_bw="32" op_12_bw="32" op_13_bw="32" op_14_bw="32" op_15_bw="0" op_16_bw="0">
<![CDATA[
:0  call void (...)* @_ssdm_op_SpecInterface(i32* %Master2SysAlloc, [6 x i8]* @p_str3, i32 0, i32 0, [1 x i8]* @p_str1, i32 0, i32 1, [1 x i8]* @p_str1, [4 x i8]* @p_str4, [1 x i8]* @p_str1, i32 16, i32 16, i32 16, i32 16, [1 x i8]* @p_str1, [1 x i8]* @p_str1) nounwind

]]></Node>
<StgValue><ssdm name="specinterface_ln0"/></StgValue>
</operation>

<operation id="7" st_id="1" stage="1" lat="1">
<core>NULL</core>
<MemPortIdVec></MemPortIdVec>
<condition id="-1">
<or_exp><and_exp></and_exp></or_exp>
</condition>

<Node id="5" bw="0" op_0_bw="0" op_1_bw="32" op_2_bw="0" op_3_bw="32" op_4_bw="32" op_5_bw="0" op_6_bw="32" op_7_bw="32" op_8_bw="0" op_9_bw="0" op_10_bw="0" op_11_bw="32" op_12_bw="32" op_13_bw="32" op_14_bw="32" op_15_bw="0" op_16_bw="0">
<![CDATA[
:1  call void (...)* @_ssdm_op_SpecInterface(i32* %myHeap, [6 x i8]* @p_str3, i32 0, i32 0, [1 x i8]* @p_str1, i32 0, i32 1, [1 x i8]* @p_str1, [4 x i8]* @p_str4, [1 x i8]* @p_str1, i32 16, i32 16, i32 16, i32 16, [1 x i8]* @p_str1, [1 x i8]* @p_str1) nounwind

]]></Node>
<StgValue><ssdm name="specinterface_ln0"/></StgValue>
</operation>

<operation id="8" st_id="1" stage="1" lat="1">
<core>NULL</core>
<MemPortIdVec></MemPortIdVec>
<condition id="-1">
<or_exp><and_exp></and_exp></or_exp>
</condition>

<Node id="6" bw="32" op_0_bw="32" op_1_bw="32">
<![CDATA[
:2  %treePtr_read = call i32 @_ssdm_op_Read.ap_auto.i32(i32 %treePtr)

]]></Node>
<StgValue><ssdm name="treePtr_read"/></StgValue>
</operation>

<operation id="9" st_id="1" stage="1" lat="1">
<core>Cmp</core>
<MemPortIdVec></MemPortIdVec>
<condition id="-1">
<or_exp><and_exp></and_exp></or_exp>
</condition>

<Node id="7" bw="1" op_0_bw="32" op_1_bw="32">
<![CDATA[
:3  %icmp_ln236 = icmp eq i32 %treePtr_read, 0

]]></Node>
<StgValue><ssdm name="icmp_ln236"/></StgValue>
</operation>

<operation id="10" st_id="1" stage="1" lat="1">
<core>NULL</core>
<MemPortIdVec></MemPortIdVec>
<condition id="-1">
<or_exp><and_exp></and_exp></or_exp>
</condition>

<Node id="8" bw="0" op_0_bw="1" op_1_bw="0" op_2_bw="0">
<![CDATA[
:4  br i1 %icmp_ln236, label %._crit_edge, label %1

]]></Node>
<StgValue><ssdm name="br_ln236"/></StgValue>
</operation>

<operation id="11" st_id="1" stage="2" lat="2">
<core></core>
<MemPortIdVec></MemPortIdVec>
<condition id="-1">
<or_exp><and_exp><literal name="icmp_ln236" val="0"/>
</and_exp></or_exp>
</condition>

<Node id="10" bw="32" op_0_bw="32" op_1_bw="32" op_2_bw="32">
<![CDATA[
:0  %output_pointer = call fastcc i32 @node_get_left_pointe(i32* %myHeap, i32 %treePtr_read)

]]></Node>
<StgValue><ssdm name="output_pointer"/></StgValue>
</operation>
</state>

<state id="2" st_id="2">

<operation id="12" st_id="2" stage="1" lat="2">
<core></core>
<MemPortIdVec></MemPortIdVec>
<condition id="-1">
<or_exp><and_exp></and_exp></or_exp>
</condition>

<Node id="10" bw="32" op_0_bw="32" op_1_bw="32" op_2_bw="32">
<![CDATA[
:0  %output_pointer = call fastcc i32 @node_get_left_pointe(i32* %myHeap, i32 %treePtr_read)

]]></Node>
<StgValue><ssdm name="output_pointer"/></StgValue>
</operation>
</state>

<state id="3" st_id="3">

<operation id="13" st_id="3" stage="2" lat="2">
<core></core>
<MemPortIdVec></MemPortIdVec>
<condition id="-1">
<or_exp><and_exp></and_exp></or_exp>
</condition>

<Node id="11" bw="32" op_0_bw="32" op_1_bw="32" op_2_bw="32" op_3_bw="32" op_4_bw="32">
<![CDATA[
:1  %output_pointer_2 = call fastcc i32 @node_get_right_point(i32* %myHeap, i32 %treePtr_read)

]]></Node>
<StgValue><ssdm name="output_pointer_2"/></StgValue>
</operation>
</state>

<state id="4" st_id="4">

<operation id="14" st_id="4" stage="1" lat="2">
<core></core>
<MemPortIdVec></MemPortIdVec>
<condition id="-1">
<or_exp><and_exp></and_exp></or_exp>
</condition>

<Node id="11" bw="32" op_0_bw="32" op_1_bw="32" op_2_bw="32" op_3_bw="32" op_4_bw="32">
<![CDATA[
:1  %output_pointer_2 = call fastcc i32 @node_get_right_point(i32* %myHeap, i32 %treePtr_read)

]]></Node>
<StgValue><ssdm name="output_pointer_2"/></StgValue>
</operation>

<operation id="15" st_id="4" stage="1" lat="1">
<core>LogicGate</core>
<MemPortIdVec></MemPortIdVec>
<condition id="-1">
<or_exp><and_exp></and_exp></or_exp>
</condition>

<Node id="12" bw="32" op_0_bw="32" op_1_bw="32">
<![CDATA[
:2  %or_ln242 = or i32 %output_pointer_2, %output_pointer

]]></Node>
<StgValue><ssdm name="or_ln242"/></StgValue>
</operation>

<operation id="16" st_id="4" stage="1" lat="1">
<core>Cmp</core>
<MemPortIdVec></MemPortIdVec>
<condition id="-1">
<or_exp><and_exp></and_exp></or_exp>
</condition>

<Node id="13" bw="1" op_0_bw="32" op_1_bw="32">
<![CDATA[
:3  %icmp_ln242 = icmp eq i32 %or_ln242, 0

]]></Node>
<StgValue><ssdm name="icmp_ln242"/></StgValue>
</operation>

<operation id="17" st_id="4" stage="1" lat="1">
<core>NULL</core>
<MemPortIdVec></MemPortIdVec>
<condition id="-1">
<or_exp><and_exp></and_exp></or_exp>
</condition>

<Node id="14" bw="0" op_0_bw="1" op_1_bw="0" op_2_bw="0">
<![CDATA[
:4  br i1 %icmp_ln242, label %2, label %3

]]></Node>
<StgValue><ssdm name="br_ln242"/></StgValue>
</operation>

<operation id="18" st_id="4" stage="1" lat="1">
<core>Cmp</core>
<MemPortIdVec></MemPortIdVec>
<condition id="-1">
<or_exp><and_exp><literal name="icmp_ln242" val="0"/>
</and_exp></or_exp>
</condition>

<Node id="16" bw="1" op_0_bw="32" op_1_bw="32">
<![CDATA[
:0  %icmp_ln246 = icmp eq i32 %output_pointer, 0

]]></Node>
<StgValue><ssdm name="icmp_ln246"/></StgValue>
</operation>

<operation id="19" st_id="4" stage="1" lat="1">
<core>Sel</core>
<MemPortIdVec></MemPortIdVec>
<condition id="-1">
<or_exp><and_exp><literal name="icmp_ln242" val="0"/>
</and_exp></or_exp>
</condition>

<Node id="17" bw="32" op_0_bw="1" op_1_bw="32" op_2_bw="32">
<![CDATA[
:1  %select_ln246 = select i1 %icmp_ln246, i32 %output_pointer_2, i32 %output_pointer

]]></Node>
<StgValue><ssdm name="select_ln246"/></StgValue>
</operation>

<operation id="20" st_id="4" stage="1" lat="1">
<core>Sel</core>
<MemPortIdVec></MemPortIdVec>
<condition id="-1">
<or_exp><and_exp><literal name="icmp_ln242" val="0"/>
</and_exp></or_exp>
</condition>

<Node id="18" bw="2" op_0_bw="1" op_1_bw="2" op_2_bw="2">
<![CDATA[
:2  %select_ln246_1 = select i1 %icmp_ln246, i2 -1, i2 -2

]]></Node>
<StgValue><ssdm name="select_ln246_1"/></StgValue>
</operation>

<operation id="21" st_id="4" stage="1" lat="1">
<core>NULL</core>
<MemPortIdVec></MemPortIdVec>
<condition id="-1">
<or_exp><and_exp><literal name="icmp_ln242" val="0"/>
</and_exp></or_exp>
</condition>

<Node id="19" bw="0" op_0_bw="0">
<![CDATA[
:3  br label %._crit_edge

]]></Node>
<StgValue><ssdm name="br_ln246"/></StgValue>
</operation>

<operation id="22" st_id="4" stage="2" lat="2">
<core></core>
<MemPortIdVec></MemPortIdVec>
<condition id="-1">
<or_exp><and_exp><literal name="icmp_ln242" val="1"/>
</and_exp></or_exp>
</condition>

<Node id="21" bw="0" op_0_bw="0" op_1_bw="32" op_2_bw="32">
<![CDATA[
:0  call fastcc void @node_delete(i32* %Master2SysAlloc, i32 %treePtr_read)

]]></Node>
<StgValue><ssdm name="call_ln243"/></StgValue>
</operation>
</state>

<state id="5" st_id="5">

<operation id="23" st_id="5" stage="1" lat="2">
<core></core>
<MemPortIdVec></MemPortIdVec>
<condition id="-1">
<or_exp><and_exp><literal name="icmp_ln236" val="0"/>
<literal name="icmp_ln242" val="1"/>
</and_exp></or_exp>
</condition>

<Node id="21" bw="0" op_0_bw="0" op_1_bw="32" op_2_bw="32">
<![CDATA[
:0  call fastcc void @node_delete(i32* %Master2SysAlloc, i32 %treePtr_read)

]]></Node>
<StgValue><ssdm name="call_ln243"/></StgValue>
</operation>

<operation id="24" st_id="5" stage="1" lat="1">
<core>NULL</core>
<MemPortIdVec></MemPortIdVec>
<condition id="-1">
<or_exp><and_exp><literal name="icmp_ln236" val="0"/>
<literal name="icmp_ln242" val="1"/>
</and_exp></or_exp>
</condition>

<Node id="22" bw="0" op_0_bw="0">
<![CDATA[
:1  br label %._crit_edge

]]></Node>
<StgValue><ssdm name="br_ln246"/></StgValue>
</operation>

<operation id="25" st_id="5" stage="1" lat="1">
<core>NULL</core>
<MemPortIdVec></MemPortIdVec>
<condition id="-1">
<or_exp><and_exp></and_exp></or_exp>
</condition>

<Node id="24" bw="32" op_0_bw="32" op_1_bw="0" op_2_bw="32" op_3_bw="0" op_4_bw="32" op_5_bw="0">
<![CDATA[
._crit_edge:0  %agg_result_pointer_w = phi i32 [ 0, %2 ], [ %select_ln246, %3 ], [ 0, %0 ]

]]></Node>
<StgValue><ssdm name="agg_result_pointer_w"/></StgValue>
</operation>

<operation id="26" st_id="5" stage="1" lat="1">
<core>NULL</core>
<MemPortIdVec></MemPortIdVec>
<condition id="-1">
<or_exp><and_exp></and_exp></or_exp>
</condition>

<Node id="25" bw="2" op_0_bw="2" op_1_bw="0" op_2_bw="2" op_3_bw="0" op_4_bw="2" op_5_bw="0">
<![CDATA[
._crit_edge:1  %agg_result_feedback_s = phi i2 [ 1, %2 ], [ %select_ln246_1, %3 ], [ 1, %0 ]

]]></Node>
<StgValue><ssdm name="agg_result_feedback_s"/></StgValue>
</operation>

<operation id="27" st_id="5" stage="1" lat="1">
<core>NULL</core>
<MemPortIdVec></MemPortIdVec>
<condition id="-1">
<or_exp><and_exp></and_exp></or_exp>
</condition>

<Node id="26" bw="32" op_0_bw="2">
<![CDATA[
._crit_edge:2  %agg_result_feedback_2 = zext i2 %agg_result_feedback_s to i32

]]></Node>
<StgValue><ssdm name="agg_result_feedback_2"/></StgValue>
</operation>

<operation id="28" st_id="5" stage="1" lat="1">
<core>NULL</core>
<MemPortIdVec></MemPortIdVec>
<condition id="-1">
<or_exp><and_exp></and_exp></or_exp>
</condition>

<Node id="27" bw="64" op_0_bw="64" op_1_bw="32">
<![CDATA[
._crit_edge:3  %mrv = insertvalue { i32, i32 } undef, i32 %agg_result_feedback_2, 0

]]></Node>
<StgValue><ssdm name="mrv"/></StgValue>
</operation>

<operation id="29" st_id="5" stage="1" lat="1">
<core>NULL</core>
<MemPortIdVec></MemPortIdVec>
<condition id="-1">
<or_exp><and_exp></and_exp></or_exp>
</condition>

<Node id="28" bw="64" op_0_bw="64" op_1_bw="32">
<![CDATA[
._crit_edge:4  %mrv_1 = insertvalue { i32, i32 } %mrv, i32 %agg_result_pointer_w, 1

]]></Node>
<StgValue><ssdm name="mrv_1"/></StgValue>
</operation>

<operation id="30" st_id="5" stage="1" lat="1">
<core>NULL</core>
<MemPortIdVec></MemPortIdVec>
<condition id="-1">
<or_exp><and_exp></and_exp></or_exp>
</condition>

<Node id="29" bw="0" op_0_bw="64">
<![CDATA[
._crit_edge:5  ret { i32, i32 } %mrv_1

]]></Node>
<StgValue><ssdm name="ret_ln254"/></StgValue>
</operation>
</state>
</state_list>


<ports>
<port id="39" name="myHeap" dir="0" iftype="4">
<core>NULL</core><StgValue><ssdm name="myHeap"/></StgValue>
</port>
<port id="40" name="Master2SysAlloc" dir="2" iftype="4">
<core>NULL</core><StgValue><ssdm name="Master2SysAlloc"/></StgValue>
</port>
<port id="41" name="treePtr" dir="0" iftype="0">
<core>NULL</core><StgValue><ssdm name="treePtr"/></StgValue>
</port>
</ports>


<dataflows>
<dataflow id="43" from="_ssdm_op_SpecInterface" to="specinterface_ln0" fromId="42" toId="6">
</dataflow>
<dataflow id="44" from="Master2SysAlloc" to="specinterface_ln0" fromId="40" toId="6">
</dataflow>
<dataflow id="46" from="p_str3" to="specinterface_ln0" fromId="45" toId="6">
</dataflow>
<dataflow id="48" from="StgValue_47" to="specinterface_ln0" fromId="47" toId="6">
</dataflow>
<dataflow id="49" from="StgValue_47" to="specinterface_ln0" fromId="47" toId="6">
</dataflow>
<dataflow id="51" from="p_str1" to="specinterface_ln0" fromId="50" toId="6">
</dataflow>
<dataflow id="52" from="StgValue_47" to="specinterface_ln0" fromId="47" toId="6">
</dataflow>
<dataflow id="54" from="StgValue_53" to="specinterface_ln0" fromId="53" toId="6">
</dataflow>
<dataflow id="55" from="p_str1" to="specinterface_ln0" fromId="50" toId="6">
</dataflow>
<dataflow id="57" from="p_str4" to="specinterface_ln0" fromId="56" toId="6">
</dataflow>
<dataflow id="58" from="p_str1" to="specinterface_ln0" fromId="50" toId="6">
</dataflow>
<dataflow id="60" from="StgValue_59" to="specinterface_ln0" fromId="59" toId="6">
</dataflow>
<dataflow id="61" from="StgValue_59" to="specinterface_ln0" fromId="59" toId="6">
</dataflow>
<dataflow id="62" from="StgValue_59" to="specinterface_ln0" fromId="59" toId="6">
</dataflow>
<dataflow id="63" from="StgValue_59" to="specinterface_ln0" fromId="59" toId="6">
</dataflow>
<dataflow id="64" from="p_str1" to="specinterface_ln0" fromId="50" toId="6">
</dataflow>
<dataflow id="65" from="p_str1" to="specinterface_ln0" fromId="50" toId="6">
</dataflow>
<dataflow id="66" from="_ssdm_op_SpecInterface" to="specinterface_ln0" fromId="42" toId="7">
</dataflow>
<dataflow id="67" from="myHeap" to="specinterface_ln0" fromId="39" toId="7">
</dataflow>
<dataflow id="68" from="p_str3" to="specinterface_ln0" fromId="45" toId="7">
</dataflow>
<dataflow id="69" from="StgValue_47" to="specinterface_ln0" fromId="47" toId="7">
</dataflow>
<dataflow id="70" from="StgValue_47" to="specinterface_ln0" fromId="47" toId="7">
</dataflow>
<dataflow id="71" from="p_str1" to="specinterface_ln0" fromId="50" toId="7">
</dataflow>
<dataflow id="72" from="StgValue_47" to="specinterface_ln0" fromId="47" toId="7">
</dataflow>
<dataflow id="73" from="StgValue_53" to="specinterface_ln0" fromId="53" toId="7">
</dataflow>
<dataflow id="74" from="p_str1" to="specinterface_ln0" fromId="50" toId="7">
</dataflow>
<dataflow id="75" from="p_str4" to="specinterface_ln0" fromId="56" toId="7">
</dataflow>
<dataflow id="76" from="p_str1" to="specinterface_ln0" fromId="50" toId="7">
</dataflow>
<dataflow id="77" from="StgValue_59" to="specinterface_ln0" fromId="59" toId="7">
</dataflow>
<dataflow id="78" from="StgValue_59" to="specinterface_ln0" fromId="59" toId="7">
</dataflow>
<dataflow id="79" from="StgValue_59" to="specinterface_ln0" fromId="59" toId="7">
</dataflow>
<dataflow id="80" from="StgValue_59" to="specinterface_ln0" fromId="59" toId="7">
</dataflow>
<dataflow id="81" from="p_str1" to="specinterface_ln0" fromId="50" toId="7">
</dataflow>
<dataflow id="82" from="p_str1" to="specinterface_ln0" fromId="50" toId="7">
</dataflow>
<dataflow id="84" from="_ssdm_op_Read.ap_auto.i32" to="treePtr_read" fromId="83" toId="8">
</dataflow>
<dataflow id="85" from="treePtr" to="treePtr_read" fromId="41" toId="8">
</dataflow>
<dataflow id="86" from="treePtr_read" to="icmp_ln236" fromId="8" toId="9">
</dataflow>
<dataflow id="87" from="StgValue_47" to="icmp_ln236" fromId="47" toId="9">
</dataflow>
<dataflow id="88" from="icmp_ln236" to="br_ln236" fromId="9" toId="10">
</dataflow>
<dataflow id="90" from="node_get_left_pointe" to="output_pointer" fromId="89" toId="11">
</dataflow>
<dataflow id="91" from="myHeap" to="output_pointer" fromId="39" toId="11">
</dataflow>
<dataflow id="92" from="treePtr_read" to="output_pointer" fromId="8" toId="11">
</dataflow>
<dataflow id="93" from="node_get_left_pointe" to="output_pointer" fromId="89" toId="12">
</dataflow>
<dataflow id="94" from="myHeap" to="output_pointer" fromId="39" toId="12">
</dataflow>
<dataflow id="95" from="treePtr_read" to="output_pointer" fromId="8" toId="12">
</dataflow>
<dataflow id="97" from="node_get_right_point" to="output_pointer_2" fromId="96" toId="13">
</dataflow>
<dataflow id="98" from="myHeap" to="output_pointer_2" fromId="39" toId="13">
</dataflow>
<dataflow id="99" from="treePtr_read" to="output_pointer_2" fromId="8" toId="13">
</dataflow>
<dataflow id="100" from="node_get_right_point" to="output_pointer_2" fromId="96" toId="14">
</dataflow>
<dataflow id="101" from="myHeap" to="output_pointer_2" fromId="39" toId="14">
</dataflow>
<dataflow id="102" from="treePtr_read" to="output_pointer_2" fromId="8" toId="14">
</dataflow>
<dataflow id="103" from="output_pointer_2" to="or_ln242" fromId="14" toId="15">
</dataflow>
<dataflow id="104" from="output_pointer" to="or_ln242" fromId="12" toId="15">
</dataflow>
<dataflow id="105" from="or_ln242" to="icmp_ln242" fromId="15" toId="16">
</dataflow>
<dataflow id="106" from="StgValue_47" to="icmp_ln242" fromId="47" toId="16">
</dataflow>
<dataflow id="107" from="icmp_ln242" to="br_ln242" fromId="16" toId="17">
</dataflow>
<dataflow id="108" from="output_pointer" to="icmp_ln246" fromId="12" toId="18">
</dataflow>
<dataflow id="109" from="StgValue_47" to="icmp_ln246" fromId="47" toId="18">
</dataflow>
<dataflow id="110" from="icmp_ln246" to="select_ln246" fromId="18" toId="19">
</dataflow>
<dataflow id="111" from="output_pointer_2" to="select_ln246" fromId="14" toId="19">
</dataflow>
<dataflow id="112" from="output_pointer" to="select_ln246" fromId="12" toId="19">
</dataflow>
<dataflow id="113" from="icmp_ln246" to="select_ln246_1" fromId="18" toId="20">
</dataflow>
<dataflow id="115" from="StgValue_114" to="select_ln246_1" fromId="114" toId="20">
</dataflow>
<dataflow id="117" from="StgValue_116" to="select_ln246_1" fromId="116" toId="20">
</dataflow>
<dataflow id="119" from="node_delete" to="call_ln243" fromId="118" toId="22">
</dataflow>
<dataflow id="120" from="Master2SysAlloc" to="call_ln243" fromId="40" toId="22">
</dataflow>
<dataflow id="121" from="treePtr_read" to="call_ln243" fromId="8" toId="22">
</dataflow>
<dataflow id="122" from="node_delete" to="call_ln243" fromId="118" toId="23">
</dataflow>
<dataflow id="123" from="Master2SysAlloc" to="call_ln243" fromId="40" toId="23">
</dataflow>
<dataflow id="124" from="treePtr_read" to="call_ln243" fromId="8" toId="23">
</dataflow>
<dataflow id="125" from="StgValue_47" to="agg_result_pointer_w" fromId="47" toId="25">
<condition id="-1">
<or_exp><and_exp><literal name="icmp_ln236" val="0"/>
<literal name="icmp_ln242" val="1"/>
</and_exp></or_exp>
</condition>
</dataflow>
<dataflow id="126" from="br_ln246" to="agg_result_pointer_w" fromId="24" toId="25">
</dataflow>
<dataflow id="127" from="select_ln246" to="agg_result_pointer_w" fromId="19" toId="25">
<condition id="-1">
<or_exp><and_exp><literal name="icmp_ln242" val="0"/>
</and_exp></or_exp>
</condition>
</dataflow>
<dataflow id="128" from="br_ln246" to="agg_result_pointer_w" fromId="21" toId="25">
</dataflow>
<dataflow id="129" from="StgValue_47" to="agg_result_pointer_w" fromId="47" toId="25">
<condition id="-1">
<or_exp><and_exp><literal name="icmp_ln236" val="1"/>
</and_exp></or_exp>
</condition>
</dataflow>
<dataflow id="130" from="br_ln236" to="agg_result_pointer_w" fromId="10" toId="25">
</dataflow>
<dataflow id="132" from="StgValue_131" to="agg_result_feedback_s" fromId="131" toId="26">
<condition id="-1">
<or_exp><and_exp><literal name="icmp_ln236" val="0"/>
<literal name="icmp_ln242" val="1"/>
</and_exp></or_exp>
</condition>
</dataflow>
<dataflow id="133" from="br_ln246" to="agg_result_feedback_s" fromId="24" toId="26">
</dataflow>
<dataflow id="134" from="select_ln246_1" to="agg_result_feedback_s" fromId="20" toId="26">
<condition id="-1">
<or_exp><and_exp><literal name="icmp_ln242" val="0"/>
</and_exp></or_exp>
</condition>
</dataflow>
<dataflow id="135" from="br_ln246" to="agg_result_feedback_s" fromId="21" toId="26">
</dataflow>
<dataflow id="136" from="StgValue_131" to="agg_result_feedback_s" fromId="131" toId="26">
<condition id="-1">
<or_exp><and_exp><literal name="icmp_ln236" val="1"/>
</and_exp></or_exp>
</condition>
</dataflow>
<dataflow id="137" from="br_ln236" to="agg_result_feedback_s" fromId="10" toId="26">
</dataflow>
<dataflow id="138" from="agg_result_feedback_s" to="agg_result_feedback_2" fromId="26" toId="27">
</dataflow>
<dataflow id="140" from="StgValue_139" to="mrv" fromId="139" toId="28">
</dataflow>
<dataflow id="141" from="agg_result_feedback_2" to="mrv" fromId="27" toId="28">
</dataflow>
<dataflow id="142" from="mrv" to="mrv_1" fromId="28" toId="29">
</dataflow>
<dataflow id="143" from="agg_result_pointer_w" to="mrv_1" fromId="25" toId="29">
</dataflow>
<dataflow id="144" from="mrv_1" to="ret_ln254" fromId="29" toId="30">
</dataflow>
<dataflow id="145" from="icmp_ln236" to="StgValue_1" fromId="9" toId="1">
</dataflow>
<dataflow id="146" from="icmp_ln242" to="StgValue_4" fromId="16" toId="4">
</dataflow>
<dataflow id="147" from="icmp_ln236" to="StgValue_5" fromId="9" toId="5">
</dataflow>
<dataflow id="148" from="icmp_ln242" to="StgValue_5" fromId="16" toId="5">
</dataflow>
</dataflows>


</stg>
