<profile>

<section name = "Vivado HLS Report for 'DeleteSuccessor'" level="0">
<item name = "Date">Mon Sep 20 14:58:45 2021
</item>
<item name = "Version">2019.1 (Build 2552052 on Fri May 24 15:28:33 MDT 2019)</item>
<item name = "Project">avltreefint</item>
<item name = "Solution">solution1</item>
<item name = "Product family">virtex7</item>
<item name = "Target device">xc7vx485t-ffg1157-1</item>
</section>

<section name = "Performance Estimates" level="0">
<item name = "Timing (ns)">
<section name = "" level="1">
<item name = "Summary"><table name="" hasTotal="0">
<keys size="4">Clock, Target, Estimated, Uncertainty</keys>
<column name="ap_clk">10.00, 8.750, 1.25</column>
</table>
</item>
</section>
</item>
<item name = "Latency (clock cycles)">
<section name = "" level="1">
<item name = "Summary"><table name="" hasTotal="0">
<keys size="6">, min, max, min, max, Type</keys>
<column name="">?, ?, ?, ?, none</column>
</table>
</item>
<item name = "Detail">
<section name = "" level="1">
<item name = "Instance"><table name="" hasTotal="0">
<keys size="7">Instance, Module, min, max, min, max, Type</keys>
<column name="grp_ProcessNodeDeletion_fu_190">ProcessNodeDeletion, 1, 655, 1, 655, none</column>
<column name="grp_DeleteSuccessorSub_fu_197">DeleteSuccessorSub, 10, 10, 10, 10, none</column>
<column name="grp_node_get_right_point_fu_205">node_get_right_point, 10, 10, 10, 10, none</column>
<column name="grp_node_set_right_fu_212">node_set_right, 9, 9, 9, 9, none</column>
<column name="grp_node_delete_fu_221">node_delete, ?, ?, ?, ?, none</column>
<column name="grp_node_get_left_pointe_fu_228">node_get_left_pointe, 10, 10, 10, 10, none</column>
<column name="grp_node_set_left_fu_235">node_set_left, 9, 9, 9, 9, none</column>
</table>
</item>
<item name = "Loop"><table name="" hasTotal="0">
<keys size="8">Loop Name, min, max, Latency, achieved, target, Count, Pipelined</keys>
<column name="- Loop 1">?, ?, ?, -, -, ?, no</column>
<column name=" + Loop 1.1">?, ?, 4 ~ 668, -, -, ?, no</column>
</table>
</item>
</section>
</item>
</section>
</item>
</section>

<section name = "Utilization Estimates" level="0">
<item name = "Summary"><table name="" hasTotal="1">
<keys size="6">Name, BRAM_18K, DSP48E, FF, LUT, URAM</keys>
<column name="DSP">-, -, -, -, -</column>
<column name="Expression">-, -, 0, 290, -</column>
<column name="FIFO">-, -, -, -, -</column>
<column name="Instance">-, -, 4041, 14342, -</column>
<column name="Memory">-, -, -, -, -</column>
<column name="Multiplexer">-, -, -, 1079, -</column>
<column name="Register">-, -, 521, -, -</column>
<specialColumn name="Available">2060, 2800, 607200, 303600, 0</specialColumn>
<specialColumn name="Utilization (%)">0, 0, ~0, 5, 0</specialColumn>
</table>
</item>
<item name = "Detail">
<section name = "" level="1">
<item name = "Instance"><table name="" hasTotal="1">
<keys size="7">Instance, Module, BRAM_18K, DSP48E, FF, LUT, URAM</keys>
<column name="grp_DeleteSuccessorSub_fu_197">DeleteSuccessorSub, 0, 0, 79, 303, 0</column>
<column name="grp_ProcessNodeDeletion_fu_190">ProcessNodeDeletion, 0, 0, 3559, 12612, 0</column>
<column name="grp_node_delete_fu_221">node_delete, 0, 0, 99, 315, 0</column>
<column name="grp_node_get_left_pointe_fu_228">node_get_left_pointe, 0, 0, 76, 251, 0</column>
<column name="grp_node_get_right_point_fu_205">node_get_right_point, 0, 0, 77, 290, 0</column>
<column name="grp_node_set_left_fu_235">node_set_left, 0, 0, 75, 266, 0</column>
<column name="grp_node_set_right_fu_212">node_set_right, 0, 0, 76, 305, 0</column>
</table>
</item>
<item name = "DSP48E"><table name="" hasTotal="0">
<keys size="3">Instance, Module, Expression</keys>
</table>
</item>
<item name = "Memory"><table name="" hasTotal="1">
<keys size="10">Memory, Module, BRAM_18K, FF, LUT, URAM, Words, Bits, Banks, W*Bits*Banks</keys>
</table>
</item>
<item name = "FIFO"><table name="" hasTotal="1">
<keys size="8">Name, BRAM_18K, FF, LUT, URAM, Depth, Bits, Size:D*B</keys>
</table>
</item>
<item name = "Expression"><table name="" hasTotal="1">
<keys size="7">Variable Name, Operation, DSP48E, FF, LUT, Bitwidth P0, Bitwidth P1</keys>
<column name="add_ln388_1_fu_409_p2">+, 0, 0, 39, 32, 2</column>
<column name="add_ln388_fu_391_p2">+, 0, 0, 39, 32, 2</column>
<column name="grp_fu_248_p2">+, 0, 0, 39, 32, 1</column>
<column name="sub_ln395_fu_378_p2">-, 0, 0, 39, 1, 32</column>
<column name="ap_predicate_op115_call_state14">and, 0, 0, 2, 1, 1</column>
<column name="ap_predicate_op117_call_state14">and, 0, 0, 2, 1, 1</column>
<column name="icmp_ln378_fu_301_p2">icmp, 0, 0, 8, 2, 1</column>
<column name="icmp_ln384_fu_348_p2">icmp, 0, 0, 8, 2, 1</column>
<column name="icmp_ln395_fu_415_p2">icmp, 0, 0, 18, 32, 1</column>
<column name="icmp_ln400_fu_447_p2">icmp, 0, 0, 18, 32, 32</column>
<column name="icmp_ln412_fu_307_p2">icmp, 0, 0, 9, 2, 3</column>
<column name="ap_block_state10_on_subcall_done">or, 0, 0, 2, 1, 1</column>
<column name="ap_block_state14_on_subcall_done">or, 0, 0, 2, 1, 1</column>
<column name="nodeData_fu_318_p2">or, 0, 0, 33, 32, 33</column>
<column name="stackOutput_hdPtr_av_fu_396_p3">select, 0, 0, 32, 1, 1</column>
</table>
</item>
<item name = "Multiplexer"><table name="" hasTotal="1">
<keys size="5">Name, LUT, Input Size, Bits, Total Bits</keys>
<column name="ap_NS_fsm">89, 18, 1, 18</column>
<column name="fixedStack_address0">27, 5, 6, 30</column>
<column name="fixedStack_d0">15, 3, 32, 96</column>
<column name="grp_node_set_left_fu_235_currentPtr">15, 3, 32, 96</column>
<column name="grp_node_set_left_fu_235_nextPtr">15, 3, 32, 96</column>
<column name="grp_node_set_right_fu_212_currentPtr">15, 3, 32, 96</column>
<column name="grp_node_set_right_fu_212_nextPtr">15, 3, 32, 96</column>
<column name="hdStack_assign_fu_70">15, 3, 32, 96</column>
<column name="m_axi_Master2SysAlloc_ARVALID">9, 2, 1, 2</column>
<column name="m_axi_Master2SysAlloc_AWVALID">9, 2, 1, 2</column>
<column name="m_axi_Master2SysAlloc_BREADY">9, 2, 1, 2</column>
<column name="m_axi_Master2SysAlloc_RREADY">9, 2, 1, 2</column>
<column name="m_axi_Master2SysAlloc_WVALID">9, 2, 1, 2</column>
<column name="m_axi_myHeap_ARADDR">27, 5, 32, 160</column>
<column name="m_axi_myHeap_ARBURST">27, 5, 2, 10</column>
<column name="m_axi_myHeap_ARCACHE">27, 5, 4, 20</column>
<column name="m_axi_myHeap_ARID">27, 5, 1, 5</column>
<column name="m_axi_myHeap_ARLEN">27, 5, 32, 160</column>
<column name="m_axi_myHeap_ARLOCK">27, 5, 2, 10</column>
<column name="m_axi_myHeap_ARPROT">27, 5, 3, 15</column>
<column name="m_axi_myHeap_ARQOS">27, 5, 4, 20</column>
<column name="m_axi_myHeap_ARREGION">27, 5, 4, 20</column>
<column name="m_axi_myHeap_ARSIZE">27, 5, 3, 15</column>
<column name="m_axi_myHeap_ARUSER">27, 5, 1, 5</column>
<column name="m_axi_myHeap_ARVALID">27, 5, 1, 5</column>
<column name="m_axi_myHeap_AWADDR">21, 4, 32, 128</column>
<column name="m_axi_myHeap_AWBURST">21, 4, 2, 8</column>
<column name="m_axi_myHeap_AWCACHE">21, 4, 4, 16</column>
<column name="m_axi_myHeap_AWID">21, 4, 1, 4</column>
<column name="m_axi_myHeap_AWLEN">21, 4, 32, 128</column>
<column name="m_axi_myHeap_AWLOCK">21, 4, 2, 8</column>
<column name="m_axi_myHeap_AWPROT">21, 4, 3, 12</column>
<column name="m_axi_myHeap_AWQOS">21, 4, 4, 16</column>
<column name="m_axi_myHeap_AWREGION">21, 4, 4, 16</column>
<column name="m_axi_myHeap_AWSIZE">21, 4, 3, 12</column>
<column name="m_axi_myHeap_AWUSER">21, 4, 1, 4</column>
<column name="m_axi_myHeap_AWVALID">21, 4, 1, 4</column>
<column name="m_axi_myHeap_BREADY">21, 4, 1, 4</column>
<column name="m_axi_myHeap_RREADY">27, 5, 1, 5</column>
<column name="m_axi_myHeap_WDATA">21, 4, 32, 128</column>
<column name="m_axi_myHeap_WID">21, 4, 1, 4</column>
<column name="m_axi_myHeap_WLAST">21, 4, 1, 4</column>
<column name="m_axi_myHeap_WSTRB">21, 4, 4, 16</column>
<column name="m_axi_myHeap_WUSER">21, 4, 1, 4</column>
<column name="m_axi_myHeap_WVALID">21, 4, 1, 4</column>
<column name="nowPtr_1_reg_157">9, 2, 29, 58</column>
<column name="nowPtr_4_reg_138">9, 2, 29, 58</column>
<column name="p_01_fu_74">15, 3, 32, 96</column>
<column name="p_1_in_reg_148">9, 2, 32, 64</column>
<column name="phi_ln376_reg_127">9, 2, 1, 2</column>
<column name="pointer_assign_fu_62">27, 5, 32, 160</column>
</table>
</item>
<item name = "Register"><table name="" hasTotal="1">
<keys size="5">Name, FF, LUT, Bits, Const Bits</keys>
<column name="add_ln388_1_reg_544">32, 0, 32, 0</column>
<column name="ap_CS_fsm">17, 0, 17, 0</column>
<column name="flag_stackIsUsed_0_fu_66">1, 0, 2, 1</column>
<column name="grp_DeleteSuccessorSub_fu_197_ap_start_reg">1, 0, 1, 0</column>
<column name="grp_ProcessNodeDeletion_fu_190_ap_start_reg">1, 0, 1, 0</column>
<column name="grp_node_delete_fu_221_ap_start_reg">1, 0, 1, 0</column>
<column name="grp_node_get_left_pointe_fu_228_ap_start_reg">1, 0, 1, 0</column>
<column name="grp_node_get_right_point_fu_205_ap_start_reg">1, 0, 1, 0</column>
<column name="grp_node_set_left_fu_235_ap_start_reg">1, 0, 1, 0</column>
<column name="grp_node_set_right_fu_212_ap_start_reg">1, 0, 1, 0</column>
<column name="hdStack_assign_fu_70">32, 0, 32, 0</column>
<column name="hdStack_assign_load_reg_495">32, 0, 32, 0</column>
<column name="icmp_ln400_reg_574">1, 0, 1, 0</column>
<column name="nowPtr_1_reg_157">29, 0, 29, 0</column>
<column name="nowPtr_4_reg_138">29, 0, 29, 0</column>
<column name="nowPtr_new_reg_557">32, 0, 32, 0</column>
<column name="output_pointer_4_reg_563">29, 0, 29, 0</column>
<column name="output_pointer_reg_518">29, 0, 29, 0</column>
<column name="p_01_fu_74">32, 0, 32, 0</column>
<column name="p_1_in_reg_148">32, 0, 32, 0</column>
<column name="phi_ln376_be_reg_169">1, 0, 1, 0</column>
<column name="phi_ln376_reg_127">1, 0, 1, 0</column>
<column name="pointer_assign_fu_62">32, 0, 32, 0</column>
<column name="reg_266">32, 0, 32, 0</column>
<column name="stackOutput_hdPtr_av_reg_533">32, 0, 32, 0</column>
<column name="tmp_19_reg_578">1, 0, 1, 0</column>
<column name="tmp_reg_529">1, 0, 1, 0</column>
<column name="zext_ln388_reg_538">29, 0, 32, 3</column>
<column name="zext_ln63_3_reg_568">29, 0, 32, 3</column>
<column name="zext_ln63_reg_523">29, 0, 32, 3</column>
</table>
</item>
</section>
</item>
</section>

<section name = "Interface" level="0">
<item name = "Summary"><table name="" hasTotal="0">
<keys size="6">RTL Ports, Dir, Bits, Protocol, Source Object, C Type</keys>
<column name="ap_clk">in, 1, ap_ctrl_hs, DeleteSuccessor, return value</column>
<column name="ap_rst">in, 1, ap_ctrl_hs, DeleteSuccessor, return value</column>
<column name="ap_start">in, 1, ap_ctrl_hs, DeleteSuccessor, return value</column>
<column name="ap_done">out, 1, ap_ctrl_hs, DeleteSuccessor, return value</column>
<column name="ap_idle">out, 1, ap_ctrl_hs, DeleteSuccessor, return value</column>
<column name="ap_ready">out, 1, ap_ctrl_hs, DeleteSuccessor, return value</column>
<column name="ap_return">out, 32, ap_ctrl_hs, DeleteSuccessor, return value</column>
<column name="m_axi_myHeap_AWVALID">out, 1, m_axi, myHeap, pointer</column>
<column name="m_axi_myHeap_AWREADY">in, 1, m_axi, myHeap, pointer</column>
<column name="m_axi_myHeap_AWADDR">out, 32, m_axi, myHeap, pointer</column>
<column name="m_axi_myHeap_AWID">out, 1, m_axi, myHeap, pointer</column>
<column name="m_axi_myHeap_AWLEN">out, 32, m_axi, myHeap, pointer</column>
<column name="m_axi_myHeap_AWSIZE">out, 3, m_axi, myHeap, pointer</column>
<column name="m_axi_myHeap_AWBURST">out, 2, m_axi, myHeap, pointer</column>
<column name="m_axi_myHeap_AWLOCK">out, 2, m_axi, myHeap, pointer</column>
<column name="m_axi_myHeap_AWCACHE">out, 4, m_axi, myHeap, pointer</column>
<column name="m_axi_myHeap_AWPROT">out, 3, m_axi, myHeap, pointer</column>
<column name="m_axi_myHeap_AWQOS">out, 4, m_axi, myHeap, pointer</column>
<column name="m_axi_myHeap_AWREGION">out, 4, m_axi, myHeap, pointer</column>
<column name="m_axi_myHeap_AWUSER">out, 1, m_axi, myHeap, pointer</column>
<column name="m_axi_myHeap_WVALID">out, 1, m_axi, myHeap, pointer</column>
<column name="m_axi_myHeap_WREADY">in, 1, m_axi, myHeap, pointer</column>
<column name="m_axi_myHeap_WDATA">out, 32, m_axi, myHeap, pointer</column>
<column name="m_axi_myHeap_WSTRB">out, 4, m_axi, myHeap, pointer</column>
<column name="m_axi_myHeap_WLAST">out, 1, m_axi, myHeap, pointer</column>
<column name="m_axi_myHeap_WID">out, 1, m_axi, myHeap, pointer</column>
<column name="m_axi_myHeap_WUSER">out, 1, m_axi, myHeap, pointer</column>
<column name="m_axi_myHeap_ARVALID">out, 1, m_axi, myHeap, pointer</column>
<column name="m_axi_myHeap_ARREADY">in, 1, m_axi, myHeap, pointer</column>
<column name="m_axi_myHeap_ARADDR">out, 32, m_axi, myHeap, pointer</column>
<column name="m_axi_myHeap_ARID">out, 1, m_axi, myHeap, pointer</column>
<column name="m_axi_myHeap_ARLEN">out, 32, m_axi, myHeap, pointer</column>
<column name="m_axi_myHeap_ARSIZE">out, 3, m_axi, myHeap, pointer</column>
<column name="m_axi_myHeap_ARBURST">out, 2, m_axi, myHeap, pointer</column>
<column name="m_axi_myHeap_ARLOCK">out, 2, m_axi, myHeap, pointer</column>
<column name="m_axi_myHeap_ARCACHE">out, 4, m_axi, myHeap, pointer</column>
<column name="m_axi_myHeap_ARPROT">out, 3, m_axi, myHeap, pointer</column>
<column name="m_axi_myHeap_ARQOS">out, 4, m_axi, myHeap, pointer</column>
<column name="m_axi_myHeap_ARREGION">out, 4, m_axi, myHeap, pointer</column>
<column name="m_axi_myHeap_ARUSER">out, 1, m_axi, myHeap, pointer</column>
<column name="m_axi_myHeap_RVALID">in, 1, m_axi, myHeap, pointer</column>
<column name="m_axi_myHeap_RREADY">out, 1, m_axi, myHeap, pointer</column>
<column name="m_axi_myHeap_RDATA">in, 32, m_axi, myHeap, pointer</column>
<column name="m_axi_myHeap_RLAST">in, 1, m_axi, myHeap, pointer</column>
<column name="m_axi_myHeap_RID">in, 1, m_axi, myHeap, pointer</column>
<column name="m_axi_myHeap_RUSER">in, 1, m_axi, myHeap, pointer</column>
<column name="m_axi_myHeap_RRESP">in, 2, m_axi, myHeap, pointer</column>
<column name="m_axi_myHeap_BVALID">in, 1, m_axi, myHeap, pointer</column>
<column name="m_axi_myHeap_BREADY">out, 1, m_axi, myHeap, pointer</column>
<column name="m_axi_myHeap_BRESP">in, 2, m_axi, myHeap, pointer</column>
<column name="m_axi_myHeap_BID">in, 1, m_axi, myHeap, pointer</column>
<column name="m_axi_myHeap_BUSER">in, 1, m_axi, myHeap, pointer</column>
<column name="m_axi_Master2SysAlloc_AWVALID">out, 1, m_axi, Master2SysAlloc, pointer</column>
<column name="m_axi_Master2SysAlloc_AWREADY">in, 1, m_axi, Master2SysAlloc, pointer</column>
<column name="m_axi_Master2SysAlloc_AWADDR">out, 32, m_axi, Master2SysAlloc, pointer</column>
<column name="m_axi_Master2SysAlloc_AWID">out, 1, m_axi, Master2SysAlloc, pointer</column>
<column name="m_axi_Master2SysAlloc_AWLEN">out, 32, m_axi, Master2SysAlloc, pointer</column>
<column name="m_axi_Master2SysAlloc_AWSIZE">out, 3, m_axi, Master2SysAlloc, pointer</column>
<column name="m_axi_Master2SysAlloc_AWBURST">out, 2, m_axi, Master2SysAlloc, pointer</column>
<column name="m_axi_Master2SysAlloc_AWLOCK">out, 2, m_axi, Master2SysAlloc, pointer</column>
<column name="m_axi_Master2SysAlloc_AWCACHE">out, 4, m_axi, Master2SysAlloc, pointer</column>
<column name="m_axi_Master2SysAlloc_AWPROT">out, 3, m_axi, Master2SysAlloc, pointer</column>
<column name="m_axi_Master2SysAlloc_AWQOS">out, 4, m_axi, Master2SysAlloc, pointer</column>
<column name="m_axi_Master2SysAlloc_AWREGION">out, 4, m_axi, Master2SysAlloc, pointer</column>
<column name="m_axi_Master2SysAlloc_AWUSER">out, 1, m_axi, Master2SysAlloc, pointer</column>
<column name="m_axi_Master2SysAlloc_WVALID">out, 1, m_axi, Master2SysAlloc, pointer</column>
<column name="m_axi_Master2SysAlloc_WREADY">in, 1, m_axi, Master2SysAlloc, pointer</column>
<column name="m_axi_Master2SysAlloc_WDATA">out, 32, m_axi, Master2SysAlloc, pointer</column>
<column name="m_axi_Master2SysAlloc_WSTRB">out, 4, m_axi, Master2SysAlloc, pointer</column>
<column name="m_axi_Master2SysAlloc_WLAST">out, 1, m_axi, Master2SysAlloc, pointer</column>
<column name="m_axi_Master2SysAlloc_WID">out, 1, m_axi, Master2SysAlloc, pointer</column>
<column name="m_axi_Master2SysAlloc_WUSER">out, 1, m_axi, Master2SysAlloc, pointer</column>
<column name="m_axi_Master2SysAlloc_ARVALID">out, 1, m_axi, Master2SysAlloc, pointer</column>
<column name="m_axi_Master2SysAlloc_ARREADY">in, 1, m_axi, Master2SysAlloc, pointer</column>
<column name="m_axi_Master2SysAlloc_ARADDR">out, 32, m_axi, Master2SysAlloc, pointer</column>
<column name="m_axi_Master2SysAlloc_ARID">out, 1, m_axi, Master2SysAlloc, pointer</column>
<column name="m_axi_Master2SysAlloc_ARLEN">out, 32, m_axi, Master2SysAlloc, pointer</column>
<column name="m_axi_Master2SysAlloc_ARSIZE">out, 3, m_axi, Master2SysAlloc, pointer</column>
<column name="m_axi_Master2SysAlloc_ARBURST">out, 2, m_axi, Master2SysAlloc, pointer</column>
<column name="m_axi_Master2SysAlloc_ARLOCK">out, 2, m_axi, Master2SysAlloc, pointer</column>
<column name="m_axi_Master2SysAlloc_ARCACHE">out, 4, m_axi, Master2SysAlloc, pointer</column>
<column name="m_axi_Master2SysAlloc_ARPROT">out, 3, m_axi, Master2SysAlloc, pointer</column>
<column name="m_axi_Master2SysAlloc_ARQOS">out, 4, m_axi, Master2SysAlloc, pointer</column>
<column name="m_axi_Master2SysAlloc_ARREGION">out, 4, m_axi, Master2SysAlloc, pointer</column>
<column name="m_axi_Master2SysAlloc_ARUSER">out, 1, m_axi, Master2SysAlloc, pointer</column>
<column name="m_axi_Master2SysAlloc_RVALID">in, 1, m_axi, Master2SysAlloc, pointer</column>
<column name="m_axi_Master2SysAlloc_RREADY">out, 1, m_axi, Master2SysAlloc, pointer</column>
<column name="m_axi_Master2SysAlloc_RDATA">in, 32, m_axi, Master2SysAlloc, pointer</column>
<column name="m_axi_Master2SysAlloc_RLAST">in, 1, m_axi, Master2SysAlloc, pointer</column>
<column name="m_axi_Master2SysAlloc_RID">in, 1, m_axi, Master2SysAlloc, pointer</column>
<column name="m_axi_Master2SysAlloc_RUSER">in, 1, m_axi, Master2SysAlloc, pointer</column>
<column name="m_axi_Master2SysAlloc_RRESP">in, 2, m_axi, Master2SysAlloc, pointer</column>
<column name="m_axi_Master2SysAlloc_BVALID">in, 1, m_axi, Master2SysAlloc, pointer</column>
<column name="m_axi_Master2SysAlloc_BREADY">out, 1, m_axi, Master2SysAlloc, pointer</column>
<column name="m_axi_Master2SysAlloc_BRESP">in, 2, m_axi, Master2SysAlloc, pointer</column>
<column name="m_axi_Master2SysAlloc_BID">in, 1, m_axi, Master2SysAlloc, pointer</column>
<column name="m_axi_Master2SysAlloc_BUSER">in, 1, m_axi, Master2SysAlloc, pointer</column>
<column name="fixedStack_address0">out, 6, ap_memory, fixedStack, array</column>
<column name="fixedStack_ce0">out, 1, ap_memory, fixedStack, array</column>
<column name="fixedStack_we0">out, 1, ap_memory, fixedStack, array</column>
<column name="fixedStack_d0">out, 32, ap_memory, fixedStack, array</column>
<column name="fixedStack_q0">in, 32, ap_memory, fixedStack, array</column>
<column name="rootPtr">in, 32, ap_none, rootPtr, scalar</column>
<column name="key">in, 32, ap_none, key, scalar</column>
</table>
</item>
</section>
</profile>
