<profile>

<section name = "Vivado HLS Report for 'DeleteTree'" level="0">
<item name = "Date">Mon Sep 20 14:58:58 2021
</item>
<item name = "Version">2019.1 (Build 2552052 on Fri May 24 15:28:33 MDT 2019)</item>
<item name = "Project">avltreefint</item>
<item name = "Solution">solution1</item>
<item name = "Product family">virtex7</item>
<item name = "Target device">xc7vx485t-ffg1157-1</item>
</section>

<section name = "Performance Estimates" level="0">
<item name = "Timing (ns)">
<section name = "" level="1">
<item name = "Summary"><table name="" hasTotal="0">
<keys size="4">Clock, Target, Estimated, Uncertainty</keys>
<column name="ap_clk">10.00, 8.750, 1.25</column>
</table>
</item>
</section>
</item>
<item name = "Latency (clock cycles)">
<section name = "" level="1">
<item name = "Summary"><table name="" hasTotal="0">
<keys size="6">, min, max, min, max, Type</keys>
<column name="">?, ?, ?, ?, none</column>
</table>
</item>
<item name = "Detail">
<section name = "" level="1">
<item name = "Instance"><table name="" hasTotal="0">
<keys size="7">Instance, Module, min, max, min, max, Type</keys>
<column name="grp_DeleteTreeSub_fu_133">DeleteTreeSub, ?, ?, ?, ?, none</column>
<column name="grp_node_set_right_fu_142">node_set_right, 9, 9, 9, 9, none</column>
<column name="grp_node_set_left_fu_150">node_set_left, 9, 9, 9, 9, none</column>
</table>
</item>
<item name = "Loop"><table name="" hasTotal="0">
<keys size="8">Loop Name, min, max, Latency, achieved, target, Count, Pipelined</keys>
<column name="- Loop 1">?, ?, ?, -, -, ?, no</column>
</table>
</item>
</section>
</item>
</section>
</item>
</section>

<section name = "Utilization Estimates" level="0">
<item name = "Summary"><table name="" hasTotal="1">
<keys size="6">Name, BRAM_18K, DSP48E, FF, LUT, URAM</keys>
<column name="DSP">-, -, -, -, -</column>
<column name="Expression">-, -, 0, 181, -</column>
<column name="FIFO">-, -, -, -, -</column>
<column name="Instance">-, -, 513, 1879, -</column>
<column name="Memory">-, -, -, -, -</column>
<column name="Multiplexer">-, -, -, 465, -</column>
<column name="Register">-, -, 267, -, -</column>
<specialColumn name="Available">2060, 2800, 607200, 303600, 0</specialColumn>
<specialColumn name="Utilization (%)">0, 0, ~0, ~0, 0</specialColumn>
</table>
</item>
<item name = "Detail">
<section name = "" level="1">
<item name = "Instance"><table name="" hasTotal="1">
<keys size="7">Instance, Module, BRAM_18K, DSP48E, FF, LUT, URAM</keys>
<column name="grp_DeleteTreeSub_fu_133">DeleteTreeSub, 0, 0, 362, 1308, 0</column>
<column name="grp_node_set_left_fu_150">node_set_left, 0, 0, 75, 266, 0</column>
<column name="grp_node_set_right_fu_142">node_set_right, 0, 0, 76, 305, 0</column>
</table>
</item>
<item name = "DSP48E"><table name="" hasTotal="0">
<keys size="3">Instance, Module, Expression</keys>
</table>
</item>
<item name = "Memory"><table name="" hasTotal="1">
<keys size="10">Memory, Module, BRAM_18K, FF, LUT, URAM, Words, Bits, Banks, W*Bits*Banks</keys>
</table>
</item>
<item name = "FIFO"><table name="" hasTotal="1">
<keys size="8">Name, BRAM_18K, FF, LUT, URAM, Depth, Bits, Size:D*B</keys>
</table>
</item>
<item name = "Expression"><table name="" hasTotal="1">
<keys size="7">Variable Name, Operation, DSP48E, FF, LUT, Bitwidth P0, Bitwidth P1</keys>
<column name="grp_fu_161_p2">+, 0, 0, 39, 32, 1</column>
<column name="output_hdPtr_avl_fu_281_p2">+, 0, 0, 39, 2, 32</column>
<column name="ap_predicate_op65_call_state5">and, 0, 0, 2, 1, 1</column>
<column name="ap_predicate_op67_call_state5">and, 0, 0, 2, 1, 1</column>
<column name="icmp_ln195_fu_202_p2">icmp, 0, 0, 18, 32, 1</column>
<column name="icmp_ln196_fu_243_p2">icmp, 0, 0, 8, 2, 1</column>
<column name="icmp_ln200_fu_249_p2">icmp, 0, 0, 18, 32, 1</column>
<column name="icmp_ln219_fu_208_p2">icmp, 0, 0, 18, 32, 2</column>
<column name="ap_block_state5_on_subcall_done">or, 0, 0, 2, 1, 1</column>
<column name="nodeData_fu_224_p2">or, 0, 0, 33, 32, 33</column>
<column name="or_ln200_fu_255_p2">or, 0, 0, 2, 1, 1</column>
</table>
</item>
<item name = "Multiplexer"><table name="" hasTotal="1">
<keys size="5">Name, LUT, Input Size, Bits, Total Bits</keys>
<column name="ap_NS_fsm">33, 6, 1, 6</column>
<column name="ap_phi_mux_phi_ln192_be_phi_fu_118_p8">9, 2, 1, 2</column>
<column name="fixedStack_address0">21, 4, 6, 24</column>
<column name="fixedStack_d0">15, 3, 32, 96</column>
<column name="hdStack_assign_fu_62">15, 3, 32, 96</column>
<column name="m_axi_Master2SysAlloc_ARVALID">9, 2, 1, 2</column>
<column name="m_axi_Master2SysAlloc_AWVALID">9, 2, 1, 2</column>
<column name="m_axi_Master2SysAlloc_BREADY">9, 2, 1, 2</column>
<column name="m_axi_Master2SysAlloc_RREADY">9, 2, 1, 2</column>
<column name="m_axi_Master2SysAlloc_WVALID">9, 2, 1, 2</column>
<column name="m_axi_myHeap_ARVALID">9, 2, 1, 2</column>
<column name="m_axi_myHeap_AWADDR">15, 3, 32, 96</column>
<column name="m_axi_myHeap_AWBURST">15, 3, 2, 6</column>
<column name="m_axi_myHeap_AWCACHE">15, 3, 4, 12</column>
<column name="m_axi_myHeap_AWID">15, 3, 1, 3</column>
<column name="m_axi_myHeap_AWLEN">15, 3, 32, 96</column>
<column name="m_axi_myHeap_AWLOCK">15, 3, 2, 6</column>
<column name="m_axi_myHeap_AWPROT">15, 3, 3, 9</column>
<column name="m_axi_myHeap_AWQOS">15, 3, 4, 12</column>
<column name="m_axi_myHeap_AWREGION">15, 3, 4, 12</column>
<column name="m_axi_myHeap_AWSIZE">15, 3, 3, 9</column>
<column name="m_axi_myHeap_AWUSER">15, 3, 1, 3</column>
<column name="m_axi_myHeap_AWVALID">15, 3, 1, 3</column>
<column name="m_axi_myHeap_BREADY">15, 3, 1, 3</column>
<column name="m_axi_myHeap_RREADY">9, 2, 1, 2</column>
<column name="m_axi_myHeap_WDATA">15, 3, 32, 96</column>
<column name="m_axi_myHeap_WID">15, 3, 1, 3</column>
<column name="m_axi_myHeap_WLAST">15, 3, 1, 3</column>
<column name="m_axi_myHeap_WSTRB">15, 3, 4, 12</column>
<column name="m_axi_myHeap_WUSER">15, 3, 1, 3</column>
<column name="m_axi_myHeap_WVALID">15, 3, 1, 3</column>
<column name="phi_ln192_reg_101">9, 2, 1, 2</column>
<column name="pointer_assign_fu_58">15, 3, 32, 96</column>
</table>
</item>
<item name = "Register"><table name="" hasTotal="1">
<keys size="5">Name, FF, LUT, Bits, Const Bits</keys>
<column name="ap_CS_fsm">5, 0, 5, 0</column>
<column name="currentPtr_fu_50">32, 0, 32, 0</column>
<column name="flag_stackIsUsed_0_fu_54">1, 0, 2, 1</column>
<column name="grp_DeleteTreeSub_fu_133_ap_start_reg">1, 0, 1, 0</column>
<column name="grp_node_set_left_fu_150_ap_start_reg">1, 0, 1, 0</column>
<column name="grp_node_set_right_fu_142_ap_start_reg">1, 0, 1, 0</column>
<column name="hdStack_assign_fu_62">32, 0, 32, 0</column>
<column name="hdStack_assign_load_reg_351">32, 0, 32, 0</column>
<column name="icmp_ln195_reg_344">1, 0, 1, 0</column>
<column name="or_ln200_reg_356">1, 0, 1, 0</column>
<column name="output_hdPtr_avl_reg_372">32, 0, 32, 0</column>
<column name="phi_ln192_be_reg_112">1, 0, 1, 0</column>
<column name="phi_ln192_reg_101">1, 0, 1, 0</column>
<column name="pointer_assign_fu_58">32, 0, 32, 0</column>
<column name="pointer_assign_load_reg_331">32, 0, 32, 0</column>
<column name="returnPtr_reg_338">32, 0, 32, 0</column>
<column name="tmp_reg_377">1, 0, 1, 0</column>
<column name="zext_ln63_reg_365">29, 0, 32, 3</column>
</table>
</item>
</section>
</item>
</section>

<section name = "Interface" level="0">
<item name = "Summary"><table name="" hasTotal="0">
<keys size="6">RTL Ports, Dir, Bits, Protocol, Source Object, C Type</keys>
<column name="ap_clk">in, 1, ap_ctrl_hs, DeleteTree, return value</column>
<column name="ap_rst">in, 1, ap_ctrl_hs, DeleteTree, return value</column>
<column name="ap_start">in, 1, ap_ctrl_hs, DeleteTree, return value</column>
<column name="ap_done">out, 1, ap_ctrl_hs, DeleteTree, return value</column>
<column name="ap_idle">out, 1, ap_ctrl_hs, DeleteTree, return value</column>
<column name="ap_ready">out, 1, ap_ctrl_hs, DeleteTree, return value</column>
<column name="ap_return">out, 32, ap_ctrl_hs, DeleteTree, return value</column>
<column name="m_axi_myHeap_AWVALID">out, 1, m_axi, myHeap, pointer</column>
<column name="m_axi_myHeap_AWREADY">in, 1, m_axi, myHeap, pointer</column>
<column name="m_axi_myHeap_AWADDR">out, 32, m_axi, myHeap, pointer</column>
<column name="m_axi_myHeap_AWID">out, 1, m_axi, myHeap, pointer</column>
<column name="m_axi_myHeap_AWLEN">out, 32, m_axi, myHeap, pointer</column>
<column name="m_axi_myHeap_AWSIZE">out, 3, m_axi, myHeap, pointer</column>
<column name="m_axi_myHeap_AWBURST">out, 2, m_axi, myHeap, pointer</column>
<column name="m_axi_myHeap_AWLOCK">out, 2, m_axi, myHeap, pointer</column>
<column name="m_axi_myHeap_AWCACHE">out, 4, m_axi, myHeap, pointer</column>
<column name="m_axi_myHeap_AWPROT">out, 3, m_axi, myHeap, pointer</column>
<column name="m_axi_myHeap_AWQOS">out, 4, m_axi, myHeap, pointer</column>
<column name="m_axi_myHeap_AWREGION">out, 4, m_axi, myHeap, pointer</column>
<column name="m_axi_myHeap_AWUSER">out, 1, m_axi, myHeap, pointer</column>
<column name="m_axi_myHeap_WVALID">out, 1, m_axi, myHeap, pointer</column>
<column name="m_axi_myHeap_WREADY">in, 1, m_axi, myHeap, pointer</column>
<column name="m_axi_myHeap_WDATA">out, 32, m_axi, myHeap, pointer</column>
<column name="m_axi_myHeap_WSTRB">out, 4, m_axi, myHeap, pointer</column>
<column name="m_axi_myHeap_WLAST">out, 1, m_axi, myHeap, pointer</column>
<column name="m_axi_myHeap_WID">out, 1, m_axi, myHeap, pointer</column>
<column name="m_axi_myHeap_WUSER">out, 1, m_axi, myHeap, pointer</column>
<column name="m_axi_myHeap_ARVALID">out, 1, m_axi, myHeap, pointer</column>
<column name="m_axi_myHeap_ARREADY">in, 1, m_axi, myHeap, pointer</column>
<column name="m_axi_myHeap_ARADDR">out, 32, m_axi, myHeap, pointer</column>
<column name="m_axi_myHeap_ARID">out, 1, m_axi, myHeap, pointer</column>
<column name="m_axi_myHeap_ARLEN">out, 32, m_axi, myHeap, pointer</column>
<column name="m_axi_myHeap_ARSIZE">out, 3, m_axi, myHeap, pointer</column>
<column name="m_axi_myHeap_ARBURST">out, 2, m_axi, myHeap, pointer</column>
<column name="m_axi_myHeap_ARLOCK">out, 2, m_axi, myHeap, pointer</column>
<column name="m_axi_myHeap_ARCACHE">out, 4, m_axi, myHeap, pointer</column>
<column name="m_axi_myHeap_ARPROT">out, 3, m_axi, myHeap, pointer</column>
<column name="m_axi_myHeap_ARQOS">out, 4, m_axi, myHeap, pointer</column>
<column name="m_axi_myHeap_ARREGION">out, 4, m_axi, myHeap, pointer</column>
<column name="m_axi_myHeap_ARUSER">out, 1, m_axi, myHeap, pointer</column>
<column name="m_axi_myHeap_RVALID">in, 1, m_axi, myHeap, pointer</column>
<column name="m_axi_myHeap_RREADY">out, 1, m_axi, myHeap, pointer</column>
<column name="m_axi_myHeap_RDATA">in, 32, m_axi, myHeap, pointer</column>
<column name="m_axi_myHeap_RLAST">in, 1, m_axi, myHeap, pointer</column>
<column name="m_axi_myHeap_RID">in, 1, m_axi, myHeap, pointer</column>
<column name="m_axi_myHeap_RUSER">in, 1, m_axi, myHeap, pointer</column>
<column name="m_axi_myHeap_RRESP">in, 2, m_axi, myHeap, pointer</column>
<column name="m_axi_myHeap_BVALID">in, 1, m_axi, myHeap, pointer</column>
<column name="m_axi_myHeap_BREADY">out, 1, m_axi, myHeap, pointer</column>
<column name="m_axi_myHeap_BRESP">in, 2, m_axi, myHeap, pointer</column>
<column name="m_axi_myHeap_BID">in, 1, m_axi, myHeap, pointer</column>
<column name="m_axi_myHeap_BUSER">in, 1, m_axi, myHeap, pointer</column>
<column name="m_axi_Master2SysAlloc_AWVALID">out, 1, m_axi, Master2SysAlloc, pointer</column>
<column name="m_axi_Master2SysAlloc_AWREADY">in, 1, m_axi, Master2SysAlloc, pointer</column>
<column name="m_axi_Master2SysAlloc_AWADDR">out, 32, m_axi, Master2SysAlloc, pointer</column>
<column name="m_axi_Master2SysAlloc_AWID">out, 1, m_axi, Master2SysAlloc, pointer</column>
<column name="m_axi_Master2SysAlloc_AWLEN">out, 32, m_axi, Master2SysAlloc, pointer</column>
<column name="m_axi_Master2SysAlloc_AWSIZE">out, 3, m_axi, Master2SysAlloc, pointer</column>
<column name="m_axi_Master2SysAlloc_AWBURST">out, 2, m_axi, Master2SysAlloc, pointer</column>
<column name="m_axi_Master2SysAlloc_AWLOCK">out, 2, m_axi, Master2SysAlloc, pointer</column>
<column name="m_axi_Master2SysAlloc_AWCACHE">out, 4, m_axi, Master2SysAlloc, pointer</column>
<column name="m_axi_Master2SysAlloc_AWPROT">out, 3, m_axi, Master2SysAlloc, pointer</column>
<column name="m_axi_Master2SysAlloc_AWQOS">out, 4, m_axi, Master2SysAlloc, pointer</column>
<column name="m_axi_Master2SysAlloc_AWREGION">out, 4, m_axi, Master2SysAlloc, pointer</column>
<column name="m_axi_Master2SysAlloc_AWUSER">out, 1, m_axi, Master2SysAlloc, pointer</column>
<column name="m_axi_Master2SysAlloc_WVALID">out, 1, m_axi, Master2SysAlloc, pointer</column>
<column name="m_axi_Master2SysAlloc_WREADY">in, 1, m_axi, Master2SysAlloc, pointer</column>
<column name="m_axi_Master2SysAlloc_WDATA">out, 32, m_axi, Master2SysAlloc, pointer</column>
<column name="m_axi_Master2SysAlloc_WSTRB">out, 4, m_axi, Master2SysAlloc, pointer</column>
<column name="m_axi_Master2SysAlloc_WLAST">out, 1, m_axi, Master2SysAlloc, pointer</column>
<column name="m_axi_Master2SysAlloc_WID">out, 1, m_axi, Master2SysAlloc, pointer</column>
<column name="m_axi_Master2SysAlloc_WUSER">out, 1, m_axi, Master2SysAlloc, pointer</column>
<column name="m_axi_Master2SysAlloc_ARVALID">out, 1, m_axi, Master2SysAlloc, pointer</column>
<column name="m_axi_Master2SysAlloc_ARREADY">in, 1, m_axi, Master2SysAlloc, pointer</column>
<column name="m_axi_Master2SysAlloc_ARADDR">out, 32, m_axi, Master2SysAlloc, pointer</column>
<column name="m_axi_Master2SysAlloc_ARID">out, 1, m_axi, Master2SysAlloc, pointer</column>
<column name="m_axi_Master2SysAlloc_ARLEN">out, 32, m_axi, Master2SysAlloc, pointer</column>
<column name="m_axi_Master2SysAlloc_ARSIZE">out, 3, m_axi, Master2SysAlloc, pointer</column>
<column name="m_axi_Master2SysAlloc_ARBURST">out, 2, m_axi, Master2SysAlloc, pointer</column>
<column name="m_axi_Master2SysAlloc_ARLOCK">out, 2, m_axi, Master2SysAlloc, pointer</column>
<column name="m_axi_Master2SysAlloc_ARCACHE">out, 4, m_axi, Master2SysAlloc, pointer</column>
<column name="m_axi_Master2SysAlloc_ARPROT">out, 3, m_axi, Master2SysAlloc, pointer</column>
<column name="m_axi_Master2SysAlloc_ARQOS">out, 4, m_axi, Master2SysAlloc, pointer</column>
<column name="m_axi_Master2SysAlloc_ARREGION">out, 4, m_axi, Master2SysAlloc, pointer</column>
<column name="m_axi_Master2SysAlloc_ARUSER">out, 1, m_axi, Master2SysAlloc, pointer</column>
<column name="m_axi_Master2SysAlloc_RVALID">in, 1, m_axi, Master2SysAlloc, pointer</column>
<column name="m_axi_Master2SysAlloc_RREADY">out, 1, m_axi, Master2SysAlloc, pointer</column>
<column name="m_axi_Master2SysAlloc_RDATA">in, 32, m_axi, Master2SysAlloc, pointer</column>
<column name="m_axi_Master2SysAlloc_RLAST">in, 1, m_axi, Master2SysAlloc, pointer</column>
<column name="m_axi_Master2SysAlloc_RID">in, 1, m_axi, Master2SysAlloc, pointer</column>
<column name="m_axi_Master2SysAlloc_RUSER">in, 1, m_axi, Master2SysAlloc, pointer</column>
<column name="m_axi_Master2SysAlloc_RRESP">in, 2, m_axi, Master2SysAlloc, pointer</column>
<column name="m_axi_Master2SysAlloc_BVALID">in, 1, m_axi, Master2SysAlloc, pointer</column>
<column name="m_axi_Master2SysAlloc_BREADY">out, 1, m_axi, Master2SysAlloc, pointer</column>
<column name="m_axi_Master2SysAlloc_BRESP">in, 2, m_axi, Master2SysAlloc, pointer</column>
<column name="m_axi_Master2SysAlloc_BID">in, 1, m_axi, Master2SysAlloc, pointer</column>
<column name="m_axi_Master2SysAlloc_BUSER">in, 1, m_axi, Master2SysAlloc, pointer</column>
<column name="fixedStack_address0">out, 6, ap_memory, fixedStack, array</column>
<column name="fixedStack_ce0">out, 1, ap_memory, fixedStack, array</column>
<column name="fixedStack_we0">out, 1, ap_memory, fixedStack, array</column>
<column name="fixedStack_d0">out, 32, ap_memory, fixedStack, array</column>
<column name="fixedStack_q0">in, 32, ap_memory, fixedStack, array</column>
<column name="treePtr">in, 32, ap_none, treePtr, scalar</column>
</table>
</item>
</section>
</profile>
