<stg><name>DeleteTree</name>


<trans_list>

<trans id="74" from="1" to="2">
<condition id="-1">
<or_exp><and_exp></and_exp></or_exp>
</condition>
</trans>

<trans id="75" from="2" to="3">
<condition id="-1">
<or_exp><and_exp><literal name="phi_ln192" val="1"/>
</and_exp></or_exp>
</condition>
</trans>

<trans id="77" from="3" to="5">
<condition id="-1">
<or_exp><and_exp><literal name="or_ln200" val="1"/>
</and_exp><and_exp><literal name="icmp_ln195" val="0"/>
</and_exp></or_exp>
</condition>
</trans>

<trans id="79" from="3" to="4">
<condition id="-1">
<or_exp><and_exp><literal name="icmp_ln195" val="1"/>
<literal name="or_ln200" val="0"/>
</and_exp></or_exp>
</condition>
</trans>

<trans id="81" from="4" to="5">
<condition id="-1">
<or_exp><and_exp></and_exp></or_exp>
</condition>
</trans>

<trans id="85" from="5" to="2">
<condition id="-1">
<or_exp><and_exp></and_exp></or_exp>
</condition>
</trans>
</trans_list>



<state_list>

<state id="1" st_id="1">

<operation id="6" st_id="1" stage="1" lat="1">
<core>NULL</core>
<MemPortIdVec></MemPortIdVec>
<condition id="-1">
<or_exp><and_exp></and_exp></or_exp>
</condition>

<Node id="5" bw="32" op_0_bw="32">
<![CDATA[
:0  %currentPtr = alloca i32

]]></Node>
<StgValue><ssdm name="currentPtr"/></StgValue>
</operation>

<operation id="7" st_id="1" stage="1" lat="1">
<core>NULL</core>
<MemPortIdVec></MemPortIdVec>
<condition id="-1">
<or_exp><and_exp></and_exp></or_exp>
</condition>

<Node id="6" bw="2" op_0_bw="32">
<![CDATA[
:1  %flag_stackIsUsed_0 = alloca i2

]]></Node>
<StgValue><ssdm name="flag_stackIsUsed_0"/></StgValue>
</operation>

<operation id="8" st_id="1" stage="1" lat="1">
<core>NULL</core>
<MemPortIdVec></MemPortIdVec>
<condition id="-1">
<or_exp><and_exp></and_exp></or_exp>
</condition>

<Node id="7" bw="32" op_0_bw="32">
<![CDATA[
:2  %pointer_assign = alloca i32

]]></Node>
<StgValue><ssdm name="pointer_assign"/></StgValue>
</operation>

<operation id="9" st_id="1" stage="1" lat="1">
<core>NULL</core>
<MemPortIdVec></MemPortIdVec>
<condition id="-1">
<or_exp><and_exp></and_exp></or_exp>
</condition>

<Node id="8" bw="32" op_0_bw="32">
<![CDATA[
:3  %hdStack_assign = alloca i32

]]></Node>
<StgValue><ssdm name="hdStack_assign"/></StgValue>
</operation>

<operation id="10" st_id="1" stage="1" lat="1">
<core>NULL</core>
<MemPortIdVec></MemPortIdVec>
<condition id="-1">
<or_exp><and_exp></and_exp></or_exp>
</condition>

<Node id="9" bw="0" op_0_bw="0" op_1_bw="32" op_2_bw="0" op_3_bw="32" op_4_bw="32" op_5_bw="0" op_6_bw="32" op_7_bw="32" op_8_bw="0" op_9_bw="0" op_10_bw="0" op_11_bw="32" op_12_bw="32" op_13_bw="32" op_14_bw="32" op_15_bw="0" op_16_bw="0">
<![CDATA[
:4  call void (...)* @_ssdm_op_SpecInterface(i32* %myHeap, [6 x i8]* @p_str3, i32 0, i32 0, [1 x i8]* @p_str1, i32 0, i32 1, [1 x i8]* @p_str1, [4 x i8]* @p_str4, [1 x i8]* @p_str1, i32 16, i32 16, i32 16, i32 16, [1 x i8]* @p_str1, [1 x i8]* @p_str1) nounwind

]]></Node>
<StgValue><ssdm name="specinterface_ln0"/></StgValue>
</operation>

<operation id="11" st_id="1" stage="1" lat="1">
<core>NULL</core>
<MemPortIdVec></MemPortIdVec>
<condition id="-1">
<or_exp><and_exp></and_exp></or_exp>
</condition>

<Node id="10" bw="0" op_0_bw="0" op_1_bw="32" op_2_bw="0" op_3_bw="32" op_4_bw="32" op_5_bw="0" op_6_bw="32" op_7_bw="32" op_8_bw="0" op_9_bw="0" op_10_bw="0" op_11_bw="32" op_12_bw="32" op_13_bw="32" op_14_bw="32" op_15_bw="0" op_16_bw="0">
<![CDATA[
:5  call void (...)* @_ssdm_op_SpecInterface(i32* %Master2SysAlloc, [6 x i8]* @p_str3, i32 0, i32 0, [1 x i8]* @p_str1, i32 0, i32 1, [1 x i8]* @p_str1, [4 x i8]* @p_str4, [1 x i8]* @p_str1, i32 16, i32 16, i32 16, i32 16, [1 x i8]* @p_str1, [1 x i8]* @p_str1) nounwind

]]></Node>
<StgValue><ssdm name="specinterface_ln0"/></StgValue>
</operation>

<operation id="12" st_id="1" stage="1" lat="1">
<core>NULL</core>
<MemPortIdVec></MemPortIdVec>
<condition id="-1">
<or_exp><and_exp></and_exp></or_exp>
</condition>

<Node id="11" bw="32" op_0_bw="32" op_1_bw="32">
<![CDATA[
:6  %treePtr_read = call i32 @_ssdm_op_Read.ap_auto.i32(i32 %treePtr)

]]></Node>
<StgValue><ssdm name="treePtr_read"/></StgValue>
</operation>

<operation id="13" st_id="1" stage="1" lat="1">
<core>NULL</core>
<MemPortIdVec></MemPortIdVec>
<condition id="-1">
<or_exp><and_exp></and_exp></or_exp>
</condition>

<Node id="12" bw="0" op_0_bw="32" op_1_bw="32">
<![CDATA[
:7  store i32 0, i32* %hdStack_assign

]]></Node>
<StgValue><ssdm name="store_ln192"/></StgValue>
</operation>

<operation id="14" st_id="1" stage="1" lat="1">
<core>NULL</core>
<MemPortIdVec></MemPortIdVec>
<condition id="-1">
<or_exp><and_exp></and_exp></or_exp>
</condition>

<Node id="13" bw="0" op_0_bw="32" op_1_bw="32">
<![CDATA[
:8  store i32 %treePtr_read, i32* %pointer_assign

]]></Node>
<StgValue><ssdm name="store_ln192"/></StgValue>
</operation>

<operation id="15" st_id="1" stage="1" lat="1">
<core>NULL</core>
<MemPortIdVec></MemPortIdVec>
<condition id="-1">
<or_exp><and_exp></and_exp></or_exp>
</condition>

<Node id="14" bw="0" op_0_bw="2" op_1_bw="2">
<![CDATA[
:9  store i2 0, i2* %flag_stackIsUsed_0

]]></Node>
<StgValue><ssdm name="store_ln192"/></StgValue>
</operation>

<operation id="16" st_id="1" stage="1" lat="1">
<core>NULL</core>
<MemPortIdVec></MemPortIdVec>
<condition id="-1">
<or_exp><and_exp></and_exp></or_exp>
</condition>

<Node id="15" bw="0" op_0_bw="0">
<![CDATA[
:10  br label %.backedge

]]></Node>
<StgValue><ssdm name="br_ln192"/></StgValue>
</operation>
</state>

<state id="2" st_id="2">

<operation id="17" st_id="2" stage="1" lat="1">
<core>NULL</core>
<MemPortIdVec></MemPortIdVec>
<condition id="-1">
<or_exp><and_exp></and_exp></or_exp>
</condition>

<Node id="17" bw="1" op_0_bw="1" op_1_bw="0" op_2_bw="1" op_3_bw="0">
<![CDATA[
.backedge:0  %phi_ln192 = phi i1 [ true, %0 ], [ %phi_ln192_be, %.backedge.backedge ]

]]></Node>
<StgValue><ssdm name="phi_ln192"/></StgValue>
</operation>

<operation id="18" st_id="2" stage="1" lat="1">
<core>NULL</core>
<MemPortIdVec></MemPortIdVec>
<condition id="-1">
<or_exp><and_exp></and_exp></or_exp>
</condition>

<Node id="18" bw="32" op_0_bw="32" op_1_bw="0">
<![CDATA[
.backedge:1  %pointer_assign_load = load i32* %pointer_assign

]]></Node>
<StgValue><ssdm name="pointer_assign_load"/></StgValue>
</operation>

<operation id="19" st_id="2" stage="1" lat="1">
<core>NULL</core>
<MemPortIdVec></MemPortIdVec>
<condition id="-1">
<or_exp><and_exp></and_exp></or_exp>
</condition>

<Node id="19" bw="0" op_0_bw="1" op_1_bw="0" op_2_bw="0">
<![CDATA[
.backedge:2  br i1 %phi_ln192, label %1, label %10

]]></Node>
<StgValue><ssdm name="br_ln192"/></StgValue>
</operation>

<operation id="20" st_id="2" stage="2" lat="2">
<core></core>
<MemPortIdVec></MemPortIdVec>
<condition id="-1">
<or_exp><and_exp><literal name="phi_ln192" val="1"/>
</and_exp></or_exp>
</condition>

<Node id="21" bw="64" op_0_bw="64" op_1_bw="32" op_2_bw="32" op_3_bw="32">
<![CDATA[
:0  %call_ret = call fastcc { i32, i32 } @DeleteTreeSub(i32* %myHeap, i32* %Master2SysAlloc, i32 %pointer_assign_load)

]]></Node>
<StgValue><ssdm name="call_ret"/></StgValue>
</operation>

<operation id="21" st_id="2" stage="1" lat="1">
<core>NULL</core>
<MemPortIdVec></MemPortIdVec>
<condition id="-1">
<or_exp><and_exp><literal name="phi_ln192" val="0"/>
</and_exp></or_exp>
</condition>

<Node id="80" bw="32" op_0_bw="32">
<![CDATA[
:0  %currentPtr_load = load i32* %currentPtr

]]></Node>
<StgValue><ssdm name="currentPtr_load"/></StgValue>
</operation>

<operation id="22" st_id="2" stage="1" lat="1">
<core>NULL</core>
<MemPortIdVec></MemPortIdVec>
<condition id="-1">
<or_exp><and_exp><literal name="phi_ln192" val="0"/>
</and_exp></or_exp>
</condition>

<Node id="81" bw="0" op_0_bw="32">
<![CDATA[
:1  ret i32 %currentPtr_load

]]></Node>
<StgValue><ssdm name="ret_ln232"/></StgValue>
</operation>
</state>

<state id="3" st_id="3">

<operation id="23" st_id="3" stage="1" lat="2">
<core></core>
<MemPortIdVec></MemPortIdVec>
<condition id="-1">
<or_exp><and_exp></and_exp></or_exp>
</condition>

<Node id="21" bw="64" op_0_bw="64" op_1_bw="32" op_2_bw="32" op_3_bw="32">
<![CDATA[
:0  %call_ret = call fastcc { i32, i32 } @DeleteTreeSub(i32* %myHeap, i32* %Master2SysAlloc, i32 %pointer_assign_load)

]]></Node>
<StgValue><ssdm name="call_ret"/></StgValue>
</operation>

<operation id="24" st_id="3" stage="1" lat="1">
<core>NULL</core>
<MemPortIdVec></MemPortIdVec>
<condition id="-1">
<or_exp><and_exp></and_exp></or_exp>
</condition>

<Node id="22" bw="32" op_0_bw="64">
<![CDATA[
:1  %subResult_feedback = extractvalue { i32, i32 } %call_ret, 0

]]></Node>
<StgValue><ssdm name="subResult_feedback"/></StgValue>
</operation>

<operation id="25" st_id="3" stage="1" lat="1">
<core>NULL</core>
<MemPortIdVec></MemPortIdVec>
<condition id="-1">
<or_exp><and_exp></and_exp></or_exp>
</condition>

<Node id="23" bw="32" op_0_bw="64">
<![CDATA[
:2  %returnPtr = extractvalue { i32, i32 } %call_ret, 1

]]></Node>
<StgValue><ssdm name="returnPtr"/></StgValue>
</operation>

<operation id="26" st_id="3" stage="1" lat="1">
<core>Cmp</core>
<MemPortIdVec></MemPortIdVec>
<condition id="-1">
<or_exp><and_exp></and_exp></or_exp>
</condition>

<Node id="24" bw="1" op_0_bw="32" op_1_bw="32">
<![CDATA[
:3  %icmp_ln195 = icmp eq i32 %subResult_feedback, 1

]]></Node>
<StgValue><ssdm name="icmp_ln195"/></StgValue>
</operation>

<operation id="27" st_id="3" stage="1" lat="1">
<core>NULL</core>
<MemPortIdVec></MemPortIdVec>
<condition id="-1">
<or_exp><and_exp></and_exp></or_exp>
</condition>

<Node id="25" bw="0" op_0_bw="1" op_1_bw="0" op_2_bw="0">
<![CDATA[
:4  br i1 %icmp_ln195, label %2, label %7

]]></Node>
<StgValue><ssdm name="br_ln195"/></StgValue>
</operation>

<operation id="28" st_id="3" stage="1" lat="1">
<core>Cmp</core>
<MemPortIdVec></MemPortIdVec>
<condition id="-1">
<or_exp><and_exp><literal name="icmp_ln195" val="0"/>
</and_exp></or_exp>
</condition>

<Node id="27" bw="1" op_0_bw="32" op_1_bw="32">
<![CDATA[
:0  %icmp_ln219 = icmp eq i32 %subResult_feedback, 2

]]></Node>
<StgValue><ssdm name="icmp_ln219"/></StgValue>
</operation>

<operation id="29" st_id="3" stage="1" lat="1">
<core>NULL</core>
<MemPortIdVec></MemPortIdVec>
<condition id="-1">
<or_exp><and_exp><literal name="icmp_ln195" val="0"/>
</and_exp></or_exp>
</condition>

<Node id="28" bw="0" op_0_bw="32" op_1_bw="32" op_2_bw="0" op_3_bw="32">
<![CDATA[
:1  store i32 %returnPtr, i32* %pointer_assign

]]></Node>
<StgValue><ssdm name="store_ln219"/></StgValue>
</operation>

<operation id="30" st_id="3" stage="1" lat="1">
<core>NULL</core>
<MemPortIdVec></MemPortIdVec>
<condition id="-1">
<or_exp><and_exp><literal name="icmp_ln195" val="0"/>
</and_exp></or_exp>
</condition>

<Node id="29" bw="0" op_0_bw="2" op_1_bw="2" op_2_bw="0">
<![CDATA[
:2  store i2 1, i2* %flag_stackIsUsed_0

]]></Node>
<StgValue><ssdm name="store_ln219"/></StgValue>
</operation>

<operation id="31" st_id="3" stage="1" lat="1">
<core>NULL</core>
<MemPortIdVec></MemPortIdVec>
<condition id="-1">
<or_exp><and_exp><literal name="icmp_ln195" val="0"/>
</and_exp></or_exp>
</condition>

<Node id="30" bw="32" op_0_bw="32" op_1_bw="0">
<![CDATA[
:3  %hdStack_assign_load3 = load i32* %hdStack_assign

]]></Node>
<StgValue><ssdm name="hdStack_assign_load3"/></StgValue>
</operation>

<operation id="32" st_id="3" stage="1" lat="1">
<core>NULL</core>
<MemPortIdVec></MemPortIdVec>
<condition id="-1">
<or_exp><and_exp><literal name="icmp_ln195" val="0"/>
</and_exp></or_exp>
</condition>

<Node id="31" bw="0" op_0_bw="1" op_1_bw="0" op_2_bw="0">
<![CDATA[
:4  br i1 %icmp_ln219, label %8, label %9

]]></Node>
<StgValue><ssdm name="br_ln219"/></StgValue>
</operation>

<operation id="33" st_id="3" stage="1" lat="1">
<core>NULL</core>
<MemPortIdVec></MemPortIdVec>
<condition id="-1">
<or_exp><and_exp><literal name="icmp_ln195" val="0"/>
<literal name="icmp_ln219" val="0"/>
</and_exp></or_exp>
</condition>

<Node id="33" bw="32" op_0_bw="32" op_1_bw="32">
<![CDATA[
:0  %nodeData = or i32 %pointer_assign_load, -2147483648

]]></Node>
<StgValue><ssdm name="nodeData"/></StgValue>
</operation>

<operation id="34" st_id="3" stage="1" lat="1">
<core>AddSub</core>
<MemPortIdVec></MemPortIdVec>
<condition id="-1">
<or_exp><and_exp><literal name="icmp_ln195" val="0"/>
<literal name="icmp_ln219" val="0"/>
</and_exp></or_exp>
</condition>

<Node id="34" bw="32" op_0_bw="32" op_1_bw="32">
<![CDATA[
:1  %output_hdPtr_avl_6 = add nsw i32 %hdStack_assign_load3, 1

]]></Node>
<StgValue><ssdm name="output_hdPtr_avl_6"/></StgValue>
</operation>

<operation id="35" st_id="3" stage="1" lat="1">
<core>NULL</core>
<MemPortIdVec></MemPortIdVec>
<condition id="-1">
<or_exp><and_exp><literal name="icmp_ln195" val="0"/>
<literal name="icmp_ln219" val="0"/>
</and_exp></or_exp>
</condition>

<Node id="35" bw="64" op_0_bw="32">
<![CDATA[
:2  %sext_ln51_3 = sext i32 %output_hdPtr_avl_6 to i64

]]></Node>
<StgValue><ssdm name="sext_ln51_3"/></StgValue>
</operation>

<operation id="36" st_id="3" stage="1" lat="1">
<core>NULL</core>
<MemPortIdVec></MemPortIdVec>
<condition id="-1">
<or_exp><and_exp><literal name="icmp_ln195" val="0"/>
<literal name="icmp_ln219" val="0"/>
</and_exp></or_exp>
</condition>

<Node id="36" bw="6" op_0_bw="32" op_1_bw="64" op_2_bw="64">
<![CDATA[
:3  %fixedStack_addr_8 = getelementptr [40 x i32]* %fixedStack, i64 0, i64 %sext_ln51_3

]]></Node>
<StgValue><ssdm name="fixedStack_addr_8"/></StgValue>
</operation>

<operation id="37" st_id="3" stage="1" lat="1">
<core>RAM</core>
<MemPortIdVec></MemPortIdVec>
<condition id="-1">
<or_exp><and_exp><literal name="icmp_ln195" val="0"/>
<literal name="icmp_ln219" val="0"/>
</and_exp></or_exp>
</condition>

<Node id="37" bw="0" op_0_bw="32" op_1_bw="6">
<![CDATA[
:4  store i32 %nodeData, i32* %fixedStack_addr_8, align 4

]]></Node>
<StgValue><ssdm name="store_ln51"/></StgValue>
</operation>

<operation id="38" st_id="3" stage="1" lat="1">
<core>NULL</core>
<MemPortIdVec></MemPortIdVec>
<condition id="-1">
<or_exp><and_exp><literal name="icmp_ln195" val="0"/>
<literal name="icmp_ln219" val="0"/>
</and_exp></or_exp>
</condition>

<Node id="38" bw="0" op_0_bw="32" op_1_bw="32" op_2_bw="0" op_3_bw="32">
<![CDATA[
:5  store i32 %output_hdPtr_avl_6, i32* %hdStack_assign

]]></Node>
<StgValue><ssdm name="store_ln51"/></StgValue>
</operation>

<operation id="39" st_id="3" stage="1" lat="1">
<core>NULL</core>
<MemPortIdVec></MemPortIdVec>
<condition id="-1">
<or_exp><and_exp><literal name="icmp_ln195" val="0"/>
<literal name="icmp_ln219" val="0"/>
</and_exp></or_exp>
</condition>

<Node id="39" bw="0" op_0_bw="0">
<![CDATA[
:6  br label %.backedge.backedge

]]></Node>
<StgValue><ssdm name="br_ln0"/></StgValue>
</operation>

<operation id="40" st_id="3" stage="1" lat="1">
<core>AddSub</core>
<MemPortIdVec></MemPortIdVec>
<condition id="-1">
<or_exp><and_exp><literal name="icmp_ln195" val="0"/>
<literal name="icmp_ln219" val="1"/>
</and_exp></or_exp>
</condition>

<Node id="41" bw="32" op_0_bw="32" op_1_bw="32">
<![CDATA[
:0  %output_hdPtr_avl_5 = add nsw i32 %hdStack_assign_load3, 1

]]></Node>
<StgValue><ssdm name="output_hdPtr_avl_5"/></StgValue>
</operation>

<operation id="41" st_id="3" stage="1" lat="1">
<core>NULL</core>
<MemPortIdVec></MemPortIdVec>
<condition id="-1">
<or_exp><and_exp><literal name="icmp_ln195" val="0"/>
<literal name="icmp_ln219" val="1"/>
</and_exp></or_exp>
</condition>

<Node id="42" bw="64" op_0_bw="32">
<![CDATA[
:1  %sext_ln51 = sext i32 %output_hdPtr_avl_5 to i64

]]></Node>
<StgValue><ssdm name="sext_ln51"/></StgValue>
</operation>

<operation id="42" st_id="3" stage="1" lat="1">
<core>NULL</core>
<MemPortIdVec></MemPortIdVec>
<condition id="-1">
<or_exp><and_exp><literal name="icmp_ln195" val="0"/>
<literal name="icmp_ln219" val="1"/>
</and_exp></or_exp>
</condition>

<Node id="43" bw="6" op_0_bw="32" op_1_bw="64" op_2_bw="64">
<![CDATA[
:2  %fixedStack_addr_7 = getelementptr [40 x i32]* %fixedStack, i64 0, i64 %sext_ln51

]]></Node>
<StgValue><ssdm name="fixedStack_addr_7"/></StgValue>
</operation>

<operation id="43" st_id="3" stage="1" lat="1">
<core>RAM</core>
<MemPortIdVec></MemPortIdVec>
<condition id="-1">
<or_exp><and_exp><literal name="icmp_ln195" val="0"/>
<literal name="icmp_ln219" val="1"/>
</and_exp></or_exp>
</condition>

<Node id="44" bw="0" op_0_bw="32" op_1_bw="6">
<![CDATA[
:3  store i32 %pointer_assign_load, i32* %fixedStack_addr_7, align 4

]]></Node>
<StgValue><ssdm name="store_ln51"/></StgValue>
</operation>

<operation id="44" st_id="3" stage="1" lat="1">
<core>NULL</core>
<MemPortIdVec></MemPortIdVec>
<condition id="-1">
<or_exp><and_exp><literal name="icmp_ln195" val="0"/>
<literal name="icmp_ln219" val="1"/>
</and_exp></or_exp>
</condition>

<Node id="45" bw="0" op_0_bw="32" op_1_bw="32" op_2_bw="0" op_3_bw="32">
<![CDATA[
:4  store i32 %output_hdPtr_avl_5, i32* %hdStack_assign

]]></Node>
<StgValue><ssdm name="store_ln224"/></StgValue>
</operation>

<operation id="45" st_id="3" stage="1" lat="1">
<core>NULL</core>
<MemPortIdVec></MemPortIdVec>
<condition id="-1">
<or_exp><and_exp><literal name="icmp_ln195" val="0"/>
<literal name="icmp_ln219" val="1"/>
</and_exp></or_exp>
</condition>

<Node id="46" bw="0" op_0_bw="0">
<![CDATA[
:5  br label %.backedge.backedge

]]></Node>
<StgValue><ssdm name="br_ln224"/></StgValue>
</operation>

<operation id="46" st_id="3" stage="1" lat="1">
<core>NULL</core>
<MemPortIdVec></MemPortIdVec>
<condition id="-1">
<or_exp><and_exp><literal name="icmp_ln195" val="1"/>
</and_exp></or_exp>
</condition>

<Node id="48" bw="2" op_0_bw="2" op_1_bw="0">
<![CDATA[
:0  %flag_stackIsUsed_0_l = load i2* %flag_stackIsUsed_0

]]></Node>
<StgValue><ssdm name="flag_stackIsUsed_0_l"/></StgValue>
</operation>

<operation id="47" st_id="3" stage="1" lat="1">
<core>NULL</core>
<MemPortIdVec></MemPortIdVec>
<condition id="-1">
<or_exp><and_exp><literal name="icmp_ln195" val="1"/>
</and_exp></or_exp>
</condition>

<Node id="49" bw="32" op_0_bw="32" op_1_bw="0">
<![CDATA[
:1  %hdStack_assign_load = load i32* %hdStack_assign

]]></Node>
<StgValue><ssdm name="hdStack_assign_load"/></StgValue>
</operation>

<operation id="48" st_id="3" stage="1" lat="1">
<core>Cmp</core>
<MemPortIdVec></MemPortIdVec>
<condition id="-1">
<or_exp><and_exp><literal name="icmp_ln195" val="1"/>
</and_exp></or_exp>
</condition>

<Node id="50" bw="1" op_0_bw="2" op_1_bw="2">
<![CDATA[
:2  %icmp_ln196 = icmp eq i2 %flag_stackIsUsed_0_l, 0

]]></Node>
<StgValue><ssdm name="icmp_ln196"/></StgValue>
</operation>

<operation id="49" st_id="3" stage="1" lat="1">
<core>Cmp</core>
<MemPortIdVec></MemPortIdVec>
<condition id="-1">
<or_exp><and_exp><literal name="icmp_ln195" val="1"/>
</and_exp></or_exp>
</condition>

<Node id="51" bw="1" op_0_bw="32" op_1_bw="32">
<![CDATA[
:3  %icmp_ln200 = icmp eq i32 %hdStack_assign_load, 0

]]></Node>
<StgValue><ssdm name="icmp_ln200"/></StgValue>
</operation>

<operation id="50" st_id="3" stage="1" lat="1">
<core>LogicGate</core>
<MemPortIdVec></MemPortIdVec>
<condition id="-1">
<or_exp><and_exp><literal name="icmp_ln195" val="1"/>
</and_exp></or_exp>
</condition>

<Node id="52" bw="1" op_0_bw="1" op_1_bw="1">
<![CDATA[
:4  %or_ln200 = or i1 %icmp_ln196, %icmp_ln200

]]></Node>
<StgValue><ssdm name="or_ln200"/></StgValue>
</operation>

<operation id="51" st_id="3" stage="1" lat="1">
<core>NULL</core>
<MemPortIdVec></MemPortIdVec>
<condition id="-1">
<or_exp><and_exp><literal name="icmp_ln195" val="1"/>
</and_exp></or_exp>
</condition>

<Node id="53" bw="0" op_0_bw="1" op_1_bw="0" op_2_bw="0">
<![CDATA[
:5  br i1 %or_ln200, label %..backedge.backedge_crit_edge, label %3

]]></Node>
<StgValue><ssdm name="br_ln196"/></StgValue>
</operation>

<operation id="52" st_id="3" stage="1" lat="1">
<core>NULL</core>
<MemPortIdVec></MemPortIdVec>
<condition id="-1">
<or_exp><and_exp><literal name="icmp_ln195" val="1"/>
<literal name="or_ln200" val="0"/>
</and_exp></or_exp>
</condition>

<Node id="55" bw="64" op_0_bw="32">
<![CDATA[
:0  %sext_ln57 = sext i32 %hdStack_assign_load to i64

]]></Node>
<StgValue><ssdm name="sext_ln57"/></StgValue>
</operation>

<operation id="53" st_id="3" stage="1" lat="1">
<core>NULL</core>
<MemPortIdVec></MemPortIdVec>
<condition id="-1">
<or_exp><and_exp><literal name="icmp_ln195" val="1"/>
<literal name="or_ln200" val="0"/>
</and_exp></or_exp>
</condition>

<Node id="56" bw="6" op_0_bw="32" op_1_bw="64" op_2_bw="64">
<![CDATA[
:1  %fixedStack_addr = getelementptr [40 x i32]* %fixedStack, i64 0, i64 %sext_ln57

]]></Node>
<StgValue><ssdm name="fixedStack_addr"/></StgValue>
</operation>

<operation id="54" st_id="3" stage="2" lat="2">
<core>RAM</core>
<MemPortIdVec></MemPortIdVec>
<condition id="-1">
<or_exp><and_exp><literal name="icmp_ln195" val="1"/>
<literal name="or_ln200" val="0"/>
</and_exp></or_exp>
</condition>

<Node id="57" bw="32" op_0_bw="6">
<![CDATA[
:2  %stackOut = load i32* %fixedStack_addr, align 4

]]></Node>
<StgValue><ssdm name="stackOut"/></StgValue>
</operation>

<operation id="55" st_id="3" stage="1" lat="1">
<core>NULL</core>
<MemPortIdVec></MemPortIdVec>
<condition id="-1">
<or_exp><and_exp><literal name="icmp_ln195" val="1"/>
<literal name="or_ln200" val="1"/>
</and_exp></or_exp>
</condition>

<Node id="74" bw="0" op_0_bw="32" op_1_bw="32">
<![CDATA[
..backedge.backedge_crit_edge:0  store i32 %returnPtr, i32* %currentPtr

]]></Node>
<StgValue><ssdm name="store_ln196"/></StgValue>
</operation>

<operation id="56" st_id="3" stage="1" lat="1">
<core>NULL</core>
<MemPortIdVec></MemPortIdVec>
<condition id="-1">
<or_exp><and_exp><literal name="icmp_ln195" val="1"/>
<literal name="or_ln200" val="1"/>
</and_exp></or_exp>
</condition>

<Node id="75" bw="0" op_0_bw="0">
<![CDATA[
..backedge.backedge_crit_edge:1  br label %.backedge.backedge

]]></Node>
<StgValue><ssdm name="br_ln196"/></StgValue>
</operation>
</state>

<state id="4" st_id="4">

<operation id="57" st_id="4" stage="1" lat="2">
<core>RAM</core>
<MemPortIdVec></MemPortIdVec>
<condition id="-1">
<or_exp><and_exp></and_exp></or_exp>
</condition>

<Node id="57" bw="32" op_0_bw="6">
<![CDATA[
:2  %stackOut = load i32* %fixedStack_addr, align 4

]]></Node>
<StgValue><ssdm name="stackOut"/></StgValue>
</operation>

<operation id="58" st_id="4" stage="1" lat="1">
<core>NULL</core>
<MemPortIdVec></MemPortIdVec>
<condition id="-1">
<or_exp><and_exp></and_exp></or_exp>
</condition>

<Node id="58" bw="29" op_0_bw="32">
<![CDATA[
:3  %output_pointer = trunc i32 %stackOut to i29

]]></Node>
<StgValue><ssdm name="output_pointer"/></StgValue>
</operation>

<operation id="59" st_id="4" stage="1" lat="1">
<core>NULL</core>
<MemPortIdVec></MemPortIdVec>
<condition id="-1">
<or_exp><and_exp></and_exp></or_exp>
</condition>

<Node id="59" bw="32" op_0_bw="29">
<![CDATA[
:4  %zext_ln63 = zext i29 %output_pointer to i32

]]></Node>
<StgValue><ssdm name="zext_ln63"/></StgValue>
</operation>

<operation id="60" st_id="4" stage="1" lat="1">
<core>AddSub</core>
<MemPortIdVec></MemPortIdVec>
<condition id="-1">
<or_exp><and_exp></and_exp></or_exp>
</condition>

<Node id="60" bw="32" op_0_bw="32" op_1_bw="32">
<![CDATA[
:5  %output_hdPtr_avl = add nsw i32 -1, %hdStack_assign_load

]]></Node>
<StgValue><ssdm name="output_hdPtr_avl"/></StgValue>
</operation>

<operation id="61" st_id="4" stage="1" lat="1">
<core>NULL</core>
<MemPortIdVec></MemPortIdVec>
<condition id="-1">
<or_exp><and_exp></and_exp></or_exp>
</condition>

<Node id="61" bw="1" op_0_bw="1" op_1_bw="32" op_2_bw="32">
<![CDATA[
:6  %tmp = call i1 @_ssdm_op_BitSelect.i1.i32.i32(i32 %stackOut, i32 31)

]]></Node>
<StgValue><ssdm name="tmp"/></StgValue>
</operation>

<operation id="62" st_id="4" stage="1" lat="1">
<core>NULL</core>
<MemPortIdVec></MemPortIdVec>
<condition id="-1">
<or_exp><and_exp></and_exp></or_exp>
</condition>

<Node id="62" bw="0" op_0_bw="1" op_1_bw="0" op_2_bw="0">
<![CDATA[
:7  br i1 %tmp, label %5, label %4

]]></Node>
<StgValue><ssdm name="br_ln208"/></StgValue>
</operation>

<operation id="63" st_id="4" stage="2" lat="2">
<core></core>
<MemPortIdVec></MemPortIdVec>
<condition id="-1">
<or_exp><and_exp><literal name="tmp" val="0"/>
</and_exp></or_exp>
</condition>

<Node id="64" bw="0" op_0_bw="0" op_1_bw="32" op_2_bw="32" op_3_bw="32" op_4_bw="64" op_5_bw="64">
<![CDATA[
:0  call fastcc void @node_set_left(i32* %myHeap, i32 %zext_ln63, i32 %returnPtr)

]]></Node>
<StgValue><ssdm name="call_ln209"/></StgValue>
</operation>

<operation id="64" st_id="4" stage="2" lat="2">
<core></core>
<MemPortIdVec></MemPortIdVec>
<condition id="-1">
<or_exp><and_exp><literal name="tmp" val="1"/>
</and_exp></or_exp>
</condition>

<Node id="67" bw="0" op_0_bw="0" op_1_bw="32" op_2_bw="32" op_3_bw="32" op_4_bw="64" op_5_bw="64">
<![CDATA[
:0  call fastcc void @node_set_right(i32* %myHeap, i32 %zext_ln63, i32 %returnPtr)

]]></Node>
<StgValue><ssdm name="call_ln211"/></StgValue>
</operation>
</state>

<state id="5" st_id="5">

<operation id="65" st_id="5" stage="1" lat="2">
<core></core>
<MemPortIdVec></MemPortIdVec>
<condition id="-1">
<or_exp><and_exp><literal name="icmp_ln195" val="1"/>
<literal name="or_ln200" val="0"/>
<literal name="tmp" val="0"/>
</and_exp></or_exp>
</condition>

<Node id="64" bw="0" op_0_bw="0" op_1_bw="32" op_2_bw="32" op_3_bw="32" op_4_bw="64" op_5_bw="64">
<![CDATA[
:0  call fastcc void @node_set_left(i32* %myHeap, i32 %zext_ln63, i32 %returnPtr)

]]></Node>
<StgValue><ssdm name="call_ln209"/></StgValue>
</operation>

<operation id="66" st_id="5" stage="1" lat="1">
<core>NULL</core>
<MemPortIdVec></MemPortIdVec>
<condition id="-1">
<or_exp><and_exp><literal name="icmp_ln195" val="1"/>
<literal name="or_ln200" val="0"/>
<literal name="tmp" val="0"/>
</and_exp></or_exp>
</condition>

<Node id="65" bw="0" op_0_bw="0">
<![CDATA[
:1  br label %6

]]></Node>
<StgValue><ssdm name="br_ln210"/></StgValue>
</operation>

<operation id="67" st_id="5" stage="1" lat="2">
<core></core>
<MemPortIdVec></MemPortIdVec>
<condition id="-1">
<or_exp><and_exp><literal name="icmp_ln195" val="1"/>
<literal name="or_ln200" val="0"/>
<literal name="tmp" val="1"/>
</and_exp></or_exp>
</condition>

<Node id="67" bw="0" op_0_bw="0" op_1_bw="32" op_2_bw="32" op_3_bw="32" op_4_bw="64" op_5_bw="64">
<![CDATA[
:0  call fastcc void @node_set_right(i32* %myHeap, i32 %zext_ln63, i32 %returnPtr)

]]></Node>
<StgValue><ssdm name="call_ln211"/></StgValue>
</operation>

<operation id="68" st_id="5" stage="1" lat="1">
<core>NULL</core>
<MemPortIdVec></MemPortIdVec>
<condition id="-1">
<or_exp><and_exp><literal name="icmp_ln195" val="1"/>
<literal name="or_ln200" val="0"/>
<literal name="tmp" val="1"/>
</and_exp></or_exp>
</condition>

<Node id="68" bw="0" op_0_bw="0">
<![CDATA[
:1  br label %6

]]></Node>
<StgValue><ssdm name="br_ln0"/></StgValue>
</operation>

<operation id="69" st_id="5" stage="1" lat="1">
<core>NULL</core>
<MemPortIdVec></MemPortIdVec>
<condition id="-1">
<or_exp><and_exp><literal name="icmp_ln195" val="1"/>
<literal name="or_ln200" val="0"/>
</and_exp></or_exp>
</condition>

<Node id="70" bw="0" op_0_bw="32" op_1_bw="32" op_2_bw="0" op_3_bw="32">
<![CDATA[
:0  store i32 %output_hdPtr_avl, i32* %hdStack_assign

]]></Node>
<StgValue><ssdm name="store_ln64"/></StgValue>
</operation>

<operation id="70" st_id="5" stage="1" lat="1">
<core>NULL</core>
<MemPortIdVec></MemPortIdVec>
<condition id="-1">
<or_exp><and_exp><literal name="icmp_ln195" val="1"/>
<literal name="or_ln200" val="0"/>
</and_exp></or_exp>
</condition>

<Node id="71" bw="0" op_0_bw="32" op_1_bw="32" op_2_bw="0" op_3_bw="32">
<![CDATA[
:1  store i32 %zext_ln63, i32* %pointer_assign

]]></Node>
<StgValue><ssdm name="store_ln63"/></StgValue>
</operation>

<operation id="71" st_id="5" stage="1" lat="1">
<core>NULL</core>
<MemPortIdVec></MemPortIdVec>
<condition id="-1">
<or_exp><and_exp><literal name="icmp_ln195" val="1"/>
<literal name="or_ln200" val="0"/>
</and_exp></or_exp>
</condition>

<Node id="72" bw="0" op_0_bw="0">
<![CDATA[
:2  br label %.backedge.backedge

]]></Node>
<StgValue><ssdm name="br_ln0"/></StgValue>
</operation>

<operation id="72" st_id="5" stage="1" lat="1">
<core>NULL</core>
<MemPortIdVec></MemPortIdVec>
<condition id="-1">
<or_exp><and_exp></and_exp></or_exp>
</condition>

<Node id="77" bw="1" op_0_bw="1" op_1_bw="0" op_2_bw="1" op_3_bw="0" op_4_bw="1" op_5_bw="0" op_6_bw="1" op_7_bw="0">
<![CDATA[
.backedge.backedge:0  %phi_ln192_be = phi i1 [ false, %..backedge.backedge_crit_edge ], [ true, %6 ], [ true, %8 ], [ true, %9 ]

]]></Node>
<StgValue><ssdm name="phi_ln192_be"/></StgValue>
</operation>

<operation id="73" st_id="5" stage="1" lat="1">
<core>NULL</core>
<MemPortIdVec></MemPortIdVec>
<condition id="-1">
<or_exp><and_exp></and_exp></or_exp>
</condition>

<Node id="78" bw="0" op_0_bw="0">
<![CDATA[
.backedge.backedge:1  br label %.backedge

]]></Node>
<StgValue><ssdm name="br_ln0"/></StgValue>
</operation>
</state>
</state_list>


<ports>
</ports>


<dataflows>
</dataflows>


</stg>
