<stg><name>DeleteTreeNode</name>


<trans_list>

<trans id="204" from="1" to="2">
<condition id="-1">
<or_exp><and_exp></and_exp></or_exp>
</condition>
</trans>

<trans id="205" from="2" to="3">
<condition id="-1">
<or_exp><and_exp><literal name="phi_ln264" val="1"/>
</and_exp></or_exp>
</condition>
</trans>

<trans id="207" from="3" to="9">
<condition id="-1">
<or_exp><and_exp><literal name="icmp_ln266" val="1"/>
</and_exp></or_exp>
</condition>
</trans>

<trans id="208" from="3" to="4">
<condition id="-1">
<or_exp><and_exp><literal name="icmp_ln266" val="0"/>
<literal name="icmp_ln330" val="0"/>
</and_exp></or_exp>
</condition>
</trans>

<trans id="209" from="3" to="6">
<condition id="-1">
<or_exp><and_exp><literal name="icmp_ln266" val="0"/>
<literal name="icmp_ln330" val="1"/>
</and_exp></or_exp>
</condition>
</trans>

<trans id="210" from="4" to="5">
<condition id="-1">
<or_exp><and_exp></and_exp></or_exp>
</condition>
</trans>

<trans id="211" from="5" to="8">
<condition id="-1">
<or_exp><and_exp></and_exp></or_exp>
</condition>
</trans>

<trans id="212" from="6" to="7">
<condition id="-1">
<or_exp><and_exp></and_exp></or_exp>
</condition>
</trans>

<trans id="213" from="7" to="8">
<condition id="-1">
<or_exp><and_exp></and_exp></or_exp>
</condition>
</trans>

<trans id="214" from="8" to="44">
<condition id="-1">
<or_exp><and_exp></and_exp></or_exp>
</condition>
</trans>

<trans id="215" from="9" to="10">
<condition id="-1">
<or_exp><and_exp></and_exp></or_exp>
</condition>
</trans>

<trans id="216" from="10" to="11">
<condition id="-1">
<or_exp><and_exp></and_exp></or_exp>
</condition>
</trans>

<trans id="217" from="11" to="12">
<condition id="-1">
<or_exp><and_exp></and_exp></or_exp>
</condition>
</trans>

<trans id="218" from="12" to="13">
<condition id="-1">
<or_exp><and_exp><literal name="or_ln271" val="0"/>
</and_exp></or_exp>
</condition>
</trans>

<trans id="230" from="12" to="25">
<condition id="-1">
<or_exp><and_exp><literal name="or_ln271" val="1"/>
<literal name="icmp_ln271" val="0"/>
</and_exp></or_exp>
</condition>
</trans>

<trans id="235" from="12" to="29">
<condition id="-1">
<or_exp><and_exp><literal name="or_ln271" val="1"/>
<literal name="icmp_ln271" val="1"/>
<literal name="icmp_ln271_1" val="0"/>
</and_exp></or_exp>
</condition>
</trans>

<trans id="236" from="12" to="33">
<condition id="-1">
<or_exp><and_exp><literal name="or_ln271" val="1"/>
<literal name="icmp_ln271" val="1"/>
<literal name="icmp_ln271_1" val="1"/>
</and_exp></or_exp>
</condition>
</trans>

<trans id="219" from="13" to="14">
<condition id="-1">
<or_exp><and_exp></and_exp></or_exp>
</condition>
</trans>

<trans id="220" from="14" to="15">
<condition id="-1">
<or_exp><and_exp></and_exp></or_exp>
</condition>
</trans>

<trans id="221" from="15" to="16">
<condition id="-1">
<or_exp><and_exp></and_exp></or_exp>
</condition>
</trans>

<trans id="222" from="16" to="17">
<condition id="-1">
<or_exp><and_exp></and_exp></or_exp>
</condition>
</trans>

<trans id="223" from="17" to="18">
<condition id="-1">
<or_exp><and_exp></and_exp></or_exp>
</condition>
</trans>

<trans id="224" from="18" to="19">
<condition id="-1">
<or_exp><and_exp></and_exp></or_exp>
</condition>
</trans>

<trans id="225" from="19" to="20">
<condition id="-1">
<or_exp><and_exp></and_exp></or_exp>
</condition>
</trans>

<trans id="226" from="20" to="21">
<condition id="-1">
<or_exp><and_exp></and_exp></or_exp>
</condition>
</trans>

<trans id="227" from="21" to="22">
<condition id="-1">
<or_exp><and_exp></and_exp></or_exp>
</condition>
</trans>

<trans id="228" from="22" to="23">
<condition id="-1">
<or_exp><and_exp></and_exp></or_exp>
</condition>
</trans>

<trans id="229" from="23" to="24">
<condition id="-1">
<or_exp><and_exp></and_exp></or_exp>
</condition>
</trans>

<trans id="243" from="24" to="34">
<condition id="-1">
<or_exp><and_exp><literal name="icmp_ln297" val="0"/>
</and_exp></or_exp>
</condition>
</trans>

<trans id="260" from="24" to="42">
<condition id="-1">
<or_exp><and_exp><literal name="icmp_ln297" val="1"/>
<literal name="icmp_ln299" val="0"/>
</and_exp></or_exp>
</condition>
</trans>

<trans id="263" from="24" to="44">
<condition id="-1">
<or_exp><and_exp><literal name="icmp_ln297" val="1"/>
<literal name="icmp_ln299" val="1"/>
</and_exp></or_exp>
</condition>
</trans>

<trans id="231" from="25" to="26">
<condition id="-1">
<or_exp><and_exp></and_exp></or_exp>
</condition>
</trans>

<trans id="232" from="26" to="27">
<condition id="-1">
<or_exp><and_exp></and_exp></or_exp>
</condition>
</trans>

<trans id="233" from="27" to="28">
<condition id="-1">
<or_exp><and_exp></and_exp></or_exp>
</condition>
</trans>

<trans id="234" from="28" to="24">
<condition id="-1">
<or_exp><and_exp></and_exp></or_exp>
</condition>
</trans>

<trans id="237" from="29" to="30">
<condition id="-1">
<or_exp><and_exp></and_exp></or_exp>
</condition>
</trans>

<trans id="238" from="30" to="31">
<condition id="-1">
<or_exp><and_exp></and_exp></or_exp>
</condition>
</trans>

<trans id="239" from="31" to="32">
<condition id="-1">
<or_exp><and_exp></and_exp></or_exp>
</condition>
</trans>

<trans id="240" from="32" to="24">
<condition id="-1">
<or_exp><and_exp></and_exp></or_exp>
</condition>
</trans>

<trans id="242" from="33" to="24">
<condition id="-1">
<or_exp><and_exp></and_exp></or_exp>
</condition>
</trans>

<trans id="245" from="34" to="35">
<condition id="-1">
<or_exp><and_exp></and_exp></or_exp>
</condition>
</trans>

<trans id="248" from="35" to="36">
<condition id="-1">
<or_exp><and_exp></and_exp></or_exp>
</condition>
</trans>

<trans id="249" from="36" to="37">
<condition id="-1">
<or_exp><and_exp><literal name="icmp_ln313" val="1"/>
</and_exp></or_exp>
</condition>
</trans>

<trans id="250" from="36" to="41">
<condition id="-1">
<or_exp><and_exp><literal name="icmp_ln313" val="0"/>
</and_exp></or_exp>
</condition>
</trans>

<trans id="252" from="37" to="39">
<condition id="-1">
<or_exp><and_exp><literal name="icmp_ln318" val="1"/>
</and_exp></or_exp>
</condition>
</trans>

<trans id="253" from="37" to="38">
<condition id="-1">
<or_exp><and_exp><literal name="icmp_ln318" val="0"/>
<literal name="tmp_17" val="0"/>
</and_exp></or_exp>
</condition>
</trans>

<trans id="254" from="37" to="40">
<condition id="-1">
<or_exp><and_exp><literal name="icmp_ln318" val="0"/>
<literal name="tmp_17" val="1"/>
</and_exp></or_exp>
</condition>
</trans>

<trans id="255" from="38" to="39">
<condition id="-1">
<or_exp><and_exp></and_exp></or_exp>
</condition>
</trans>

<trans id="257" from="39" to="36">
<condition id="-1">
<or_exp><and_exp></and_exp></or_exp>
</condition>
</trans>

<trans id="256" from="40" to="39">
<condition id="-1">
<or_exp><and_exp></and_exp></or_exp>
</condition>
</trans>

<trans id="259" from="41" to="44">
<condition id="-1">
<or_exp><and_exp></and_exp></or_exp>
</condition>
</trans>

<trans id="261" from="42" to="43">
<condition id="-1">
<or_exp><and_exp></and_exp></or_exp>
</condition>
</trans>

<trans id="262" from="43" to="44">
<condition id="-1">
<or_exp><and_exp></and_exp></or_exp>
</condition>
</trans>

<trans id="264" from="44" to="2">
<condition id="-1">
<or_exp><and_exp></and_exp></or_exp>
</condition>
</trans>
</trans_list>



<state_list>

<state id="1" st_id="1">

<operation id="45" st_id="1" stage="1" lat="1">
<core>NULL</core>
<MemPortIdVec></MemPortIdVec>
<condition id="-1">
<or_exp><and_exp></and_exp></or_exp>
</condition>

<Node id="7" bw="32" op_0_bw="32">
<![CDATA[
:0  %hdStack_assign = alloca i32

]]></Node>
<StgValue><ssdm name="hdStack_assign"/></StgValue>
</operation>

<operation id="46" st_id="1" stage="1" lat="1">
<core>NULL</core>
<MemPortIdVec></MemPortIdVec>
<condition id="-1">
<or_exp><and_exp></and_exp></or_exp>
</condition>

<Node id="8" bw="2" op_0_bw="32">
<![CDATA[
:1  %flag_stackIsUsed_0 = alloca i2

]]></Node>
<StgValue><ssdm name="flag_stackIsUsed_0"/></StgValue>
</operation>

<operation id="47" st_id="1" stage="1" lat="1">
<core>NULL</core>
<MemPortIdVec></MemPortIdVec>
<condition id="-1">
<or_exp><and_exp></and_exp></or_exp>
</condition>

<Node id="9" bw="32" op_0_bw="32">
<![CDATA[
:2  %p_0 = alloca i32

]]></Node>
<StgValue><ssdm name="p_0"/></StgValue>
</operation>

<operation id="48" st_id="1" stage="1" lat="1">
<core>NULL</core>
<MemPortIdVec></MemPortIdVec>
<condition id="-1">
<or_exp><and_exp></and_exp></or_exp>
</condition>

<Node id="10" bw="0" op_0_bw="0" op_1_bw="32" op_2_bw="0" op_3_bw="32" op_4_bw="32" op_5_bw="0" op_6_bw="32" op_7_bw="32" op_8_bw="0" op_9_bw="0" op_10_bw="0" op_11_bw="32" op_12_bw="32" op_13_bw="32" op_14_bw="32" op_15_bw="0" op_16_bw="0">
<![CDATA[
:3  call void (...)* @_ssdm_op_SpecInterface(i32* %Master2SysAlloc, [6 x i8]* @p_str3, i32 0, i32 0, [1 x i8]* @p_str1, i32 0, i32 1, [1 x i8]* @p_str1, [4 x i8]* @p_str4, [1 x i8]* @p_str1, i32 16, i32 16, i32 16, i32 16, [1 x i8]* @p_str1, [1 x i8]* @p_str1) nounwind

]]></Node>
<StgValue><ssdm name="specinterface_ln0"/></StgValue>
</operation>

<operation id="49" st_id="1" stage="1" lat="1">
<core>NULL</core>
<MemPortIdVec></MemPortIdVec>
<condition id="-1">
<or_exp><and_exp></and_exp></or_exp>
</condition>

<Node id="11" bw="0" op_0_bw="0" op_1_bw="32" op_2_bw="0" op_3_bw="32" op_4_bw="32" op_5_bw="0" op_6_bw="32" op_7_bw="32" op_8_bw="0" op_9_bw="0" op_10_bw="0" op_11_bw="32" op_12_bw="32" op_13_bw="32" op_14_bw="32" op_15_bw="0" op_16_bw="0">
<![CDATA[
:4  call void (...)* @_ssdm_op_SpecInterface(i32* %myHeap, [6 x i8]* @p_str3, i32 0, i32 0, [1 x i8]* @p_str1, i32 0, i32 1, [1 x i8]* @p_str1, [4 x i8]* @p_str4, [1 x i8]* @p_str1, i32 16, i32 16, i32 16, i32 16, [1 x i8]* @p_str1, [1 x i8]* @p_str1) nounwind

]]></Node>
<StgValue><ssdm name="specinterface_ln0"/></StgValue>
</operation>

<operation id="50" st_id="1" stage="1" lat="1">
<core>NULL</core>
<MemPortIdVec></MemPortIdVec>
<condition id="-1">
<or_exp><and_exp></and_exp></or_exp>
</condition>

<Node id="12" bw="32" op_0_bw="32" op_1_bw="32">
<![CDATA[
:5  %key_read = call i32 @_ssdm_op_Read.ap_auto.i32(i32 %key)

]]></Node>
<StgValue><ssdm name="key_read"/></StgValue>
</operation>

<operation id="51" st_id="1" stage="1" lat="1">
<core>NULL</core>
<MemPortIdVec></MemPortIdVec>
<condition id="-1">
<or_exp><and_exp></and_exp></or_exp>
</condition>

<Node id="13" bw="32" op_0_bw="32" op_1_bw="32">
<![CDATA[
:6  %rootPtr_read = call i32 @_ssdm_op_Read.ap_auto.i32(i32 %rootPtr)

]]></Node>
<StgValue><ssdm name="rootPtr_read"/></StgValue>
</operation>

<operation id="52" st_id="1" stage="1" lat="1">
<core>NULL</core>
<MemPortIdVec></MemPortIdVec>
<condition id="-1">
<or_exp><and_exp></and_exp></or_exp>
</condition>

<Node id="14" bw="0" op_0_bw="32" op_1_bw="32">
<![CDATA[
:7  store i32 %rootPtr_read, i32* %p_0

]]></Node>
<StgValue><ssdm name="store_ln264"/></StgValue>
</operation>

<operation id="53" st_id="1" stage="1" lat="1">
<core>NULL</core>
<MemPortIdVec></MemPortIdVec>
<condition id="-1">
<or_exp><and_exp></and_exp></or_exp>
</condition>

<Node id="15" bw="0" op_0_bw="2" op_1_bw="2">
<![CDATA[
:8  store i2 0, i2* %flag_stackIsUsed_0

]]></Node>
<StgValue><ssdm name="store_ln264"/></StgValue>
</operation>

<operation id="54" st_id="1" stage="1" lat="1">
<core>NULL</core>
<MemPortIdVec></MemPortIdVec>
<condition id="-1">
<or_exp><and_exp></and_exp></or_exp>
</condition>

<Node id="16" bw="0" op_0_bw="32" op_1_bw="32">
<![CDATA[
:9  store i32 0, i32* %hdStack_assign

]]></Node>
<StgValue><ssdm name="store_ln264"/></StgValue>
</operation>

<operation id="55" st_id="1" stage="1" lat="1">
<core>NULL</core>
<MemPortIdVec></MemPortIdVec>
<condition id="-1">
<or_exp><and_exp></and_exp></or_exp>
</condition>

<Node id="17" bw="0" op_0_bw="0">
<![CDATA[
:10  br label %.backedge

]]></Node>
<StgValue><ssdm name="br_ln264"/></StgValue>
</operation>
</state>

<state id="2" st_id="2">

<operation id="56" st_id="2" stage="1" lat="1">
<core>NULL</core>
<MemPortIdVec></MemPortIdVec>
<condition id="-1">
<or_exp><and_exp></and_exp></or_exp>
</condition>

<Node id="19" bw="1" op_0_bw="1" op_1_bw="0" op_2_bw="1" op_3_bw="0">
<![CDATA[
.backedge:0  %phi_ln264 = phi i1 [ true, %0 ], [ %phi_ln264_be, %.backedge.backedge ]

]]></Node>
<StgValue><ssdm name="phi_ln264"/></StgValue>
</operation>

<operation id="57" st_id="2" stage="1" lat="1">
<core>NULL</core>
<MemPortIdVec></MemPortIdVec>
<condition id="-1">
<or_exp><and_exp></and_exp></or_exp>
</condition>

<Node id="20" bw="32" op_0_bw="32" op_1_bw="0" op_2_bw="32" op_3_bw="0">
<![CDATA[
.backedge:1  %pointer_assign = phi i32 [ %rootPtr_read, %0 ], [ %pointer_assign_be, %.backedge.backedge ]

]]></Node>
<StgValue><ssdm name="pointer_assign"/></StgValue>
</operation>

<operation id="58" st_id="2" stage="1" lat="1">
<core>NULL</core>
<MemPortIdVec></MemPortIdVec>
<condition id="-1">
<or_exp><and_exp></and_exp></or_exp>
</condition>

<Node id="21" bw="32" op_0_bw="32" op_1_bw="0">
<![CDATA[
.backedge:2  %hdStack_assign_load = load i32* %hdStack_assign

]]></Node>
<StgValue><ssdm name="hdStack_assign_load"/></StgValue>
</operation>

<operation id="59" st_id="2" stage="1" lat="1">
<core>NULL</core>
<MemPortIdVec></MemPortIdVec>
<condition id="-1">
<or_exp><and_exp></and_exp></or_exp>
</condition>

<Node id="22" bw="0" op_0_bw="1" op_1_bw="0" op_2_bw="0">
<![CDATA[
.backedge:3  br i1 %phi_ln264, label %1, label %27

]]></Node>
<StgValue><ssdm name="br_ln264"/></StgValue>
</operation>

<operation id="60" st_id="2" stage="2" lat="2">
<core></core>
<MemPortIdVec></MemPortIdVec>
<condition id="-1">
<or_exp><and_exp><literal name="phi_ln264" val="1"/>
</and_exp></or_exp>
</condition>

<Node id="24" bw="2" op_0_bw="2" op_1_bw="32" op_2_bw="32" op_3_bw="32">
<![CDATA[
:0  %subResult_feedback = call fastcc i2 @DeleteNodeSub(i32* %myHeap, i32 %pointer_assign, i32 %key_read)

]]></Node>
<StgValue><ssdm name="subResult_feedback"/></StgValue>
</operation>

<operation id="61" st_id="2" stage="1" lat="1">
<core>NULL</core>
<MemPortIdVec></MemPortIdVec>
<condition id="-1">
<or_exp><and_exp><literal name="phi_ln264" val="0"/>
</and_exp></or_exp>
</condition>

<Node id="168" bw="32" op_0_bw="32" op_1_bw="0">
<![CDATA[
:0  %p_0_load = load i32* %p_0

]]></Node>
<StgValue><ssdm name="p_0_load"/></StgValue>
</operation>

<operation id="62" st_id="2" stage="1" lat="1">
<core>NULL</core>
<MemPortIdVec></MemPortIdVec>
<condition id="-1">
<or_exp><and_exp><literal name="phi_ln264" val="0"/>
</and_exp></or_exp>
</condition>

<Node id="169" bw="0" op_0_bw="32">
<![CDATA[
:1  ret i32 %p_0_load

]]></Node>
<StgValue><ssdm name="ret_ln344"/></StgValue>
</operation>
</state>

<state id="3" st_id="3">

<operation id="63" st_id="3" stage="1" lat="2">
<core></core>
<MemPortIdVec></MemPortIdVec>
<condition id="-1">
<or_exp><and_exp></and_exp></or_exp>
</condition>

<Node id="24" bw="2" op_0_bw="2" op_1_bw="32" op_2_bw="32" op_3_bw="32">
<![CDATA[
:0  %subResult_feedback = call fastcc i2 @DeleteNodeSub(i32* %myHeap, i32 %pointer_assign, i32 %key_read)

]]></Node>
<StgValue><ssdm name="subResult_feedback"/></StgValue>
</operation>

<operation id="64" st_id="3" stage="1" lat="1">
<core>Cmp</core>
<MemPortIdVec></MemPortIdVec>
<condition id="-1">
<or_exp><and_exp></and_exp></or_exp>
</condition>

<Node id="25" bw="1" op_0_bw="2" op_1_bw="2">
<![CDATA[
:1  %icmp_ln266 = icmp eq i2 %subResult_feedback, 1

]]></Node>
<StgValue><ssdm name="icmp_ln266"/></StgValue>
</operation>

<operation id="65" st_id="3" stage="1" lat="1">
<core>NULL</core>
<MemPortIdVec></MemPortIdVec>
<condition id="-1">
<or_exp><and_exp></and_exp></or_exp>
</condition>

<Node id="26" bw="0" op_0_bw="1" op_1_bw="0" op_2_bw="0">
<![CDATA[
:2  br i1 %icmp_ln266, label %2, label %23

]]></Node>
<StgValue><ssdm name="br_ln266"/></StgValue>
</operation>

<operation id="66" st_id="3" stage="1" lat="1">
<core>Cmp</core>
<MemPortIdVec></MemPortIdVec>
<condition id="-1">
<or_exp><and_exp><literal name="icmp_ln266" val="0"/>
</and_exp></or_exp>
</condition>

<Node id="28" bw="1" op_0_bw="2" op_1_bw="2">
<![CDATA[
:0  %icmp_ln330 = icmp eq i2 %subResult_feedback, -2

]]></Node>
<StgValue><ssdm name="icmp_ln330"/></StgValue>
</operation>

<operation id="67" st_id="3" stage="1" lat="1">
<core>NULL</core>
<MemPortIdVec></MemPortIdVec>
<condition id="-1">
<or_exp><and_exp><literal name="icmp_ln266" val="0"/>
</and_exp></or_exp>
</condition>

<Node id="29" bw="0" op_0_bw="1" op_1_bw="0" op_2_bw="0">
<![CDATA[
:1  br i1 %icmp_ln330, label %24, label %25

]]></Node>
<StgValue><ssdm name="br_ln330"/></StgValue>
</operation>
</state>

<state id="4" st_id="4">

<operation id="68" st_id="4" stage="2" lat="2">
<core></core>
<MemPortIdVec></MemPortIdVec>
<condition id="-1">
<or_exp><and_exp></and_exp></or_exp>
</condition>

<Node id="36" bw="32" op_0_bw="32" op_1_bw="32" op_2_bw="32" op_3_bw="2" op_4_bw="2">
<![CDATA[
:5  %nowPtr_1 = call fastcc i32 @node_get_right_point(i32* %myHeap, i32 %pointer_assign)

]]></Node>
<StgValue><ssdm name="nowPtr_1"/></StgValue>
</operation>
</state>

<state id="5" st_id="5">

<operation id="69" st_id="5" stage="1" lat="1">
<core>NULL</core>
<MemPortIdVec></MemPortIdVec>
<condition id="-1">
<or_exp><and_exp></and_exp></or_exp>
</condition>

<Node id="31" bw="32" op_0_bw="32" op_1_bw="32">
<![CDATA[
:0  %nodeData = or i32 %pointer_assign, -2147483648

]]></Node>
<StgValue><ssdm name="nodeData"/></StgValue>
</operation>

<operation id="70" st_id="5" stage="1" lat="1">
<core>AddSub</core>
<MemPortIdVec></MemPortIdVec>
<condition id="-1">
<or_exp><and_exp></and_exp></or_exp>
</condition>

<Node id="32" bw="32" op_0_bw="32" op_1_bw="32">
<![CDATA[
:1  %output_hdPtr_avl_4 = add nsw i32 %hdStack_assign_load, 1

]]></Node>
<StgValue><ssdm name="output_hdPtr_avl_4"/></StgValue>
</operation>

<operation id="71" st_id="5" stage="1" lat="1">
<core>NULL</core>
<MemPortIdVec></MemPortIdVec>
<condition id="-1">
<or_exp><and_exp></and_exp></or_exp>
</condition>

<Node id="33" bw="64" op_0_bw="32">
<![CDATA[
:2  %sext_ln51_2 = sext i32 %output_hdPtr_avl_4 to i64

]]></Node>
<StgValue><ssdm name="sext_ln51_2"/></StgValue>
</operation>

<operation id="72" st_id="5" stage="1" lat="1">
<core>NULL</core>
<MemPortIdVec></MemPortIdVec>
<condition id="-1">
<or_exp><and_exp></and_exp></or_exp>
</condition>

<Node id="34" bw="6" op_0_bw="32" op_1_bw="64" op_2_bw="64">
<![CDATA[
:3  %fixedStack_addr_4 = getelementptr [40 x i32]* %fixedStack, i64 0, i64 %sext_ln51_2

]]></Node>
<StgValue><ssdm name="fixedStack_addr_4"/></StgValue>
</operation>

<operation id="73" st_id="5" stage="1" lat="1">
<core>RAM</core>
<MemPortIdVec></MemPortIdVec>
<condition id="-1">
<or_exp><and_exp></and_exp></or_exp>
</condition>

<Node id="35" bw="0" op_0_bw="32" op_1_bw="6">
<![CDATA[
:4  store i32 %nodeData, i32* %fixedStack_addr_4, align 4

]]></Node>
<StgValue><ssdm name="store_ln51"/></StgValue>
</operation>

<operation id="74" st_id="5" stage="1" lat="2">
<core></core>
<MemPortIdVec></MemPortIdVec>
<condition id="-1">
<or_exp><and_exp></and_exp></or_exp>
</condition>

<Node id="36" bw="32" op_0_bw="32" op_1_bw="32" op_2_bw="32" op_3_bw="2" op_4_bw="2">
<![CDATA[
:5  %nowPtr_1 = call fastcc i32 @node_get_right_point(i32* %myHeap, i32 %pointer_assign)

]]></Node>
<StgValue><ssdm name="nowPtr_1"/></StgValue>
</operation>

<operation id="75" st_id="5" stage="1" lat="1">
<core>NULL</core>
<MemPortIdVec></MemPortIdVec>
<condition id="-1">
<or_exp><and_exp></and_exp></or_exp>
</condition>

<Node id="37" bw="0" op_0_bw="32" op_1_bw="32" op_2_bw="0" op_3_bw="32">
<![CDATA[
:6  store i32 %output_hdPtr_avl_4, i32* %hdStack_assign

]]></Node>
<StgValue><ssdm name="store_ln51"/></StgValue>
</operation>

<operation id="76" st_id="5" stage="1" lat="1">
<core>NULL</core>
<MemPortIdVec></MemPortIdVec>
<condition id="-1">
<or_exp><and_exp></and_exp></or_exp>
</condition>

<Node id="38" bw="0" op_0_bw="0">
<![CDATA[
:7  br label %26

]]></Node>
<StgValue><ssdm name="br_ln0"/></StgValue>
</operation>
</state>

<state id="6" st_id="6">

<operation id="77" st_id="6" stage="2" lat="2">
<core></core>
<MemPortIdVec></MemPortIdVec>
<condition id="-1">
<or_exp><and_exp></and_exp></or_exp>
</condition>

<Node id="44" bw="32" op_0_bw="32" op_1_bw="32" op_2_bw="32" op_3_bw="2" op_4_bw="2">
<![CDATA[
:4  %nowPtr = call fastcc i32 @node_get_left_pointe(i32* %myHeap, i32 %pointer_assign)

]]></Node>
<StgValue><ssdm name="nowPtr"/></StgValue>
</operation>
</state>

<state id="7" st_id="7">

<operation id="78" st_id="7" stage="1" lat="1">
<core>AddSub</core>
<MemPortIdVec></MemPortIdVec>
<condition id="-1">
<or_exp><and_exp></and_exp></or_exp>
</condition>

<Node id="40" bw="32" op_0_bw="32" op_1_bw="32">
<![CDATA[
:0  %output_hdPtr_avl = add nsw i32 %hdStack_assign_load, 1

]]></Node>
<StgValue><ssdm name="output_hdPtr_avl"/></StgValue>
</operation>

<operation id="79" st_id="7" stage="1" lat="1">
<core>NULL</core>
<MemPortIdVec></MemPortIdVec>
<condition id="-1">
<or_exp><and_exp></and_exp></or_exp>
</condition>

<Node id="41" bw="64" op_0_bw="32">
<![CDATA[
:1  %sext_ln51 = sext i32 %output_hdPtr_avl to i64

]]></Node>
<StgValue><ssdm name="sext_ln51"/></StgValue>
</operation>

<operation id="80" st_id="7" stage="1" lat="1">
<core>NULL</core>
<MemPortIdVec></MemPortIdVec>
<condition id="-1">
<or_exp><and_exp></and_exp></or_exp>
</condition>

<Node id="42" bw="6" op_0_bw="32" op_1_bw="64" op_2_bw="64">
<![CDATA[
:2  %fixedStack_addr = getelementptr [40 x i32]* %fixedStack, i64 0, i64 %sext_ln51

]]></Node>
<StgValue><ssdm name="fixedStack_addr"/></StgValue>
</operation>

<operation id="81" st_id="7" stage="1" lat="1">
<core>RAM</core>
<MemPortIdVec></MemPortIdVec>
<condition id="-1">
<or_exp><and_exp></and_exp></or_exp>
</condition>

<Node id="43" bw="0" op_0_bw="32" op_1_bw="6">
<![CDATA[
:3  store i32 %pointer_assign, i32* %fixedStack_addr, align 4

]]></Node>
<StgValue><ssdm name="store_ln51"/></StgValue>
</operation>

<operation id="82" st_id="7" stage="1" lat="2">
<core></core>
<MemPortIdVec></MemPortIdVec>
<condition id="-1">
<or_exp><and_exp></and_exp></or_exp>
</condition>

<Node id="44" bw="32" op_0_bw="32" op_1_bw="32" op_2_bw="32" op_3_bw="2" op_4_bw="2">
<![CDATA[
:4  %nowPtr = call fastcc i32 @node_get_left_pointe(i32* %myHeap, i32 %pointer_assign)

]]></Node>
<StgValue><ssdm name="nowPtr"/></StgValue>
</operation>

<operation id="83" st_id="7" stage="1" lat="1">
<core>NULL</core>
<MemPortIdVec></MemPortIdVec>
<condition id="-1">
<or_exp><and_exp></and_exp></or_exp>
</condition>

<Node id="45" bw="0" op_0_bw="32" op_1_bw="32" op_2_bw="0" op_3_bw="32">
<![CDATA[
:5  store i32 %output_hdPtr_avl, i32* %hdStack_assign

]]></Node>
<StgValue><ssdm name="store_ln334"/></StgValue>
</operation>

<operation id="84" st_id="7" stage="1" lat="1">
<core>NULL</core>
<MemPortIdVec></MemPortIdVec>
<condition id="-1">
<or_exp><and_exp></and_exp></or_exp>
</condition>

<Node id="46" bw="0" op_0_bw="0">
<![CDATA[
:6  br label %26

]]></Node>
<StgValue><ssdm name="br_ln334"/></StgValue>
</operation>
</state>

<state id="8" st_id="8">

<operation id="85" st_id="8" stage="1" lat="1">
<core>NULL</core>
<MemPortIdVec></MemPortIdVec>
<condition id="-1">
<or_exp><and_exp></and_exp></or_exp>
</condition>

<Node id="48" bw="32" op_0_bw="32" op_1_bw="0" op_2_bw="32" op_3_bw="0">
<![CDATA[
:0  %nowPtr_6 = phi i32 [ %nowPtr, %24 ], [ %nowPtr_1, %25 ]

]]></Node>
<StgValue><ssdm name="nowPtr_6"/></StgValue>
</operation>

<operation id="86" st_id="8" stage="1" lat="1">
<core>Cmp</core>
<MemPortIdVec></MemPortIdVec>
<condition id="-1">
<or_exp><and_exp></and_exp></or_exp>
</condition>

<Node id="49" bw="1" op_0_bw="32" op_1_bw="32">
<![CDATA[
:1  %phitmp = icmp ne i32 %nowPtr_6, 0

]]></Node>
<StgValue><ssdm name="phitmp"/></StgValue>
</operation>

<operation id="87" st_id="8" stage="1" lat="1">
<core>NULL</core>
<MemPortIdVec></MemPortIdVec>
<condition id="-1">
<or_exp><and_exp></and_exp></or_exp>
</condition>

<Node id="50" bw="0" op_0_bw="2" op_1_bw="2" op_2_bw="0">
<![CDATA[
:2  store i2 1, i2* %flag_stackIsUsed_0

]]></Node>
<StgValue><ssdm name="store_ln0"/></StgValue>
</operation>

<operation id="88" st_id="8" stage="1" lat="1">
<core>NULL</core>
<MemPortIdVec></MemPortIdVec>
<condition id="-1">
<or_exp><and_exp></and_exp></or_exp>
</condition>

<Node id="51" bw="0" op_0_bw="0">
<![CDATA[
:3  br label %.backedge.backedge

]]></Node>
<StgValue><ssdm name="br_ln0"/></StgValue>
</operation>
</state>

<state id="9" st_id="9">

<operation id="89" st_id="9" stage="2" lat="2">
<core></core>
<MemPortIdVec></MemPortIdVec>
<condition id="-1">
<or_exp><and_exp></and_exp></or_exp>
</condition>

<Node id="53" bw="32" op_0_bw="32" op_1_bw="32" op_2_bw="32" op_3_bw="2" op_4_bw="2">
<![CDATA[
:0  %leftPtr = call fastcc i32 @node_get_left_pointe(i32* %myHeap, i32 %pointer_assign)

]]></Node>
<StgValue><ssdm name="leftPtr"/></StgValue>
</operation>
</state>

<state id="10" st_id="10">

<operation id="90" st_id="10" stage="1" lat="2">
<core></core>
<MemPortIdVec></MemPortIdVec>
<condition id="-1">
<or_exp><and_exp></and_exp></or_exp>
</condition>

<Node id="53" bw="32" op_0_bw="32" op_1_bw="32" op_2_bw="32" op_3_bw="2" op_4_bw="2">
<![CDATA[
:0  %leftPtr = call fastcc i32 @node_get_left_pointe(i32* %myHeap, i32 %pointer_assign)

]]></Node>
<StgValue><ssdm name="leftPtr"/></StgValue>
</operation>
</state>

<state id="11" st_id="11">

<operation id="91" st_id="11" stage="2" lat="2">
<core></core>
<MemPortIdVec></MemPortIdVec>
<condition id="-1">
<or_exp><and_exp></and_exp></or_exp>
</condition>

<Node id="54" bw="32" op_0_bw="32" op_1_bw="32" op_2_bw="32" op_3_bw="32" op_4_bw="2" op_5_bw="32" op_6_bw="2">
<![CDATA[
:1  %rightPtr = call fastcc i32 @node_get_right_point(i32* %myHeap, i32 %pointer_assign)

]]></Node>
<StgValue><ssdm name="rightPtr"/></StgValue>
</operation>
</state>

<state id="12" st_id="12">

<operation id="92" st_id="12" stage="1" lat="2">
<core></core>
<MemPortIdVec></MemPortIdVec>
<condition id="-1">
<or_exp><and_exp></and_exp></or_exp>
</condition>

<Node id="54" bw="32" op_0_bw="32" op_1_bw="32" op_2_bw="32" op_3_bw="32" op_4_bw="2" op_5_bw="32" op_6_bw="2">
<![CDATA[
:1  %rightPtr = call fastcc i32 @node_get_right_point(i32* %myHeap, i32 %pointer_assign)

]]></Node>
<StgValue><ssdm name="rightPtr"/></StgValue>
</operation>

<operation id="93" st_id="12" stage="1" lat="1">
<core>Cmp</core>
<MemPortIdVec></MemPortIdVec>
<condition id="-1">
<or_exp><and_exp></and_exp></or_exp>
</condition>

<Node id="55" bw="1" op_0_bw="32" op_1_bw="32">
<![CDATA[
:2  %icmp_ln271 = icmp eq i32 %leftPtr, 0

]]></Node>
<StgValue><ssdm name="icmp_ln271"/></StgValue>
</operation>

<operation id="94" st_id="12" stage="1" lat="1">
<core>Cmp</core>
<MemPortIdVec></MemPortIdVec>
<condition id="-1">
<or_exp><and_exp></and_exp></or_exp>
</condition>

<Node id="56" bw="1" op_0_bw="32" op_1_bw="32">
<![CDATA[
:3  %icmp_ln271_1 = icmp eq i32 %rightPtr, 0

]]></Node>
<StgValue><ssdm name="icmp_ln271_1"/></StgValue>
</operation>

<operation id="95" st_id="12" stage="1" lat="1">
<core>LogicGate</core>
<MemPortIdVec></MemPortIdVec>
<condition id="-1">
<or_exp><and_exp></and_exp></or_exp>
</condition>

<Node id="57" bw="1" op_0_bw="1" op_1_bw="1">
<![CDATA[
:4  %or_ln271 = or i1 %icmp_ln271, %icmp_ln271_1

]]></Node>
<StgValue><ssdm name="or_ln271"/></StgValue>
</operation>

<operation id="96" st_id="12" stage="1" lat="1">
<core>NULL</core>
<MemPortIdVec></MemPortIdVec>
<condition id="-1">
<or_exp><and_exp></and_exp></or_exp>
</condition>

<Node id="58" bw="0" op_0_bw="1" op_1_bw="0" op_2_bw="0">
<![CDATA[
:5  br i1 %or_ln271, label %3, label %8

]]></Node>
<StgValue><ssdm name="br_ln271"/></StgValue>
</operation>

<operation id="97" st_id="12" stage="1" lat="1">
<core>NULL</core>
<MemPortIdVec></MemPortIdVec>
<condition id="-1">
<or_exp><and_exp><literal name="or_ln271" val="1"/>
</and_exp></or_exp>
</condition>

<Node id="68" bw="0" op_0_bw="1" op_1_bw="0" op_2_bw="0">
<![CDATA[
:0  br i1 %icmp_ln271, label %5, label %4

]]></Node>
<StgValue><ssdm name="br_ln272"/></StgValue>
</operation>

<operation id="98" st_id="12" stage="1" lat="1">
<core>NULL</core>
<MemPortIdVec></MemPortIdVec>
<condition id="-1">
<or_exp><and_exp><literal name="or_ln271" val="1"/>
<literal name="icmp_ln271" val="1"/>
</and_exp></or_exp>
</condition>

<Node id="79" bw="0" op_0_bw="1" op_1_bw="0" op_2_bw="0">
<![CDATA[
:0  br i1 %icmp_ln271_1, label %7, label %6

]]></Node>
<StgValue><ssdm name="br_ln276"/></StgValue>
</operation>

<operation id="99" st_id="12" stage="2" lat="2">
<core></core>
<MemPortIdVec></MemPortIdVec>
<condition id="-1">
<or_exp><and_exp><literal name="or_ln271" val="1"/>
<literal name="icmp_ln271" val="1"/>
<literal name="icmp_ln271_1" val="1"/>
</and_exp></or_exp>
</condition>

<Node id="90" bw="0" op_0_bw="0" op_1_bw="32" op_2_bw="32">
<![CDATA[
:0  call fastcc void @node_delete(i32* %Master2SysAlloc, i32 %pointer_assign)

]]></Node>
<StgValue><ssdm name="call_ln281"/></StgValue>
</operation>
</state>

<state id="13" st_id="13">

<operation id="100" st_id="13" stage="2" lat="2">
<core></core>
<MemPortIdVec></MemPortIdVec>
<condition id="-1">
<or_exp><and_exp></and_exp></or_exp>
</condition>

<Node id="60" bw="32" op_0_bw="32" op_1_bw="32" op_2_bw="32" op_3_bw="2" op_4_bw="32" op_5_bw="32" op_6_bw="2" op_7_bw="32" op_8_bw="32">
<![CDATA[
:0  %rightPtr_1 = call fastcc i32 @node_get_right_point(i32* %myHeap, i32 %pointer_assign)

]]></Node>
<StgValue><ssdm name="rightPtr_1"/></StgValue>
</operation>
</state>

<state id="14" st_id="14">

<operation id="101" st_id="14" stage="1" lat="2">
<core></core>
<MemPortIdVec></MemPortIdVec>
<condition id="-1">
<or_exp><and_exp></and_exp></or_exp>
</condition>

<Node id="60" bw="32" op_0_bw="32" op_1_bw="32" op_2_bw="32" op_3_bw="2" op_4_bw="32" op_5_bw="32" op_6_bw="2" op_7_bw="32" op_8_bw="32">
<![CDATA[
:0  %rightPtr_1 = call fastcc i32 @node_get_right_point(i32* %myHeap, i32 %pointer_assign)

]]></Node>
<StgValue><ssdm name="rightPtr_1"/></StgValue>
</operation>
</state>

<state id="15" st_id="15">

<operation id="102" st_id="15" stage="2" lat="2">
<core></core>
<MemPortIdVec></MemPortIdVec>
<condition id="-1">
<or_exp><and_exp></and_exp></or_exp>
</condition>

<Node id="61" bw="32" op_0_bw="32" op_1_bw="32" op_2_bw="32" op_3_bw="32" op_4_bw="2" op_5_bw="32" op_6_bw="32" op_7_bw="32" op_8_bw="2" op_9_bw="32" op_10_bw="32">
<![CDATA[
:1  %minPtr = call fastcc i32 @minValueNode(i32* %myHeap, i32 %rightPtr_1)

]]></Node>
<StgValue><ssdm name="minPtr"/></StgValue>
</operation>
</state>

<state id="16" st_id="16">

<operation id="103" st_id="16" stage="1" lat="2">
<core></core>
<MemPortIdVec></MemPortIdVec>
<condition id="-1">
<or_exp><and_exp></and_exp></or_exp>
</condition>

<Node id="61" bw="32" op_0_bw="32" op_1_bw="32" op_2_bw="32" op_3_bw="32" op_4_bw="2" op_5_bw="32" op_6_bw="32" op_7_bw="32" op_8_bw="2" op_9_bw="32" op_10_bw="32">
<![CDATA[
:1  %minPtr = call fastcc i32 @minValueNode(i32* %myHeap, i32 %rightPtr_1)

]]></Node>
<StgValue><ssdm name="minPtr"/></StgValue>
</operation>
</state>

<state id="17" st_id="17">

<operation id="104" st_id="17" stage="2" lat="2">
<core></core>
<MemPortIdVec></MemPortIdVec>
<condition id="-1">
<or_exp><and_exp></and_exp></or_exp>
</condition>

<Node id="62" bw="32" op_0_bw="32" op_1_bw="32" op_2_bw="32" op_3_bw="32" op_4_bw="2" op_5_bw="32" op_6_bw="32" op_7_bw="32" op_8_bw="2" op_9_bw="32" op_10_bw="32">
<![CDATA[
:2  %copyData = call fastcc i32 @node_read_data(i32* %myHeap, i32 %minPtr)

]]></Node>
<StgValue><ssdm name="copyData"/></StgValue>
</operation>
</state>

<state id="18" st_id="18">

<operation id="105" st_id="18" stage="1" lat="2">
<core></core>
<MemPortIdVec></MemPortIdVec>
<condition id="-1">
<or_exp><and_exp></and_exp></or_exp>
</condition>

<Node id="62" bw="32" op_0_bw="32" op_1_bw="32" op_2_bw="32" op_3_bw="32" op_4_bw="2" op_5_bw="32" op_6_bw="32" op_7_bw="32" op_8_bw="2" op_9_bw="32" op_10_bw="32">
<![CDATA[
:2  %copyData = call fastcc i32 @node_read_data(i32* %myHeap, i32 %minPtr)

]]></Node>
<StgValue><ssdm name="copyData"/></StgValue>
</operation>
</state>

<state id="19" st_id="19">

<operation id="106" st_id="19" stage="2" lat="2">
<core></core>
<MemPortIdVec></MemPortIdVec>
<condition id="-1">
<or_exp><and_exp></and_exp></or_exp>
</condition>

<Node id="63" bw="0" op_0_bw="0" op_1_bw="32" op_2_bw="32" op_3_bw="32" op_4_bw="32" op_5_bw="2" op_6_bw="32" op_7_bw="32" op_8_bw="32" op_9_bw="2" op_10_bw="32" op_11_bw="32">
<![CDATA[
:3  call fastcc void @node_write_data(i32* %myHeap, i32 %pointer_assign, i32 %copyData)

]]></Node>
<StgValue><ssdm name="call_ln291"/></StgValue>
</operation>
</state>

<state id="20" st_id="20">

<operation id="107" st_id="20" stage="1" lat="2">
<core></core>
<MemPortIdVec></MemPortIdVec>
<condition id="-1">
<or_exp><and_exp></and_exp></or_exp>
</condition>

<Node id="63" bw="0" op_0_bw="0" op_1_bw="32" op_2_bw="32" op_3_bw="32" op_4_bw="32" op_5_bw="2" op_6_bw="32" op_7_bw="32" op_8_bw="32" op_9_bw="2" op_10_bw="32" op_11_bw="32">
<![CDATA[
:3  call fastcc void @node_write_data(i32* %myHeap, i32 %pointer_assign, i32 %copyData)

]]></Node>
<StgValue><ssdm name="call_ln291"/></StgValue>
</operation>
</state>

<state id="21" st_id="21">

<operation id="108" st_id="21" stage="2" lat="2">
<core></core>
<MemPortIdVec></MemPortIdVec>
<condition id="-1">
<or_exp><and_exp></and_exp></or_exp>
</condition>

<Node id="64" bw="32" op_0_bw="32" op_1_bw="32" op_2_bw="32" op_3_bw="32" op_4_bw="32" op_5_bw="32" op_6_bw="0" op_7_bw="2" op_8_bw="32" op_9_bw="32" op_10_bw="0" op_11_bw="2" op_12_bw="32" op_13_bw="32">
<![CDATA[
:4  %tempPtr = call fastcc i32 @DeleteSuccessor(i32* %myHeap, i32* %Master2SysAlloc, [40 x i32]* %secondStack, i32 %rightPtr_1, i32 %copyData)

]]></Node>
<StgValue><ssdm name="tempPtr"/></StgValue>
</operation>
</state>

<state id="22" st_id="22">

<operation id="109" st_id="22" stage="1" lat="2">
<core></core>
<MemPortIdVec></MemPortIdVec>
<condition id="-1">
<or_exp><and_exp></and_exp></or_exp>
</condition>

<Node id="64" bw="32" op_0_bw="32" op_1_bw="32" op_2_bw="32" op_3_bw="32" op_4_bw="32" op_5_bw="32" op_6_bw="0" op_7_bw="2" op_8_bw="32" op_9_bw="32" op_10_bw="0" op_11_bw="2" op_12_bw="32" op_13_bw="32">
<![CDATA[
:4  %tempPtr = call fastcc i32 @DeleteSuccessor(i32* %myHeap, i32* %Master2SysAlloc, [40 x i32]* %secondStack, i32 %rightPtr_1, i32 %copyData)

]]></Node>
<StgValue><ssdm name="tempPtr"/></StgValue>
</operation>
</state>

<state id="23" st_id="23">

<operation id="110" st_id="23" stage="2" lat="2">
<core></core>
<MemPortIdVec></MemPortIdVec>
<condition id="-1">
<or_exp><and_exp></and_exp></or_exp>
</condition>

<Node id="65" bw="0" op_0_bw="0" op_1_bw="32" op_2_bw="32" op_3_bw="32" op_4_bw="32" op_5_bw="2" op_6_bw="32" op_7_bw="32" op_8_bw="32" op_9_bw="2" op_10_bw="32" op_11_bw="32">
<![CDATA[
:5  call fastcc void @node_set_right(i32* %myHeap, i32 %pointer_assign, i32 %tempPtr)

]]></Node>
<StgValue><ssdm name="call_ln294"/></StgValue>
</operation>
</state>

<state id="24" st_id="24">

<operation id="111" st_id="24" stage="1" lat="2">
<core></core>
<MemPortIdVec></MemPortIdVec>
<condition id="-1">
<or_exp><and_exp><literal name="or_ln271" val="0"/>
</and_exp></or_exp>
</condition>

<Node id="65" bw="0" op_0_bw="0" op_1_bw="32" op_2_bw="32" op_3_bw="32" op_4_bw="32" op_5_bw="2" op_6_bw="32" op_7_bw="32" op_8_bw="32" op_9_bw="2" op_10_bw="32" op_11_bw="32">
<![CDATA[
:5  call fastcc void @node_set_right(i32* %myHeap, i32 %pointer_assign, i32 %tempPtr)

]]></Node>
<StgValue><ssdm name="call_ln294"/></StgValue>
</operation>

<operation id="112" st_id="24" stage="1" lat="1">
<core>NULL</core>
<MemPortIdVec></MemPortIdVec>
<condition id="-1">
<or_exp><and_exp><literal name="or_ln271" val="0"/>
</and_exp></or_exp>
</condition>

<Node id="66" bw="0" op_0_bw="0">
<![CDATA[
:6  br label %9

]]></Node>
<StgValue><ssdm name="br_ln0"/></StgValue>
</operation>

<operation id="113" st_id="24" stage="1" lat="1">
<core>NULL</core>
<MemPortIdVec></MemPortIdVec>
<condition id="-1">
<or_exp><and_exp></and_exp></or_exp>
</condition>

<Node id="93" bw="32" op_0_bw="32" op_1_bw="0" op_2_bw="32" op_3_bw="0" op_4_bw="32" op_5_bw="0" op_6_bw="32" op_7_bw="0">
<![CDATA[
:0  %rootPtr_assign = phi i32 [ 0, %7 ], [ %pointer_assign, %6 ], [ %pointer_assign, %4 ], [ %pointer_assign, %8 ]

]]></Node>
<StgValue><ssdm name="rootPtr_assign"/></StgValue>
</operation>

<operation id="114" st_id="24" stage="1" lat="1">
<core>NULL</core>
<MemPortIdVec></MemPortIdVec>
<condition id="-1">
<or_exp><and_exp></and_exp></or_exp>
</condition>

<Node id="94" bw="2" op_0_bw="2" op_1_bw="0">
<![CDATA[
:1  %flag_stackIsUsed_0_l = load i2* %flag_stackIsUsed_0

]]></Node>
<StgValue><ssdm name="flag_stackIsUsed_0_l"/></StgValue>
</operation>

<operation id="115" st_id="24" stage="1" lat="1">
<core>Cmp</core>
<MemPortIdVec></MemPortIdVec>
<condition id="-1">
<or_exp><and_exp></and_exp></or_exp>
</condition>

<Node id="95" bw="1" op_0_bw="2" op_1_bw="2">
<![CDATA[
:2  %icmp_ln297 = icmp eq i2 %flag_stackIsUsed_0_l, 0

]]></Node>
<StgValue><ssdm name="icmp_ln297"/></StgValue>
</operation>

<operation id="116" st_id="24" stage="1" lat="1">
<core>NULL</core>
<MemPortIdVec></MemPortIdVec>
<condition id="-1">
<or_exp><and_exp></and_exp></or_exp>
</condition>

<Node id="96" bw="0" op_0_bw="1" op_1_bw="0" op_2_bw="0">
<![CDATA[
:3  br i1 %icmp_ln297, label %10, label %12

]]></Node>
<StgValue><ssdm name="br_ln297"/></StgValue>
</operation>

<operation id="117" st_id="24" stage="1" lat="1">
<core>NULL</core>
<MemPortIdVec></MemPortIdVec>
<condition id="-1">
<or_exp><and_exp><literal name="icmp_ln297" val="0"/>
</and_exp></or_exp>
</condition>

<Node id="98" bw="64" op_0_bw="32">
<![CDATA[
:0  %sext_ln57 = sext i32 %hdStack_assign_load to i64

]]></Node>
<StgValue><ssdm name="sext_ln57"/></StgValue>
</operation>

<operation id="118" st_id="24" stage="1" lat="1">
<core>NULL</core>
<MemPortIdVec></MemPortIdVec>
<condition id="-1">
<or_exp><and_exp><literal name="icmp_ln297" val="0"/>
</and_exp></or_exp>
</condition>

<Node id="99" bw="6" op_0_bw="32" op_1_bw="64" op_2_bw="64">
<![CDATA[
:1  %fixedStack_addr_5 = getelementptr [40 x i32]* %fixedStack, i64 0, i64 %sext_ln57

]]></Node>
<StgValue><ssdm name="fixedStack_addr_5"/></StgValue>
</operation>

<operation id="119" st_id="24" stage="2" lat="2">
<core>RAM</core>
<MemPortIdVec></MemPortIdVec>
<condition id="-1">
<or_exp><and_exp><literal name="icmp_ln297" val="0"/>
</and_exp></or_exp>
</condition>

<Node id="100" bw="32" op_0_bw="6">
<![CDATA[
:2  %stackOut = load i32* %fixedStack_addr_5, align 4

]]></Node>
<StgValue><ssdm name="stackOut"/></StgValue>
</operation>

<operation id="120" st_id="24" stage="1" lat="1">
<core>Cmp</core>
<MemPortIdVec></MemPortIdVec>
<condition id="-1">
<or_exp><and_exp><literal name="icmp_ln297" val="1"/>
</and_exp></or_exp>
</condition>

<Node id="153" bw="1" op_0_bw="32" op_1_bw="32">
<![CDATA[
:0  %icmp_ln299 = icmp eq i32 %rootPtr_assign, 0

]]></Node>
<StgValue><ssdm name="icmp_ln299"/></StgValue>
</operation>

<operation id="121" st_id="24" stage="1" lat="1">
<core>NULL</core>
<MemPortIdVec></MemPortIdVec>
<condition id="-1">
<or_exp><and_exp><literal name="icmp_ln297" val="1"/>
</and_exp></or_exp>
</condition>

<Node id="154" bw="0" op_0_bw="2" op_1_bw="2" op_2_bw="0" op_3_bw="2">
<![CDATA[
:1  store i2 0, i2* %flag_stackIsUsed_0

]]></Node>
<StgValue><ssdm name="store_ln299"/></StgValue>
</operation>

<operation id="122" st_id="24" stage="1" lat="1">
<core>NULL</core>
<MemPortIdVec></MemPortIdVec>
<condition id="-1">
<or_exp><and_exp><literal name="icmp_ln297" val="1"/>
</and_exp></or_exp>
</condition>

<Node id="155" bw="0" op_0_bw="1" op_1_bw="0" op_2_bw="0">
<![CDATA[
:2  br i1 %icmp_ln299, label %..backedge.backedge_crit_edge, label %11

]]></Node>
<StgValue><ssdm name="br_ln299"/></StgValue>
</operation>

<operation id="123" st_id="24" stage="1" lat="1">
<core>NULL</core>
<MemPortIdVec></MemPortIdVec>
<condition id="-1">
<or_exp><and_exp><literal name="icmp_ln297" val="1"/>
<literal name="icmp_ln299" val="1"/>
</and_exp></or_exp>
</condition>

<Node id="161" bw="0" op_0_bw="32" op_1_bw="32" op_2_bw="0">
<![CDATA[
..backedge.backedge_crit_edge:0  store i32 %rootPtr_assign, i32* %p_0

]]></Node>
<StgValue><ssdm name="store_ln299"/></StgValue>
</operation>

<operation id="124" st_id="24" stage="1" lat="1">
<core>NULL</core>
<MemPortIdVec></MemPortIdVec>
<condition id="-1">
<or_exp><and_exp><literal name="icmp_ln297" val="1"/>
<literal name="icmp_ln299" val="1"/>
</and_exp></or_exp>
</condition>

<Node id="162" bw="0" op_0_bw="0">
<![CDATA[
..backedge.backedge_crit_edge:1  br label %.backedge.backedge

]]></Node>
<StgValue><ssdm name="br_ln299"/></StgValue>
</operation>
</state>

<state id="25" st_id="25">

<operation id="125" st_id="25" stage="2" lat="2">
<core></core>
<MemPortIdVec></MemPortIdVec>
<condition id="-1">
<or_exp><and_exp></and_exp></or_exp>
</condition>

<Node id="70" bw="128" op_0_bw="128" op_1_bw="32" op_2_bw="32" op_3_bw="2" op_4_bw="32" op_5_bw="32" op_6_bw="2" op_7_bw="32" op_8_bw="32">
<![CDATA[
:0  %call_ret3 = call fastcc { i32, i32, i32, i32 } @node_read_std(i32* %myHeap, i32 %leftPtr)

]]></Node>
<StgValue><ssdm name="call_ret3"/></StgValue>
</operation>

<operation id="126" st_id="25" stage="2" lat="2">
<core></core>
<MemPortIdVec></MemPortIdVec>
<condition id="-1">
<or_exp><and_exp></and_exp></or_exp>
</condition>

<Node id="76" bw="0" op_0_bw="0" op_1_bw="32" op_2_bw="32">
<![CDATA[
:6  call fastcc void @node_delete(i32* %Master2SysAlloc, i32 %leftPtr)

]]></Node>
<StgValue><ssdm name="call_ln275"/></StgValue>
</operation>
</state>

<state id="26" st_id="26">

<operation id="127" st_id="26" stage="1" lat="2">
<core></core>
<MemPortIdVec></MemPortIdVec>
<condition id="-1">
<or_exp><and_exp></and_exp></or_exp>
</condition>

<Node id="70" bw="128" op_0_bw="128" op_1_bw="32" op_2_bw="32" op_3_bw="2" op_4_bw="32" op_5_bw="32" op_6_bw="2" op_7_bw="32" op_8_bw="32">
<![CDATA[
:0  %call_ret3 = call fastcc { i32, i32, i32, i32 } @node_read_std(i32* %myHeap, i32 %leftPtr)

]]></Node>
<StgValue><ssdm name="call_ret3"/></StgValue>
</operation>

<operation id="128" st_id="26" stage="1" lat="1">
<core>NULL</core>
<MemPortIdVec></MemPortIdVec>
<condition id="-1">
<or_exp><and_exp></and_exp></or_exp>
</condition>

<Node id="71" bw="32" op_0_bw="128">
<![CDATA[
:1  %nowNode_leftPtr = extractvalue { i32, i32, i32, i32 } %call_ret3, 0

]]></Node>
<StgValue><ssdm name="nowNode_leftPtr"/></StgValue>
</operation>

<operation id="129" st_id="26" stage="1" lat="1">
<core>NULL</core>
<MemPortIdVec></MemPortIdVec>
<condition id="-1">
<or_exp><and_exp></and_exp></or_exp>
</condition>

<Node id="72" bw="32" op_0_bw="128">
<![CDATA[
:2  %nowNode_rightPtr = extractvalue { i32, i32, i32, i32 } %call_ret3, 1

]]></Node>
<StgValue><ssdm name="nowNode_rightPtr"/></StgValue>
</operation>

<operation id="130" st_id="26" stage="1" lat="1">
<core>NULL</core>
<MemPortIdVec></MemPortIdVec>
<condition id="-1">
<or_exp><and_exp></and_exp></or_exp>
</condition>

<Node id="73" bw="32" op_0_bw="128">
<![CDATA[
:3  %nowNode_height = extractvalue { i32, i32, i32, i32 } %call_ret3, 2

]]></Node>
<StgValue><ssdm name="nowNode_height"/></StgValue>
</operation>

<operation id="131" st_id="26" stage="1" lat="1">
<core>NULL</core>
<MemPortIdVec></MemPortIdVec>
<condition id="-1">
<or_exp><and_exp></and_exp></or_exp>
</condition>

<Node id="74" bw="32" op_0_bw="128">
<![CDATA[
:4  %nowNode_data = extractvalue { i32, i32, i32, i32 } %call_ret3, 3

]]></Node>
<StgValue><ssdm name="nowNode_data"/></StgValue>
</operation>

<operation id="132" st_id="26" stage="1" lat="2">
<core></core>
<MemPortIdVec></MemPortIdVec>
<condition id="-1">
<or_exp><and_exp></and_exp></or_exp>
</condition>

<Node id="76" bw="0" op_0_bw="0" op_1_bw="32" op_2_bw="32">
<![CDATA[
:6  call fastcc void @node_delete(i32* %Master2SysAlloc, i32 %leftPtr)

]]></Node>
<StgValue><ssdm name="call_ln275"/></StgValue>
</operation>
</state>

<state id="27" st_id="27">

<operation id="133" st_id="27" stage="2" lat="2">
<core></core>
<MemPortIdVec></MemPortIdVec>
<condition id="-1">
<or_exp><and_exp></and_exp></or_exp>
</condition>

<Node id="75" bw="0" op_0_bw="0" op_1_bw="32" op_2_bw="32" op_3_bw="32" op_4_bw="32" op_5_bw="32" op_6_bw="32" op_7_bw="128" op_8_bw="2" op_9_bw="32" op_10_bw="32" op_11_bw="128" op_12_bw="2" op_13_bw="32" op_14_bw="32">
<![CDATA[
:5  call fastcc void @node_write_std(i32* %myHeap, i32 %pointer_assign, i32 %nowNode_leftPtr, i32 %nowNode_rightPtr, i32 %nowNode_height, i32 %nowNode_data)

]]></Node>
<StgValue><ssdm name="call_ln274"/></StgValue>
</operation>
</state>

<state id="28" st_id="28">

<operation id="134" st_id="28" stage="1" lat="2">
<core></core>
<MemPortIdVec></MemPortIdVec>
<condition id="-1">
<or_exp><and_exp></and_exp></or_exp>
</condition>

<Node id="75" bw="0" op_0_bw="0" op_1_bw="32" op_2_bw="32" op_3_bw="32" op_4_bw="32" op_5_bw="32" op_6_bw="32" op_7_bw="128" op_8_bw="2" op_9_bw="32" op_10_bw="32" op_11_bw="128" op_12_bw="2" op_13_bw="32" op_14_bw="32">
<![CDATA[
:5  call fastcc void @node_write_std(i32* %myHeap, i32 %pointer_assign, i32 %nowNode_leftPtr, i32 %nowNode_rightPtr, i32 %nowNode_height, i32 %nowNode_data)

]]></Node>
<StgValue><ssdm name="call_ln274"/></StgValue>
</operation>

<operation id="135" st_id="28" stage="1" lat="1">
<core>NULL</core>
<MemPortIdVec></MemPortIdVec>
<condition id="-1">
<or_exp><and_exp></and_exp></or_exp>
</condition>

<Node id="77" bw="0" op_0_bw="0">
<![CDATA[
:7  br label %9

]]></Node>
<StgValue><ssdm name="br_ln276"/></StgValue>
</operation>
</state>

<state id="29" st_id="29">

<operation id="136" st_id="29" stage="2" lat="2">
<core></core>
<MemPortIdVec></MemPortIdVec>
<condition id="-1">
<or_exp><and_exp></and_exp></or_exp>
</condition>

<Node id="81" bw="128" op_0_bw="128" op_1_bw="32" op_2_bw="32" op_3_bw="2" op_4_bw="32" op_5_bw="32" op_6_bw="2" op_7_bw="32" op_8_bw="32">
<![CDATA[
:0  %call_ret = call fastcc { i32, i32, i32, i32 } @node_read_std(i32* %myHeap, i32 %rightPtr)

]]></Node>
<StgValue><ssdm name="call_ret"/></StgValue>
</operation>

<operation id="137" st_id="29" stage="2" lat="2">
<core></core>
<MemPortIdVec></MemPortIdVec>
<condition id="-1">
<or_exp><and_exp></and_exp></or_exp>
</condition>

<Node id="87" bw="0" op_0_bw="0" op_1_bw="32" op_2_bw="32">
<![CDATA[
:6  call fastcc void @node_delete(i32* %Master2SysAlloc, i32 %rightPtr)

]]></Node>
<StgValue><ssdm name="call_ln279"/></StgValue>
</operation>
</state>

<state id="30" st_id="30">

<operation id="138" st_id="30" stage="1" lat="2">
<core></core>
<MemPortIdVec></MemPortIdVec>
<condition id="-1">
<or_exp><and_exp></and_exp></or_exp>
</condition>

<Node id="81" bw="128" op_0_bw="128" op_1_bw="32" op_2_bw="32" op_3_bw="2" op_4_bw="32" op_5_bw="32" op_6_bw="2" op_7_bw="32" op_8_bw="32">
<![CDATA[
:0  %call_ret = call fastcc { i32, i32, i32, i32 } @node_read_std(i32* %myHeap, i32 %rightPtr)

]]></Node>
<StgValue><ssdm name="call_ret"/></StgValue>
</operation>

<operation id="139" st_id="30" stage="1" lat="1">
<core>NULL</core>
<MemPortIdVec></MemPortIdVec>
<condition id="-1">
<or_exp><and_exp></and_exp></or_exp>
</condition>

<Node id="82" bw="32" op_0_bw="128">
<![CDATA[
:1  %nowNode_leftPtr_1 = extractvalue { i32, i32, i32, i32 } %call_ret, 0

]]></Node>
<StgValue><ssdm name="nowNode_leftPtr_1"/></StgValue>
</operation>

<operation id="140" st_id="30" stage="1" lat="1">
<core>NULL</core>
<MemPortIdVec></MemPortIdVec>
<condition id="-1">
<or_exp><and_exp></and_exp></or_exp>
</condition>

<Node id="83" bw="32" op_0_bw="128">
<![CDATA[
:2  %nowNode_rightPtr_1 = extractvalue { i32, i32, i32, i32 } %call_ret, 1

]]></Node>
<StgValue><ssdm name="nowNode_rightPtr_1"/></StgValue>
</operation>

<operation id="141" st_id="30" stage="1" lat="1">
<core>NULL</core>
<MemPortIdVec></MemPortIdVec>
<condition id="-1">
<or_exp><and_exp></and_exp></or_exp>
</condition>

<Node id="84" bw="32" op_0_bw="128">
<![CDATA[
:3  %nowNode_height_1 = extractvalue { i32, i32, i32, i32 } %call_ret, 2

]]></Node>
<StgValue><ssdm name="nowNode_height_1"/></StgValue>
</operation>

<operation id="142" st_id="30" stage="1" lat="1">
<core>NULL</core>
<MemPortIdVec></MemPortIdVec>
<condition id="-1">
<or_exp><and_exp></and_exp></or_exp>
</condition>

<Node id="85" bw="32" op_0_bw="128">
<![CDATA[
:4  %nowNode_data_1 = extractvalue { i32, i32, i32, i32 } %call_ret, 3

]]></Node>
<StgValue><ssdm name="nowNode_data_1"/></StgValue>
</operation>

<operation id="143" st_id="30" stage="1" lat="2">
<core></core>
<MemPortIdVec></MemPortIdVec>
<condition id="-1">
<or_exp><and_exp></and_exp></or_exp>
</condition>

<Node id="87" bw="0" op_0_bw="0" op_1_bw="32" op_2_bw="32">
<![CDATA[
:6  call fastcc void @node_delete(i32* %Master2SysAlloc, i32 %rightPtr)

]]></Node>
<StgValue><ssdm name="call_ln279"/></StgValue>
</operation>
</state>

<state id="31" st_id="31">

<operation id="144" st_id="31" stage="2" lat="2">
<core></core>
<MemPortIdVec></MemPortIdVec>
<condition id="-1">
<or_exp><and_exp></and_exp></or_exp>
</condition>

<Node id="86" bw="0" op_0_bw="0" op_1_bw="32" op_2_bw="32" op_3_bw="32" op_4_bw="32" op_5_bw="32" op_6_bw="32" op_7_bw="128" op_8_bw="2" op_9_bw="32" op_10_bw="32" op_11_bw="128" op_12_bw="2" op_13_bw="32" op_14_bw="32">
<![CDATA[
:5  call fastcc void @node_write_std(i32* %myHeap, i32 %pointer_assign, i32 %nowNode_leftPtr_1, i32 %nowNode_rightPtr_1, i32 %nowNode_height_1, i32 %nowNode_data_1)

]]></Node>
<StgValue><ssdm name="call_ln278"/></StgValue>
</operation>
</state>

<state id="32" st_id="32">

<operation id="145" st_id="32" stage="1" lat="2">
<core></core>
<MemPortIdVec></MemPortIdVec>
<condition id="-1">
<or_exp><and_exp></and_exp></or_exp>
</condition>

<Node id="86" bw="0" op_0_bw="0" op_1_bw="32" op_2_bw="32" op_3_bw="32" op_4_bw="32" op_5_bw="32" op_6_bw="32" op_7_bw="128" op_8_bw="2" op_9_bw="32" op_10_bw="32" op_11_bw="128" op_12_bw="2" op_13_bw="32" op_14_bw="32">
<![CDATA[
:5  call fastcc void @node_write_std(i32* %myHeap, i32 %pointer_assign, i32 %nowNode_leftPtr_1, i32 %nowNode_rightPtr_1, i32 %nowNode_height_1, i32 %nowNode_data_1)

]]></Node>
<StgValue><ssdm name="call_ln278"/></StgValue>
</operation>

<operation id="146" st_id="32" stage="1" lat="1">
<core>NULL</core>
<MemPortIdVec></MemPortIdVec>
<condition id="-1">
<or_exp><and_exp></and_exp></or_exp>
</condition>

<Node id="88" bw="0" op_0_bw="0">
<![CDATA[
:7  br label %9

]]></Node>
<StgValue><ssdm name="br_ln280"/></StgValue>
</operation>
</state>

<state id="33" st_id="33">

<operation id="147" st_id="33" stage="1" lat="2">
<core></core>
<MemPortIdVec></MemPortIdVec>
<condition id="-1">
<or_exp><and_exp></and_exp></or_exp>
</condition>

<Node id="90" bw="0" op_0_bw="0" op_1_bw="32" op_2_bw="32">
<![CDATA[
:0  call fastcc void @node_delete(i32* %Master2SysAlloc, i32 %pointer_assign)

]]></Node>
<StgValue><ssdm name="call_ln281"/></StgValue>
</operation>

<operation id="148" st_id="33" stage="1" lat="1">
<core>NULL</core>
<MemPortIdVec></MemPortIdVec>
<condition id="-1">
<or_exp><and_exp></and_exp></or_exp>
</condition>

<Node id="91" bw="0" op_0_bw="0">
<![CDATA[
:1  br label %9

]]></Node>
<StgValue><ssdm name="br_ln0"/></StgValue>
</operation>
</state>

<state id="34" st_id="34">

<operation id="149" st_id="34" stage="1" lat="2">
<core>RAM</core>
<MemPortIdVec></MemPortIdVec>
<condition id="-1">
<or_exp><and_exp></and_exp></or_exp>
</condition>

<Node id="100" bw="32" op_0_bw="6">
<![CDATA[
:2  %stackOut = load i32* %fixedStack_addr_5, align 4

]]></Node>
<StgValue><ssdm name="stackOut"/></StgValue>
</operation>

<operation id="150" st_id="34" stage="1" lat="1">
<core>NULL</core>
<MemPortIdVec></MemPortIdVec>
<condition id="-1">
<or_exp><and_exp></and_exp></or_exp>
</condition>

<Node id="101" bw="29" op_0_bw="32">
<![CDATA[
:3  %output_pointer = trunc i32 %stackOut to i29

]]></Node>
<StgValue><ssdm name="output_pointer"/></StgValue>
</operation>

<operation id="151" st_id="34" stage="1" lat="1">
<core>NULL</core>
<MemPortIdVec></MemPortIdVec>
<condition id="-1">
<or_exp><and_exp></and_exp></or_exp>
</condition>

<Node id="102" bw="32" op_0_bw="29">
<![CDATA[
:4  %zext_ln63 = zext i29 %output_pointer to i32

]]></Node>
<StgValue><ssdm name="zext_ln63"/></StgValue>
</operation>

<operation id="152" st_id="34" stage="1" lat="1">
<core>NULL</core>
<MemPortIdVec></MemPortIdVec>
<condition id="-1">
<or_exp><and_exp></and_exp></or_exp>
</condition>

<Node id="103" bw="1" op_0_bw="1" op_1_bw="32" op_2_bw="32">
<![CDATA[
:5  %tmp = call i1 @_ssdm_op_BitSelect.i1.i32.i32(i32 %stackOut, i32 31)

]]></Node>
<StgValue><ssdm name="tmp"/></StgValue>
</operation>

<operation id="153" st_id="34" stage="1" lat="1">
<core>NULL</core>
<MemPortIdVec></MemPortIdVec>
<condition id="-1">
<or_exp><and_exp></and_exp></or_exp>
</condition>

<Node id="104" bw="0" op_0_bw="1" op_1_bw="0" op_2_bw="0">
<![CDATA[
:6  br i1 %tmp, label %14, label %13

]]></Node>
<StgValue><ssdm name="br_ln308"/></StgValue>
</operation>

<operation id="154" st_id="34" stage="2" lat="2">
<core></core>
<MemPortIdVec></MemPortIdVec>
<condition id="-1">
<or_exp><and_exp><literal name="tmp" val="0"/>
</and_exp></or_exp>
</condition>

<Node id="106" bw="0" op_0_bw="0" op_1_bw="32" op_2_bw="32" op_3_bw="32" op_4_bw="2" op_5_bw="32" op_6_bw="32" op_7_bw="32" op_8_bw="32" op_9_bw="32" op_10_bw="0" op_11_bw="32" op_12_bw="0" op_13_bw="128" op_14_bw="0" op_15_bw="128" op_16_bw="0" op_17_bw="2" op_18_bw="32" op_19_bw="32" op_20_bw="32" op_21_bw="32" op_22_bw="32" op_23_bw="0" op_24_bw="32" op_25_bw="0" op_26_bw="128" op_27_bw="0" op_28_bw="128" op_29_bw="0">
<![CDATA[
:0  call fastcc void @node_set_left(i32* %myHeap, i32 %zext_ln63, i32 %rootPtr_assign)

]]></Node>
<StgValue><ssdm name="call_ln309"/></StgValue>
</operation>

<operation id="155" st_id="34" stage="2" lat="2">
<core></core>
<MemPortIdVec></MemPortIdVec>
<condition id="-1">
<or_exp><and_exp><literal name="tmp" val="1"/>
</and_exp></or_exp>
</condition>

<Node id="109" bw="0" op_0_bw="0" op_1_bw="32" op_2_bw="32" op_3_bw="32" op_4_bw="2" op_5_bw="32" op_6_bw="32" op_7_bw="32" op_8_bw="32" op_9_bw="32" op_10_bw="0" op_11_bw="32" op_12_bw="0" op_13_bw="128" op_14_bw="0" op_15_bw="128" op_16_bw="0" op_17_bw="2" op_18_bw="32" op_19_bw="32" op_20_bw="32" op_21_bw="32" op_22_bw="32" op_23_bw="0" op_24_bw="32" op_25_bw="0" op_26_bw="128" op_27_bw="0" op_28_bw="128" op_29_bw="0">
<![CDATA[
:0  call fastcc void @node_set_right(i32* %myHeap, i32 %zext_ln63, i32 %rootPtr_assign)

]]></Node>
<StgValue><ssdm name="call_ln311"/></StgValue>
</operation>
</state>

<state id="35" st_id="35">

<operation id="156" st_id="35" stage="1" lat="2">
<core></core>
<MemPortIdVec></MemPortIdVec>
<condition id="-1">
<or_exp><and_exp><literal name="tmp" val="0"/>
</and_exp></or_exp>
</condition>

<Node id="106" bw="0" op_0_bw="0" op_1_bw="32" op_2_bw="32" op_3_bw="32" op_4_bw="2" op_5_bw="32" op_6_bw="32" op_7_bw="32" op_8_bw="32" op_9_bw="32" op_10_bw="0" op_11_bw="32" op_12_bw="0" op_13_bw="128" op_14_bw="0" op_15_bw="128" op_16_bw="0" op_17_bw="2" op_18_bw="32" op_19_bw="32" op_20_bw="32" op_21_bw="32" op_22_bw="32" op_23_bw="0" op_24_bw="32" op_25_bw="0" op_26_bw="128" op_27_bw="0" op_28_bw="128" op_29_bw="0">
<![CDATA[
:0  call fastcc void @node_set_left(i32* %myHeap, i32 %zext_ln63, i32 %rootPtr_assign)

]]></Node>
<StgValue><ssdm name="call_ln309"/></StgValue>
</operation>

<operation id="157" st_id="35" stage="1" lat="1">
<core>NULL</core>
<MemPortIdVec></MemPortIdVec>
<condition id="-1">
<or_exp><and_exp><literal name="tmp" val="0"/>
</and_exp></or_exp>
</condition>

<Node id="107" bw="0" op_0_bw="0">
<![CDATA[
:1  br label %15

]]></Node>
<StgValue><ssdm name="br_ln310"/></StgValue>
</operation>

<operation id="158" st_id="35" stage="1" lat="2">
<core></core>
<MemPortIdVec></MemPortIdVec>
<condition id="-1">
<or_exp><and_exp><literal name="tmp" val="1"/>
</and_exp></or_exp>
</condition>

<Node id="109" bw="0" op_0_bw="0" op_1_bw="32" op_2_bw="32" op_3_bw="32" op_4_bw="2" op_5_bw="32" op_6_bw="32" op_7_bw="32" op_8_bw="32" op_9_bw="32" op_10_bw="0" op_11_bw="32" op_12_bw="0" op_13_bw="128" op_14_bw="0" op_15_bw="128" op_16_bw="0" op_17_bw="2" op_18_bw="32" op_19_bw="32" op_20_bw="32" op_21_bw="32" op_22_bw="32" op_23_bw="0" op_24_bw="32" op_25_bw="0" op_26_bw="128" op_27_bw="0" op_28_bw="128" op_29_bw="0">
<![CDATA[
:0  call fastcc void @node_set_right(i32* %myHeap, i32 %zext_ln63, i32 %rootPtr_assign)

]]></Node>
<StgValue><ssdm name="call_ln311"/></StgValue>
</operation>

<operation id="159" st_id="35" stage="1" lat="1">
<core>NULL</core>
<MemPortIdVec></MemPortIdVec>
<condition id="-1">
<or_exp><and_exp><literal name="tmp" val="1"/>
</and_exp></or_exp>
</condition>

<Node id="110" bw="0" op_0_bw="0">
<![CDATA[
:1  br label %15

]]></Node>
<StgValue><ssdm name="br_ln0"/></StgValue>
</operation>

<operation id="160" st_id="35" stage="1" lat="1">
<core>AddSub</core>
<MemPortIdVec></MemPortIdVec>
<condition id="-1">
<or_exp><and_exp></and_exp></or_exp>
</condition>

<Node id="112" bw="32" op_0_bw="32" op_1_bw="32">
<![CDATA[
:0  %sub_ln313 = sub i32 0, %hdStack_assign_load

]]></Node>
<StgValue><ssdm name="sub_ln313"/></StgValue>
</operation>

<operation id="161" st_id="35" stage="1" lat="1">
<core>NULL</core>
<MemPortIdVec></MemPortIdVec>
<condition id="-1">
<or_exp><and_exp></and_exp></or_exp>
</condition>

<Node id="113" bw="1" op_0_bw="1" op_1_bw="32" op_2_bw="32">
<![CDATA[
:1  %tmp_16 = call i1 @_ssdm_op_BitSelect.i1.i32.i32(i32 %sub_ln313, i32 31)

]]></Node>
<StgValue><ssdm name="tmp_16"/></StgValue>
</operation>

<operation id="162" st_id="35" stage="1" lat="1">
<core>AddSub</core>
<MemPortIdVec></MemPortIdVec>
<condition id="-1">
<or_exp><and_exp></and_exp></or_exp>
</condition>

<Node id="114" bw="32" op_0_bw="32" op_1_bw="32">
<![CDATA[
:2  %add_ln306 = add i32 %hdStack_assign_load, -1

]]></Node>
<StgValue><ssdm name="add_ln306"/></StgValue>
</operation>

<operation id="163" st_id="35" stage="1" lat="1">
<core>Sel</core>
<MemPortIdVec></MemPortIdVec>
<condition id="-1">
<or_exp><and_exp></and_exp></or_exp>
</condition>

<Node id="115" bw="32" op_0_bw="1" op_1_bw="32" op_2_bw="32">
<![CDATA[
:3  %stackOutput_hdPtr_av = select i1 %tmp_16, i32 0, i32 %add_ln306

]]></Node>
<StgValue><ssdm name="stackOutput_hdPtr_av"/></StgValue>
</operation>

<operation id="164" st_id="35" stage="1" lat="1">
<core>NULL</core>
<MemPortIdVec></MemPortIdVec>
<condition id="-1">
<or_exp><and_exp></and_exp></or_exp>
</condition>

<Node id="116" bw="0" op_0_bw="0">
<![CDATA[
:4  br label %16

]]></Node>
<StgValue><ssdm name="br_ln313"/></StgValue>
</operation>
</state>

<state id="36" st_id="36">

<operation id="165" st_id="36" stage="1" lat="1">
<core>NULL</core>
<MemPortIdVec></MemPortIdVec>
<condition id="-1">
<or_exp><and_exp></and_exp></or_exp>
</condition>

<Node id="118" bw="29" op_0_bw="29" op_1_bw="0" op_2_bw="29" op_3_bw="0">
<![CDATA[
:0  %nowPtr_2 = phi i29 [ %output_pointer, %15 ], [ %output_pointer_3, %._crit_edge ]

]]></Node>
<StgValue><ssdm name="nowPtr_2"/></StgValue>
</operation>

<operation id="166" st_id="36" stage="1" lat="1">
<core>NULL</core>
<MemPortIdVec></MemPortIdVec>
<condition id="-1">
<or_exp><and_exp></and_exp></or_exp>
</condition>

<Node id="119" bw="32" op_0_bw="32" op_1_bw="0" op_2_bw="32" op_3_bw="0">
<![CDATA[
:1  %p_12_in = phi i32 [ %hdStack_assign_load, %15 ], [ %add_ln306_1, %._crit_edge ]

]]></Node>
<StgValue><ssdm name="p_12_in"/></StgValue>
</operation>

<operation id="167" st_id="36" stage="1" lat="1">
<core>NULL</core>
<MemPortIdVec></MemPortIdVec>
<condition id="-1">
<or_exp><and_exp></and_exp></or_exp>
</condition>

<Node id="120" bw="32" op_0_bw="32" op_1_bw="0" op_2_bw="32" op_3_bw="0">
<![CDATA[
:2  %nowPtr_4 = phi i32 [ %rootPtr_assign, %15 ], [ %zext_ln306, %._crit_edge ]

]]></Node>
<StgValue><ssdm name="nowPtr_4"/></StgValue>
</operation>

<operation id="168" st_id="36" stage="1" lat="1">
<core>NULL</core>
<MemPortIdVec></MemPortIdVec>
<condition id="-1">
<or_exp><and_exp></and_exp></or_exp>
</condition>

<Node id="121" bw="32" op_0_bw="29">
<![CDATA[
:3  %zext_ln306 = zext i29 %nowPtr_2 to i32

]]></Node>
<StgValue><ssdm name="zext_ln306"/></StgValue>
</operation>

<operation id="169" st_id="36" stage="1" lat="1">
<core>AddSub</core>
<MemPortIdVec></MemPortIdVec>
<condition id="-1">
<or_exp><and_exp></and_exp></or_exp>
</condition>

<Node id="122" bw="32" op_0_bw="32" op_1_bw="32">
<![CDATA[
:4  %add_ln306_1 = add nsw i32 %p_12_in, -1

]]></Node>
<StgValue><ssdm name="add_ln306_1"/></StgValue>
</operation>

<operation id="170" st_id="36" stage="1" lat="1">
<core>Cmp</core>
<MemPortIdVec></MemPortIdVec>
<condition id="-1">
<or_exp><and_exp></and_exp></or_exp>
</condition>

<Node id="123" bw="1" op_0_bw="32" op_1_bw="32">
<![CDATA[
:5  %icmp_ln313 = icmp sgt i32 %add_ln306_1, 0

]]></Node>
<StgValue><ssdm name="icmp_ln313"/></StgValue>
</operation>

<operation id="171" st_id="36" stage="1" lat="1">
<core>NULL</core>
<MemPortIdVec></MemPortIdVec>
<condition id="-1">
<or_exp><and_exp></and_exp></or_exp>
</condition>

<Node id="124" bw="0" op_0_bw="1" op_1_bw="0" op_2_bw="0">
<![CDATA[
:6  br i1 %icmp_ln313, label %17, label %22

]]></Node>
<StgValue><ssdm name="br_ln313"/></StgValue>
</operation>

<operation id="172" st_id="36" stage="2" lat="2">
<core></core>
<MemPortIdVec></MemPortIdVec>
<condition id="-1">
<or_exp><and_exp><literal name="icmp_ln313" val="1"/>
</and_exp></or_exp>
</condition>

<Node id="126" bw="32" op_0_bw="32" op_1_bw="32" op_2_bw="32" op_3_bw="2" op_4_bw="32" op_5_bw="32" op_6_bw="32" op_7_bw="32" op_8_bw="32" op_9_bw="0" op_10_bw="32" op_11_bw="0" op_12_bw="128" op_13_bw="0" op_14_bw="128" op_15_bw="0" op_16_bw="0" op_17_bw="0" op_18_bw="2" op_19_bw="32" op_20_bw="32" op_21_bw="32" op_22_bw="32" op_23_bw="32" op_24_bw="0" op_25_bw="32" op_26_bw="0" op_27_bw="128" op_28_bw="0" op_29_bw="128" op_30_bw="0" op_31_bw="0" op_32_bw="0">
<![CDATA[
:0  %nowPtr_new = call fastcc i32 @ProcessNodeDeletion(i32* %myHeap, i32 %zext_ln306)

]]></Node>
<StgValue><ssdm name="nowPtr_new"/></StgValue>
</operation>

<operation id="173" st_id="36" stage="1" lat="1">
<core>NULL</core>
<MemPortIdVec></MemPortIdVec>
<condition id="-1">
<or_exp><and_exp><literal name="icmp_ln313" val="1"/>
</and_exp></or_exp>
</condition>

<Node id="127" bw="64" op_0_bw="32">
<![CDATA[
:1  %zext_ln57 = zext i32 %add_ln306_1 to i64

]]></Node>
<StgValue><ssdm name="zext_ln57"/></StgValue>
</operation>

<operation id="174" st_id="36" stage="1" lat="1">
<core>NULL</core>
<MemPortIdVec></MemPortIdVec>
<condition id="-1">
<or_exp><and_exp><literal name="icmp_ln313" val="1"/>
</and_exp></or_exp>
</condition>

<Node id="128" bw="6" op_0_bw="32" op_1_bw="64" op_2_bw="64">
<![CDATA[
:2  %fixedStack_addr_6 = getelementptr [40 x i32]* %fixedStack, i64 0, i64 %zext_ln57

]]></Node>
<StgValue><ssdm name="fixedStack_addr_6"/></StgValue>
</operation>

<operation id="175" st_id="36" stage="2" lat="2">
<core>RAM</core>
<MemPortIdVec></MemPortIdVec>
<condition id="-1">
<or_exp><and_exp><literal name="icmp_ln313" val="1"/>
</and_exp></or_exp>
</condition>

<Node id="129" bw="32" op_0_bw="6">
<![CDATA[
:3  %stackOut_2 = load i32* %fixedStack_addr_6, align 4

]]></Node>
<StgValue><ssdm name="stackOut_2"/></StgValue>
</operation>

<operation id="176" st_id="36" stage="2" lat="2">
<core></core>
<MemPortIdVec></MemPortIdVec>
<condition id="-1">
<or_exp><and_exp><literal name="icmp_ln313" val="0"/>
</and_exp></or_exp>
</condition>

<Node id="148" bw="32" op_0_bw="32" op_1_bw="32" op_2_bw="32" op_3_bw="2" op_4_bw="32" op_5_bw="32" op_6_bw="32" op_7_bw="32" op_8_bw="32" op_9_bw="0" op_10_bw="32" op_11_bw="0" op_12_bw="128" op_13_bw="0" op_14_bw="128" op_15_bw="0" op_16_bw="0" op_17_bw="0" op_18_bw="2" op_19_bw="32" op_20_bw="32" op_21_bw="32" op_22_bw="32" op_23_bw="32" op_24_bw="0" op_25_bw="32" op_26_bw="0" op_27_bw="128" op_28_bw="0" op_29_bw="128" op_30_bw="0" op_31_bw="0" op_32_bw="0">
<![CDATA[
:0  %rootPtr_assign_2 = call fastcc i32 @ProcessNodeDeletion(i32* %myHeap, i32 %zext_ln306)

]]></Node>
<StgValue><ssdm name="rootPtr_assign_2"/></StgValue>
</operation>

<operation id="177" st_id="36" stage="1" lat="1">
<core>NULL</core>
<MemPortIdVec></MemPortIdVec>
<condition id="-1">
<or_exp><and_exp><literal name="icmp_ln313" val="0"/>
</and_exp></or_exp>
</condition>

<Node id="150" bw="0" op_0_bw="32" op_1_bw="32" op_2_bw="0" op_3_bw="32">
<![CDATA[
:2  store i32 %stackOutput_hdPtr_av, i32* %hdStack_assign

]]></Node>
<StgValue><ssdm name="store_ln306"/></StgValue>
</operation>
</state>

<state id="37" st_id="37">

<operation id="178" st_id="37" stage="1" lat="2">
<core></core>
<MemPortIdVec></MemPortIdVec>
<condition id="-1">
<or_exp><and_exp></and_exp></or_exp>
</condition>

<Node id="126" bw="32" op_0_bw="32" op_1_bw="32" op_2_bw="32" op_3_bw="2" op_4_bw="32" op_5_bw="32" op_6_bw="32" op_7_bw="32" op_8_bw="32" op_9_bw="0" op_10_bw="32" op_11_bw="0" op_12_bw="128" op_13_bw="0" op_14_bw="128" op_15_bw="0" op_16_bw="0" op_17_bw="0" op_18_bw="2" op_19_bw="32" op_20_bw="32" op_21_bw="32" op_22_bw="32" op_23_bw="32" op_24_bw="0" op_25_bw="32" op_26_bw="0" op_27_bw="128" op_28_bw="0" op_29_bw="128" op_30_bw="0" op_31_bw="0" op_32_bw="0">
<![CDATA[
:0  %nowPtr_new = call fastcc i32 @ProcessNodeDeletion(i32* %myHeap, i32 %zext_ln306)

]]></Node>
<StgValue><ssdm name="nowPtr_new"/></StgValue>
</operation>

<operation id="179" st_id="37" stage="1" lat="2">
<core>RAM</core>
<MemPortIdVec></MemPortIdVec>
<condition id="-1">
<or_exp><and_exp></and_exp></or_exp>
</condition>

<Node id="129" bw="32" op_0_bw="6">
<![CDATA[
:3  %stackOut_2 = load i32* %fixedStack_addr_6, align 4

]]></Node>
<StgValue><ssdm name="stackOut_2"/></StgValue>
</operation>

<operation id="180" st_id="37" stage="1" lat="1">
<core>NULL</core>
<MemPortIdVec></MemPortIdVec>
<condition id="-1">
<or_exp><and_exp></and_exp></or_exp>
</condition>

<Node id="130" bw="29" op_0_bw="32">
<![CDATA[
:4  %output_pointer_3 = trunc i32 %stackOut_2 to i29

]]></Node>
<StgValue><ssdm name="output_pointer_3"/></StgValue>
</operation>

<operation id="181" st_id="37" stage="1" lat="1">
<core>NULL</core>
<MemPortIdVec></MemPortIdVec>
<condition id="-1">
<or_exp><and_exp></and_exp></or_exp>
</condition>

<Node id="131" bw="32" op_0_bw="29">
<![CDATA[
:5  %zext_ln63_2 = zext i29 %output_pointer_3 to i32

]]></Node>
<StgValue><ssdm name="zext_ln63_2"/></StgValue>
</operation>

<operation id="182" st_id="37" stage="1" lat="1">
<core>Cmp</core>
<MemPortIdVec></MemPortIdVec>
<condition id="-1">
<or_exp><and_exp></and_exp></or_exp>
</condition>

<Node id="132" bw="1" op_0_bw="32" op_1_bw="32">
<![CDATA[
:6  %icmp_ln318 = icmp eq i32 %nowPtr_new, %zext_ln306

]]></Node>
<StgValue><ssdm name="icmp_ln318"/></StgValue>
</operation>

<operation id="183" st_id="37" stage="1" lat="1">
<core>NULL</core>
<MemPortIdVec></MemPortIdVec>
<condition id="-1">
<or_exp><and_exp></and_exp></or_exp>
</condition>

<Node id="133" bw="0" op_0_bw="1" op_1_bw="0" op_2_bw="0">
<![CDATA[
:7  br i1 %icmp_ln318, label %._crit_edge, label %18

]]></Node>
<StgValue><ssdm name="br_ln318"/></StgValue>
</operation>

<operation id="184" st_id="37" stage="1" lat="1">
<core>NULL</core>
<MemPortIdVec></MemPortIdVec>
<condition id="-1">
<or_exp><and_exp><literal name="icmp_ln318" val="0"/>
</and_exp></or_exp>
</condition>

<Node id="135" bw="1" op_0_bw="1" op_1_bw="32" op_2_bw="32">
<![CDATA[
:0  %tmp_17 = call i1 @_ssdm_op_BitSelect.i1.i32.i32(i32 %stackOut_2, i32 31)

]]></Node>
<StgValue><ssdm name="tmp_17"/></StgValue>
</operation>

<operation id="185" st_id="37" stage="1" lat="1">
<core>NULL</core>
<MemPortIdVec></MemPortIdVec>
<condition id="-1">
<or_exp><and_exp><literal name="icmp_ln318" val="0"/>
</and_exp></or_exp>
</condition>

<Node id="136" bw="0" op_0_bw="1" op_1_bw="0" op_2_bw="0">
<![CDATA[
:1  br i1 %tmp_17, label %20, label %19

]]></Node>
<StgValue><ssdm name="br_ln319"/></StgValue>
</operation>
</state>

<state id="38" st_id="38">

<operation id="186" st_id="38" stage="2" lat="2">
<core></core>
<MemPortIdVec></MemPortIdVec>
<condition id="-1">
<or_exp><and_exp></and_exp></or_exp>
</condition>

<Node id="138" bw="0" op_0_bw="0" op_1_bw="32" op_2_bw="32" op_3_bw="32" op_4_bw="2" op_5_bw="32" op_6_bw="32" op_7_bw="32" op_8_bw="32" op_9_bw="32" op_10_bw="0" op_11_bw="32" op_12_bw="0" op_13_bw="128" op_14_bw="0" op_15_bw="128" op_16_bw="0" op_17_bw="0" op_18_bw="0" op_19_bw="32" op_20_bw="2" op_21_bw="32" op_22_bw="32" op_23_bw="32" op_24_bw="32" op_25_bw="32" op_26_bw="0" op_27_bw="32" op_28_bw="0" op_29_bw="128" op_30_bw="0" op_31_bw="128" op_32_bw="0" op_33_bw="0" op_34_bw="0" op_35_bw="32">
<![CDATA[
:0  call fastcc void @node_set_left(i32* %myHeap, i32 %zext_ln63_2, i32 %nowPtr_new)

]]></Node>
<StgValue><ssdm name="call_ln320"/></StgValue>
</operation>
</state>

<state id="39" st_id="39">

<operation id="187" st_id="39" stage="1" lat="2">
<core></core>
<MemPortIdVec></MemPortIdVec>
<condition id="-1">
<or_exp><and_exp><literal name="icmp_ln318" val="0"/>
<literal name="tmp_17" val="0"/>
</and_exp></or_exp>
</condition>

<Node id="138" bw="0" op_0_bw="0" op_1_bw="32" op_2_bw="32" op_3_bw="32" op_4_bw="2" op_5_bw="32" op_6_bw="32" op_7_bw="32" op_8_bw="32" op_9_bw="32" op_10_bw="0" op_11_bw="32" op_12_bw="0" op_13_bw="128" op_14_bw="0" op_15_bw="128" op_16_bw="0" op_17_bw="0" op_18_bw="0" op_19_bw="32" op_20_bw="2" op_21_bw="32" op_22_bw="32" op_23_bw="32" op_24_bw="32" op_25_bw="32" op_26_bw="0" op_27_bw="32" op_28_bw="0" op_29_bw="128" op_30_bw="0" op_31_bw="128" op_32_bw="0" op_33_bw="0" op_34_bw="0" op_35_bw="32">
<![CDATA[
:0  call fastcc void @node_set_left(i32* %myHeap, i32 %zext_ln63_2, i32 %nowPtr_new)

]]></Node>
<StgValue><ssdm name="call_ln320"/></StgValue>
</operation>

<operation id="188" st_id="39" stage="1" lat="1">
<core>NULL</core>
<MemPortIdVec></MemPortIdVec>
<condition id="-1">
<or_exp><and_exp><literal name="icmp_ln318" val="0"/>
<literal name="tmp_17" val="0"/>
</and_exp></or_exp>
</condition>

<Node id="139" bw="0" op_0_bw="0">
<![CDATA[
:1  br label %21

]]></Node>
<StgValue><ssdm name="br_ln321"/></StgValue>
</operation>

<operation id="189" st_id="39" stage="1" lat="2">
<core></core>
<MemPortIdVec></MemPortIdVec>
<condition id="-1">
<or_exp><and_exp><literal name="icmp_ln318" val="0"/>
<literal name="tmp_17" val="1"/>
</and_exp></or_exp>
</condition>

<Node id="141" bw="0" op_0_bw="0" op_1_bw="32" op_2_bw="32" op_3_bw="32" op_4_bw="2" op_5_bw="32" op_6_bw="32" op_7_bw="32" op_8_bw="32" op_9_bw="32" op_10_bw="0" op_11_bw="32" op_12_bw="0" op_13_bw="128" op_14_bw="0" op_15_bw="128" op_16_bw="0" op_17_bw="0" op_18_bw="0" op_19_bw="32" op_20_bw="2" op_21_bw="32" op_22_bw="32" op_23_bw="32" op_24_bw="32" op_25_bw="32" op_26_bw="0" op_27_bw="32" op_28_bw="0" op_29_bw="128" op_30_bw="0" op_31_bw="128" op_32_bw="0" op_33_bw="0" op_34_bw="0" op_35_bw="32">
<![CDATA[
:0  call fastcc void @node_set_right(i32* %myHeap, i32 %zext_ln63_2, i32 %nowPtr_new)

]]></Node>
<StgValue><ssdm name="call_ln322"/></StgValue>
</operation>

<operation id="190" st_id="39" stage="1" lat="1">
<core>NULL</core>
<MemPortIdVec></MemPortIdVec>
<condition id="-1">
<or_exp><and_exp><literal name="icmp_ln318" val="0"/>
<literal name="tmp_17" val="1"/>
</and_exp></or_exp>
</condition>

<Node id="142" bw="0" op_0_bw="0">
<![CDATA[
:1  br label %21

]]></Node>
<StgValue><ssdm name="br_ln0"/></StgValue>
</operation>

<operation id="191" st_id="39" stage="1" lat="1">
<core>NULL</core>
<MemPortIdVec></MemPortIdVec>
<condition id="-1">
<or_exp><and_exp><literal name="icmp_ln318" val="0"/>
</and_exp></or_exp>
</condition>

<Node id="144" bw="0" op_0_bw="0">
<![CDATA[
:0  br label %._crit_edge

]]></Node>
<StgValue><ssdm name="br_ln324"/></StgValue>
</operation>

<operation id="192" st_id="39" stage="1" lat="1">
<core>NULL</core>
<MemPortIdVec></MemPortIdVec>
<condition id="-1">
<or_exp><and_exp></and_exp></or_exp>
</condition>

<Node id="146" bw="0" op_0_bw="0">
<![CDATA[
._crit_edge:0  br label %16

]]></Node>
<StgValue><ssdm name="br_ln325"/></StgValue>
</operation>
</state>

<state id="40" st_id="40">

<operation id="193" st_id="40" stage="2" lat="2">
<core></core>
<MemPortIdVec></MemPortIdVec>
<condition id="-1">
<or_exp><and_exp></and_exp></or_exp>
</condition>

<Node id="141" bw="0" op_0_bw="0" op_1_bw="32" op_2_bw="32" op_3_bw="32" op_4_bw="2" op_5_bw="32" op_6_bw="32" op_7_bw="32" op_8_bw="32" op_9_bw="32" op_10_bw="0" op_11_bw="32" op_12_bw="0" op_13_bw="128" op_14_bw="0" op_15_bw="128" op_16_bw="0" op_17_bw="0" op_18_bw="0" op_19_bw="32" op_20_bw="2" op_21_bw="32" op_22_bw="32" op_23_bw="32" op_24_bw="32" op_25_bw="32" op_26_bw="0" op_27_bw="32" op_28_bw="0" op_29_bw="128" op_30_bw="0" op_31_bw="128" op_32_bw="0" op_33_bw="0" op_34_bw="0" op_35_bw="32">
<![CDATA[
:0  call fastcc void @node_set_right(i32* %myHeap, i32 %zext_ln63_2, i32 %nowPtr_new)

]]></Node>
<StgValue><ssdm name="call_ln322"/></StgValue>
</operation>
</state>

<state id="41" st_id="41">

<operation id="194" st_id="41" stage="1" lat="2">
<core></core>
<MemPortIdVec></MemPortIdVec>
<condition id="-1">
<or_exp><and_exp></and_exp></or_exp>
</condition>

<Node id="148" bw="32" op_0_bw="32" op_1_bw="32" op_2_bw="32" op_3_bw="2" op_4_bw="32" op_5_bw="32" op_6_bw="32" op_7_bw="32" op_8_bw="32" op_9_bw="0" op_10_bw="32" op_11_bw="0" op_12_bw="128" op_13_bw="0" op_14_bw="128" op_15_bw="0" op_16_bw="0" op_17_bw="0" op_18_bw="2" op_19_bw="32" op_20_bw="32" op_21_bw="32" op_22_bw="32" op_23_bw="32" op_24_bw="0" op_25_bw="32" op_26_bw="0" op_27_bw="128" op_28_bw="0" op_29_bw="128" op_30_bw="0" op_31_bw="0" op_32_bw="0">
<![CDATA[
:0  %rootPtr_assign_2 = call fastcc i32 @ProcessNodeDeletion(i32* %myHeap, i32 %zext_ln306)

]]></Node>
<StgValue><ssdm name="rootPtr_assign_2"/></StgValue>
</operation>

<operation id="195" st_id="41" stage="1" lat="1">
<core>NULL</core>
<MemPortIdVec></MemPortIdVec>
<condition id="-1">
<or_exp><and_exp></and_exp></or_exp>
</condition>

<Node id="149" bw="0" op_0_bw="32" op_1_bw="32" op_2_bw="0">
<![CDATA[
:1  store i32 %rootPtr_assign_2, i32* %p_0

]]></Node>
<StgValue><ssdm name="store_ln326"/></StgValue>
</operation>

<operation id="196" st_id="41" stage="1" lat="1">
<core>NULL</core>
<MemPortIdVec></MemPortIdVec>
<condition id="-1">
<or_exp><and_exp></and_exp></or_exp>
</condition>

<Node id="151" bw="0" op_0_bw="0">
<![CDATA[
:3  br label %.backedge.backedge

]]></Node>
<StgValue><ssdm name="br_ln0"/></StgValue>
</operation>
</state>

<state id="42" st_id="42">

<operation id="197" st_id="42" stage="2" lat="2">
<core></core>
<MemPortIdVec></MemPortIdVec>
<condition id="-1">
<or_exp><and_exp></and_exp></or_exp>
</condition>

<Node id="157" bw="32" op_0_bw="32" op_1_bw="32" op_2_bw="32" op_3_bw="2" op_4_bw="32" op_5_bw="32" op_6_bw="32" op_7_bw="32" op_8_bw="32" op_9_bw="0" op_10_bw="32" op_11_bw="0" op_12_bw="128" op_13_bw="0" op_14_bw="128" op_15_bw="0" op_16_bw="2" op_17_bw="32" op_18_bw="32" op_19_bw="32" op_20_bw="32" op_21_bw="32" op_22_bw="0" op_23_bw="32" op_24_bw="0" op_25_bw="128" op_26_bw="0" op_27_bw="128" op_28_bw="0">
<![CDATA[
:0  %rootPtr_assign_1 = call fastcc i32 @ProcessNodeDeletion(i32* %myHeap, i32 %rootPtr_assign)

]]></Node>
<StgValue><ssdm name="rootPtr_assign_1"/></StgValue>
</operation>
</state>

<state id="43" st_id="43">

<operation id="198" st_id="43" stage="1" lat="2">
<core></core>
<MemPortIdVec></MemPortIdVec>
<condition id="-1">
<or_exp><and_exp></and_exp></or_exp>
</condition>

<Node id="157" bw="32" op_0_bw="32" op_1_bw="32" op_2_bw="32" op_3_bw="2" op_4_bw="32" op_5_bw="32" op_6_bw="32" op_7_bw="32" op_8_bw="32" op_9_bw="0" op_10_bw="32" op_11_bw="0" op_12_bw="128" op_13_bw="0" op_14_bw="128" op_15_bw="0" op_16_bw="2" op_17_bw="32" op_18_bw="32" op_19_bw="32" op_20_bw="32" op_21_bw="32" op_22_bw="0" op_23_bw="32" op_24_bw="0" op_25_bw="128" op_26_bw="0" op_27_bw="128" op_28_bw="0">
<![CDATA[
:0  %rootPtr_assign_1 = call fastcc i32 @ProcessNodeDeletion(i32* %myHeap, i32 %rootPtr_assign)

]]></Node>
<StgValue><ssdm name="rootPtr_assign_1"/></StgValue>
</operation>

<operation id="199" st_id="43" stage="1" lat="1">
<core>NULL</core>
<MemPortIdVec></MemPortIdVec>
<condition id="-1">
<or_exp><and_exp></and_exp></or_exp>
</condition>

<Node id="158" bw="0" op_0_bw="32" op_1_bw="32" op_2_bw="0">
<![CDATA[
:1  store i32 %rootPtr_assign_1, i32* %p_0

]]></Node>
<StgValue><ssdm name="store_ln302"/></StgValue>
</operation>

<operation id="200" st_id="43" stage="1" lat="1">
<core>NULL</core>
<MemPortIdVec></MemPortIdVec>
<condition id="-1">
<or_exp><and_exp></and_exp></or_exp>
</condition>

<Node id="159" bw="0" op_0_bw="0">
<![CDATA[
:2  br label %.backedge.backedge

]]></Node>
<StgValue><ssdm name="br_ln0"/></StgValue>
</operation>
</state>

<state id="44" st_id="44">

<operation id="201" st_id="44" stage="1" lat="1">
<core>NULL</core>
<MemPortIdVec></MemPortIdVec>
<condition id="-1">
<or_exp><and_exp></and_exp></or_exp>
</condition>

<Node id="164" bw="1" op_0_bw="1" op_1_bw="0" op_2_bw="1" op_3_bw="0" op_4_bw="1" op_5_bw="0" op_6_bw="1" op_7_bw="0">
<![CDATA[
.backedge.backedge:0  %phi_ln264_be = phi i1 [ false, %..backedge.backedge_crit_edge ], [ false, %11 ], [ false, %22 ], [ %phitmp, %26 ]

]]></Node>
<StgValue><ssdm name="phi_ln264_be"/></StgValue>
</operation>

<operation id="202" st_id="44" stage="1" lat="1">
<core>NULL</core>
<MemPortIdVec></MemPortIdVec>
<condition id="-1">
<or_exp><and_exp></and_exp></or_exp>
</condition>

<Node id="165" bw="32" op_0_bw="32" op_1_bw="0" op_2_bw="32" op_3_bw="0" op_4_bw="32" op_5_bw="0" op_6_bw="32" op_7_bw="0">
<![CDATA[
.backedge.backedge:1  %pointer_assign_be = phi i32 [ %rootPtr_assign, %..backedge.backedge_crit_edge ], [ %rootPtr_assign, %11 ], [ %nowPtr_4, %22 ], [ %nowPtr_6, %26 ]

]]></Node>
<StgValue><ssdm name="pointer_assign_be"/></StgValue>
</operation>

<operation id="203" st_id="44" stage="1" lat="1">
<core>NULL</core>
<MemPortIdVec></MemPortIdVec>
<condition id="-1">
<or_exp><and_exp></and_exp></or_exp>
</condition>

<Node id="166" bw="0" op_0_bw="0">
<![CDATA[
.backedge.backedge:2  br label %.backedge

]]></Node>
<StgValue><ssdm name="br_ln0"/></StgValue>
</operation>
</state>
</state_list>


<ports>
</ports>


<dataflows>
</dataflows>


</stg>
