<stg><name>DeleteTree</name>


<trans_list>

<trans id="74" from="1" to="2">
<condition id="-1">
<or_exp><and_exp></and_exp></or_exp>
</condition>
</trans>

<trans id="75" from="2" to="3">
<condition id="-1">
<or_exp><and_exp><literal name="phi_ln192" val="1"/>
</and_exp></or_exp>
</condition>
</trans>

<trans id="77" from="3" to="5">
<condition id="-1">
<or_exp><and_exp><literal name="or_ln200" val="1"/>
</and_exp><and_exp><literal name="icmp_ln195" val="0"/>
</and_exp></or_exp>
</condition>
</trans>

<trans id="79" from="3" to="4">
<condition id="-1">
<or_exp><and_exp><literal name="icmp_ln195" val="1"/>
<literal name="or_ln200" val="0"/>
</and_exp></or_exp>
</condition>
</trans>

<trans id="81" from="4" to="5">
<condition id="-1">
<or_exp><and_exp></and_exp></or_exp>
</condition>
</trans>

<trans id="85" from="5" to="2">
<condition id="-1">
<or_exp><and_exp></and_exp></or_exp>
</condition>
</trans>
</trans_list>



<state_list>

<state id="1" st_id="1">

<operation id="6" st_id="1" stage="1" lat="1">
<core>NULL</core>
<MemPortIdVec></MemPortIdVec>
<condition id="-1">
<or_exp><and_exp></and_exp></or_exp>
</condition>

<Node id="5" bw="32" op_0_bw="32">
<![CDATA[
:0  %currentPtr = alloca i32

]]></Node>
<StgValue><ssdm name="currentPtr"/></StgValue>
</operation>

<operation id="7" st_id="1" stage="1" lat="1">
<core>NULL</core>
<MemPortIdVec></MemPortIdVec>
<condition id="-1">
<or_exp><and_exp></and_exp></or_exp>
</condition>

<Node id="6" bw="2" op_0_bw="32">
<![CDATA[
:1  %flag_stackIsUsed_0 = alloca i2

]]></Node>
<StgValue><ssdm name="flag_stackIsUsed_0"/></StgValue>
</operation>

<operation id="8" st_id="1" stage="1" lat="1">
<core>NULL</core>
<MemPortIdVec></MemPortIdVec>
<condition id="-1">
<or_exp><and_exp></and_exp></or_exp>
</condition>

<Node id="7" bw="32" op_0_bw="32">
<![CDATA[
:2  %pointer_assign = alloca i32

]]></Node>
<StgValue><ssdm name="pointer_assign"/></StgValue>
</operation>

<operation id="9" st_id="1" stage="1" lat="1">
<core>NULL</core>
<MemPortIdVec></MemPortIdVec>
<condition id="-1">
<or_exp><and_exp></and_exp></or_exp>
</condition>

<Node id="8" bw="32" op_0_bw="32">
<![CDATA[
:3  %hdStack_assign = alloca i32

]]></Node>
<StgValue><ssdm name="hdStack_assign"/></StgValue>
</operation>

<operation id="10" st_id="1" stage="1" lat="1">
<core>NULL</core>
<MemPortIdVec></MemPortIdVec>
<condition id="-1">
<or_exp><and_exp></and_exp></or_exp>
</condition>

<Node id="9" bw="0" op_0_bw="0" op_1_bw="32" op_2_bw="0" op_3_bw="32" op_4_bw="32" op_5_bw="0" op_6_bw="32" op_7_bw="32" op_8_bw="0" op_9_bw="0" op_10_bw="0" op_11_bw="32" op_12_bw="32" op_13_bw="32" op_14_bw="32" op_15_bw="0" op_16_bw="0">
<![CDATA[
:4  call void (...)* @_ssdm_op_SpecInterface(i32* %myHeap, [6 x i8]* @p_str3, i32 0, i32 0, [1 x i8]* @p_str1, i32 0, i32 1, [1 x i8]* @p_str1, [4 x i8]* @p_str4, [1 x i8]* @p_str1, i32 16, i32 16, i32 16, i32 16, [1 x i8]* @p_str1, [1 x i8]* @p_str1) nounwind

]]></Node>
<StgValue><ssdm name="specinterface_ln0"/></StgValue>
</operation>

<operation id="11" st_id="1" stage="1" lat="1">
<core>NULL</core>
<MemPortIdVec></MemPortIdVec>
<condition id="-1">
<or_exp><and_exp></and_exp></or_exp>
</condition>

<Node id="10" bw="0" op_0_bw="0" op_1_bw="32" op_2_bw="0" op_3_bw="32" op_4_bw="32" op_5_bw="0" op_6_bw="32" op_7_bw="32" op_8_bw="0" op_9_bw="0" op_10_bw="0" op_11_bw="32" op_12_bw="32" op_13_bw="32" op_14_bw="32" op_15_bw="0" op_16_bw="0">
<![CDATA[
:5  call void (...)* @_ssdm_op_SpecInterface(i32* %Master2SysAlloc, [6 x i8]* @p_str3, i32 0, i32 0, [1 x i8]* @p_str1, i32 0, i32 1, [1 x i8]* @p_str1, [4 x i8]* @p_str4, [1 x i8]* @p_str1, i32 16, i32 16, i32 16, i32 16, [1 x i8]* @p_str1, [1 x i8]* @p_str1) nounwind

]]></Node>
<StgValue><ssdm name="specinterface_ln0"/></StgValue>
</operation>

<operation id="12" st_id="1" stage="1" lat="1">
<core>NULL</core>
<MemPortIdVec></MemPortIdVec>
<condition id="-1">
<or_exp><and_exp></and_exp></or_exp>
</condition>

<Node id="11" bw="32" op_0_bw="32" op_1_bw="32">
<![CDATA[
:6  %treePtr_read = call i32 @_ssdm_op_Read.ap_auto.i32(i32 %treePtr)

]]></Node>
<StgValue><ssdm name="treePtr_read"/></StgValue>
</operation>

<operation id="13" st_id="1" stage="1" lat="1">
<core>NULL</core>
<MemPortIdVec></MemPortIdVec>
<condition id="-1">
<or_exp><and_exp></and_exp></or_exp>
</condition>

<Node id="12" bw="0" op_0_bw="32" op_1_bw="32">
<![CDATA[
:7  store i32 0, i32* %hdStack_assign

]]></Node>
<StgValue><ssdm name="store_ln192"/></StgValue>
</operation>

<operation id="14" st_id="1" stage="1" lat="1">
<core>NULL</core>
<MemPortIdVec></MemPortIdVec>
<condition id="-1">
<or_exp><and_exp></and_exp></or_exp>
</condition>

<Node id="13" bw="0" op_0_bw="32" op_1_bw="32">
<![CDATA[
:8  store i32 %treePtr_read, i32* %pointer_assign

]]></Node>
<StgValue><ssdm name="store_ln192"/></StgValue>
</operation>

<operation id="15" st_id="1" stage="1" lat="1">
<core>NULL</core>
<MemPortIdVec></MemPortIdVec>
<condition id="-1">
<or_exp><and_exp></and_exp></or_exp>
</condition>

<Node id="14" bw="0" op_0_bw="2" op_1_bw="2">
<![CDATA[
:9  store i2 0, i2* %flag_stackIsUsed_0

]]></Node>
<StgValue><ssdm name="store_ln192"/></StgValue>
</operation>

<operation id="16" st_id="1" stage="1" lat="1">
<core>NULL</core>
<MemPortIdVec></MemPortIdVec>
<condition id="-1">
<or_exp><and_exp></and_exp></or_exp>
</condition>

<Node id="15" bw="0" op_0_bw="0">
<![CDATA[
:10  br label %.backedge

]]></Node>
<StgValue><ssdm name="br_ln192"/></StgValue>
</operation>
</state>

<state id="2" st_id="2">

<operation id="17" st_id="2" stage="1" lat="1">
<core>NULL</core>
<MemPortIdVec></MemPortIdVec>
<condition id="-1">
<or_exp><and_exp></and_exp></or_exp>
</condition>

<Node id="17" bw="1" op_0_bw="1" op_1_bw="0" op_2_bw="1" op_3_bw="0">
<![CDATA[
.backedge:0  %phi_ln192 = phi i1 [ true, %0 ], [ %phi_ln192_be, %.backedge.backedge ]

]]></Node>
<StgValue><ssdm name="phi_ln192"/></StgValue>
</operation>

<operation id="18" st_id="2" stage="1" lat="1">
<core>NULL</core>
<MemPortIdVec></MemPortIdVec>
<condition id="-1">
<or_exp><and_exp></and_exp></or_exp>
</condition>

<Node id="18" bw="32" op_0_bw="32" op_1_bw="0">
<![CDATA[
.backedge:1  %pointer_assign_load = load i32* %pointer_assign

]]></Node>
<StgValue><ssdm name="pointer_assign_load"/></StgValue>
</operation>

<operation id="19" st_id="2" stage="1" lat="1">
<core>NULL</core>
<MemPortIdVec></MemPortIdVec>
<condition id="-1">
<or_exp><and_exp></and_exp></or_exp>
</condition>

<Node id="19" bw="0" op_0_bw="1" op_1_bw="0" op_2_bw="0">
<![CDATA[
.backedge:2  br i1 %phi_ln192, label %1, label %10

]]></Node>
<StgValue><ssdm name="br_ln192"/></StgValue>
</operation>

<operation id="20" st_id="2" stage="2" lat="2">
<core></core>
<MemPortIdVec></MemPortIdVec>
<condition id="-1">
<or_exp><and_exp><literal name="phi_ln192" val="1"/>
</and_exp></or_exp>
</condition>

<Node id="21" bw="64" op_0_bw="64" op_1_bw="32" op_2_bw="32" op_3_bw="32">
<![CDATA[
:0  %call_ret = call fastcc { i32, i32 } @DeleteTreeSub(i32* %myHeap, i32* %Master2SysAlloc, i32 %pointer_assign_load)

]]></Node>
<StgValue><ssdm name="call_ret"/></StgValue>
</operation>

<operation id="21" st_id="2" stage="1" lat="1">
<core>NULL</core>
<MemPortIdVec></MemPortIdVec>
<condition id="-1">
<or_exp><and_exp><literal name="phi_ln192" val="0"/>
</and_exp></or_exp>
</condition>

<Node id="80" bw="32" op_0_bw="32">
<![CDATA[
:0  %currentPtr_load = load i32* %currentPtr

]]></Node>
<StgValue><ssdm name="currentPtr_load"/></StgValue>
</operation>

<operation id="22" st_id="2" stage="1" lat="1">
<core>NULL</core>
<MemPortIdVec></MemPortIdVec>
<condition id="-1">
<or_exp><and_exp><literal name="phi_ln192" val="0"/>
</and_exp></or_exp>
</condition>

<Node id="81" bw="0" op_0_bw="32">
<![CDATA[
:1  ret i32 %currentPtr_load

]]></Node>
<StgValue><ssdm name="ret_ln232"/></StgValue>
</operation>
</state>

<state id="3" st_id="3">

<operation id="23" st_id="3" stage="1" lat="2">
<core></core>
<MemPortIdVec></MemPortIdVec>
<condition id="-1">
<or_exp><and_exp></and_exp></or_exp>
</condition>

<Node id="21" bw="64" op_0_bw="64" op_1_bw="32" op_2_bw="32" op_3_bw="32">
<![CDATA[
:0  %call_ret = call fastcc { i32, i32 } @DeleteTreeSub(i32* %myHeap, i32* %Master2SysAlloc, i32 %pointer_assign_load)

]]></Node>
<StgValue><ssdm name="call_ret"/></StgValue>
</operation>

<operation id="24" st_id="3" stage="1" lat="1">
<core>NULL</core>
<MemPortIdVec></MemPortIdVec>
<condition id="-1">
<or_exp><and_exp></and_exp></or_exp>
</condition>

<Node id="22" bw="32" op_0_bw="64">
<![CDATA[
:1  %subResult_feedback = extractvalue { i32, i32 } %call_ret, 0

]]></Node>
<StgValue><ssdm name="subResult_feedback"/></StgValue>
</operation>

<operation id="25" st_id="3" stage="1" lat="1">
<core>NULL</core>
<MemPortIdVec></MemPortIdVec>
<condition id="-1">
<or_exp><and_exp></and_exp></or_exp>
</condition>

<Node id="23" bw="32" op_0_bw="64">
<![CDATA[
:2  %returnPtr = extractvalue { i32, i32 } %call_ret, 1

]]></Node>
<StgValue><ssdm name="returnPtr"/></StgValue>
</operation>

<operation id="26" st_id="3" stage="1" lat="1">
<core>Cmp</core>
<MemPortIdVec></MemPortIdVec>
<condition id="-1">
<or_exp><and_exp></and_exp></or_exp>
</condition>

<Node id="24" bw="1" op_0_bw="32" op_1_bw="32">
<![CDATA[
:3  %icmp_ln195 = icmp eq i32 %subResult_feedback, 1

]]></Node>
<StgValue><ssdm name="icmp_ln195"/></StgValue>
</operation>

<operation id="27" st_id="3" stage="1" lat="1">
<core>NULL</core>
<MemPortIdVec></MemPortIdVec>
<condition id="-1">
<or_exp><and_exp></and_exp></or_exp>
</condition>

<Node id="25" bw="0" op_0_bw="1" op_1_bw="0" op_2_bw="0">
<![CDATA[
:4  br i1 %icmp_ln195, label %2, label %7

]]></Node>
<StgValue><ssdm name="br_ln195"/></StgValue>
</operation>

<operation id="28" st_id="3" stage="1" lat="1">
<core>Cmp</core>
<MemPortIdVec></MemPortIdVec>
<condition id="-1">
<or_exp><and_exp><literal name="icmp_ln195" val="0"/>
</and_exp></or_exp>
</condition>

<Node id="27" bw="1" op_0_bw="32" op_1_bw="32">
<![CDATA[
:0  %icmp_ln219 = icmp eq i32 %subResult_feedback, 2

]]></Node>
<StgValue><ssdm name="icmp_ln219"/></StgValue>
</operation>

<operation id="29" st_id="3" stage="1" lat="1">
<core>NULL</core>
<MemPortIdVec></MemPortIdVec>
<condition id="-1">
<or_exp><and_exp><literal name="icmp_ln195" val="0"/>
</and_exp></or_exp>
</condition>

<Node id="28" bw="0" op_0_bw="32" op_1_bw="32" op_2_bw="0" op_3_bw="32">
<![CDATA[
:1  store i32 %returnPtr, i32* %pointer_assign

]]></Node>
<StgValue><ssdm name="store_ln219"/></StgValue>
</operation>

<operation id="30" st_id="3" stage="1" lat="1">
<core>NULL</core>
<MemPortIdVec></MemPortIdVec>
<condition id="-1">
<or_exp><and_exp><literal name="icmp_ln195" val="0"/>
</and_exp></or_exp>
</condition>

<Node id="29" bw="0" op_0_bw="2" op_1_bw="2" op_2_bw="0">
<![CDATA[
:2  store i2 1, i2* %flag_stackIsUsed_0

]]></Node>
<StgValue><ssdm name="store_ln219"/></StgValue>
</operation>

<operation id="31" st_id="3" stage="1" lat="1">
<core>NULL</core>
<MemPortIdVec></MemPortIdVec>
<condition id="-1">
<or_exp><and_exp><literal name="icmp_ln195" val="0"/>
</and_exp></or_exp>
</condition>

<Node id="30" bw="32" op_0_bw="32" op_1_bw="0">
<![CDATA[
:3  %hdStack_assign_load3 = load i32* %hdStack_assign

]]></Node>
<StgValue><ssdm name="hdStack_assign_load3"/></StgValue>
</operation>

<operation id="32" st_id="3" stage="1" lat="1">
<core>NULL</core>
<MemPortIdVec></MemPortIdVec>
<condition id="-1">
<or_exp><and_exp><literal name="icmp_ln195" val="0"/>
</and_exp></or_exp>
</condition>

<Node id="31" bw="0" op_0_bw="1" op_1_bw="0" op_2_bw="0">
<![CDATA[
:4  br i1 %icmp_ln219, label %8, label %9

]]></Node>
<StgValue><ssdm name="br_ln219"/></StgValue>
</operation>

<operation id="33" st_id="3" stage="1" lat="1">
<core>NULL</core>
<MemPortIdVec></MemPortIdVec>
<condition id="-1">
<or_exp><and_exp><literal name="icmp_ln195" val="0"/>
<literal name="icmp_ln219" val="0"/>
</and_exp></or_exp>
</condition>

<Node id="33" bw="32" op_0_bw="32" op_1_bw="32">
<![CDATA[
:0  %nodeData = or i32 %pointer_assign_load, -2147483648

]]></Node>
<StgValue><ssdm name="nodeData"/></StgValue>
</operation>

<operation id="34" st_id="3" stage="1" lat="1">
<core>AddSub</core>
<MemPortIdVec></MemPortIdVec>
<condition id="-1">
<or_exp><and_exp><literal name="icmp_ln195" val="0"/>
<literal name="icmp_ln219" val="0"/>
</and_exp></or_exp>
</condition>

<Node id="34" bw="32" op_0_bw="32" op_1_bw="32">
<![CDATA[
:1  %output_hdPtr_avl_6 = add nsw i32 %hdStack_assign_load3, 1

]]></Node>
<StgValue><ssdm name="output_hdPtr_avl_6"/></StgValue>
</operation>

<operation id="35" st_id="3" stage="1" lat="1">
<core>NULL</core>
<MemPortIdVec></MemPortIdVec>
<condition id="-1">
<or_exp><and_exp><literal name="icmp_ln195" val="0"/>
<literal name="icmp_ln219" val="0"/>
</and_exp></or_exp>
</condition>

<Node id="35" bw="64" op_0_bw="32">
<![CDATA[
:2  %sext_ln51_3 = sext i32 %output_hdPtr_avl_6 to i64

]]></Node>
<StgValue><ssdm name="sext_ln51_3"/></StgValue>
</operation>

<operation id="36" st_id="3" stage="1" lat="1">
<core>NULL</core>
<MemPortIdVec></MemPortIdVec>
<condition id="-1">
<or_exp><and_exp><literal name="icmp_ln195" val="0"/>
<literal name="icmp_ln219" val="0"/>
</and_exp></or_exp>
</condition>

<Node id="36" bw="6" op_0_bw="32" op_1_bw="64" op_2_bw="64">
<![CDATA[
:3  %fixedStack_addr_8 = getelementptr [40 x i32]* %fixedStack, i64 0, i64 %sext_ln51_3

]]></Node>
<StgValue><ssdm name="fixedStack_addr_8"/></StgValue>
</operation>

<operation id="37" st_id="3" stage="1" lat="1">
<core>RAM</core>
<MemPortIdVec>0 </MemPortIdVec>
<condition id="-1">
<or_exp><and_exp><literal name="icmp_ln195" val="0"/>
<literal name="icmp_ln219" val="0"/>
</and_exp></or_exp>
</condition>

<Node id="37" bw="0" op_0_bw="32" op_1_bw="6">
<![CDATA[
:4  store i32 %nodeData, i32* %fixedStack_addr_8, align 4

]]></Node>
<StgValue><ssdm name="store_ln51"/></StgValue>
</operation>

<operation id="38" st_id="3" stage="1" lat="1">
<core>NULL</core>
<MemPortIdVec></MemPortIdVec>
<condition id="-1">
<or_exp><and_exp><literal name="icmp_ln195" val="0"/>
<literal name="icmp_ln219" val="0"/>
</and_exp></or_exp>
</condition>

<Node id="38" bw="0" op_0_bw="32" op_1_bw="32" op_2_bw="0" op_3_bw="32">
<![CDATA[
:5  store i32 %output_hdPtr_avl_6, i32* %hdStack_assign

]]></Node>
<StgValue><ssdm name="store_ln51"/></StgValue>
</operation>

<operation id="39" st_id="3" stage="1" lat="1">
<core>NULL</core>
<MemPortIdVec></MemPortIdVec>
<condition id="-1">
<or_exp><and_exp><literal name="icmp_ln195" val="0"/>
<literal name="icmp_ln219" val="0"/>
</and_exp></or_exp>
</condition>

<Node id="39" bw="0" op_0_bw="0">
<![CDATA[
:6  br label %.backedge.backedge

]]></Node>
<StgValue><ssdm name="br_ln0"/></StgValue>
</operation>

<operation id="40" st_id="3" stage="1" lat="1">
<core>AddSub</core>
<MemPortIdVec></MemPortIdVec>
<condition id="-1">
<or_exp><and_exp><literal name="icmp_ln195" val="0"/>
<literal name="icmp_ln219" val="1"/>
</and_exp></or_exp>
</condition>

<Node id="41" bw="32" op_0_bw="32" op_1_bw="32">
<![CDATA[
:0  %output_hdPtr_avl_5 = add nsw i32 %hdStack_assign_load3, 1

]]></Node>
<StgValue><ssdm name="output_hdPtr_avl_5"/></StgValue>
</operation>

<operation id="41" st_id="3" stage="1" lat="1">
<core>NULL</core>
<MemPortIdVec></MemPortIdVec>
<condition id="-1">
<or_exp><and_exp><literal name="icmp_ln195" val="0"/>
<literal name="icmp_ln219" val="1"/>
</and_exp></or_exp>
</condition>

<Node id="42" bw="64" op_0_bw="32">
<![CDATA[
:1  %sext_ln51 = sext i32 %output_hdPtr_avl_5 to i64

]]></Node>
<StgValue><ssdm name="sext_ln51"/></StgValue>
</operation>

<operation id="42" st_id="3" stage="1" lat="1">
<core>NULL</core>
<MemPortIdVec></MemPortIdVec>
<condition id="-1">
<or_exp><and_exp><literal name="icmp_ln195" val="0"/>
<literal name="icmp_ln219" val="1"/>
</and_exp></or_exp>
</condition>

<Node id="43" bw="6" op_0_bw="32" op_1_bw="64" op_2_bw="64">
<![CDATA[
:2  %fixedStack_addr_7 = getelementptr [40 x i32]* %fixedStack, i64 0, i64 %sext_ln51

]]></Node>
<StgValue><ssdm name="fixedStack_addr_7"/></StgValue>
</operation>

<operation id="43" st_id="3" stage="1" lat="1">
<core>RAM</core>
<MemPortIdVec>0 </MemPortIdVec>
<condition id="-1">
<or_exp><and_exp><literal name="icmp_ln195" val="0"/>
<literal name="icmp_ln219" val="1"/>
</and_exp></or_exp>
</condition>

<Node id="44" bw="0" op_0_bw="32" op_1_bw="6">
<![CDATA[
:3  store i32 %pointer_assign_load, i32* %fixedStack_addr_7, align 4

]]></Node>
<StgValue><ssdm name="store_ln51"/></StgValue>
</operation>

<operation id="44" st_id="3" stage="1" lat="1">
<core>NULL</core>
<MemPortIdVec></MemPortIdVec>
<condition id="-1">
<or_exp><and_exp><literal name="icmp_ln195" val="0"/>
<literal name="icmp_ln219" val="1"/>
</and_exp></or_exp>
</condition>

<Node id="45" bw="0" op_0_bw="32" op_1_bw="32" op_2_bw="0" op_3_bw="32">
<![CDATA[
:4  store i32 %output_hdPtr_avl_5, i32* %hdStack_assign

]]></Node>
<StgValue><ssdm name="store_ln224"/></StgValue>
</operation>

<operation id="45" st_id="3" stage="1" lat="1">
<core>NULL</core>
<MemPortIdVec></MemPortIdVec>
<condition id="-1">
<or_exp><and_exp><literal name="icmp_ln195" val="0"/>
<literal name="icmp_ln219" val="1"/>
</and_exp></or_exp>
</condition>

<Node id="46" bw="0" op_0_bw="0">
<![CDATA[
:5  br label %.backedge.backedge

]]></Node>
<StgValue><ssdm name="br_ln224"/></StgValue>
</operation>

<operation id="46" st_id="3" stage="1" lat="1">
<core>NULL</core>
<MemPortIdVec></MemPortIdVec>
<condition id="-1">
<or_exp><and_exp><literal name="icmp_ln195" val="1"/>
</and_exp></or_exp>
</condition>

<Node id="48" bw="2" op_0_bw="2" op_1_bw="0">
<![CDATA[
:0  %flag_stackIsUsed_0_l = load i2* %flag_stackIsUsed_0

]]></Node>
<StgValue><ssdm name="flag_stackIsUsed_0_l"/></StgValue>
</operation>

<operation id="47" st_id="3" stage="1" lat="1">
<core>NULL</core>
<MemPortIdVec></MemPortIdVec>
<condition id="-1">
<or_exp><and_exp><literal name="icmp_ln195" val="1"/>
</and_exp></or_exp>
</condition>

<Node id="49" bw="32" op_0_bw="32" op_1_bw="0">
<![CDATA[
:1  %hdStack_assign_load = load i32* %hdStack_assign

]]></Node>
<StgValue><ssdm name="hdStack_assign_load"/></StgValue>
</operation>

<operation id="48" st_id="3" stage="1" lat="1">
<core>Cmp</core>
<MemPortIdVec></MemPortIdVec>
<condition id="-1">
<or_exp><and_exp><literal name="icmp_ln195" val="1"/>
</and_exp></or_exp>
</condition>

<Node id="50" bw="1" op_0_bw="2" op_1_bw="2">
<![CDATA[
:2  %icmp_ln196 = icmp eq i2 %flag_stackIsUsed_0_l, 0

]]></Node>
<StgValue><ssdm name="icmp_ln196"/></StgValue>
</operation>

<operation id="49" st_id="3" stage="1" lat="1">
<core>Cmp</core>
<MemPortIdVec></MemPortIdVec>
<condition id="-1">
<or_exp><and_exp><literal name="icmp_ln195" val="1"/>
</and_exp></or_exp>
</condition>

<Node id="51" bw="1" op_0_bw="32" op_1_bw="32">
<![CDATA[
:3  %icmp_ln200 = icmp eq i32 %hdStack_assign_load, 0

]]></Node>
<StgValue><ssdm name="icmp_ln200"/></StgValue>
</operation>

<operation id="50" st_id="3" stage="1" lat="1">
<core>LogicGate</core>
<MemPortIdVec></MemPortIdVec>
<condition id="-1">
<or_exp><and_exp><literal name="icmp_ln195" val="1"/>
</and_exp></or_exp>
</condition>

<Node id="52" bw="1" op_0_bw="1" op_1_bw="1">
<![CDATA[
:4  %or_ln200 = or i1 %icmp_ln196, %icmp_ln200

]]></Node>
<StgValue><ssdm name="or_ln200"/></StgValue>
</operation>

<operation id="51" st_id="3" stage="1" lat="1">
<core>NULL</core>
<MemPortIdVec></MemPortIdVec>
<condition id="-1">
<or_exp><and_exp><literal name="icmp_ln195" val="1"/>
</and_exp></or_exp>
</condition>

<Node id="53" bw="0" op_0_bw="1" op_1_bw="0" op_2_bw="0">
<![CDATA[
:5  br i1 %or_ln200, label %..backedge.backedge_crit_edge, label %3

]]></Node>
<StgValue><ssdm name="br_ln196"/></StgValue>
</operation>

<operation id="52" st_id="3" stage="1" lat="1">
<core>NULL</core>
<MemPortIdVec></MemPortIdVec>
<condition id="-1">
<or_exp><and_exp><literal name="icmp_ln195" val="1"/>
<literal name="or_ln200" val="0"/>
</and_exp></or_exp>
</condition>

<Node id="55" bw="64" op_0_bw="32">
<![CDATA[
:0  %sext_ln57 = sext i32 %hdStack_assign_load to i64

]]></Node>
<StgValue><ssdm name="sext_ln57"/></StgValue>
</operation>

<operation id="53" st_id="3" stage="1" lat="1">
<core>NULL</core>
<MemPortIdVec></MemPortIdVec>
<condition id="-1">
<or_exp><and_exp><literal name="icmp_ln195" val="1"/>
<literal name="or_ln200" val="0"/>
</and_exp></or_exp>
</condition>

<Node id="56" bw="6" op_0_bw="32" op_1_bw="64" op_2_bw="64">
<![CDATA[
:1  %fixedStack_addr = getelementptr [40 x i32]* %fixedStack, i64 0, i64 %sext_ln57

]]></Node>
<StgValue><ssdm name="fixedStack_addr"/></StgValue>
</operation>

<operation id="54" st_id="3" stage="2" lat="2">
<core>RAM</core>
<MemPortIdVec>0 </MemPortIdVec>
<condition id="-1">
<or_exp><and_exp><literal name="icmp_ln195" val="1"/>
<literal name="or_ln200" val="0"/>
</and_exp></or_exp>
</condition>

<Node id="57" bw="32" op_0_bw="6">
<![CDATA[
:2  %stackOut = load i32* %fixedStack_addr, align 4

]]></Node>
<StgValue><ssdm name="stackOut"/></StgValue>
</operation>

<operation id="55" st_id="3" stage="1" lat="1">
<core>NULL</core>
<MemPortIdVec></MemPortIdVec>
<condition id="-1">
<or_exp><and_exp><literal name="icmp_ln195" val="1"/>
<literal name="or_ln200" val="1"/>
</and_exp></or_exp>
</condition>

<Node id="74" bw="0" op_0_bw="32" op_1_bw="32">
<![CDATA[
..backedge.backedge_crit_edge:0  store i32 %returnPtr, i32* %currentPtr

]]></Node>
<StgValue><ssdm name="store_ln196"/></StgValue>
</operation>

<operation id="56" st_id="3" stage="1" lat="1">
<core>NULL</core>
<MemPortIdVec></MemPortIdVec>
<condition id="-1">
<or_exp><and_exp><literal name="icmp_ln195" val="1"/>
<literal name="or_ln200" val="1"/>
</and_exp></or_exp>
</condition>

<Node id="75" bw="0" op_0_bw="0">
<![CDATA[
..backedge.backedge_crit_edge:1  br label %.backedge.backedge

]]></Node>
<StgValue><ssdm name="br_ln196"/></StgValue>
</operation>
</state>

<state id="4" st_id="4">

<operation id="57" st_id="4" stage="1" lat="2">
<core>RAM</core>
<MemPortIdVec>0 </MemPortIdVec>
<condition id="-1">
<or_exp><and_exp></and_exp></or_exp>
</condition>

<Node id="57" bw="32" op_0_bw="6">
<![CDATA[
:2  %stackOut = load i32* %fixedStack_addr, align 4

]]></Node>
<StgValue><ssdm name="stackOut"/></StgValue>
</operation>

<operation id="58" st_id="4" stage="1" lat="1">
<core>NULL</core>
<MemPortIdVec></MemPortIdVec>
<condition id="-1">
<or_exp><and_exp></and_exp></or_exp>
</condition>

<Node id="58" bw="29" op_0_bw="32">
<![CDATA[
:3  %output_pointer = trunc i32 %stackOut to i29

]]></Node>
<StgValue><ssdm name="output_pointer"/></StgValue>
</operation>

<operation id="59" st_id="4" stage="1" lat="1">
<core>NULL</core>
<MemPortIdVec></MemPortIdVec>
<condition id="-1">
<or_exp><and_exp></and_exp></or_exp>
</condition>

<Node id="59" bw="32" op_0_bw="29">
<![CDATA[
:4  %zext_ln63 = zext i29 %output_pointer to i32

]]></Node>
<StgValue><ssdm name="zext_ln63"/></StgValue>
</operation>

<operation id="60" st_id="4" stage="1" lat="1">
<core>AddSub</core>
<MemPortIdVec></MemPortIdVec>
<condition id="-1">
<or_exp><and_exp></and_exp></or_exp>
</condition>

<Node id="60" bw="32" op_0_bw="32" op_1_bw="32">
<![CDATA[
:5  %output_hdPtr_avl = add nsw i32 -1, %hdStack_assign_load

]]></Node>
<StgValue><ssdm name="output_hdPtr_avl"/></StgValue>
</operation>

<operation id="61" st_id="4" stage="1" lat="1">
<core>NULL</core>
<MemPortIdVec></MemPortIdVec>
<condition id="-1">
<or_exp><and_exp></and_exp></or_exp>
</condition>

<Node id="61" bw="1" op_0_bw="1" op_1_bw="32" op_2_bw="32">
<![CDATA[
:6  %tmp = call i1 @_ssdm_op_BitSelect.i1.i32.i32(i32 %stackOut, i32 31)

]]></Node>
<StgValue><ssdm name="tmp"/></StgValue>
</operation>

<operation id="62" st_id="4" stage="1" lat="1">
<core>NULL</core>
<MemPortIdVec></MemPortIdVec>
<condition id="-1">
<or_exp><and_exp></and_exp></or_exp>
</condition>

<Node id="62" bw="0" op_0_bw="1" op_1_bw="0" op_2_bw="0">
<![CDATA[
:7  br i1 %tmp, label %5, label %4

]]></Node>
<StgValue><ssdm name="br_ln208"/></StgValue>
</operation>

<operation id="63" st_id="4" stage="2" lat="2">
<core></core>
<MemPortIdVec></MemPortIdVec>
<condition id="-1">
<or_exp><and_exp><literal name="tmp" val="0"/>
</and_exp></or_exp>
</condition>

<Node id="64" bw="0" op_0_bw="0" op_1_bw="32" op_2_bw="32" op_3_bw="32" op_4_bw="64" op_5_bw="64">
<![CDATA[
:0  call fastcc void @node_set_left(i32* %myHeap, i32 %zext_ln63, i32 %returnPtr)

]]></Node>
<StgValue><ssdm name="call_ln209"/></StgValue>
</operation>

<operation id="64" st_id="4" stage="2" lat="2">
<core></core>
<MemPortIdVec></MemPortIdVec>
<condition id="-1">
<or_exp><and_exp><literal name="tmp" val="1"/>
</and_exp></or_exp>
</condition>

<Node id="67" bw="0" op_0_bw="0" op_1_bw="32" op_2_bw="32" op_3_bw="32" op_4_bw="64" op_5_bw="64">
<![CDATA[
:0  call fastcc void @node_set_right(i32* %myHeap, i32 %zext_ln63, i32 %returnPtr)

]]></Node>
<StgValue><ssdm name="call_ln211"/></StgValue>
</operation>
</state>

<state id="5" st_id="5">

<operation id="65" st_id="5" stage="1" lat="2">
<core></core>
<MemPortIdVec></MemPortIdVec>
<condition id="-1">
<or_exp><and_exp><literal name="icmp_ln195" val="1"/>
<literal name="or_ln200" val="0"/>
<literal name="tmp" val="0"/>
</and_exp></or_exp>
</condition>

<Node id="64" bw="0" op_0_bw="0" op_1_bw="32" op_2_bw="32" op_3_bw="32" op_4_bw="64" op_5_bw="64">
<![CDATA[
:0  call fastcc void @node_set_left(i32* %myHeap, i32 %zext_ln63, i32 %returnPtr)

]]></Node>
<StgValue><ssdm name="call_ln209"/></StgValue>
</operation>

<operation id="66" st_id="5" stage="1" lat="1">
<core>NULL</core>
<MemPortIdVec></MemPortIdVec>
<condition id="-1">
<or_exp><and_exp><literal name="icmp_ln195" val="1"/>
<literal name="or_ln200" val="0"/>
<literal name="tmp" val="0"/>
</and_exp></or_exp>
</condition>

<Node id="65" bw="0" op_0_bw="0">
<![CDATA[
:1  br label %6

]]></Node>
<StgValue><ssdm name="br_ln210"/></StgValue>
</operation>

<operation id="67" st_id="5" stage="1" lat="2">
<core></core>
<MemPortIdVec></MemPortIdVec>
<condition id="-1">
<or_exp><and_exp><literal name="icmp_ln195" val="1"/>
<literal name="or_ln200" val="0"/>
<literal name="tmp" val="1"/>
</and_exp></or_exp>
</condition>

<Node id="67" bw="0" op_0_bw="0" op_1_bw="32" op_2_bw="32" op_3_bw="32" op_4_bw="64" op_5_bw="64">
<![CDATA[
:0  call fastcc void @node_set_right(i32* %myHeap, i32 %zext_ln63, i32 %returnPtr)

]]></Node>
<StgValue><ssdm name="call_ln211"/></StgValue>
</operation>

<operation id="68" st_id="5" stage="1" lat="1">
<core>NULL</core>
<MemPortIdVec></MemPortIdVec>
<condition id="-1">
<or_exp><and_exp><literal name="icmp_ln195" val="1"/>
<literal name="or_ln200" val="0"/>
<literal name="tmp" val="1"/>
</and_exp></or_exp>
</condition>

<Node id="68" bw="0" op_0_bw="0">
<![CDATA[
:1  br label %6

]]></Node>
<StgValue><ssdm name="br_ln0"/></StgValue>
</operation>

<operation id="69" st_id="5" stage="1" lat="1">
<core>NULL</core>
<MemPortIdVec></MemPortIdVec>
<condition id="-1">
<or_exp><and_exp><literal name="icmp_ln195" val="1"/>
<literal name="or_ln200" val="0"/>
</and_exp></or_exp>
</condition>

<Node id="70" bw="0" op_0_bw="32" op_1_bw="32" op_2_bw="0" op_3_bw="32">
<![CDATA[
:0  store i32 %output_hdPtr_avl, i32* %hdStack_assign

]]></Node>
<StgValue><ssdm name="store_ln64"/></StgValue>
</operation>

<operation id="70" st_id="5" stage="1" lat="1">
<core>NULL</core>
<MemPortIdVec></MemPortIdVec>
<condition id="-1">
<or_exp><and_exp><literal name="icmp_ln195" val="1"/>
<literal name="or_ln200" val="0"/>
</and_exp></or_exp>
</condition>

<Node id="71" bw="0" op_0_bw="32" op_1_bw="32" op_2_bw="0" op_3_bw="32">
<![CDATA[
:1  store i32 %zext_ln63, i32* %pointer_assign

]]></Node>
<StgValue><ssdm name="store_ln63"/></StgValue>
</operation>

<operation id="71" st_id="5" stage="1" lat="1">
<core>NULL</core>
<MemPortIdVec></MemPortIdVec>
<condition id="-1">
<or_exp><and_exp><literal name="icmp_ln195" val="1"/>
<literal name="or_ln200" val="0"/>
</and_exp></or_exp>
</condition>

<Node id="72" bw="0" op_0_bw="0">
<![CDATA[
:2  br label %.backedge.backedge

]]></Node>
<StgValue><ssdm name="br_ln0"/></StgValue>
</operation>

<operation id="72" st_id="5" stage="1" lat="1">
<core>NULL</core>
<MemPortIdVec></MemPortIdVec>
<condition id="-1">
<or_exp><and_exp></and_exp></or_exp>
</condition>

<Node id="77" bw="1" op_0_bw="1" op_1_bw="0" op_2_bw="1" op_3_bw="0" op_4_bw="1" op_5_bw="0" op_6_bw="1" op_7_bw="0">
<![CDATA[
.backedge.backedge:0  %phi_ln192_be = phi i1 [ false, %..backedge.backedge_crit_edge ], [ true, %6 ], [ true, %8 ], [ true, %9 ]

]]></Node>
<StgValue><ssdm name="phi_ln192_be"/></StgValue>
</operation>

<operation id="73" st_id="5" stage="1" lat="1">
<core>NULL</core>
<MemPortIdVec></MemPortIdVec>
<condition id="-1">
<or_exp><and_exp></and_exp></or_exp>
</condition>

<Node id="78" bw="0" op_0_bw="0">
<![CDATA[
.backedge.backedge:1  br label %.backedge

]]></Node>
<StgValue><ssdm name="br_ln0"/></StgValue>
</operation>
</state>
</state_list>


<ports>
<port id="86" name="myHeap" dir="2" iftype="4">
<core>NULL</core><StgValue><ssdm name="myHeap"/></StgValue>
</port>
<port id="87" name="Master2SysAlloc" dir="2" iftype="4">
<core>NULL</core><StgValue><ssdm name="Master2SysAlloc"/></StgValue>
</port>
<port id="88" name="fixedStack" dir="2" iftype="1">
<core>RAM</core><StgValue><ssdm name="fixedStack"/><MemPortTyVec>2 3 </MemPortTyVec>
</StgValue>
</port>
<port id="89" name="treePtr" dir="0" iftype="0">
<core>NULL</core><StgValue><ssdm name="treePtr"/></StgValue>
</port>
</ports>


<dataflows>
<dataflow id="91" from="StgValue_90" to="currentPtr" fromId="90" toId="6">
</dataflow>
<dataflow id="92" from="StgValue_90" to="flag_stackIsUsed_0" fromId="90" toId="7">
</dataflow>
<dataflow id="93" from="StgValue_90" to="pointer_assign" fromId="90" toId="8">
</dataflow>
<dataflow id="94" from="StgValue_90" to="hdStack_assign" fromId="90" toId="9">
</dataflow>
<dataflow id="96" from="_ssdm_op_SpecInterface" to="specinterface_ln0" fromId="95" toId="10">
</dataflow>
<dataflow id="97" from="myHeap" to="specinterface_ln0" fromId="86" toId="10">
</dataflow>
<dataflow id="99" from="p_str3" to="specinterface_ln0" fromId="98" toId="10">
</dataflow>
<dataflow id="101" from="StgValue_100" to="specinterface_ln0" fromId="100" toId="10">
</dataflow>
<dataflow id="102" from="StgValue_100" to="specinterface_ln0" fromId="100" toId="10">
</dataflow>
<dataflow id="104" from="p_str1" to="specinterface_ln0" fromId="103" toId="10">
</dataflow>
<dataflow id="105" from="StgValue_100" to="specinterface_ln0" fromId="100" toId="10">
</dataflow>
<dataflow id="106" from="StgValue_90" to="specinterface_ln0" fromId="90" toId="10">
</dataflow>
<dataflow id="107" from="p_str1" to="specinterface_ln0" fromId="103" toId="10">
</dataflow>
<dataflow id="109" from="p_str4" to="specinterface_ln0" fromId="108" toId="10">
</dataflow>
<dataflow id="110" from="p_str1" to="specinterface_ln0" fromId="103" toId="10">
</dataflow>
<dataflow id="112" from="StgValue_111" to="specinterface_ln0" fromId="111" toId="10">
</dataflow>
<dataflow id="113" from="StgValue_111" to="specinterface_ln0" fromId="111" toId="10">
</dataflow>
<dataflow id="114" from="StgValue_111" to="specinterface_ln0" fromId="111" toId="10">
</dataflow>
<dataflow id="115" from="StgValue_111" to="specinterface_ln0" fromId="111" toId="10">
</dataflow>
<dataflow id="116" from="p_str1" to="specinterface_ln0" fromId="103" toId="10">
</dataflow>
<dataflow id="117" from="p_str1" to="specinterface_ln0" fromId="103" toId="10">
</dataflow>
<dataflow id="118" from="_ssdm_op_SpecInterface" to="specinterface_ln0" fromId="95" toId="11">
</dataflow>
<dataflow id="119" from="Master2SysAlloc" to="specinterface_ln0" fromId="87" toId="11">
</dataflow>
<dataflow id="120" from="p_str3" to="specinterface_ln0" fromId="98" toId="11">
</dataflow>
<dataflow id="121" from="StgValue_100" to="specinterface_ln0" fromId="100" toId="11">
</dataflow>
<dataflow id="122" from="StgValue_100" to="specinterface_ln0" fromId="100" toId="11">
</dataflow>
<dataflow id="123" from="p_str1" to="specinterface_ln0" fromId="103" toId="11">
</dataflow>
<dataflow id="124" from="StgValue_100" to="specinterface_ln0" fromId="100" toId="11">
</dataflow>
<dataflow id="125" from="StgValue_90" to="specinterface_ln0" fromId="90" toId="11">
</dataflow>
<dataflow id="126" from="p_str1" to="specinterface_ln0" fromId="103" toId="11">
</dataflow>
<dataflow id="127" from="p_str4" to="specinterface_ln0" fromId="108" toId="11">
</dataflow>
<dataflow id="128" from="p_str1" to="specinterface_ln0" fromId="103" toId="11">
</dataflow>
<dataflow id="129" from="StgValue_111" to="specinterface_ln0" fromId="111" toId="11">
</dataflow>
<dataflow id="130" from="StgValue_111" to="specinterface_ln0" fromId="111" toId="11">
</dataflow>
<dataflow id="131" from="StgValue_111" to="specinterface_ln0" fromId="111" toId="11">
</dataflow>
<dataflow id="132" from="StgValue_111" to="specinterface_ln0" fromId="111" toId="11">
</dataflow>
<dataflow id="133" from="p_str1" to="specinterface_ln0" fromId="103" toId="11">
</dataflow>
<dataflow id="134" from="p_str1" to="specinterface_ln0" fromId="103" toId="11">
</dataflow>
<dataflow id="136" from="_ssdm_op_Read.ap_auto.i32" to="treePtr_read" fromId="135" toId="12">
</dataflow>
<dataflow id="137" from="treePtr" to="treePtr_read" fromId="89" toId="12">
</dataflow>
<dataflow id="138" from="StgValue_100" to="store_ln192" fromId="100" toId="13">
</dataflow>
<dataflow id="139" from="hdStack_assign" to="store_ln192" fromId="9" toId="13">
</dataflow>
<dataflow id="140" from="treePtr_read" to="store_ln192" fromId="12" toId="14">
</dataflow>
<dataflow id="141" from="pointer_assign" to="store_ln192" fromId="8" toId="14">
</dataflow>
<dataflow id="143" from="StgValue_142" to="store_ln192" fromId="142" toId="15">
</dataflow>
<dataflow id="144" from="flag_stackIsUsed_0" to="store_ln192" fromId="7" toId="15">
</dataflow>
<dataflow id="146" from="StgValue_145" to="phi_ln192" fromId="145" toId="17">
<condition id="-1">
<or_exp><and_exp></and_exp></or_exp>
</condition>
</dataflow>
<dataflow id="147" from="br_ln192" to="phi_ln192" fromId="16" toId="17">
</dataflow>
<dataflow id="148" from="phi_ln192_be" to="phi_ln192" fromId="72" toId="17">
<BackEdge/>
<condition id="-1">
<or_exp><and_exp></and_exp></or_exp>
</condition>
</dataflow>
<dataflow id="149" from="br_ln0" to="phi_ln192" fromId="73" toId="17">
<BackEdge/>
</dataflow>
<dataflow id="150" from="pointer_assign" to="pointer_assign_load" fromId="8" toId="18">
</dataflow>
<dataflow id="151" from="phi_ln192" to="br_ln192" fromId="17" toId="19">
</dataflow>
<dataflow id="153" from="DeleteTreeSub" to="call_ret" fromId="152" toId="20">
</dataflow>
<dataflow id="154" from="myHeap" to="call_ret" fromId="86" toId="20">
</dataflow>
<dataflow id="155" from="Master2SysAlloc" to="call_ret" fromId="87" toId="20">
</dataflow>
<dataflow id="156" from="pointer_assign_load" to="call_ret" fromId="18" toId="20">
</dataflow>
<dataflow id="157" from="currentPtr" to="currentPtr_load" fromId="6" toId="21">
</dataflow>
<dataflow id="158" from="currentPtr_load" to="ret_ln232" fromId="21" toId="22">
</dataflow>
<dataflow id="159" from="DeleteTreeSub" to="call_ret" fromId="152" toId="23">
</dataflow>
<dataflow id="160" from="myHeap" to="call_ret" fromId="86" toId="23">
</dataflow>
<dataflow id="161" from="Master2SysAlloc" to="call_ret" fromId="87" toId="23">
</dataflow>
<dataflow id="162" from="pointer_assign_load" to="call_ret" fromId="18" toId="23">
</dataflow>
<dataflow id="163" from="call_ret" to="subResult_feedback" fromId="23" toId="24">
</dataflow>
<dataflow id="164" from="call_ret" to="returnPtr" fromId="23" toId="25">
</dataflow>
<dataflow id="165" from="subResult_feedback" to="icmp_ln195" fromId="24" toId="26">
</dataflow>
<dataflow id="166" from="StgValue_90" to="icmp_ln195" fromId="90" toId="26">
</dataflow>
<dataflow id="167" from="icmp_ln195" to="br_ln195" fromId="26" toId="27">
</dataflow>
<dataflow id="168" from="subResult_feedback" to="icmp_ln219" fromId="24" toId="28">
</dataflow>
<dataflow id="170" from="StgValue_169" to="icmp_ln219" fromId="169" toId="28">
</dataflow>
<dataflow id="171" from="returnPtr" to="store_ln219" fromId="25" toId="29">
</dataflow>
<dataflow id="172" from="pointer_assign" to="store_ln219" fromId="8" toId="29">
</dataflow>
<dataflow id="174" from="StgValue_173" to="store_ln219" fromId="173" toId="30">
</dataflow>
<dataflow id="175" from="flag_stackIsUsed_0" to="store_ln219" fromId="7" toId="30">
</dataflow>
<dataflow id="176" from="hdStack_assign" to="hdStack_assign_load3" fromId="9" toId="31">
</dataflow>
<dataflow id="177" from="icmp_ln219" to="br_ln219" fromId="28" toId="32">
</dataflow>
<dataflow id="178" from="pointer_assign_load" to="nodeData" fromId="18" toId="33">
</dataflow>
<dataflow id="180" from="StgValue_179" to="nodeData" fromId="179" toId="33">
</dataflow>
<dataflow id="181" from="hdStack_assign_load3" to="output_hdPtr_avl_6" fromId="31" toId="34">
</dataflow>
<dataflow id="182" from="StgValue_90" to="output_hdPtr_avl_6" fromId="90" toId="34">
</dataflow>
<dataflow id="183" from="output_hdPtr_avl_6" to="sext_ln51_3" fromId="34" toId="35">
</dataflow>
<dataflow id="184" from="fixedStack" to="fixedStack_addr_8" fromId="88" toId="36">
</dataflow>
<dataflow id="186" from="StgValue_185" to="fixedStack_addr_8" fromId="185" toId="36">
</dataflow>
<dataflow id="187" from="sext_ln51_3" to="fixedStack_addr_8" fromId="35" toId="36">
</dataflow>
<dataflow id="188" from="nodeData" to="store_ln51" fromId="33" toId="37">
</dataflow>
<dataflow id="189" from="fixedStack_addr_8" to="store_ln51" fromId="36" toId="37">
</dataflow>
<dataflow id="190" from="output_hdPtr_avl_6" to="store_ln51" fromId="34" toId="38">
</dataflow>
<dataflow id="191" from="hdStack_assign" to="store_ln51" fromId="9" toId="38">
</dataflow>
<dataflow id="192" from="hdStack_assign_load3" to="output_hdPtr_avl_5" fromId="31" toId="40">
</dataflow>
<dataflow id="193" from="StgValue_90" to="output_hdPtr_avl_5" fromId="90" toId="40">
</dataflow>
<dataflow id="194" from="output_hdPtr_avl_5" to="sext_ln51" fromId="40" toId="41">
</dataflow>
<dataflow id="195" from="fixedStack" to="fixedStack_addr_7" fromId="88" toId="42">
</dataflow>
<dataflow id="196" from="StgValue_185" to="fixedStack_addr_7" fromId="185" toId="42">
</dataflow>
<dataflow id="197" from="sext_ln51" to="fixedStack_addr_7" fromId="41" toId="42">
</dataflow>
<dataflow id="198" from="pointer_assign_load" to="store_ln51" fromId="18" toId="43">
</dataflow>
<dataflow id="199" from="fixedStack_addr_7" to="store_ln51" fromId="42" toId="43">
</dataflow>
<dataflow id="200" from="output_hdPtr_avl_5" to="store_ln224" fromId="40" toId="44">
</dataflow>
<dataflow id="201" from="hdStack_assign" to="store_ln224" fromId="9" toId="44">
</dataflow>
<dataflow id="202" from="flag_stackIsUsed_0" to="flag_stackIsUsed_0_l" fromId="7" toId="46">
</dataflow>
<dataflow id="203" from="hdStack_assign" to="hdStack_assign_load" fromId="9" toId="47">
</dataflow>
<dataflow id="204" from="flag_stackIsUsed_0_l" to="icmp_ln196" fromId="46" toId="48">
</dataflow>
<dataflow id="205" from="StgValue_142" to="icmp_ln196" fromId="142" toId="48">
</dataflow>
<dataflow id="206" from="hdStack_assign_load" to="icmp_ln200" fromId="47" toId="49">
</dataflow>
<dataflow id="207" from="StgValue_100" to="icmp_ln200" fromId="100" toId="49">
</dataflow>
<dataflow id="208" from="icmp_ln196" to="or_ln200" fromId="48" toId="50">
</dataflow>
<dataflow id="209" from="icmp_ln200" to="or_ln200" fromId="49" toId="50">
</dataflow>
<dataflow id="210" from="or_ln200" to="br_ln196" fromId="50" toId="51">
</dataflow>
<dataflow id="211" from="hdStack_assign_load" to="sext_ln57" fromId="47" toId="52">
</dataflow>
<dataflow id="212" from="fixedStack" to="fixedStack_addr" fromId="88" toId="53">
</dataflow>
<dataflow id="213" from="StgValue_185" to="fixedStack_addr" fromId="185" toId="53">
</dataflow>
<dataflow id="214" from="sext_ln57" to="fixedStack_addr" fromId="52" toId="53">
</dataflow>
<dataflow id="215" from="fixedStack_addr" to="stackOut" fromId="53" toId="54">
</dataflow>
<dataflow id="216" from="returnPtr" to="store_ln196" fromId="25" toId="55">
</dataflow>
<dataflow id="217" from="currentPtr" to="store_ln196" fromId="6" toId="55">
</dataflow>
<dataflow id="218" from="fixedStack_addr" to="stackOut" fromId="53" toId="57">
</dataflow>
<dataflow id="219" from="stackOut" to="output_pointer" fromId="57" toId="58">
</dataflow>
<dataflow id="220" from="output_pointer" to="zext_ln63" fromId="58" toId="59">
</dataflow>
<dataflow id="222" from="StgValue_221" to="output_hdPtr_avl" fromId="221" toId="60">
</dataflow>
<dataflow id="223" from="hdStack_assign_load" to="output_hdPtr_avl" fromId="47" toId="60">
</dataflow>
<dataflow id="225" from="_ssdm_op_BitSelect.i1.i32.i32" to="tmp" fromId="224" toId="61">
</dataflow>
<dataflow id="226" from="stackOut" to="tmp" fromId="57" toId="61">
</dataflow>
<dataflow id="228" from="StgValue_227" to="tmp" fromId="227" toId="61">
</dataflow>
<dataflow id="229" from="tmp" to="br_ln208" fromId="61" toId="62">
</dataflow>
<dataflow id="231" from="node_set_left" to="call_ln209" fromId="230" toId="63">
</dataflow>
<dataflow id="232" from="myHeap" to="call_ln209" fromId="86" toId="63">
</dataflow>
<dataflow id="233" from="zext_ln63" to="call_ln209" fromId="59" toId="63">
</dataflow>
<dataflow id="234" from="returnPtr" to="call_ln209" fromId="25" toId="63">
</dataflow>
<dataflow id="236" from="node_set_right" to="call_ln211" fromId="235" toId="64">
</dataflow>
<dataflow id="237" from="myHeap" to="call_ln211" fromId="86" toId="64">
</dataflow>
<dataflow id="238" from="zext_ln63" to="call_ln211" fromId="59" toId="64">
</dataflow>
<dataflow id="239" from="returnPtr" to="call_ln211" fromId="25" toId="64">
</dataflow>
<dataflow id="240" from="node_set_left" to="call_ln209" fromId="230" toId="65">
</dataflow>
<dataflow id="241" from="myHeap" to="call_ln209" fromId="86" toId="65">
</dataflow>
<dataflow id="242" from="zext_ln63" to="call_ln209" fromId="59" toId="65">
</dataflow>
<dataflow id="243" from="returnPtr" to="call_ln209" fromId="25" toId="65">
</dataflow>
<dataflow id="244" from="node_set_right" to="call_ln211" fromId="235" toId="67">
</dataflow>
<dataflow id="245" from="myHeap" to="call_ln211" fromId="86" toId="67">
</dataflow>
<dataflow id="246" from="zext_ln63" to="call_ln211" fromId="59" toId="67">
</dataflow>
<dataflow id="247" from="returnPtr" to="call_ln211" fromId="25" toId="67">
</dataflow>
<dataflow id="248" from="output_hdPtr_avl" to="store_ln64" fromId="60" toId="69">
</dataflow>
<dataflow id="249" from="hdStack_assign" to="store_ln64" fromId="9" toId="69">
</dataflow>
<dataflow id="250" from="zext_ln63" to="store_ln63" fromId="59" toId="70">
</dataflow>
<dataflow id="251" from="pointer_assign" to="store_ln63" fromId="8" toId="70">
</dataflow>
<dataflow id="253" from="StgValue_252" to="phi_ln192_be" fromId="252" toId="72">
<condition id="-1">
<or_exp><and_exp><literal name="icmp_ln195" val="1"/>
<literal name="or_ln200" val="1"/>
</and_exp></or_exp>
</condition>
</dataflow>
<dataflow id="254" from="br_ln196" to="phi_ln192_be" fromId="56" toId="72">
</dataflow>
<dataflow id="255" from="StgValue_145" to="phi_ln192_be" fromId="145" toId="72">
<condition id="-1">
<or_exp><and_exp><literal name="icmp_ln195" val="1"/>
<literal name="or_ln200" val="0"/>
</and_exp></or_exp>
</condition>
</dataflow>
<dataflow id="256" from="br_ln0" to="phi_ln192_be" fromId="71" toId="72">
</dataflow>
<dataflow id="257" from="StgValue_145" to="phi_ln192_be" fromId="145" toId="72">
<condition id="-1">
<or_exp><and_exp><literal name="icmp_ln195" val="0"/>
<literal name="icmp_ln219" val="1"/>
</and_exp></or_exp>
</condition>
</dataflow>
<dataflow id="258" from="br_ln224" to="phi_ln192_be" fromId="45" toId="72">
</dataflow>
<dataflow id="259" from="StgValue_145" to="phi_ln192_be" fromId="145" toId="72">
<condition id="-1">
<or_exp><and_exp><literal name="icmp_ln195" val="0"/>
<literal name="icmp_ln219" val="0"/>
</and_exp></or_exp>
</condition>
</dataflow>
<dataflow id="260" from="br_ln0" to="phi_ln192_be" fromId="39" toId="72">
</dataflow>
<dataflow id="261" from="phi_ln192" to="StgValue_2" fromId="17" toId="2">
</dataflow>
<dataflow id="262" from="icmp_ln195" to="StgValue_3" fromId="26" toId="3">
</dataflow>
<dataflow id="263" from="icmp_ln219" to="StgValue_3" fromId="28" toId="3">
</dataflow>
<dataflow id="264" from="or_ln200" to="StgValue_3" fromId="50" toId="3">
</dataflow>
<dataflow id="265" from="tmp" to="StgValue_4" fromId="61" toId="4">
</dataflow>
<dataflow id="266" from="icmp_ln195" to="StgValue_5" fromId="26" toId="5">
</dataflow>
<dataflow id="267" from="or_ln200" to="StgValue_5" fromId="50" toId="5">
</dataflow>
<dataflow id="268" from="tmp" to="StgValue_5" fromId="61" toId="5">
</dataflow>
</dataflows>


</stg>
