<profile>

<section name = "Vivado HLS Report for 'DeleteTreeSub'" level="0">
<item name = "Date">Mon Sep 20 14:58:57 2021
</item>
<item name = "Version">2019.1 (Build 2552052 on Fri May 24 15:28:33 MDT 2019)</item>
<item name = "Project">avltreefint</item>
<item name = "Solution">solution1</item>
<item name = "Product family">virtex7</item>
<item name = "Target device">xc7vx485t-ffg1157-1</item>
</section>

<section name = "Performance Estimates" level="0">
<item name = "Timing (ns)">
<section name = "" level="1">
<item name = "Summary"><table name="" hasTotal="0">
<keys size="4">Clock, Target, Estimated, Uncertainty</keys>
<column name="ap_clk">10.00, 8.750, 1.25</column>
</table>
</item>
</section>
</item>
<item name = "Latency (clock cycles)">
<section name = "" level="1">
<item name = "Summary"><table name="" hasTotal="0">
<keys size="6">, min, max, min, max, Type</keys>
<column name="">?, ?, ?, ?, none</column>
</table>
</item>
<item name = "Detail">
<section name = "" level="1">
<item name = "Instance"><table name="" hasTotal="0">
<keys size="7">Instance, Module, min, max, min, max, Type</keys>
<column name="grp_node_get_right_point_fu_70">node_get_right_point, 10, 10, 10, 10, none</column>
<column name="grp_node_delete_fu_77">node_delete, ?, ?, ?, ?, none</column>
<column name="grp_node_get_left_pointe_fu_84">node_get_left_pointe, 10, 10, 10, 10, none</column>
</table>
</item>
<item name = "Loop"><table name="" hasTotal="0">
<keys size="8">Loop Name, min, max, Latency, achieved, target, Count, Pipelined</keys>
</table>
</item>
</section>
</item>
</section>
</item>
</section>

<section name = "Utilization Estimates" level="0">
<item name = "Summary"><table name="" hasTotal="1">
<keys size="6">Name, BRAM_18K, DSP48E, FF, LUT, URAM</keys>
<column name="DSP">-, -, -, -, -</column>
<column name="Expression">-, -, 0, 125, -</column>
<column name="FIFO">-, -, -, -, -</column>
<column name="Instance">-, -, 252, 856, -</column>
<column name="Memory">-, -, -, -, -</column>
<column name="Multiplexer">-, -, -, 327, -</column>
<column name="Register">-, -, 110, -, -</column>
<specialColumn name="Available">2060, 2800, 607200, 303600, 0</specialColumn>
<specialColumn name="Utilization (%)">0, 0, ~0, ~0, 0</specialColumn>
</table>
</item>
<item name = "Detail">
<section name = "" level="1">
<item name = "Instance"><table name="" hasTotal="1">
<keys size="7">Instance, Module, BRAM_18K, DSP48E, FF, LUT, URAM</keys>
<column name="grp_node_delete_fu_77">node_delete, 0, 0, 99, 315, 0</column>
<column name="grp_node_get_left_pointe_fu_84">node_get_left_pointe, 0, 0, 76, 251, 0</column>
<column name="grp_node_get_right_point_fu_70">node_get_right_point, 0, 0, 77, 290, 0</column>
</table>
</item>
<item name = "DSP48E"><table name="" hasTotal="0">
<keys size="3">Instance, Module, Expression</keys>
</table>
</item>
<item name = "Memory"><table name="" hasTotal="1">
<keys size="10">Memory, Module, BRAM_18K, FF, LUT, URAM, Words, Bits, Banks, W*Bits*Banks</keys>
</table>
</item>
<item name = "FIFO"><table name="" hasTotal="1">
<keys size="8">Name, BRAM_18K, FF, LUT, URAM, Depth, Bits, Size:D*B</keys>
</table>
</item>
<item name = "Expression"><table name="" hasTotal="1">
<keys size="7">Variable Name, Operation, DSP48E, FF, LUT, Bitwidth P0, Bitwidth P1</keys>
<column name="ap_block_state5_on_subcall_done">and, 0, 0, 2, 1, 1</column>
<column name="ap_predicate_op23_call_state5">and, 0, 0, 2, 1, 1</column>
<column name="icmp_ln236_fu_92_p2">icmp, 0, 0, 18, 32, 1</column>
<column name="icmp_ln242_fu_103_p2">icmp, 0, 0, 18, 32, 1</column>
<column name="icmp_ln246_fu_109_p2">icmp, 0, 0, 18, 32, 1</column>
<column name="or_ln242_fu_98_p2">or, 0, 0, 32, 32, 32</column>
<column name="select_ln246_1_fu_121_p3">select, 0, 0, 3, 1, 2</column>
<column name="select_ln246_fu_114_p3">select, 0, 0, 32, 1, 32</column>
</table>
</item>
<item name = "Multiplexer"><table name="" hasTotal="1">
<keys size="5">Name, LUT, Input Size, Bits, Total Bits</keys>
<column name="agg_result_feedback_s_reg_56">9, 2, 2, 4</column>
<column name="agg_result_pointer_w_reg_42">9, 2, 32, 64</column>
<column name="ap_NS_fsm">33, 6, 1, 6</column>
<column name="ap_phi_mux_agg_result_feedback_s_phi_fu_60_p6">9, 2, 2, 4</column>
<column name="ap_phi_mux_agg_result_pointer_w_phi_fu_46_p6">9, 2, 32, 64</column>
<column name="ap_return_0">9, 2, 2, 4</column>
<column name="ap_return_1">9, 2, 32, 64</column>
<column name="m_axi_Master2SysAlloc_ARVALID">9, 2, 1, 2</column>
<column name="m_axi_Master2SysAlloc_AWVALID">9, 2, 1, 2</column>
<column name="m_axi_Master2SysAlloc_BREADY">9, 2, 1, 2</column>
<column name="m_axi_Master2SysAlloc_RREADY">9, 2, 1, 2</column>
<column name="m_axi_Master2SysAlloc_WVALID">9, 2, 1, 2</column>
<column name="m_axi_myHeap_ARADDR">15, 3, 32, 96</column>
<column name="m_axi_myHeap_ARBURST">15, 3, 2, 6</column>
<column name="m_axi_myHeap_ARCACHE">15, 3, 4, 12</column>
<column name="m_axi_myHeap_ARID">15, 3, 1, 3</column>
<column name="m_axi_myHeap_ARLEN">15, 3, 32, 96</column>
<column name="m_axi_myHeap_ARLOCK">15, 3, 2, 6</column>
<column name="m_axi_myHeap_ARPROT">15, 3, 3, 9</column>
<column name="m_axi_myHeap_ARQOS">15, 3, 4, 12</column>
<column name="m_axi_myHeap_ARREGION">15, 3, 4, 12</column>
<column name="m_axi_myHeap_ARSIZE">15, 3, 3, 9</column>
<column name="m_axi_myHeap_ARUSER">15, 3, 1, 3</column>
<column name="m_axi_myHeap_ARVALID">15, 3, 1, 3</column>
<column name="m_axi_myHeap_RREADY">15, 3, 1, 3</column>
</table>
</item>
<item name = "Register"><table name="" hasTotal="1">
<keys size="5">Name, FF, LUT, Bits, Const Bits</keys>
<column name="agg_result_feedback_s_reg_56">2, 0, 2, 0</column>
<column name="agg_result_pointer_w_reg_42">32, 0, 32, 0</column>
<column name="ap_CS_fsm">5, 0, 5, 0</column>
<column name="ap_return_0_preg">2, 0, 32, 30</column>
<column name="ap_return_1_preg">32, 0, 32, 0</column>
<column name="grp_node_delete_fu_77_ap_start_reg">1, 0, 1, 0</column>
<column name="grp_node_get_left_pointe_fu_84_ap_start_reg">1, 0, 1, 0</column>
<column name="grp_node_get_right_point_fu_70_ap_start_reg">1, 0, 1, 0</column>
<column name="icmp_ln236_reg_152">1, 0, 1, 0</column>
<column name="icmp_ln242_reg_163">1, 0, 1, 0</column>
<column name="output_pointer_reg_156">32, 0, 32, 0</column>
</table>
</item>
</section>
</item>
</section>

<section name = "Interface" level="0">
<item name = "Summary"><table name="" hasTotal="0">
<keys size="6">RTL Ports, Dir, Bits, Protocol, Source Object, C Type</keys>
<column name="ap_clk">in, 1, ap_ctrl_hs, DeleteTreeSub, return value</column>
<column name="ap_rst">in, 1, ap_ctrl_hs, DeleteTreeSub, return value</column>
<column name="ap_start">in, 1, ap_ctrl_hs, DeleteTreeSub, return value</column>
<column name="ap_done">out, 1, ap_ctrl_hs, DeleteTreeSub, return value</column>
<column name="ap_idle">out, 1, ap_ctrl_hs, DeleteTreeSub, return value</column>
<column name="ap_ready">out, 1, ap_ctrl_hs, DeleteTreeSub, return value</column>
<column name="ap_return_0">out, 32, ap_ctrl_hs, DeleteTreeSub, return value</column>
<column name="ap_return_1">out, 32, ap_ctrl_hs, DeleteTreeSub, return value</column>
<column name="m_axi_myHeap_AWVALID">out, 1, m_axi, myHeap, pointer</column>
<column name="m_axi_myHeap_AWREADY">in, 1, m_axi, myHeap, pointer</column>
<column name="m_axi_myHeap_AWADDR">out, 32, m_axi, myHeap, pointer</column>
<column name="m_axi_myHeap_AWID">out, 1, m_axi, myHeap, pointer</column>
<column name="m_axi_myHeap_AWLEN">out, 32, m_axi, myHeap, pointer</column>
<column name="m_axi_myHeap_AWSIZE">out, 3, m_axi, myHeap, pointer</column>
<column name="m_axi_myHeap_AWBURST">out, 2, m_axi, myHeap, pointer</column>
<column name="m_axi_myHeap_AWLOCK">out, 2, m_axi, myHeap, pointer</column>
<column name="m_axi_myHeap_AWCACHE">out, 4, m_axi, myHeap, pointer</column>
<column name="m_axi_myHeap_AWPROT">out, 3, m_axi, myHeap, pointer</column>
<column name="m_axi_myHeap_AWQOS">out, 4, m_axi, myHeap, pointer</column>
<column name="m_axi_myHeap_AWREGION">out, 4, m_axi, myHeap, pointer</column>
<column name="m_axi_myHeap_AWUSER">out, 1, m_axi, myHeap, pointer</column>
<column name="m_axi_myHeap_WVALID">out, 1, m_axi, myHeap, pointer</column>
<column name="m_axi_myHeap_WREADY">in, 1, m_axi, myHeap, pointer</column>
<column name="m_axi_myHeap_WDATA">out, 32, m_axi, myHeap, pointer</column>
<column name="m_axi_myHeap_WSTRB">out, 4, m_axi, myHeap, pointer</column>
<column name="m_axi_myHeap_WLAST">out, 1, m_axi, myHeap, pointer</column>
<column name="m_axi_myHeap_WID">out, 1, m_axi, myHeap, pointer</column>
<column name="m_axi_myHeap_WUSER">out, 1, m_axi, myHeap, pointer</column>
<column name="m_axi_myHeap_ARVALID">out, 1, m_axi, myHeap, pointer</column>
<column name="m_axi_myHeap_ARREADY">in, 1, m_axi, myHeap, pointer</column>
<column name="m_axi_myHeap_ARADDR">out, 32, m_axi, myHeap, pointer</column>
<column name="m_axi_myHeap_ARID">out, 1, m_axi, myHeap, pointer</column>
<column name="m_axi_myHeap_ARLEN">out, 32, m_axi, myHeap, pointer</column>
<column name="m_axi_myHeap_ARSIZE">out, 3, m_axi, myHeap, pointer</column>
<column name="m_axi_myHeap_ARBURST">out, 2, m_axi, myHeap, pointer</column>
<column name="m_axi_myHeap_ARLOCK">out, 2, m_axi, myHeap, pointer</column>
<column name="m_axi_myHeap_ARCACHE">out, 4, m_axi, myHeap, pointer</column>
<column name="m_axi_myHeap_ARPROT">out, 3, m_axi, myHeap, pointer</column>
<column name="m_axi_myHeap_ARQOS">out, 4, m_axi, myHeap, pointer</column>
<column name="m_axi_myHeap_ARREGION">out, 4, m_axi, myHeap, pointer</column>
<column name="m_axi_myHeap_ARUSER">out, 1, m_axi, myHeap, pointer</column>
<column name="m_axi_myHeap_RVALID">in, 1, m_axi, myHeap, pointer</column>
<column name="m_axi_myHeap_RREADY">out, 1, m_axi, myHeap, pointer</column>
<column name="m_axi_myHeap_RDATA">in, 32, m_axi, myHeap, pointer</column>
<column name="m_axi_myHeap_RLAST">in, 1, m_axi, myHeap, pointer</column>
<column name="m_axi_myHeap_RID">in, 1, m_axi, myHeap, pointer</column>
<column name="m_axi_myHeap_RUSER">in, 1, m_axi, myHeap, pointer</column>
<column name="m_axi_myHeap_RRESP">in, 2, m_axi, myHeap, pointer</column>
<column name="m_axi_myHeap_BVALID">in, 1, m_axi, myHeap, pointer</column>
<column name="m_axi_myHeap_BREADY">out, 1, m_axi, myHeap, pointer</column>
<column name="m_axi_myHeap_BRESP">in, 2, m_axi, myHeap, pointer</column>
<column name="m_axi_myHeap_BID">in, 1, m_axi, myHeap, pointer</column>
<column name="m_axi_myHeap_BUSER">in, 1, m_axi, myHeap, pointer</column>
<column name="m_axi_Master2SysAlloc_AWVALID">out, 1, m_axi, Master2SysAlloc, pointer</column>
<column name="m_axi_Master2SysAlloc_AWREADY">in, 1, m_axi, Master2SysAlloc, pointer</column>
<column name="m_axi_Master2SysAlloc_AWADDR">out, 32, m_axi, Master2SysAlloc, pointer</column>
<column name="m_axi_Master2SysAlloc_AWID">out, 1, m_axi, Master2SysAlloc, pointer</column>
<column name="m_axi_Master2SysAlloc_AWLEN">out, 32, m_axi, Master2SysAlloc, pointer</column>
<column name="m_axi_Master2SysAlloc_AWSIZE">out, 3, m_axi, Master2SysAlloc, pointer</column>
<column name="m_axi_Master2SysAlloc_AWBURST">out, 2, m_axi, Master2SysAlloc, pointer</column>
<column name="m_axi_Master2SysAlloc_AWLOCK">out, 2, m_axi, Master2SysAlloc, pointer</column>
<column name="m_axi_Master2SysAlloc_AWCACHE">out, 4, m_axi, Master2SysAlloc, pointer</column>
<column name="m_axi_Master2SysAlloc_AWPROT">out, 3, m_axi, Master2SysAlloc, pointer</column>
<column name="m_axi_Master2SysAlloc_AWQOS">out, 4, m_axi, Master2SysAlloc, pointer</column>
<column name="m_axi_Master2SysAlloc_AWREGION">out, 4, m_axi, Master2SysAlloc, pointer</column>
<column name="m_axi_Master2SysAlloc_AWUSER">out, 1, m_axi, Master2SysAlloc, pointer</column>
<column name="m_axi_Master2SysAlloc_WVALID">out, 1, m_axi, Master2SysAlloc, pointer</column>
<column name="m_axi_Master2SysAlloc_WREADY">in, 1, m_axi, Master2SysAlloc, pointer</column>
<column name="m_axi_Master2SysAlloc_WDATA">out, 32, m_axi, Master2SysAlloc, pointer</column>
<column name="m_axi_Master2SysAlloc_WSTRB">out, 4, m_axi, Master2SysAlloc, pointer</column>
<column name="m_axi_Master2SysAlloc_WLAST">out, 1, m_axi, Master2SysAlloc, pointer</column>
<column name="m_axi_Master2SysAlloc_WID">out, 1, m_axi, Master2SysAlloc, pointer</column>
<column name="m_axi_Master2SysAlloc_WUSER">out, 1, m_axi, Master2SysAlloc, pointer</column>
<column name="m_axi_Master2SysAlloc_ARVALID">out, 1, m_axi, Master2SysAlloc, pointer</column>
<column name="m_axi_Master2SysAlloc_ARREADY">in, 1, m_axi, Master2SysAlloc, pointer</column>
<column name="m_axi_Master2SysAlloc_ARADDR">out, 32, m_axi, Master2SysAlloc, pointer</column>
<column name="m_axi_Master2SysAlloc_ARID">out, 1, m_axi, Master2SysAlloc, pointer</column>
<column name="m_axi_Master2SysAlloc_ARLEN">out, 32, m_axi, Master2SysAlloc, pointer</column>
<column name="m_axi_Master2SysAlloc_ARSIZE">out, 3, m_axi, Master2SysAlloc, pointer</column>
<column name="m_axi_Master2SysAlloc_ARBURST">out, 2, m_axi, Master2SysAlloc, pointer</column>
<column name="m_axi_Master2SysAlloc_ARLOCK">out, 2, m_axi, Master2SysAlloc, pointer</column>
<column name="m_axi_Master2SysAlloc_ARCACHE">out, 4, m_axi, Master2SysAlloc, pointer</column>
<column name="m_axi_Master2SysAlloc_ARPROT">out, 3, m_axi, Master2SysAlloc, pointer</column>
<column name="m_axi_Master2SysAlloc_ARQOS">out, 4, m_axi, Master2SysAlloc, pointer</column>
<column name="m_axi_Master2SysAlloc_ARREGION">out, 4, m_axi, Master2SysAlloc, pointer</column>
<column name="m_axi_Master2SysAlloc_ARUSER">out, 1, m_axi, Master2SysAlloc, pointer</column>
<column name="m_axi_Master2SysAlloc_RVALID">in, 1, m_axi, Master2SysAlloc, pointer</column>
<column name="m_axi_Master2SysAlloc_RREADY">out, 1, m_axi, Master2SysAlloc, pointer</column>
<column name="m_axi_Master2SysAlloc_RDATA">in, 32, m_axi, Master2SysAlloc, pointer</column>
<column name="m_axi_Master2SysAlloc_RLAST">in, 1, m_axi, Master2SysAlloc, pointer</column>
<column name="m_axi_Master2SysAlloc_RID">in, 1, m_axi, Master2SysAlloc, pointer</column>
<column name="m_axi_Master2SysAlloc_RUSER">in, 1, m_axi, Master2SysAlloc, pointer</column>
<column name="m_axi_Master2SysAlloc_RRESP">in, 2, m_axi, Master2SysAlloc, pointer</column>
<column name="m_axi_Master2SysAlloc_BVALID">in, 1, m_axi, Master2SysAlloc, pointer</column>
<column name="m_axi_Master2SysAlloc_BREADY">out, 1, m_axi, Master2SysAlloc, pointer</column>
<column name="m_axi_Master2SysAlloc_BRESP">in, 2, m_axi, Master2SysAlloc, pointer</column>
<column name="m_axi_Master2SysAlloc_BID">in, 1, m_axi, Master2SysAlloc, pointer</column>
<column name="m_axi_Master2SysAlloc_BUSER">in, 1, m_axi, Master2SysAlloc, pointer</column>
<column name="treePtr">in, 32, ap_none, treePtr, scalar</column>
</table>
</item>
</section>
</profile>
