<profile>

<section name = "Vivado HLS Report for 'DeleteSuccessor'" level="0">
<item name = "Date">Mon Sep 20 14:57:55 2021
</item>
<item name = "Version">2019.1 (Build 2552052 on Fri May 24 15:28:33 MDT 2019)</item>
<item name = "Project">avltreefint</item>
<item name = "Solution">solution1</item>
<item name = "Product family">virtex7</item>
<item name = "Target device">xc7vx485t-ffg1157-1</item>
</section>

<section name = "Performance Estimates" level="0">
<item name = "Timing (ns)">
<section name = "" level="1">
<item name = "Summary"><table name="" hasTotal="0">
<keys size="4">Clock, Target, Estimated, Uncertainty</keys>
<column name="ap_clk">10.00, 8.750, 1.25</column>
</table>
</item>
</section>
</item>
<item name = "Latency (clock cycles)">
<section name = "" level="1">
<item name = "Summary"><table name="" hasTotal="0">
<keys size="6">, min, max, min, max, Type</keys>
<column name="">?, ?, ?, ?, none</column>
</table>
</item>
<item name = "Detail">
<section name = "" level="1">
<item name = "Instance"><table name="" hasTotal="0">
<keys size="7">Instance, Module, min, max, min, max, Type</keys>
<column name="grp_ProcessNodeDeletion_fu_190">ProcessNodeDeletion, 1, 655, 1, 655, none</column>
<column name="grp_DeleteSuccessorSub_fu_197">DeleteSuccessorSub, 10, 10, 10, 10, none</column>
<column name="grp_node_get_right_point_fu_205">node_get_right_point, 10, 10, 10, 10, none</column>
<column name="grp_node_set_right_fu_212">node_set_right, 9, 9, 9, 9, none</column>
<column name="grp_node_delete_fu_221">node_delete, ?, ?, ?, ?, none</column>
<column name="grp_node_get_left_pointe_fu_228">node_get_left_pointe, 10, 10, 10, 10, none</column>
<column name="grp_node_set_left_fu_235">node_set_left, 9, 9, 9, 9, none</column>
</table>
</item>
<item name = "Loop"><table name="" hasTotal="0">
<keys size="8">Loop Name, min, max, Latency, achieved, target, Count, Pipelined</keys>
<column name="- Loop 1">?, ?, ?, -, -, ?, no</column>
<column name=" + Loop 1.1">?, ?, 4 ~ 668, -, -, ?, no</column>
</table>
</item>
</section>
</item>
</section>
</item>
</section>
</profile>
