<profile>

<section name = "Vivado HLS Report for 'DeleteTreeNode'" level="0">
<item name = "Date">Mon Sep 20 14:58:01 2021
</item>
<item name = "Version">2019.1 (Build 2552052 on Fri May 24 15:28:33 MDT 2019)</item>
<item name = "Project">avltreefint</item>
<item name = "Solution">solution1</item>
<item name = "Product family">virtex7</item>
<item name = "Target device">xc7vx485t-ffg1157-1</item>
</section>

<section name = "Performance Estimates" level="0">
<item name = "Timing (ns)">
<section name = "" level="1">
<item name = "Summary"><table name="" hasTotal="0">
<keys size="4">Clock, Target, Estimated, Uncertainty</keys>
<column name="ap_clk">10.00, 8.750, 1.25</column>
</table>
</item>
</section>
</item>
<item name = "Latency (clock cycles)">
<section name = "" level="1">
<item name = "Summary"><table name="" hasTotal="0">
<keys size="6">, min, max, min, max, Type</keys>
<column name="">?, ?, ?, ?, none</column>
</table>
</item>
<item name = "Detail">
<section name = "" level="1">
<item name = "Instance"><table name="" hasTotal="0">
<keys size="7">Instance, Module, min, max, min, max, Type</keys>
<column name="grp_DeleteSuccessor_fu_253">DeleteSuccessor, ?, ?, ?, ?, none</column>
<column name="grp_ProcessNodeDeletion_fu_265">ProcessNodeDeletion, 1, 655, 1, 655, none</column>
<column name="grp_node_write_std_fu_273">node_write_std, 39, 39, 39, 39, none</column>
<column name="grp_node_read_std_fu_285">node_read_std, 43, 43, 43, 43, none</column>
<column name="grp_minValueNode_fu_292">minValueNode, ?, ?, ?, ?, none</column>
<column name="grp_DeleteNodeSub_fu_299">DeleteNodeSub, 10, 10, 10, 10, none</column>
<column name="grp_node_get_right_point_fu_308">node_get_right_point, 10, 10, 10, 10, none</column>
<column name="grp_node_set_right_fu_316">node_set_right, 9, 9, 9, 9, none</column>
<column name="grp_node_delete_fu_326">node_delete, ?, ?, ?, ?, none</column>
<column name="grp_node_get_left_pointe_fu_334">node_get_left_pointe, 10, 10, 10, 10, none</column>
<column name="grp_node_set_left_fu_342">node_set_left, 9, 9, 9, 9, none</column>
<column name="grp_node_write_data_fu_351">node_write_data, 7, 7, 7, 7, none</column>
<column name="grp_node_read_data_fu_360">node_read_data, 8, 8, 8, 8, none</column>
</table>
</item>
<item name = "Loop"><table name="" hasTotal="0">
<keys size="8">Loop Name, min, max, Latency, achieved, target, Count, Pipelined</keys>
<column name="- Loop 1">?, ?, ?, -, -, ?, no</column>
<column name=" + Loop 1.1">?, ?, 4 ~ 668, -, -, ?, no</column>
</table>
</item>
</section>
</item>
</section>
</item>
</section>
</profile>
