<profile>

<section name = "Vivado HLS Report for 'GetBalance'" level="0">
<item name = "Date">Mon Sep 20 14:58:27 2021
</item>
<item name = "Version">2019.1 (Build 2552052 on Fri May 24 15:28:33 MDT 2019)</item>
<item name = "Project">avltreefint</item>
<item name = "Solution">solution1</item>
<item name = "Product family">virtex7</item>
<item name = "Target device">xc7vx485t-ffg1157-1</item>
</section>

<section name = "Performance Estimates" level="0">
<item name = "Timing (ns)">
<section name = "" level="1">
<item name = "Summary"><table name="" hasTotal="0">
<keys size="4">Clock, Target, Estimated, Uncertainty</keys>
<column name="ap_clk">10.00, 8.750, 1.25</column>
</table>
</item>
</section>
</item>
<item name = "Latency (clock cycles)">
<section name = "" level="1">
<item name = "Summary"><table name="" hasTotal="0">
<keys size="6">, min, max, min, max, Type</keys>
<column name="">1, 47, 1, 47, none</column>
</table>
</item>
<item name = "Detail">
<section name = "" level="1">
<item name = "Instance"><table name="" hasTotal="0">
<keys size="7">Instance, Module, min, max, min, max, Type</keys>
<column name="grp_height_fu_46">height, 1, 10, 1, 10, none</column>
<column name="grp_node_get_right_point_fu_53">node_get_right_point, 10, 10, 10, 10, none</column>
<column name="grp_node_get_left_pointe_fu_60">node_get_left_pointe, 10, 10, 10, 10, none</column>
</table>
</item>
<item name = "Loop"><table name="" hasTotal="0">
<keys size="8">Loop Name, min, max, Latency, achieved, target, Count, Pipelined</keys>
</table>
</item>
</section>
</item>
</section>
</item>
</section>

<section name = "Utilization Estimates" level="0">
<item name = "Summary"><table name="" hasTotal="1">
<keys size="6">Name, BRAM_18K, DSP48E, FF, LUT, URAM</keys>
<column name="DSP">-, -, -, -, -</column>
<column name="Expression">-, -, 0, 111, -</column>
<column name="FIFO">-, -, -, -, -</column>
<column name="Instance">-, -, 295, 837, -</column>
<column name="Memory">-, -, -, -, -</column>
<column name="Multiplexer">-, -, -, 359, -</column>
<column name="Register">-, -, 173, -, -</column>
<specialColumn name="Available">2060, 2800, 607200, 303600, 0</specialColumn>
<specialColumn name="Utilization (%)">0, 0, ~0, ~0, 0</specialColumn>
</table>
</item>
<item name = "Detail">
<section name = "" level="1">
<item name = "Instance"><table name="" hasTotal="1">
<keys size="7">Instance, Module, BRAM_18K, DSP48E, FF, LUT, URAM</keys>
<column name="grp_height_fu_46">height, 0, 0, 142, 296, 0</column>
<column name="grp_node_get_left_pointe_fu_60">node_get_left_pointe, 0, 0, 76, 251, 0</column>
<column name="grp_node_get_right_point_fu_53">node_get_right_point, 0, 0, 77, 290, 0</column>
</table>
</item>
<item name = "DSP48E"><table name="" hasTotal="0">
<keys size="3">Instance, Module, Expression</keys>
</table>
</item>
<item name = "Memory"><table name="" hasTotal="1">
<keys size="10">Memory, Module, BRAM_18K, FF, LUT, URAM, Words, Bits, Banks, W*Bits*Banks</keys>
</table>
</item>
<item name = "FIFO"><table name="" hasTotal="1">
<keys size="8">Name, BRAM_18K, FF, LUT, URAM, Depth, Bits, Size:D*B</keys>
</table>
</item>
<item name = "Expression"><table name="" hasTotal="1">
<keys size="7">Variable Name, Operation, DSP48E, FF, LUT, Bitwidth P0, Bitwidth P1</keys>
<column name="sub_ln117_fu_85_p2">-, 0, 0, 39, 32, 32</column>
<column name="ap_block_state8_on_subcall_done">and, 0, 0, 2, 1, 1</column>
<column name="ap_predicate_op23_call_state8">and, 0, 0, 2, 1, 1</column>
<column name="icmp_ln107_fu_68_p2">icmp, 0, 0, 18, 32, 1</column>
<column name="icmp_ln112_fu_79_p2">icmp, 0, 0, 18, 32, 1</column>
<column name="or_ln112_fu_74_p2">or, 0, 0, 32, 32, 32</column>
</table>
</item>
<item name = "Multiplexer"><table name="" hasTotal="1">
<keys size="5">Name, LUT, Input Size, Bits, Total Bits</keys>
<column name="ap_NS_fsm">44, 9, 1, 9</column>
<column name="ap_phi_mux_p_0_phi_fu_36_p6">9, 2, 32, 64</column>
<column name="ap_return">9, 2, 32, 64</column>
<column name="grp_height_fu_46_nodePtr">15, 3, 32, 96</column>
<column name="m_axi_myHeap_ARADDR">21, 4, 32, 128</column>
<column name="m_axi_myHeap_ARBURST">21, 4, 2, 8</column>
<column name="m_axi_myHeap_ARCACHE">21, 4, 4, 16</column>
<column name="m_axi_myHeap_ARID">21, 4, 1, 4</column>
<column name="m_axi_myHeap_ARLEN">21, 4, 32, 128</column>
<column name="m_axi_myHeap_ARLOCK">21, 4, 2, 8</column>
<column name="m_axi_myHeap_ARPROT">21, 4, 3, 12</column>
<column name="m_axi_myHeap_ARQOS">21, 4, 4, 16</column>
<column name="m_axi_myHeap_ARREGION">21, 4, 4, 16</column>
<column name="m_axi_myHeap_ARSIZE">21, 4, 3, 12</column>
<column name="m_axi_myHeap_ARUSER">21, 4, 1, 4</column>
<column name="m_axi_myHeap_ARVALID">21, 4, 1, 4</column>
<column name="m_axi_myHeap_RREADY">21, 4, 1, 4</column>
<column name="p_0_reg_32">9, 2, 32, 64</column>
</table>
</item>
<item name = "Register"><table name="" hasTotal="1">
<keys size="5">Name, FF, LUT, Bits, Const Bits</keys>
<column name="ap_CS_fsm">8, 0, 8, 0</column>
<column name="ap_return_preg">32, 0, 32, 0</column>
<column name="grp_height_fu_46_ap_start_reg">1, 0, 1, 0</column>
<column name="grp_node_get_left_pointe_fu_60_ap_start_reg">1, 0, 1, 0</column>
<column name="grp_node_get_right_point_fu_53_ap_start_reg">1, 0, 1, 0</column>
<column name="heightLeft_reg_116">32, 0, 32, 0</column>
<column name="icmp_ln107_reg_97">1, 0, 1, 0</column>
<column name="icmp_ln112_reg_112">1, 0, 1, 0</column>
<column name="leftPtr_reg_101">32, 0, 32, 0</column>
<column name="p_0_reg_32">32, 0, 32, 0</column>
<column name="rightPtr_reg_107">32, 0, 32, 0</column>
</table>
</item>
</section>
</item>
</section>

<section name = "Interface" level="0">
<item name = "Summary"><table name="" hasTotal="0">
<keys size="6">RTL Ports, Dir, Bits, Protocol, Source Object, C Type</keys>
<column name="ap_clk">in, 1, ap_ctrl_hs, GetBalance, return value</column>
<column name="ap_rst">in, 1, ap_ctrl_hs, GetBalance, return value</column>
<column name="ap_start">in, 1, ap_ctrl_hs, GetBalance, return value</column>
<column name="ap_done">out, 1, ap_ctrl_hs, GetBalance, return value</column>
<column name="ap_idle">out, 1, ap_ctrl_hs, GetBalance, return value</column>
<column name="ap_ready">out, 1, ap_ctrl_hs, GetBalance, return value</column>
<column name="ap_return">out, 32, ap_ctrl_hs, GetBalance, return value</column>
<column name="m_axi_myHeap_AWVALID">out, 1, m_axi, myHeap, pointer</column>
<column name="m_axi_myHeap_AWREADY">in, 1, m_axi, myHeap, pointer</column>
<column name="m_axi_myHeap_AWADDR">out, 32, m_axi, myHeap, pointer</column>
<column name="m_axi_myHeap_AWID">out, 1, m_axi, myHeap, pointer</column>
<column name="m_axi_myHeap_AWLEN">out, 32, m_axi, myHeap, pointer</column>
<column name="m_axi_myHeap_AWSIZE">out, 3, m_axi, myHeap, pointer</column>
<column name="m_axi_myHeap_AWBURST">out, 2, m_axi, myHeap, pointer</column>
<column name="m_axi_myHeap_AWLOCK">out, 2, m_axi, myHeap, pointer</column>
<column name="m_axi_myHeap_AWCACHE">out, 4, m_axi, myHeap, pointer</column>
<column name="m_axi_myHeap_AWPROT">out, 3, m_axi, myHeap, pointer</column>
<column name="m_axi_myHeap_AWQOS">out, 4, m_axi, myHeap, pointer</column>
<column name="m_axi_myHeap_AWREGION">out, 4, m_axi, myHeap, pointer</column>
<column name="m_axi_myHeap_AWUSER">out, 1, m_axi, myHeap, pointer</column>
<column name="m_axi_myHeap_WVALID">out, 1, m_axi, myHeap, pointer</column>
<column name="m_axi_myHeap_WREADY">in, 1, m_axi, myHeap, pointer</column>
<column name="m_axi_myHeap_WDATA">out, 32, m_axi, myHeap, pointer</column>
<column name="m_axi_myHeap_WSTRB">out, 4, m_axi, myHeap, pointer</column>
<column name="m_axi_myHeap_WLAST">out, 1, m_axi, myHeap, pointer</column>
<column name="m_axi_myHeap_WID">out, 1, m_axi, myHeap, pointer</column>
<column name="m_axi_myHeap_WUSER">out, 1, m_axi, myHeap, pointer</column>
<column name="m_axi_myHeap_ARVALID">out, 1, m_axi, myHeap, pointer</column>
<column name="m_axi_myHeap_ARREADY">in, 1, m_axi, myHeap, pointer</column>
<column name="m_axi_myHeap_ARADDR">out, 32, m_axi, myHeap, pointer</column>
<column name="m_axi_myHeap_ARID">out, 1, m_axi, myHeap, pointer</column>
<column name="m_axi_myHeap_ARLEN">out, 32, m_axi, myHeap, pointer</column>
<column name="m_axi_myHeap_ARSIZE">out, 3, m_axi, myHeap, pointer</column>
<column name="m_axi_myHeap_ARBURST">out, 2, m_axi, myHeap, pointer</column>
<column name="m_axi_myHeap_ARLOCK">out, 2, m_axi, myHeap, pointer</column>
<column name="m_axi_myHeap_ARCACHE">out, 4, m_axi, myHeap, pointer</column>
<column name="m_axi_myHeap_ARPROT">out, 3, m_axi, myHeap, pointer</column>
<column name="m_axi_myHeap_ARQOS">out, 4, m_axi, myHeap, pointer</column>
<column name="m_axi_myHeap_ARREGION">out, 4, m_axi, myHeap, pointer</column>
<column name="m_axi_myHeap_ARUSER">out, 1, m_axi, myHeap, pointer</column>
<column name="m_axi_myHeap_RVALID">in, 1, m_axi, myHeap, pointer</column>
<column name="m_axi_myHeap_RREADY">out, 1, m_axi, myHeap, pointer</column>
<column name="m_axi_myHeap_RDATA">in, 32, m_axi, myHeap, pointer</column>
<column name="m_axi_myHeap_RLAST">in, 1, m_axi, myHeap, pointer</column>
<column name="m_axi_myHeap_RID">in, 1, m_axi, myHeap, pointer</column>
<column name="m_axi_myHeap_RUSER">in, 1, m_axi, myHeap, pointer</column>
<column name="m_axi_myHeap_RRESP">in, 2, m_axi, myHeap, pointer</column>
<column name="m_axi_myHeap_BVALID">in, 1, m_axi, myHeap, pointer</column>
<column name="m_axi_myHeap_BREADY">out, 1, m_axi, myHeap, pointer</column>
<column name="m_axi_myHeap_BRESP">in, 2, m_axi, myHeap, pointer</column>
<column name="m_axi_myHeap_BID">in, 1, m_axi, myHeap, pointer</column>
<column name="m_axi_myHeap_BUSER">in, 1, m_axi, myHeap, pointer</column>
<column name="nodePtr">in, 32, ap_none, nodePtr, scalar</column>
</table>
</item>
</section>
</profile>
