<stg><name>GetBalance</name>


<trans_list>

<trans id="28" from="1" to="2">
<condition id="-1">
<or_exp><and_exp><literal name="icmp_ln107" val="0"/>
</and_exp></or_exp>
</condition>
</trans>

<trans id="29" from="1" to="8">
<condition id="-1">
<or_exp><and_exp><literal name="icmp_ln107" val="1"/>
</and_exp></or_exp>
</condition>
</trans>

<trans id="31" from="2" to="3">
<condition id="-1">
<or_exp><and_exp></and_exp></or_exp>
</condition>
</trans>

<trans id="32" from="3" to="4">
<condition id="-1">
<or_exp><and_exp></and_exp></or_exp>
</condition>
</trans>

<trans id="33" from="4" to="5">
<condition id="-1">
<or_exp><and_exp><literal name="icmp_ln112" val="0"/>
</and_exp></or_exp>
</condition>
</trans>

<trans id="34" from="4" to="8">
<condition id="-1">
<or_exp><and_exp><literal name="icmp_ln112" val="1"/>
</and_exp></or_exp>
</condition>
</trans>

<trans id="35" from="5" to="6">
<condition id="-1">
<or_exp><and_exp></and_exp></or_exp>
</condition>
</trans>

<trans id="36" from="6" to="7">
<condition id="-1">
<or_exp><and_exp></and_exp></or_exp>
</condition>
</trans>

<trans id="37" from="7" to="8">
<condition id="-1">
<or_exp><and_exp></and_exp></or_exp>
</condition>
</trans>
</trans_list>



<state_list>

<state id="1" st_id="1">

<operation id="9" st_id="1" stage="1" lat="1">
<core>NULL</core>
<MemPortIdVec></MemPortIdVec>
<condition id="-1">
<or_exp><and_exp></and_exp></or_exp>
</condition>

<Node id="3" bw="0" op_0_bw="0" op_1_bw="32" op_2_bw="0" op_3_bw="32" op_4_bw="32" op_5_bw="0" op_6_bw="32" op_7_bw="32" op_8_bw="0" op_9_bw="0" op_10_bw="0" op_11_bw="32" op_12_bw="32" op_13_bw="32" op_14_bw="32" op_15_bw="0" op_16_bw="0">
<![CDATA[
:0  call void (...)* @_ssdm_op_SpecInterface(i32* %myHeap, [6 x i8]* @p_str3, i32 0, i32 0, [1 x i8]* @p_str1, i32 0, i32 1, [1 x i8]* @p_str1, [4 x i8]* @p_str4, [1 x i8]* @p_str1, i32 16, i32 16, i32 16, i32 16, [1 x i8]* @p_str1, [1 x i8]* @p_str1) nounwind

]]></Node>
<StgValue><ssdm name="specinterface_ln0"/></StgValue>
</operation>

<operation id="10" st_id="1" stage="1" lat="1">
<core>NULL</core>
<MemPortIdVec></MemPortIdVec>
<condition id="-1">
<or_exp><and_exp></and_exp></or_exp>
</condition>

<Node id="4" bw="32" op_0_bw="32" op_1_bw="32">
<![CDATA[
:1  %nodePtr_read = call i32 @_ssdm_op_Read.ap_auto.i32(i32 %nodePtr) nounwind

]]></Node>
<StgValue><ssdm name="nodePtr_read"/></StgValue>
</operation>

<operation id="11" st_id="1" stage="1" lat="1">
<core>Cmp</core>
<MemPortIdVec></MemPortIdVec>
<condition id="-1">
<or_exp><and_exp></and_exp></or_exp>
</condition>

<Node id="5" bw="1" op_0_bw="32" op_1_bw="32">
<![CDATA[
:2  %icmp_ln107 = icmp eq i32 %nodePtr_read, 0

]]></Node>
<StgValue><ssdm name="icmp_ln107"/></StgValue>
</operation>

<operation id="12" st_id="1" stage="1" lat="1">
<core>NULL</core>
<MemPortIdVec></MemPortIdVec>
<condition id="-1">
<or_exp><and_exp></and_exp></or_exp>
</condition>

<Node id="6" bw="0" op_0_bw="1" op_1_bw="0" op_2_bw="0">
<![CDATA[
:3  br i1 %icmp_ln107, label %._crit_edge, label %1

]]></Node>
<StgValue><ssdm name="br_ln107"/></StgValue>
</operation>

<operation id="13" st_id="1" stage="2" lat="2">
<core></core>
<MemPortIdVec></MemPortIdVec>
<condition id="-1">
<or_exp><and_exp><literal name="icmp_ln107" val="0"/>
</and_exp></or_exp>
</condition>

<Node id="8" bw="32" op_0_bw="32" op_1_bw="32" op_2_bw="32">
<![CDATA[
:0  %leftPtr = call fastcc i32 @node_get_left_pointe(i32* %myHeap, i32 %nodePtr_read)

]]></Node>
<StgValue><ssdm name="leftPtr"/></StgValue>
</operation>
</state>

<state id="2" st_id="2">

<operation id="14" st_id="2" stage="1" lat="2">
<core></core>
<MemPortIdVec></MemPortIdVec>
<condition id="-1">
<or_exp><and_exp></and_exp></or_exp>
</condition>

<Node id="8" bw="32" op_0_bw="32" op_1_bw="32" op_2_bw="32">
<![CDATA[
:0  %leftPtr = call fastcc i32 @node_get_left_pointe(i32* %myHeap, i32 %nodePtr_read)

]]></Node>
<StgValue><ssdm name="leftPtr"/></StgValue>
</operation>
</state>

<state id="3" st_id="3">

<operation id="15" st_id="3" stage="2" lat="2">
<core></core>
<MemPortIdVec></MemPortIdVec>
<condition id="-1">
<or_exp><and_exp></and_exp></or_exp>
</condition>

<Node id="9" bw="32" op_0_bw="32" op_1_bw="32" op_2_bw="32" op_3_bw="32" op_4_bw="32">
<![CDATA[
:1  %rightPtr = call fastcc i32 @node_get_right_point(i32* %myHeap, i32 %nodePtr_read)

]]></Node>
<StgValue><ssdm name="rightPtr"/></StgValue>
</operation>
</state>

<state id="4" st_id="4">

<operation id="16" st_id="4" stage="1" lat="2">
<core></core>
<MemPortIdVec></MemPortIdVec>
<condition id="-1">
<or_exp><and_exp></and_exp></or_exp>
</condition>

<Node id="9" bw="32" op_0_bw="32" op_1_bw="32" op_2_bw="32" op_3_bw="32" op_4_bw="32">
<![CDATA[
:1  %rightPtr = call fastcc i32 @node_get_right_point(i32* %myHeap, i32 %nodePtr_read)

]]></Node>
<StgValue><ssdm name="rightPtr"/></StgValue>
</operation>

<operation id="17" st_id="4" stage="1" lat="1">
<core>LogicGate</core>
<MemPortIdVec></MemPortIdVec>
<condition id="-1">
<or_exp><and_exp></and_exp></or_exp>
</condition>

<Node id="10" bw="32" op_0_bw="32" op_1_bw="32">
<![CDATA[
:2  %or_ln112 = or i32 %rightPtr, %leftPtr

]]></Node>
<StgValue><ssdm name="or_ln112"/></StgValue>
</operation>

<operation id="18" st_id="4" stage="1" lat="1">
<core>Cmp</core>
<MemPortIdVec></MemPortIdVec>
<condition id="-1">
<or_exp><and_exp></and_exp></or_exp>
</condition>

<Node id="11" bw="1" op_0_bw="32" op_1_bw="32">
<![CDATA[
:3  %icmp_ln112 = icmp eq i32 %or_ln112, 0

]]></Node>
<StgValue><ssdm name="icmp_ln112"/></StgValue>
</operation>

<operation id="19" st_id="4" stage="1" lat="1">
<core>NULL</core>
<MemPortIdVec></MemPortIdVec>
<condition id="-1">
<or_exp><and_exp></and_exp></or_exp>
</condition>

<Node id="12" bw="0" op_0_bw="1" op_1_bw="0" op_2_bw="0">
<![CDATA[
:4  br i1 %icmp_ln112, label %._crit_edge, label %2

]]></Node>
<StgValue><ssdm name="br_ln112"/></StgValue>
</operation>
</state>

<state id="5" st_id="5">

<operation id="20" st_id="5" stage="2" lat="2">
<core></core>
<MemPortIdVec></MemPortIdVec>
<condition id="-1">
<or_exp><and_exp></and_exp></or_exp>
</condition>

<Node id="14" bw="32" op_0_bw="32" op_1_bw="32" op_2_bw="32" op_3_bw="32" op_4_bw="32" op_5_bw="32" op_6_bw="32">
<![CDATA[
:0  %heightLeft = call fastcc i32 @height(i32* %myHeap, i32 %leftPtr)

]]></Node>
<StgValue><ssdm name="heightLeft"/></StgValue>
</operation>
</state>

<state id="6" st_id="6">

<operation id="21" st_id="6" stage="1" lat="2">
<core></core>
<MemPortIdVec></MemPortIdVec>
<condition id="-1">
<or_exp><and_exp></and_exp></or_exp>
</condition>

<Node id="14" bw="32" op_0_bw="32" op_1_bw="32" op_2_bw="32" op_3_bw="32" op_4_bw="32" op_5_bw="32" op_6_bw="32">
<![CDATA[
:0  %heightLeft = call fastcc i32 @height(i32* %myHeap, i32 %leftPtr)

]]></Node>
<StgValue><ssdm name="heightLeft"/></StgValue>
</operation>
</state>

<state id="7" st_id="7">

<operation id="22" st_id="7" stage="2" lat="2">
<core></core>
<MemPortIdVec></MemPortIdVec>
<condition id="-1">
<or_exp><and_exp></and_exp></or_exp>
</condition>

<Node id="15" bw="32" op_0_bw="32" op_1_bw="32" op_2_bw="32" op_3_bw="32" op_4_bw="32" op_5_bw="32" op_6_bw="32" op_7_bw="32" op_8_bw="32">
<![CDATA[
:1  %heightRight = call fastcc i32 @height(i32* %myHeap, i32 %rightPtr)

]]></Node>
<StgValue><ssdm name="heightRight"/></StgValue>
</operation>
</state>

<state id="8" st_id="8">

<operation id="23" st_id="8" stage="1" lat="2">
<core></core>
<MemPortIdVec></MemPortIdVec>
<condition id="-1">
<or_exp><and_exp><literal name="icmp_ln107" val="0"/>
<literal name="icmp_ln112" val="0"/>
</and_exp></or_exp>
</condition>

<Node id="15" bw="32" op_0_bw="32" op_1_bw="32" op_2_bw="32" op_3_bw="32" op_4_bw="32" op_5_bw="32" op_6_bw="32" op_7_bw="32" op_8_bw="32">
<![CDATA[
:1  %heightRight = call fastcc i32 @height(i32* %myHeap, i32 %rightPtr)

]]></Node>
<StgValue><ssdm name="heightRight"/></StgValue>
</operation>

<operation id="24" st_id="8" stage="1" lat="1">
<core>AddSub</core>
<MemPortIdVec></MemPortIdVec>
<condition id="-1">
<or_exp><and_exp><literal name="icmp_ln107" val="0"/>
<literal name="icmp_ln112" val="0"/>
</and_exp></or_exp>
</condition>

<Node id="16" bw="32" op_0_bw="32" op_1_bw="32">
<![CDATA[
:2  %sub_ln117 = sub nsw i32 %heightLeft, %heightRight

]]></Node>
<StgValue><ssdm name="sub_ln117"/></StgValue>
</operation>

<operation id="25" st_id="8" stage="1" lat="1">
<core>NULL</core>
<MemPortIdVec></MemPortIdVec>
<condition id="-1">
<or_exp><and_exp><literal name="icmp_ln107" val="0"/>
<literal name="icmp_ln112" val="0"/>
</and_exp></or_exp>
</condition>

<Node id="17" bw="0" op_0_bw="0">
<![CDATA[
:3  br label %._crit_edge

]]></Node>
<StgValue><ssdm name="br_ln117"/></StgValue>
</operation>

<operation id="26" st_id="8" stage="1" lat="1">
<core>NULL</core>
<MemPortIdVec></MemPortIdVec>
<condition id="-1">
<or_exp><and_exp></and_exp></or_exp>
</condition>

<Node id="19" bw="32" op_0_bw="32" op_1_bw="0" op_2_bw="32" op_3_bw="0" op_4_bw="32" op_5_bw="0">
<![CDATA[
._crit_edge:0  %p_0 = phi i32 [ %sub_ln117, %2 ], [ 0, %0 ], [ 0, %1 ]

]]></Node>
<StgValue><ssdm name="p_0"/></StgValue>
</operation>

<operation id="27" st_id="8" stage="1" lat="1">
<core>NULL</core>
<MemPortIdVec></MemPortIdVec>
<condition id="-1">
<or_exp><and_exp></and_exp></or_exp>
</condition>

<Node id="20" bw="0" op_0_bw="32">
<![CDATA[
._crit_edge:1  ret i32 %p_0

]]></Node>
<StgValue><ssdm name="ret_ln120"/></StgValue>
</operation>
</state>
</state_list>


<ports>
<port id="38" name="myHeap" dir="0" iftype="4">
<core>NULL</core><StgValue><ssdm name="myHeap"/></StgValue>
</port>
<port id="39" name="nodePtr" dir="0" iftype="0">
<core>NULL</core><StgValue><ssdm name="nodePtr"/></StgValue>
</port>
</ports>


<dataflows>
<dataflow id="41" from="_ssdm_op_SpecInterface" to="specinterface_ln0" fromId="40" toId="9">
</dataflow>
<dataflow id="42" from="myHeap" to="specinterface_ln0" fromId="38" toId="9">
</dataflow>
<dataflow id="44" from="p_str3" to="specinterface_ln0" fromId="43" toId="9">
</dataflow>
<dataflow id="46" from="StgValue_45" to="specinterface_ln0" fromId="45" toId="9">
</dataflow>
<dataflow id="47" from="StgValue_45" to="specinterface_ln0" fromId="45" toId="9">
</dataflow>
<dataflow id="49" from="p_str1" to="specinterface_ln0" fromId="48" toId="9">
</dataflow>
<dataflow id="50" from="StgValue_45" to="specinterface_ln0" fromId="45" toId="9">
</dataflow>
<dataflow id="52" from="StgValue_51" to="specinterface_ln0" fromId="51" toId="9">
</dataflow>
<dataflow id="53" from="p_str1" to="specinterface_ln0" fromId="48" toId="9">
</dataflow>
<dataflow id="55" from="p_str4" to="specinterface_ln0" fromId="54" toId="9">
</dataflow>
<dataflow id="56" from="p_str1" to="specinterface_ln0" fromId="48" toId="9">
</dataflow>
<dataflow id="58" from="StgValue_57" to="specinterface_ln0" fromId="57" toId="9">
</dataflow>
<dataflow id="59" from="StgValue_57" to="specinterface_ln0" fromId="57" toId="9">
</dataflow>
<dataflow id="60" from="StgValue_57" to="specinterface_ln0" fromId="57" toId="9">
</dataflow>
<dataflow id="61" from="StgValue_57" to="specinterface_ln0" fromId="57" toId="9">
</dataflow>
<dataflow id="62" from="p_str1" to="specinterface_ln0" fromId="48" toId="9">
</dataflow>
<dataflow id="63" from="p_str1" to="specinterface_ln0" fromId="48" toId="9">
</dataflow>
<dataflow id="65" from="_ssdm_op_Read.ap_auto.i32" to="nodePtr_read" fromId="64" toId="10">
</dataflow>
<dataflow id="66" from="nodePtr" to="nodePtr_read" fromId="39" toId="10">
</dataflow>
<dataflow id="67" from="nodePtr_read" to="icmp_ln107" fromId="10" toId="11">
</dataflow>
<dataflow id="68" from="StgValue_45" to="icmp_ln107" fromId="45" toId="11">
</dataflow>
<dataflow id="69" from="icmp_ln107" to="br_ln107" fromId="11" toId="12">
</dataflow>
<dataflow id="71" from="node_get_left_pointe" to="leftPtr" fromId="70" toId="13">
</dataflow>
<dataflow id="72" from="myHeap" to="leftPtr" fromId="38" toId="13">
</dataflow>
<dataflow id="73" from="nodePtr_read" to="leftPtr" fromId="10" toId="13">
</dataflow>
<dataflow id="74" from="node_get_left_pointe" to="leftPtr" fromId="70" toId="14">
</dataflow>
<dataflow id="75" from="myHeap" to="leftPtr" fromId="38" toId="14">
</dataflow>
<dataflow id="76" from="nodePtr_read" to="leftPtr" fromId="10" toId="14">
</dataflow>
<dataflow id="78" from="node_get_right_point" to="rightPtr" fromId="77" toId="15">
</dataflow>
<dataflow id="79" from="myHeap" to="rightPtr" fromId="38" toId="15">
</dataflow>
<dataflow id="80" from="nodePtr_read" to="rightPtr" fromId="10" toId="15">
</dataflow>
<dataflow id="81" from="node_get_right_point" to="rightPtr" fromId="77" toId="16">
</dataflow>
<dataflow id="82" from="myHeap" to="rightPtr" fromId="38" toId="16">
</dataflow>
<dataflow id="83" from="nodePtr_read" to="rightPtr" fromId="10" toId="16">
</dataflow>
<dataflow id="84" from="rightPtr" to="or_ln112" fromId="16" toId="17">
</dataflow>
<dataflow id="85" from="leftPtr" to="or_ln112" fromId="14" toId="17">
</dataflow>
<dataflow id="86" from="or_ln112" to="icmp_ln112" fromId="17" toId="18">
</dataflow>
<dataflow id="87" from="StgValue_45" to="icmp_ln112" fromId="45" toId="18">
</dataflow>
<dataflow id="88" from="icmp_ln112" to="br_ln112" fromId="18" toId="19">
</dataflow>
<dataflow id="90" from="height" to="heightLeft" fromId="89" toId="20">
</dataflow>
<dataflow id="91" from="myHeap" to="heightLeft" fromId="38" toId="20">
</dataflow>
<dataflow id="92" from="leftPtr" to="heightLeft" fromId="14" toId="20">
</dataflow>
<dataflow id="93" from="height" to="heightLeft" fromId="89" toId="21">
</dataflow>
<dataflow id="94" from="myHeap" to="heightLeft" fromId="38" toId="21">
</dataflow>
<dataflow id="95" from="leftPtr" to="heightLeft" fromId="14" toId="21">
</dataflow>
<dataflow id="96" from="height" to="heightRight" fromId="89" toId="22">
</dataflow>
<dataflow id="97" from="myHeap" to="heightRight" fromId="38" toId="22">
</dataflow>
<dataflow id="98" from="rightPtr" to="heightRight" fromId="16" toId="22">
</dataflow>
<dataflow id="99" from="height" to="heightRight" fromId="89" toId="23">
</dataflow>
<dataflow id="100" from="myHeap" to="heightRight" fromId="38" toId="23">
</dataflow>
<dataflow id="101" from="rightPtr" to="heightRight" fromId="16" toId="23">
</dataflow>
<dataflow id="102" from="heightLeft" to="sub_ln117" fromId="21" toId="24">
</dataflow>
<dataflow id="103" from="heightRight" to="sub_ln117" fromId="23" toId="24">
</dataflow>
<dataflow id="104" from="sub_ln117" to="p_0" fromId="24" toId="26">
<condition id="-1">
<or_exp><and_exp><literal name="icmp_ln107" val="0"/>
<literal name="icmp_ln112" val="0"/>
</and_exp></or_exp>
</condition>
</dataflow>
<dataflow id="105" from="br_ln117" to="p_0" fromId="25" toId="26">
</dataflow>
<dataflow id="106" from="StgValue_45" to="p_0" fromId="45" toId="26">
<condition id="-1">
<or_exp><and_exp><literal name="icmp_ln107" val="1"/>
</and_exp></or_exp>
</condition>
</dataflow>
<dataflow id="107" from="br_ln107" to="p_0" fromId="12" toId="26">
</dataflow>
<dataflow id="108" from="StgValue_45" to="p_0" fromId="45" toId="26">
<condition id="-1">
<or_exp><and_exp><literal name="icmp_ln112" val="1"/>
</and_exp></or_exp>
</condition>
</dataflow>
<dataflow id="109" from="br_ln112" to="p_0" fromId="19" toId="26">
</dataflow>
<dataflow id="110" from="p_0" to="ret_ln120" fromId="26" toId="27">
</dataflow>
<dataflow id="111" from="icmp_ln107" to="StgValue_1" fromId="11" toId="1">
</dataflow>
<dataflow id="112" from="icmp_ln107" to="StgValue_8" fromId="11" toId="8">
</dataflow>
<dataflow id="113" from="icmp_ln112" to="StgValue_8" fromId="18" toId="8">
</dataflow>
<dataflow id="114" from="icmp_ln112" to="StgValue_4" fromId="18" toId="4">
</dataflow>
</dataflows>


</stg>
