<stg><name>height</name>


<trans_list>

<trans id="13" from="1" to="2">
<condition id="-1">
<or_exp><and_exp><literal name="icmp_ln39" val="0"/>
</and_exp></or_exp>
</condition>
</trans>

<trans id="14" from="1" to="3">
<condition id="-1">
<or_exp><and_exp><literal name="icmp_ln39" val="1"/>
</and_exp></or_exp>
</condition>
</trans>

<trans id="16" from="2" to="3">
<condition id="-1">
<or_exp><and_exp></and_exp></or_exp>
</condition>
</trans>
</trans_list>



<state_list>

<state id="1" st_id="1">

<operation id="4" st_id="1" stage="1" lat="1">
<core>NULL</core>
<MemPortIdVec></MemPortIdVec>
<condition id="-1">
<or_exp><and_exp></and_exp></or_exp>
</condition>

<Node id="3" bw="0" op_0_bw="0" op_1_bw="32" op_2_bw="0" op_3_bw="32" op_4_bw="32" op_5_bw="0" op_6_bw="32" op_7_bw="32" op_8_bw="0" op_9_bw="0" op_10_bw="0" op_11_bw="32" op_12_bw="32" op_13_bw="32" op_14_bw="32" op_15_bw="0" op_16_bw="0">
<![CDATA[
:0  call void (...)* @_ssdm_op_SpecInterface(i32* %myHeap, [6 x i8]* @p_str3, i32 0, i32 0, [1 x i8]* @p_str1, i32 0, i32 1, [1 x i8]* @p_str1, [4 x i8]* @p_str4, [1 x i8]* @p_str1, i32 16, i32 16, i32 16, i32 16, [1 x i8]* @p_str1, [1 x i8]* @p_str1) nounwind

]]></Node>
<StgValue><ssdm name="specinterface_ln0"/></StgValue>
</operation>

<operation id="5" st_id="1" stage="1" lat="1">
<core>NULL</core>
<MemPortIdVec></MemPortIdVec>
<condition id="-1">
<or_exp><and_exp></and_exp></or_exp>
</condition>

<Node id="4" bw="32" op_0_bw="32" op_1_bw="32">
<![CDATA[
:1  %nodePtr_read = call i32 @_ssdm_op_Read.ap_auto.i32(i32 %nodePtr) nounwind

]]></Node>
<StgValue><ssdm name="nodePtr_read"/></StgValue>
</operation>

<operation id="6" st_id="1" stage="1" lat="1">
<core>Cmp</core>
<MemPortIdVec></MemPortIdVec>
<condition id="-1">
<or_exp><and_exp></and_exp></or_exp>
</condition>

<Node id="5" bw="1" op_0_bw="32" op_1_bw="32">
<![CDATA[
:2  %icmp_ln39 = icmp eq i32 %nodePtr_read, 0

]]></Node>
<StgValue><ssdm name="icmp_ln39"/></StgValue>
</operation>

<operation id="7" st_id="1" stage="1" lat="1">
<core>NULL</core>
<MemPortIdVec></MemPortIdVec>
<condition id="-1">
<or_exp><and_exp></and_exp></or_exp>
</condition>

<Node id="6" bw="0" op_0_bw="1" op_1_bw="0" op_2_bw="0">
<![CDATA[
:3  br i1 %icmp_ln39, label %._crit_edge, label %1

]]></Node>
<StgValue><ssdm name="br_ln39"/></StgValue>
</operation>

<operation id="8" st_id="1" stage="2" lat="2">
<core></core>
<MemPortIdVec></MemPortIdVec>
<condition id="-1">
<or_exp><and_exp><literal name="icmp_ln39" val="0"/>
</and_exp></or_exp>
</condition>

<Node id="8" bw="32" op_0_bw="32" op_1_bw="32" op_2_bw="32">
<![CDATA[
:0  %tmp = call fastcc i32 @node_read_height(i32* %myHeap, i32 %nodePtr_read)

]]></Node>
<StgValue><ssdm name="tmp"/></StgValue>
</operation>
</state>

<state id="2" st_id="2">

<operation id="9" st_id="2" stage="1" lat="2">
<core></core>
<MemPortIdVec></MemPortIdVec>
<condition id="-1">
<or_exp><and_exp></and_exp></or_exp>
</condition>

<Node id="8" bw="32" op_0_bw="32" op_1_bw="32" op_2_bw="32">
<![CDATA[
:0  %tmp = call fastcc i32 @node_read_height(i32* %myHeap, i32 %nodePtr_read)

]]></Node>
<StgValue><ssdm name="tmp"/></StgValue>
</operation>
</state>

<state id="3" st_id="3">

<operation id="10" st_id="3" stage="1" lat="1">
<core>NULL</core>
<MemPortIdVec></MemPortIdVec>
<condition id="-1">
<or_exp><and_exp><literal name="icmp_ln39" val="0"/>
</and_exp></or_exp>
</condition>

<Node id="9" bw="0" op_0_bw="0">
<![CDATA[
:1  br label %._crit_edge

]]></Node>
<StgValue><ssdm name="br_ln42"/></StgValue>
</operation>

<operation id="11" st_id="3" stage="1" lat="1">
<core>NULL</core>
<MemPortIdVec></MemPortIdVec>
<condition id="-1">
<or_exp><and_exp></and_exp></or_exp>
</condition>

<Node id="11" bw="32" op_0_bw="32" op_1_bw="0" op_2_bw="32" op_3_bw="0">
<![CDATA[
._crit_edge:0  %p_0 = phi i32 [ %tmp, %1 ], [ 0, %0 ]

]]></Node>
<StgValue><ssdm name="p_0"/></StgValue>
</operation>

<operation id="12" st_id="3" stage="1" lat="1">
<core>NULL</core>
<MemPortIdVec></MemPortIdVec>
<condition id="-1">
<or_exp><and_exp></and_exp></or_exp>
</condition>

<Node id="12" bw="0" op_0_bw="32">
<![CDATA[
._crit_edge:1  ret i32 %p_0

]]></Node>
<StgValue><ssdm name="ret_ln44"/></StgValue>
</operation>
</state>
</state_list>


<ports>
<port id="17" name="myHeap" dir="0" iftype="4">
<core>NULL</core><StgValue><ssdm name="myHeap"/></StgValue>
</port>
<port id="18" name="nodePtr" dir="0" iftype="0">
<core>NULL</core><StgValue><ssdm name="nodePtr"/></StgValue>
</port>
</ports>


<dataflows>
<dataflow id="20" from="_ssdm_op_SpecInterface" to="specinterface_ln0" fromId="19" toId="4">
</dataflow>
<dataflow id="21" from="myHeap" to="specinterface_ln0" fromId="17" toId="4">
</dataflow>
<dataflow id="23" from="p_str3" to="specinterface_ln0" fromId="22" toId="4">
</dataflow>
<dataflow id="25" from="StgValue_24" to="specinterface_ln0" fromId="24" toId="4">
</dataflow>
<dataflow id="26" from="StgValue_24" to="specinterface_ln0" fromId="24" toId="4">
</dataflow>
<dataflow id="28" from="p_str1" to="specinterface_ln0" fromId="27" toId="4">
</dataflow>
<dataflow id="29" from="StgValue_24" to="specinterface_ln0" fromId="24" toId="4">
</dataflow>
<dataflow id="31" from="StgValue_30" to="specinterface_ln0" fromId="30" toId="4">
</dataflow>
<dataflow id="32" from="p_str1" to="specinterface_ln0" fromId="27" toId="4">
</dataflow>
<dataflow id="34" from="p_str4" to="specinterface_ln0" fromId="33" toId="4">
</dataflow>
<dataflow id="35" from="p_str1" to="specinterface_ln0" fromId="27" toId="4">
</dataflow>
<dataflow id="37" from="StgValue_36" to="specinterface_ln0" fromId="36" toId="4">
</dataflow>
<dataflow id="38" from="StgValue_36" to="specinterface_ln0" fromId="36" toId="4">
</dataflow>
<dataflow id="39" from="StgValue_36" to="specinterface_ln0" fromId="36" toId="4">
</dataflow>
<dataflow id="40" from="StgValue_36" to="specinterface_ln0" fromId="36" toId="4">
</dataflow>
<dataflow id="41" from="p_str1" to="specinterface_ln0" fromId="27" toId="4">
</dataflow>
<dataflow id="42" from="p_str1" to="specinterface_ln0" fromId="27" toId="4">
</dataflow>
<dataflow id="44" from="_ssdm_op_Read.ap_auto.i32" to="nodePtr_read" fromId="43" toId="5">
</dataflow>
<dataflow id="45" from="nodePtr" to="nodePtr_read" fromId="18" toId="5">
</dataflow>
<dataflow id="46" from="nodePtr_read" to="icmp_ln39" fromId="5" toId="6">
</dataflow>
<dataflow id="47" from="StgValue_24" to="icmp_ln39" fromId="24" toId="6">
</dataflow>
<dataflow id="48" from="icmp_ln39" to="br_ln39" fromId="6" toId="7">
</dataflow>
<dataflow id="50" from="node_read_height" to="tmp" fromId="49" toId="8">
</dataflow>
<dataflow id="51" from="myHeap" to="tmp" fromId="17" toId="8">
</dataflow>
<dataflow id="52" from="nodePtr_read" to="tmp" fromId="5" toId="8">
</dataflow>
<dataflow id="53" from="node_read_height" to="tmp" fromId="49" toId="9">
</dataflow>
<dataflow id="54" from="myHeap" to="tmp" fromId="17" toId="9">
</dataflow>
<dataflow id="55" from="nodePtr_read" to="tmp" fromId="5" toId="9">
</dataflow>
<dataflow id="56" from="tmp" to="p_0" fromId="9" toId="11">
<condition id="-1">
<or_exp><and_exp><literal name="icmp_ln39" val="0"/>
</and_exp></or_exp>
</condition>
</dataflow>
<dataflow id="57" from="br_ln42" to="p_0" fromId="10" toId="11">
</dataflow>
<dataflow id="58" from="StgValue_24" to="p_0" fromId="24" toId="11">
<condition id="-1">
<or_exp><and_exp><literal name="icmp_ln39" val="1"/>
</and_exp></or_exp>
</condition>
</dataflow>
<dataflow id="59" from="br_ln39" to="p_0" fromId="7" toId="11">
</dataflow>
<dataflow id="60" from="p_0" to="ret_ln44" fromId="11" toId="12">
</dataflow>
<dataflow id="61" from="icmp_ln39" to="StgValue_1" fromId="6" toId="1">
</dataflow>
<dataflow id="62" from="icmp_ln39" to="StgValue_3" fromId="6" toId="3">
</dataflow>
</dataflows>


</stg>
