<profile>

<section name = "Vivado HLS Report for 'Insert'" level="0">
<item name = "Date">Mon Sep 20 14:58:33 2021
</item>
<item name = "Version">2019.1 (Build 2552052 on Fri May 24 15:28:33 MDT 2019)</item>
<item name = "Project">avltreefint</item>
<item name = "Solution">solution1</item>
<item name = "Product family">virtex7</item>
<item name = "Target device">xc7vx485t-ffg1157-1</item>
</section>

<section name = "Performance Estimates" level="0">
<item name = "Timing (ns)">
<section name = "" level="1">
<item name = "Summary"><table name="" hasTotal="0">
<keys size="4">Clock, Target, Estimated, Uncertainty</keys>
<column name="ap_clk">10.00, 8.750, 1.25</column>
</table>
</item>
</section>
</item>
<item name = "Latency (clock cycles)">
<section name = "" level="1">
<item name = "Summary"><table name="" hasTotal="0">
<keys size="6">, min, max, min, max, Type</keys>
<column name="">?, ?, ?, ?, none</column>
</table>
</item>
<item name = "Detail">
<section name = "" level="1">
<item name = "Instance"><table name="" hasTotal="0">
<keys size="7">Instance, Module, min, max, min, max, Type</keys>
<column name="grp_InsertSub_fu_184">InsertSub, ?, ?, ?, ?, none</column>
<column name="grp_ProcessNodeInsertion_fu_194">ProcessNodeInsertion, 60, 479, 60, 479, none</column>
<column name="grp_node_get_right_point_fu_203">node_get_right_point, 10, 10, 10, 10, none</column>
<column name="grp_node_set_right_fu_210">node_set_right, 9, 9, 9, 9, none</column>
<column name="grp_node_get_left_pointe_fu_218">node_get_left_pointe, 10, 10, 10, 10, none</column>
<column name="grp_node_set_left_fu_225">node_set_left, 9, 9, 9, 9, none</column>
</table>
</item>
<item name = "Loop"><table name="" hasTotal="0">
<keys size="8">Loop Name, min, max, Latency, achieved, target, Count, Pipelined</keys>
<column name="- flag_loop">?, ?, ?, -, -, ?, no</column>
<column name="- stack_loop">?, ?, 63 ~ 492, -, -, ?, no</column>
</table>
</item>
</section>
</item>
</section>
</item>
</section>

<section name = "Utilization Estimates" level="0">
<item name = "Summary"><table name="" hasTotal="1">
<keys size="6">Name, BRAM_18K, DSP48E, FF, LUT, URAM</keys>
<column name="DSP">-, -, -, -, -</column>
<column name="Expression">-, -, 0, 291, -</column>
<column name="FIFO">-, -, -, -, -</column>
<column name="Instance">-, -, 8177, 29579, -</column>
<column name="Memory">-, -, -, -, -</column>
<column name="Multiplexer">-, -, -, 1232, -</column>
<column name="Register">-, -, 589, -, -</column>
<specialColumn name="Available">2060, 2800, 607200, 303600, 0</specialColumn>
<specialColumn name="Utilization (%)">0, 0, 1, 10, 0</specialColumn>
</table>
</item>
<item name = "Detail">
<section name = "" level="1">
<item name = "Instance"><table name="" hasTotal="1">
<keys size="7">Instance, Module, BRAM_18K, DSP48E, FF, LUT, URAM</keys>
<column name="grp_InsertSub_fu_184">InsertSub, 0, 0, 4248, 15598, 0</column>
<column name="grp_ProcessNodeInsertion_fu_194">ProcessNodeInsertion, 0, 0, 3625, 12869, 0</column>
<column name="grp_node_get_left_pointe_fu_218">node_get_left_pointe, 0, 0, 76, 251, 0</column>
<column name="grp_node_get_right_point_fu_203">node_get_right_point, 0, 0, 77, 290, 0</column>
<column name="grp_node_set_left_fu_225">node_set_left, 0, 0, 75, 266, 0</column>
<column name="grp_node_set_right_fu_210">node_set_right, 0, 0, 76, 305, 0</column>
</table>
</item>
<item name = "DSP48E"><table name="" hasTotal="0">
<keys size="3">Instance, Module, Expression</keys>
</table>
</item>
<item name = "Memory"><table name="" hasTotal="1">
<keys size="10">Memory, Module, BRAM_18K, FF, LUT, URAM, Words, Bits, Banks, W*Bits*Banks</keys>
</table>
</item>
<item name = "FIFO"><table name="" hasTotal="1">
<keys size="8">Name, BRAM_18K, FF, LUT, URAM, Depth, Bits, Size:D*B</keys>
</table>
</item>
<item name = "Expression"><table name="" hasTotal="1">
<keys size="7">Variable Name, Operation, DSP48E, FF, LUT, Bitwidth P0, Bitwidth P1</keys>
<column name="grp_fu_241_p2">+, 0, 0, 39, 32, 1</column>
<column name="grp_fu_283_p2">+, 0, 0, 39, 2, 32</column>
<column name="ap_block_state15_on_subcall_done">and, 0, 0, 2, 1, 1</column>
<column name="ap_predicate_op119_call_state12">and, 0, 0, 2, 1, 1</column>
<column name="ap_predicate_op121_call_state12">and, 0, 0, 2, 1, 1</column>
<column name="ap_predicate_op130_call_state15">and, 0, 0, 2, 1, 1</column>
<column name="grp_fu_252_p2">icmp, 0, 0, 18, 32, 1</column>
<column name="icmp_ln30_fu_326_p2">icmp, 0, 0, 18, 32, 1</column>
<column name="icmp_ln33_fu_363_p2">icmp, 0, 0, 8, 2, 1</column>
<column name="icmp_ln53_fu_401_p2">icmp, 0, 0, 18, 32, 1</column>
<column name="icmp_ln58_fu_407_p2">icmp, 0, 0, 18, 32, 1</column>
<column name="icmp_ln63_fu_435_p2">icmp, 0, 0, 18, 32, 32</column>
<column name="icmp_ln70_fu_440_p2">icmp, 0, 0, 18, 31, 1</column>
<column name="icmp_ln84_fu_332_p2">icmp, 0, 0, 18, 32, 2</column>
<column name="ap_block_state12_on_subcall_done">or, 0, 0, 2, 1, 1</column>
<column name="ap_block_state5_on_subcall_done">or, 0, 0, 2, 1, 1</column>
<column name="ap_block_state8_on_subcall_done">or, 0, 0, 2, 1, 1</column>
<column name="nodeData_fu_343_p2">or, 0, 0, 33, 32, 33</column>
<column name="select_ln36_fu_374_p3">select, 0, 0, 32, 1, 32</column>
</table>
</item>
<item name = "Multiplexer"><table name="" hasTotal="1">
<keys size="5">Name, LUT, Input Size, Bits, Total Bits</keys>
<column name="ap_NS_fsm">89, 18, 1, 18</column>
<column name="ap_phi_mux_phi_ln96_1_phi_fu_172_p10">9, 2, 32, 64</column>
<column name="ap_phi_mux_phi_ln96_phi_fu_157_p10">9, 2, 32, 64</column>
<column name="ap_return_0">9, 2, 32, 64</column>
<column name="ap_return_1">9, 2, 32, 64</column>
<column name="fixedStack_address0">27, 5, 6, 30</column>
<column name="fixedStack_d0">15, 3, 32, 96</column>
<column name="grp_ProcessNodeInsertion_fu_194_nowPtr">21, 4, 32, 128</column>
<column name="grp_node_set_left_fu_225_currentPtr">15, 3, 32, 96</column>
<column name="grp_node_set_left_fu_225_nextPtr">15, 3, 32, 96</column>
<column name="grp_node_set_right_fu_210_currentPtr">15, 3, 32, 96</column>
<column name="grp_node_set_right_fu_210_nextPtr">15, 3, 32, 96</column>
<column name="hdStack_assign_fu_72">15, 3, 32, 96</column>
<column name="m_axi_Master2SysAlloc_ARVALID">9, 2, 1, 2</column>
<column name="m_axi_Master2SysAlloc_AWVALID">9, 2, 1, 2</column>
<column name="m_axi_Master2SysAlloc_BREADY">9, 2, 1, 2</column>
<column name="m_axi_Master2SysAlloc_RREADY">9, 2, 1, 2</column>
<column name="m_axi_Master2SysAlloc_WVALID">9, 2, 1, 2</column>
<column name="m_axi_myHeap_ARADDR">27, 5, 32, 160</column>
<column name="m_axi_myHeap_ARBURST">27, 5, 2, 10</column>
<column name="m_axi_myHeap_ARCACHE">27, 5, 4, 20</column>
<column name="m_axi_myHeap_ARID">27, 5, 1, 5</column>
<column name="m_axi_myHeap_ARLEN">27, 5, 32, 160</column>
<column name="m_axi_myHeap_ARLOCK">27, 5, 2, 10</column>
<column name="m_axi_myHeap_ARPROT">27, 5, 3, 15</column>
<column name="m_axi_myHeap_ARQOS">27, 5, 4, 20</column>
<column name="m_axi_myHeap_ARREGION">27, 5, 4, 20</column>
<column name="m_axi_myHeap_ARSIZE">27, 5, 3, 15</column>
<column name="m_axi_myHeap_ARUSER">27, 5, 1, 5</column>
<column name="m_axi_myHeap_ARVALID">27, 5, 1, 5</column>
<column name="m_axi_myHeap_AWADDR">27, 5, 32, 160</column>
<column name="m_axi_myHeap_AWBURST">27, 5, 2, 10</column>
<column name="m_axi_myHeap_AWCACHE">27, 5, 4, 20</column>
<column name="m_axi_myHeap_AWID">27, 5, 1, 5</column>
<column name="m_axi_myHeap_AWLEN">27, 5, 32, 160</column>
<column name="m_axi_myHeap_AWLOCK">27, 5, 2, 10</column>
<column name="m_axi_myHeap_AWPROT">27, 5, 3, 15</column>
<column name="m_axi_myHeap_AWQOS">27, 5, 4, 20</column>
<column name="m_axi_myHeap_AWREGION">27, 5, 4, 20</column>
<column name="m_axi_myHeap_AWSIZE">27, 5, 3, 15</column>
<column name="m_axi_myHeap_AWUSER">27, 5, 1, 5</column>
<column name="m_axi_myHeap_AWVALID">27, 5, 1, 5</column>
<column name="m_axi_myHeap_BREADY">27, 5, 1, 5</column>
<column name="m_axi_myHeap_RREADY">27, 5, 1, 5</column>
<column name="m_axi_myHeap_WDATA">27, 5, 32, 160</column>
<column name="m_axi_myHeap_WID">27, 5, 1, 5</column>
<column name="m_axi_myHeap_WLAST">27, 5, 1, 5</column>
<column name="m_axi_myHeap_WSTRB">27, 5, 4, 20</column>
<column name="m_axi_myHeap_WUSER">27, 5, 1, 5</column>
<column name="m_axi_myHeap_WVALID">27, 5, 1, 5</column>
<column name="nowPtr_reg_145">9, 2, 29, 58</column>
<column name="phi_ln96_1_reg_169">15, 3, 32, 96</column>
<column name="phi_ln96_reg_154">21, 4, 32, 128</column>
<column name="pointer_assign_fu_76">15, 3, 32, 96</column>
</table>
</item>
<item name = "Register"><table name="" hasTotal="1">
<keys size="5">Name, FF, LUT, Bits, Const Bits</keys>
<column name="ap_CS_fsm">17, 0, 17, 0</column>
<column name="ap_return_0_preg">32, 0, 32, 0</column>
<column name="ap_return_1_preg">32, 0, 32, 0</column>
<column name="flag_stackIsUsed_0_fu_80">1, 0, 2, 1</column>
<column name="grp_InsertSub_fu_184_ap_start_reg">1, 0, 1, 0</column>
<column name="grp_ProcessNodeInsertion_fu_194_ap_start_reg">1, 0, 1, 0</column>
<column name="grp_node_get_left_pointe_fu_218_ap_start_reg">1, 0, 1, 0</column>
<column name="grp_node_get_right_point_fu_203_ap_start_reg">1, 0, 1, 0</column>
<column name="grp_node_set_left_fu_225_ap_start_reg">1, 0, 1, 0</column>
<column name="grp_node_set_right_fu_210_ap_start_reg">1, 0, 1, 0</column>
<column name="hdStack_assign_fu_72">32, 0, 32, 0</column>
<column name="icmp_ln33_reg_519">1, 0, 1, 0</column>
<column name="icmp_ln46_reg_528">1, 0, 1, 0</column>
<column name="icmp_ln53_reg_553">1, 0, 1, 0</column>
<column name="icmp_ln58_reg_557">1, 0, 1, 0</column>
<column name="icmp_ln63_reg_589">1, 0, 1, 0</column>
<column name="icmp_ln84_reg_515">1, 0, 1, 0</column>
<column name="nowPtr_reg_145">29, 0, 29, 0</column>
<column name="output_pointer_1_reg_572">29, 0, 29, 0</column>
<column name="output_pointer_reg_537">29, 0, 29, 0</column>
<column name="phi_ln96_1_reg_169">32, 0, 32, 0</column>
<column name="phi_ln96_reg_154">32, 0, 32, 0</column>
<column name="pointer_assign_fu_76">32, 0, 32, 0</column>
<column name="reg_265">32, 0, 32, 0</column>
<column name="reg_272">32, 0, 32, 0</column>
<column name="reg_276">32, 0, 32, 0</column>
<column name="reg_289">32, 0, 32, 0</column>
<column name="subResult_pointer_reg_502">32, 0, 32, 0</column>
<column name="tmp_14_reg_549">1, 0, 1, 0</column>
<column name="tmp_15_reg_593">1, 0, 1, 0</column>
<column name="trunc_ln64_reg_584">31, 0, 31, 0</column>
<column name="zext_ln58_reg_561">29, 0, 32, 3</column>
<column name="zext_ln63_1_reg_577">29, 0, 32, 3</column>
<column name="zext_ln63_reg_542">29, 0, 32, 3</column>
</table>
</item>
</section>
</item>
</section>

<section name = "Interface" level="0">
<item name = "Summary"><table name="" hasTotal="0">
<keys size="6">RTL Ports, Dir, Bits, Protocol, Source Object, C Type</keys>
<column name="ap_clk">in, 1, ap_ctrl_hs, Insert, return value</column>
<column name="ap_rst">in, 1, ap_ctrl_hs, Insert, return value</column>
<column name="ap_start">in, 1, ap_ctrl_hs, Insert, return value</column>
<column name="ap_done">out, 1, ap_ctrl_hs, Insert, return value</column>
<column name="ap_idle">out, 1, ap_ctrl_hs, Insert, return value</column>
<column name="ap_ready">out, 1, ap_ctrl_hs, Insert, return value</column>
<column name="ap_return_0">out, 32, ap_ctrl_hs, Insert, return value</column>
<column name="ap_return_1">out, 32, ap_ctrl_hs, Insert, return value</column>
<column name="p_read">in, 32, ap_none, p_read, scalar</column>
<column name="p_read1">in, 32, ap_none, p_read1, scalar</column>
<column name="m_axi_myHeap_AWVALID">out, 1, m_axi, myHeap, pointer</column>
<column name="m_axi_myHeap_AWREADY">in, 1, m_axi, myHeap, pointer</column>
<column name="m_axi_myHeap_AWADDR">out, 32, m_axi, myHeap, pointer</column>
<column name="m_axi_myHeap_AWID">out, 1, m_axi, myHeap, pointer</column>
<column name="m_axi_myHeap_AWLEN">out, 32, m_axi, myHeap, pointer</column>
<column name="m_axi_myHeap_AWSIZE">out, 3, m_axi, myHeap, pointer</column>
<column name="m_axi_myHeap_AWBURST">out, 2, m_axi, myHeap, pointer</column>
<column name="m_axi_myHeap_AWLOCK">out, 2, m_axi, myHeap, pointer</column>
<column name="m_axi_myHeap_AWCACHE">out, 4, m_axi, myHeap, pointer</column>
<column name="m_axi_myHeap_AWPROT">out, 3, m_axi, myHeap, pointer</column>
<column name="m_axi_myHeap_AWQOS">out, 4, m_axi, myHeap, pointer</column>
<column name="m_axi_myHeap_AWREGION">out, 4, m_axi, myHeap, pointer</column>
<column name="m_axi_myHeap_AWUSER">out, 1, m_axi, myHeap, pointer</column>
<column name="m_axi_myHeap_WVALID">out, 1, m_axi, myHeap, pointer</column>
<column name="m_axi_myHeap_WREADY">in, 1, m_axi, myHeap, pointer</column>
<column name="m_axi_myHeap_WDATA">out, 32, m_axi, myHeap, pointer</column>
<column name="m_axi_myHeap_WSTRB">out, 4, m_axi, myHeap, pointer</column>
<column name="m_axi_myHeap_WLAST">out, 1, m_axi, myHeap, pointer</column>
<column name="m_axi_myHeap_WID">out, 1, m_axi, myHeap, pointer</column>
<column name="m_axi_myHeap_WUSER">out, 1, m_axi, myHeap, pointer</column>
<column name="m_axi_myHeap_ARVALID">out, 1, m_axi, myHeap, pointer</column>
<column name="m_axi_myHeap_ARREADY">in, 1, m_axi, myHeap, pointer</column>
<column name="m_axi_myHeap_ARADDR">out, 32, m_axi, myHeap, pointer</column>
<column name="m_axi_myHeap_ARID">out, 1, m_axi, myHeap, pointer</column>
<column name="m_axi_myHeap_ARLEN">out, 32, m_axi, myHeap, pointer</column>
<column name="m_axi_myHeap_ARSIZE">out, 3, m_axi, myHeap, pointer</column>
<column name="m_axi_myHeap_ARBURST">out, 2, m_axi, myHeap, pointer</column>
<column name="m_axi_myHeap_ARLOCK">out, 2, m_axi, myHeap, pointer</column>
<column name="m_axi_myHeap_ARCACHE">out, 4, m_axi, myHeap, pointer</column>
<column name="m_axi_myHeap_ARPROT">out, 3, m_axi, myHeap, pointer</column>
<column name="m_axi_myHeap_ARQOS">out, 4, m_axi, myHeap, pointer</column>
<column name="m_axi_myHeap_ARREGION">out, 4, m_axi, myHeap, pointer</column>
<column name="m_axi_myHeap_ARUSER">out, 1, m_axi, myHeap, pointer</column>
<column name="m_axi_myHeap_RVALID">in, 1, m_axi, myHeap, pointer</column>
<column name="m_axi_myHeap_RREADY">out, 1, m_axi, myHeap, pointer</column>
<column name="m_axi_myHeap_RDATA">in, 32, m_axi, myHeap, pointer</column>
<column name="m_axi_myHeap_RLAST">in, 1, m_axi, myHeap, pointer</column>
<column name="m_axi_myHeap_RID">in, 1, m_axi, myHeap, pointer</column>
<column name="m_axi_myHeap_RUSER">in, 1, m_axi, myHeap, pointer</column>
<column name="m_axi_myHeap_RRESP">in, 2, m_axi, myHeap, pointer</column>
<column name="m_axi_myHeap_BVALID">in, 1, m_axi, myHeap, pointer</column>
<column name="m_axi_myHeap_BREADY">out, 1, m_axi, myHeap, pointer</column>
<column name="m_axi_myHeap_BRESP">in, 2, m_axi, myHeap, pointer</column>
<column name="m_axi_myHeap_BID">in, 1, m_axi, myHeap, pointer</column>
<column name="m_axi_myHeap_BUSER">in, 1, m_axi, myHeap, pointer</column>
<column name="m_axi_Master2SysAlloc_AWVALID">out, 1, m_axi, Master2SysAlloc, pointer</column>
<column name="m_axi_Master2SysAlloc_AWREADY">in, 1, m_axi, Master2SysAlloc, pointer</column>
<column name="m_axi_Master2SysAlloc_AWADDR">out, 32, m_axi, Master2SysAlloc, pointer</column>
<column name="m_axi_Master2SysAlloc_AWID">out, 1, m_axi, Master2SysAlloc, pointer</column>
<column name="m_axi_Master2SysAlloc_AWLEN">out, 32, m_axi, Master2SysAlloc, pointer</column>
<column name="m_axi_Master2SysAlloc_AWSIZE">out, 3, m_axi, Master2SysAlloc, pointer</column>
<column name="m_axi_Master2SysAlloc_AWBURST">out, 2, m_axi, Master2SysAlloc, pointer</column>
<column name="m_axi_Master2SysAlloc_AWLOCK">out, 2, m_axi, Master2SysAlloc, pointer</column>
<column name="m_axi_Master2SysAlloc_AWCACHE">out, 4, m_axi, Master2SysAlloc, pointer</column>
<column name="m_axi_Master2SysAlloc_AWPROT">out, 3, m_axi, Master2SysAlloc, pointer</column>
<column name="m_axi_Master2SysAlloc_AWQOS">out, 4, m_axi, Master2SysAlloc, pointer</column>
<column name="m_axi_Master2SysAlloc_AWREGION">out, 4, m_axi, Master2SysAlloc, pointer</column>
<column name="m_axi_Master2SysAlloc_AWUSER">out, 1, m_axi, Master2SysAlloc, pointer</column>
<column name="m_axi_Master2SysAlloc_WVALID">out, 1, m_axi, Master2SysAlloc, pointer</column>
<column name="m_axi_Master2SysAlloc_WREADY">in, 1, m_axi, Master2SysAlloc, pointer</column>
<column name="m_axi_Master2SysAlloc_WDATA">out, 32, m_axi, Master2SysAlloc, pointer</column>
<column name="m_axi_Master2SysAlloc_WSTRB">out, 4, m_axi, Master2SysAlloc, pointer</column>
<column name="m_axi_Master2SysAlloc_WLAST">out, 1, m_axi, Master2SysAlloc, pointer</column>
<column name="m_axi_Master2SysAlloc_WID">out, 1, m_axi, Master2SysAlloc, pointer</column>
<column name="m_axi_Master2SysAlloc_WUSER">out, 1, m_axi, Master2SysAlloc, pointer</column>
<column name="m_axi_Master2SysAlloc_ARVALID">out, 1, m_axi, Master2SysAlloc, pointer</column>
<column name="m_axi_Master2SysAlloc_ARREADY">in, 1, m_axi, Master2SysAlloc, pointer</column>
<column name="m_axi_Master2SysAlloc_ARADDR">out, 32, m_axi, Master2SysAlloc, pointer</column>
<column name="m_axi_Master2SysAlloc_ARID">out, 1, m_axi, Master2SysAlloc, pointer</column>
<column name="m_axi_Master2SysAlloc_ARLEN">out, 32, m_axi, Master2SysAlloc, pointer</column>
<column name="m_axi_Master2SysAlloc_ARSIZE">out, 3, m_axi, Master2SysAlloc, pointer</column>
<column name="m_axi_Master2SysAlloc_ARBURST">out, 2, m_axi, Master2SysAlloc, pointer</column>
<column name="m_axi_Master2SysAlloc_ARLOCK">out, 2, m_axi, Master2SysAlloc, pointer</column>
<column name="m_axi_Master2SysAlloc_ARCACHE">out, 4, m_axi, Master2SysAlloc, pointer</column>
<column name="m_axi_Master2SysAlloc_ARPROT">out, 3, m_axi, Master2SysAlloc, pointer</column>
<column name="m_axi_Master2SysAlloc_ARQOS">out, 4, m_axi, Master2SysAlloc, pointer</column>
<column name="m_axi_Master2SysAlloc_ARREGION">out, 4, m_axi, Master2SysAlloc, pointer</column>
<column name="m_axi_Master2SysAlloc_ARUSER">out, 1, m_axi, Master2SysAlloc, pointer</column>
<column name="m_axi_Master2SysAlloc_RVALID">in, 1, m_axi, Master2SysAlloc, pointer</column>
<column name="m_axi_Master2SysAlloc_RREADY">out, 1, m_axi, Master2SysAlloc, pointer</column>
<column name="m_axi_Master2SysAlloc_RDATA">in, 32, m_axi, Master2SysAlloc, pointer</column>
<column name="m_axi_Master2SysAlloc_RLAST">in, 1, m_axi, Master2SysAlloc, pointer</column>
<column name="m_axi_Master2SysAlloc_RID">in, 1, m_axi, Master2SysAlloc, pointer</column>
<column name="m_axi_Master2SysAlloc_RUSER">in, 1, m_axi, Master2SysAlloc, pointer</column>
<column name="m_axi_Master2SysAlloc_RRESP">in, 2, m_axi, Master2SysAlloc, pointer</column>
<column name="m_axi_Master2SysAlloc_BVALID">in, 1, m_axi, Master2SysAlloc, pointer</column>
<column name="m_axi_Master2SysAlloc_BREADY">out, 1, m_axi, Master2SysAlloc, pointer</column>
<column name="m_axi_Master2SysAlloc_BRESP">in, 2, m_axi, Master2SysAlloc, pointer</column>
<column name="m_axi_Master2SysAlloc_BID">in, 1, m_axi, Master2SysAlloc, pointer</column>
<column name="m_axi_Master2SysAlloc_BUSER">in, 1, m_axi, Master2SysAlloc, pointer</column>
<column name="fixedStack_address0">out, 6, ap_memory, fixedStack, array</column>
<column name="fixedStack_ce0">out, 1, ap_memory, fixedStack, array</column>
<column name="fixedStack_we0">out, 1, ap_memory, fixedStack, array</column>
<column name="fixedStack_d0">out, 32, ap_memory, fixedStack, array</column>
<column name="fixedStack_q0">in, 32, ap_memory, fixedStack, array</column>
<column name="treePtr">in, 32, ap_none, treePtr, scalar</column>
<column name="data">in, 32, ap_none, data, scalar</column>
</table>
</item>
</section>
</profile>
