<stg><name>InsertSub</name>


<trans_list>

<trans id="42" from="1" to="2">
<condition id="-1">
<or_exp><and_exp><literal name="icmp_ln101" val="0"/>
</and_exp></or_exp>
</condition>
</trans>

<trans id="43" from="1" to="6">
<condition id="-1">
<or_exp><and_exp><literal name="icmp_ln101" val="1"/>
</and_exp></or_exp>
</condition>
</trans>

<trans id="45" from="2" to="3">
<condition id="-1">
<or_exp><and_exp></and_exp></or_exp>
</condition>
</trans>

<trans id="46" from="3" to="4">
<condition id="-1">
<or_exp><and_exp><literal name="icmp_ln108" val="0"/>
</and_exp></or_exp>
</condition>
</trans>

<trans id="47" from="3" to="5">
<condition id="-1">
<or_exp><and_exp><literal name="icmp_ln108" val="1"/>
</and_exp></or_exp>
</condition>
</trans>

<trans id="48" from="4" to="5">
<condition id="-1">
<or_exp><and_exp></and_exp></or_exp>
</condition>
</trans>

<trans id="50" from="6" to="7">
<condition id="-1">
<or_exp><and_exp></and_exp></or_exp>
</condition>
</trans>

<trans id="51" from="7" to="8">
<condition id="-1">
<or_exp><and_exp></and_exp></or_exp>
</condition>
</trans>

<trans id="52" from="8" to="5">
<condition id="-1">
<or_exp><and_exp></and_exp></or_exp>
</condition>
</trans>
</trans_list>



<state_list>

<state id="1" st_id="1">

<operation id="9" st_id="1" stage="1" lat="1">
<core>NULL</core>
<MemPortIdVec></MemPortIdVec>
<condition id="-1">
<or_exp><and_exp></and_exp></or_exp>
</condition>

<Node id="5" bw="0" op_0_bw="0" op_1_bw="32" op_2_bw="0" op_3_bw="32" op_4_bw="32" op_5_bw="0" op_6_bw="32" op_7_bw="32" op_8_bw="0" op_9_bw="0" op_10_bw="0" op_11_bw="32" op_12_bw="32" op_13_bw="32" op_14_bw="32" op_15_bw="0" op_16_bw="0">
<![CDATA[
:0  call void (...)* @_ssdm_op_SpecInterface(i32* %myHeap, [6 x i8]* @p_str3, i32 0, i32 0, [1 x i8]* @p_str1, i32 0, i32 1, [1 x i8]* @p_str1, [4 x i8]* @p_str4, [1 x i8]* @p_str1, i32 16, i32 16, i32 16, i32 16, [1 x i8]* @p_str1, [1 x i8]* @p_str1) nounwind

]]></Node>
<StgValue><ssdm name="specinterface_ln0"/></StgValue>
</operation>

<operation id="10" st_id="1" stage="1" lat="1">
<core>NULL</core>
<MemPortIdVec></MemPortIdVec>
<condition id="-1">
<or_exp><and_exp></and_exp></or_exp>
</condition>

<Node id="6" bw="0" op_0_bw="0" op_1_bw="32" op_2_bw="0" op_3_bw="32" op_4_bw="32" op_5_bw="0" op_6_bw="32" op_7_bw="32" op_8_bw="0" op_9_bw="0" op_10_bw="0" op_11_bw="32" op_12_bw="32" op_13_bw="32" op_14_bw="32" op_15_bw="0" op_16_bw="0">
<![CDATA[
:1  call void (...)* @_ssdm_op_SpecInterface(i32* %Master2SysAlloc, [6 x i8]* @p_str3, i32 0, i32 0, [1 x i8]* @p_str1, i32 0, i32 1, [1 x i8]* @p_str1, [4 x i8]* @p_str4, [1 x i8]* @p_str1, i32 16, i32 16, i32 16, i32 16, [1 x i8]* @p_str1, [1 x i8]* @p_str1) nounwind

]]></Node>
<StgValue><ssdm name="specinterface_ln0"/></StgValue>
</operation>

<operation id="11" st_id="1" stage="1" lat="1">
<core>NULL</core>
<MemPortIdVec></MemPortIdVec>
<condition id="-1">
<or_exp><and_exp></and_exp></or_exp>
</condition>

<Node id="7" bw="32" op_0_bw="32" op_1_bw="32">
<![CDATA[
:2  %data_read = call i32 @_ssdm_op_Read.ap_auto.i32(i32 %data)

]]></Node>
<StgValue><ssdm name="data_read"/></StgValue>
</operation>

<operation id="12" st_id="1" stage="1" lat="1">
<core>NULL</core>
<MemPortIdVec></MemPortIdVec>
<condition id="-1">
<or_exp><and_exp></and_exp></or_exp>
</condition>

<Node id="8" bw="32" op_0_bw="32" op_1_bw="32">
<![CDATA[
:3  %treePtr_read = call i32 @_ssdm_op_Read.ap_auto.i32(i32 %treePtr)

]]></Node>
<StgValue><ssdm name="treePtr_read"/></StgValue>
</operation>

<operation id="13" st_id="1" stage="1" lat="1">
<core>NULL</core>
<MemPortIdVec></MemPortIdVec>
<condition id="-1">
<or_exp><and_exp></and_exp></or_exp>
</condition>

<Node id="9" bw="32" op_0_bw="64">
<![CDATA[
:4  %nodeData = alloca i32, align 4

]]></Node>
<StgValue><ssdm name="nodeData"/></StgValue>
</operation>

<operation id="14" st_id="1" stage="1" lat="1">
<core>Cmp</core>
<MemPortIdVec></MemPortIdVec>
<condition id="-1">
<or_exp><and_exp></and_exp></or_exp>
</condition>

<Node id="10" bw="1" op_0_bw="32" op_1_bw="32">
<![CDATA[
:5  %icmp_ln101 = icmp eq i32 %treePtr_read, 0

]]></Node>
<StgValue><ssdm name="icmp_ln101"/></StgValue>
</operation>

<operation id="15" st_id="1" stage="1" lat="1">
<core>NULL</core>
<MemPortIdVec></MemPortIdVec>
<condition id="-1">
<or_exp><and_exp></and_exp></or_exp>
</condition>

<Node id="11" bw="0" op_0_bw="1" op_1_bw="0" op_2_bw="0">
<![CDATA[
:6  br i1 %icmp_ln101, label %1, label %2

]]></Node>
<StgValue><ssdm name="br_ln101"/></StgValue>
</operation>

<operation id="16" st_id="1" stage="2" lat="2">
<core></core>
<MemPortIdVec></MemPortIdVec>
<condition id="-1">
<or_exp><and_exp><literal name="icmp_ln101" val="0"/>
</and_exp></or_exp>
</condition>

<Node id="13" bw="32" op_0_bw="32" op_1_bw="32" op_2_bw="32">
<![CDATA[
:0  %nodeData_1 = call fastcc i32 @node_read_data(i32* %myHeap, i32 %treePtr_read)

]]></Node>
<StgValue><ssdm name="nodeData_1"/></StgValue>
</operation>

<operation id="17" st_id="1" stage="2" lat="2">
<core></core>
<MemPortIdVec></MemPortIdVec>
<condition id="-1">
<or_exp><and_exp><literal name="icmp_ln101" val="1"/>
</and_exp></or_exp>
</condition>

<Node id="27" bw="32" op_0_bw="32" op_1_bw="32" op_2_bw="32" op_3_bw="32">
<![CDATA[
:0  %tempPtr = call fastcc i32 @node_alloc_new(i32* %myHeap, i32* %Master2SysAlloc, i32 %data_read)

]]></Node>
<StgValue><ssdm name="tempPtr"/></StgValue>
</operation>
</state>

<state id="2" st_id="2">

<operation id="18" st_id="2" stage="1" lat="2">
<core></core>
<MemPortIdVec></MemPortIdVec>
<condition id="-1">
<or_exp><and_exp></and_exp></or_exp>
</condition>

<Node id="13" bw="32" op_0_bw="32" op_1_bw="32" op_2_bw="32">
<![CDATA[
:0  %nodeData_1 = call fastcc i32 @node_read_data(i32* %myHeap, i32 %treePtr_read)

]]></Node>
<StgValue><ssdm name="nodeData_1"/></StgValue>
</operation>

<operation id="19" st_id="2" stage="1" lat="1">
<core>NULL</core>
<MemPortIdVec></MemPortIdVec>
<condition id="-1">
<or_exp><and_exp></and_exp></or_exp>
</condition>

<Node id="14" bw="0" op_0_bw="32" op_1_bw="32">
<![CDATA[
:1  store volatile i32 %nodeData_1, i32* %nodeData, align 4

]]></Node>
<StgValue><ssdm name="store_ln107"/></StgValue>
</operation>
</state>

<state id="3" st_id="3">

<operation id="20" st_id="3" stage="1" lat="1">
<core>NULL</core>
<MemPortIdVec></MemPortIdVec>
<condition id="-1">
<or_exp><and_exp></and_exp></or_exp>
</condition>

<Node id="15" bw="32" op_0_bw="32" op_1_bw="0">
<![CDATA[
:2  %nodeData_load = load volatile i32* %nodeData, align 4

]]></Node>
<StgValue><ssdm name="nodeData_load"/></StgValue>
</operation>

<operation id="21" st_id="3" stage="1" lat="1">
<core>Cmp</core>
<MemPortIdVec></MemPortIdVec>
<condition id="-1">
<or_exp><and_exp></and_exp></or_exp>
</condition>

<Node id="16" bw="1" op_0_bw="32" op_1_bw="32">
<![CDATA[
:3  %icmp_ln108 = icmp sgt i32 %nodeData_load, %data_read

]]></Node>
<StgValue><ssdm name="icmp_ln108"/></StgValue>
</operation>

<operation id="22" st_id="3" stage="1" lat="1">
<core>NULL</core>
<MemPortIdVec></MemPortIdVec>
<condition id="-1">
<or_exp><and_exp></and_exp></or_exp>
</condition>

<Node id="17" bw="0" op_0_bw="1" op_1_bw="0" op_2_bw="0">
<![CDATA[
:4  br i1 %icmp_ln108, label %._crit_edge, label %3

]]></Node>
<StgValue><ssdm name="br_ln108"/></StgValue>
</operation>
</state>

<state id="4" st_id="4">

<operation id="23" st_id="4" stage="1" lat="1">
<core>NULL</core>
<MemPortIdVec></MemPortIdVec>
<condition id="-1">
<or_exp><and_exp></and_exp></or_exp>
</condition>

<Node id="19" bw="32" op_0_bw="32" op_1_bw="0" op_2_bw="32">
<![CDATA[
:0  %nodeData_load_1 = load volatile i32* %nodeData, align 4

]]></Node>
<StgValue><ssdm name="nodeData_load_1"/></StgValue>
</operation>

<operation id="24" st_id="4" stage="1" lat="1">
<core>Cmp</core>
<MemPortIdVec></MemPortIdVec>
<condition id="-1">
<or_exp><and_exp></and_exp></or_exp>
</condition>

<Node id="20" bw="1" op_0_bw="32" op_1_bw="32">
<![CDATA[
:1  %icmp_ln111 = icmp slt i32 %nodeData_load_1, %data_read

]]></Node>
<StgValue><ssdm name="icmp_ln111"/></StgValue>
</operation>

<operation id="25" st_id="4" stage="1" lat="1">
<core>NULL</core>
<MemPortIdVec></MemPortIdVec>
<condition id="-1">
<or_exp><and_exp></and_exp></or_exp>
</condition>

<Node id="21" bw="0" op_0_bw="1" op_1_bw="0" op_2_bw="0">
<![CDATA[
:2  br i1 %icmp_ln111, label %._crit_edge, label %4

]]></Node>
<StgValue><ssdm name="br_ln111"/></StgValue>
</operation>
</state>

<state id="5" st_id="5">

<operation id="26" st_id="5" stage="1" lat="1">
<core>NULL</core>
<MemPortIdVec></MemPortIdVec>
<condition id="-1">
<or_exp><and_exp><literal name="icmp_ln101" val="0"/>
<literal name="icmp_ln108" val="0"/>
<literal name="icmp_ln111" val="0"/>
</and_exp></or_exp>
</condition>

<Node id="23" bw="32" op_0_bw="32" op_1_bw="0" op_2_bw="32" op_3_bw="32">
<![CDATA[
:0  %nodeData_load_2 = load volatile i32* %nodeData, align 4

]]></Node>
<StgValue><ssdm name="nodeData_load_2"/></StgValue>
</operation>

<operation id="27" st_id="5" stage="1" lat="1">
<core>Cmp</core>
<MemPortIdVec></MemPortIdVec>
<condition id="-1">
<or_exp><and_exp><literal name="icmp_ln101" val="0"/>
<literal name="icmp_ln108" val="0"/>
<literal name="icmp_ln111" val="0"/>
</and_exp></or_exp>
</condition>

<Node id="24" bw="1" op_0_bw="32" op_1_bw="32">
<![CDATA[
:1  %icmp_ln114 = icmp eq i32 %nodeData_load_2, %data_read

]]></Node>
<StgValue><ssdm name="icmp_ln114"/></StgValue>
</operation>

<operation id="28" st_id="5" stage="1" lat="1">
<core>NULL</core>
<MemPortIdVec></MemPortIdVec>
<condition id="-1">
<or_exp><and_exp><literal name="icmp_ln101" val="0"/>
<literal name="icmp_ln108" val="0"/>
<literal name="icmp_ln111" val="0"/>
</and_exp></or_exp>
</condition>

<Node id="25" bw="0" op_0_bw="0">
<![CDATA[
:2  br label %._crit_edge

]]></Node>
<StgValue><ssdm name="br_ln0"/></StgValue>
</operation>

<operation id="29" st_id="5" stage="1" lat="1">
<core>NULL</core>
<MemPortIdVec></MemPortIdVec>
<condition id="-1">
<or_exp><and_exp></and_exp></or_exp>
</condition>

<Node id="31" bw="1" op_0_bw="1" op_1_bw="0" op_2_bw="1" op_3_bw="0" op_4_bw="1" op_5_bw="0" op_6_bw="1" op_7_bw="0">
<![CDATA[
._crit_edge:0  %agg_result_flag_same = phi i1 [ false, %1 ], [ %icmp_ln114, %4 ], [ false, %2 ], [ false, %3 ]

]]></Node>
<StgValue><ssdm name="agg_result_flag_same"/></StgValue>
</operation>

<operation id="30" st_id="5" stage="1" lat="1">
<core>NULL</core>
<MemPortIdVec></MemPortIdVec>
<condition id="-1">
<or_exp><and_exp></and_exp></or_exp>
</condition>

<Node id="32" bw="32" op_0_bw="32" op_1_bw="0" op_2_bw="32" op_3_bw="0" op_4_bw="32" op_5_bw="0" op_6_bw="32" op_7_bw="0">
<![CDATA[
._crit_edge:1  %agg_result_pointer_w = phi i32 [ %output_pointer, %1 ], [ %treePtr_read, %4 ], [ %treePtr_read, %2 ], [ %treePtr_read, %3 ]

]]></Node>
<StgValue><ssdm name="agg_result_pointer_w"/></StgValue>
</operation>

<operation id="31" st_id="5" stage="1" lat="1">
<core>NULL</core>
<MemPortIdVec></MemPortIdVec>
<condition id="-1">
<or_exp><and_exp></and_exp></or_exp>
</condition>

<Node id="33" bw="2" op_0_bw="2" op_1_bw="0" op_2_bw="2" op_3_bw="0" op_4_bw="2" op_5_bw="0" op_6_bw="2" op_7_bw="0">
<![CDATA[
._crit_edge:2  %agg_result_feedback_s = phi i2 [ 1, %1 ], [ 1, %4 ], [ -2, %2 ], [ -1, %3 ]

]]></Node>
<StgValue><ssdm name="agg_result_feedback_s"/></StgValue>
</operation>

<operation id="32" st_id="5" stage="1" lat="1">
<core>NULL</core>
<MemPortIdVec></MemPortIdVec>
<condition id="-1">
<or_exp><and_exp></and_exp></or_exp>
</condition>

<Node id="34" bw="32" op_0_bw="1">
<![CDATA[
._crit_edge:3  %agg_result_flag_same_1 = zext i1 %agg_result_flag_same to i32

]]></Node>
<StgValue><ssdm name="agg_result_flag_same_1"/></StgValue>
</operation>

<operation id="33" st_id="5" stage="1" lat="1">
<core>NULL</core>
<MemPortIdVec></MemPortIdVec>
<condition id="-1">
<or_exp><and_exp></and_exp></or_exp>
</condition>

<Node id="35" bw="32" op_0_bw="2">
<![CDATA[
._crit_edge:4  %agg_result_feedback_1 = zext i2 %agg_result_feedback_s to i32

]]></Node>
<StgValue><ssdm name="agg_result_feedback_1"/></StgValue>
</operation>

<operation id="34" st_id="5" stage="1" lat="1">
<core>NULL</core>
<MemPortIdVec></MemPortIdVec>
<condition id="-1">
<or_exp><and_exp></and_exp></or_exp>
</condition>

<Node id="36" bw="96" op_0_bw="96" op_1_bw="32">
<![CDATA[
._crit_edge:5  %mrv = insertvalue { i32, i32, i32 } undef, i32 %agg_result_feedback_1, 0

]]></Node>
<StgValue><ssdm name="mrv"/></StgValue>
</operation>

<operation id="35" st_id="5" stage="1" lat="1">
<core>NULL</core>
<MemPortIdVec></MemPortIdVec>
<condition id="-1">
<or_exp><and_exp></and_exp></or_exp>
</condition>

<Node id="37" bw="96" op_0_bw="96" op_1_bw="32">
<![CDATA[
._crit_edge:6  %mrv_1 = insertvalue { i32, i32, i32 } %mrv, i32 %agg_result_pointer_w, 1

]]></Node>
<StgValue><ssdm name="mrv_1"/></StgValue>
</operation>

<operation id="36" st_id="5" stage="1" lat="1">
<core>NULL</core>
<MemPortIdVec></MemPortIdVec>
<condition id="-1">
<or_exp><and_exp></and_exp></or_exp>
</condition>

<Node id="38" bw="96" op_0_bw="96" op_1_bw="32">
<![CDATA[
._crit_edge:7  %mrv_2 = insertvalue { i32, i32, i32 } %mrv_1, i32 %agg_result_flag_same_1, 2

]]></Node>
<StgValue><ssdm name="mrv_2"/></StgValue>
</operation>

<operation id="37" st_id="5" stage="1" lat="1">
<core>NULL</core>
<MemPortIdVec></MemPortIdVec>
<condition id="-1">
<or_exp><and_exp></and_exp></or_exp>
</condition>

<Node id="39" bw="0" op_0_bw="96">
<![CDATA[
._crit_edge:8  ret { i32, i32, i32 } %mrv_2

]]></Node>
<StgValue><ssdm name="ret_ln120"/></StgValue>
</operation>
</state>

<state id="6" st_id="6">

<operation id="38" st_id="6" stage="1" lat="2">
<core></core>
<MemPortIdVec></MemPortIdVec>
<condition id="-1">
<or_exp><and_exp></and_exp></or_exp>
</condition>

<Node id="27" bw="32" op_0_bw="32" op_1_bw="32" op_2_bw="32" op_3_bw="32">
<![CDATA[
:0  %tempPtr = call fastcc i32 @node_alloc_new(i32* %myHeap, i32* %Master2SysAlloc, i32 %data_read)

]]></Node>
<StgValue><ssdm name="tempPtr"/></StgValue>
</operation>
</state>

<state id="7" st_id="7">

<operation id="39" st_id="7" stage="2" lat="2">
<core></core>
<MemPortIdVec></MemPortIdVec>
<condition id="-1">
<or_exp><and_exp></and_exp></or_exp>
</condition>

<Node id="28" bw="32" op_0_bw="32" op_1_bw="32" op_2_bw="32" op_3_bw="32" op_4_bw="32" op_5_bw="32">
<![CDATA[
:1  %output_pointer = call fastcc i32 @ProcessNodeInsertion(i32* %myHeap, i32 %tempPtr, i32 %data_read)

]]></Node>
<StgValue><ssdm name="output_pointer"/></StgValue>
</operation>
</state>

<state id="8" st_id="8">

<operation id="40" st_id="8" stage="1" lat="2">
<core></core>
<MemPortIdVec></MemPortIdVec>
<condition id="-1">
<or_exp><and_exp></and_exp></or_exp>
</condition>

<Node id="28" bw="32" op_0_bw="32" op_1_bw="32" op_2_bw="32" op_3_bw="32" op_4_bw="32" op_5_bw="32">
<![CDATA[
:1  %output_pointer = call fastcc i32 @ProcessNodeInsertion(i32* %myHeap, i32 %tempPtr, i32 %data_read)

]]></Node>
<StgValue><ssdm name="output_pointer"/></StgValue>
</operation>

<operation id="41" st_id="8" stage="1" lat="1">
<core>NULL</core>
<MemPortIdVec></MemPortIdVec>
<condition id="-1">
<or_exp><and_exp></and_exp></or_exp>
</condition>

<Node id="29" bw="0" op_0_bw="0">
<![CDATA[
:2  br label %._crit_edge

]]></Node>
<StgValue><ssdm name="br_ln106"/></StgValue>
</operation>
</state>
</state_list>


<ports>
<port id="53" name="myHeap" dir="2" iftype="4">
<core>NULL</core><StgValue><ssdm name="myHeap"/></StgValue>
</port>
<port id="54" name="Master2SysAlloc" dir="2" iftype="4">
<core>NULL</core><StgValue><ssdm name="Master2SysAlloc"/></StgValue>
</port>
<port id="55" name="treePtr" dir="0" iftype="0">
<core>NULL</core><StgValue><ssdm name="treePtr"/></StgValue>
</port>
<port id="56" name="data" dir="0" iftype="0">
<core>NULL</core><StgValue><ssdm name="data"/></StgValue>
</port>
</ports>


<dataflows>
<dataflow id="58" from="_ssdm_op_SpecInterface" to="specinterface_ln0" fromId="57" toId="9">
</dataflow>
<dataflow id="59" from="myHeap" to="specinterface_ln0" fromId="53" toId="9">
</dataflow>
<dataflow id="61" from="p_str3" to="specinterface_ln0" fromId="60" toId="9">
</dataflow>
<dataflow id="63" from="StgValue_62" to="specinterface_ln0" fromId="62" toId="9">
</dataflow>
<dataflow id="64" from="StgValue_62" to="specinterface_ln0" fromId="62" toId="9">
</dataflow>
<dataflow id="66" from="p_str1" to="specinterface_ln0" fromId="65" toId="9">
</dataflow>
<dataflow id="67" from="StgValue_62" to="specinterface_ln0" fromId="62" toId="9">
</dataflow>
<dataflow id="69" from="StgValue_68" to="specinterface_ln0" fromId="68" toId="9">
</dataflow>
<dataflow id="70" from="p_str1" to="specinterface_ln0" fromId="65" toId="9">
</dataflow>
<dataflow id="72" from="p_str4" to="specinterface_ln0" fromId="71" toId="9">
</dataflow>
<dataflow id="73" from="p_str1" to="specinterface_ln0" fromId="65" toId="9">
</dataflow>
<dataflow id="75" from="StgValue_74" to="specinterface_ln0" fromId="74" toId="9">
</dataflow>
<dataflow id="76" from="StgValue_74" to="specinterface_ln0" fromId="74" toId="9">
</dataflow>
<dataflow id="77" from="StgValue_74" to="specinterface_ln0" fromId="74" toId="9">
</dataflow>
<dataflow id="78" from="StgValue_74" to="specinterface_ln0" fromId="74" toId="9">
</dataflow>
<dataflow id="79" from="p_str1" to="specinterface_ln0" fromId="65" toId="9">
</dataflow>
<dataflow id="80" from="p_str1" to="specinterface_ln0" fromId="65" toId="9">
</dataflow>
<dataflow id="81" from="_ssdm_op_SpecInterface" to="specinterface_ln0" fromId="57" toId="10">
</dataflow>
<dataflow id="82" from="Master2SysAlloc" to="specinterface_ln0" fromId="54" toId="10">
</dataflow>
<dataflow id="83" from="p_str3" to="specinterface_ln0" fromId="60" toId="10">
</dataflow>
<dataflow id="84" from="StgValue_62" to="specinterface_ln0" fromId="62" toId="10">
</dataflow>
<dataflow id="85" from="StgValue_62" to="specinterface_ln0" fromId="62" toId="10">
</dataflow>
<dataflow id="86" from="p_str1" to="specinterface_ln0" fromId="65" toId="10">
</dataflow>
<dataflow id="87" from="StgValue_62" to="specinterface_ln0" fromId="62" toId="10">
</dataflow>
<dataflow id="88" from="StgValue_68" to="specinterface_ln0" fromId="68" toId="10">
</dataflow>
<dataflow id="89" from="p_str1" to="specinterface_ln0" fromId="65" toId="10">
</dataflow>
<dataflow id="90" from="p_str4" to="specinterface_ln0" fromId="71" toId="10">
</dataflow>
<dataflow id="91" from="p_str1" to="specinterface_ln0" fromId="65" toId="10">
</dataflow>
<dataflow id="92" from="StgValue_74" to="specinterface_ln0" fromId="74" toId="10">
</dataflow>
<dataflow id="93" from="StgValue_74" to="specinterface_ln0" fromId="74" toId="10">
</dataflow>
<dataflow id="94" from="StgValue_74" to="specinterface_ln0" fromId="74" toId="10">
</dataflow>
<dataflow id="95" from="StgValue_74" to="specinterface_ln0" fromId="74" toId="10">
</dataflow>
<dataflow id="96" from="p_str1" to="specinterface_ln0" fromId="65" toId="10">
</dataflow>
<dataflow id="97" from="p_str1" to="specinterface_ln0" fromId="65" toId="10">
</dataflow>
<dataflow id="99" from="_ssdm_op_Read.ap_auto.i32" to="data_read" fromId="98" toId="11">
</dataflow>
<dataflow id="100" from="data" to="data_read" fromId="56" toId="11">
</dataflow>
<dataflow id="101" from="_ssdm_op_Read.ap_auto.i32" to="treePtr_read" fromId="98" toId="12">
</dataflow>
<dataflow id="102" from="treePtr" to="treePtr_read" fromId="55" toId="12">
</dataflow>
<dataflow id="104" from="StgValue_103" to="nodeData" fromId="103" toId="13">
</dataflow>
<dataflow id="105" from="treePtr_read" to="icmp_ln101" fromId="12" toId="14">
</dataflow>
<dataflow id="106" from="StgValue_62" to="icmp_ln101" fromId="62" toId="14">
</dataflow>
<dataflow id="107" from="icmp_ln101" to="br_ln101" fromId="14" toId="15">
</dataflow>
<dataflow id="109" from="node_read_data" to="nodeData_1" fromId="108" toId="16">
</dataflow>
<dataflow id="110" from="myHeap" to="nodeData_1" fromId="53" toId="16">
</dataflow>
<dataflow id="111" from="treePtr_read" to="nodeData_1" fromId="12" toId="16">
</dataflow>
<dataflow id="113" from="node_alloc_new" to="tempPtr" fromId="112" toId="17">
</dataflow>
<dataflow id="114" from="myHeap" to="tempPtr" fromId="53" toId="17">
</dataflow>
<dataflow id="115" from="Master2SysAlloc" to="tempPtr" fromId="54" toId="17">
</dataflow>
<dataflow id="116" from="data_read" to="tempPtr" fromId="11" toId="17">
</dataflow>
<dataflow id="117" from="node_read_data" to="nodeData_1" fromId="108" toId="18">
</dataflow>
<dataflow id="118" from="myHeap" to="nodeData_1" fromId="53" toId="18">
</dataflow>
<dataflow id="119" from="treePtr_read" to="nodeData_1" fromId="12" toId="18">
</dataflow>
<dataflow id="120" from="nodeData_1" to="store_ln107" fromId="18" toId="19">
</dataflow>
<dataflow id="121" from="nodeData" to="store_ln107" fromId="13" toId="19">
</dataflow>
<dataflow id="122" from="nodeData" to="nodeData_load" fromId="13" toId="20">
</dataflow>
<dataflow id="123" from="nodeData_load" to="icmp_ln108" fromId="20" toId="21">
</dataflow>
<dataflow id="124" from="data_read" to="icmp_ln108" fromId="11" toId="21">
</dataflow>
<dataflow id="125" from="icmp_ln108" to="br_ln108" fromId="21" toId="22">
</dataflow>
<dataflow id="126" from="nodeData" to="nodeData_load_1" fromId="13" toId="23">
</dataflow>
<dataflow id="127" from="nodeData_load_1" to="icmp_ln111" fromId="23" toId="24">
</dataflow>
<dataflow id="128" from="data_read" to="icmp_ln111" fromId="11" toId="24">
</dataflow>
<dataflow id="129" from="icmp_ln111" to="br_ln111" fromId="24" toId="25">
</dataflow>
<dataflow id="130" from="nodeData" to="nodeData_load_2" fromId="13" toId="26">
</dataflow>
<dataflow id="131" from="nodeData_load_2" to="icmp_ln114" fromId="26" toId="27">
</dataflow>
<dataflow id="132" from="data_read" to="icmp_ln114" fromId="11" toId="27">
</dataflow>
<dataflow id="134" from="StgValue_133" to="agg_result_flag_same" fromId="133" toId="29">
<condition id="-1">
<or_exp><and_exp></and_exp></or_exp>
</condition>
</dataflow>
<dataflow id="135" from="br_ln106" to="agg_result_flag_same" fromId="41" toId="29">
</dataflow>
<dataflow id="136" from="icmp_ln114" to="agg_result_flag_same" fromId="27" toId="29">
<condition id="-1">
<or_exp><and_exp><literal name="icmp_ln101" val="0"/>
<literal name="icmp_ln108" val="0"/>
<literal name="icmp_ln111" val="0"/>
</and_exp></or_exp>
</condition>
</dataflow>
<dataflow id="137" from="br_ln0" to="agg_result_flag_same" fromId="28" toId="29">
</dataflow>
<dataflow id="138" from="StgValue_133" to="agg_result_flag_same" fromId="133" toId="29">
<condition id="-1">
<or_exp><and_exp><literal name="icmp_ln108" val="1"/>
</and_exp></or_exp>
</condition>
</dataflow>
<dataflow id="139" from="br_ln108" to="agg_result_flag_same" fromId="22" toId="29">
</dataflow>
<dataflow id="140" from="StgValue_133" to="agg_result_flag_same" fromId="133" toId="29">
<condition id="-1">
<or_exp><and_exp><literal name="icmp_ln111" val="1"/>
</and_exp></or_exp>
</condition>
</dataflow>
<dataflow id="141" from="br_ln111" to="agg_result_flag_same" fromId="25" toId="29">
</dataflow>
<dataflow id="142" from="output_pointer" to="agg_result_pointer_w" fromId="40" toId="30">
<condition id="-1">
<or_exp><and_exp></and_exp></or_exp>
</condition>
</dataflow>
<dataflow id="143" from="br_ln106" to="agg_result_pointer_w" fromId="41" toId="30">
</dataflow>
<dataflow id="144" from="treePtr_read" to="agg_result_pointer_w" fromId="12" toId="30">
<condition id="-1">
<or_exp><and_exp><literal name="icmp_ln101" val="0"/>
<literal name="icmp_ln108" val="0"/>
<literal name="icmp_ln111" val="0"/>
</and_exp></or_exp>
</condition>
</dataflow>
<dataflow id="145" from="br_ln0" to="agg_result_pointer_w" fromId="28" toId="30">
</dataflow>
<dataflow id="146" from="treePtr_read" to="agg_result_pointer_w" fromId="12" toId="30">
<condition id="-1">
<or_exp><and_exp><literal name="icmp_ln108" val="1"/>
</and_exp></or_exp>
</condition>
</dataflow>
<dataflow id="147" from="br_ln108" to="agg_result_pointer_w" fromId="22" toId="30">
</dataflow>
<dataflow id="148" from="treePtr_read" to="agg_result_pointer_w" fromId="12" toId="30">
<condition id="-1">
<or_exp><and_exp><literal name="icmp_ln111" val="1"/>
</and_exp></or_exp>
</condition>
</dataflow>
<dataflow id="149" from="br_ln111" to="agg_result_pointer_w" fromId="25" toId="30">
</dataflow>
<dataflow id="151" from="StgValue_150" to="agg_result_feedback_s" fromId="150" toId="31">
<condition id="-1">
<or_exp><and_exp></and_exp></or_exp>
</condition>
</dataflow>
<dataflow id="152" from="br_ln106" to="agg_result_feedback_s" fromId="41" toId="31">
</dataflow>
<dataflow id="153" from="StgValue_150" to="agg_result_feedback_s" fromId="150" toId="31">
<condition id="-1">
<or_exp><and_exp><literal name="icmp_ln101" val="0"/>
<literal name="icmp_ln108" val="0"/>
<literal name="icmp_ln111" val="0"/>
</and_exp></or_exp>
</condition>
</dataflow>
<dataflow id="154" from="br_ln0" to="agg_result_feedback_s" fromId="28" toId="31">
</dataflow>
<dataflow id="156" from="StgValue_155" to="agg_result_feedback_s" fromId="155" toId="31">
<condition id="-1">
<or_exp><and_exp><literal name="icmp_ln108" val="1"/>
</and_exp></or_exp>
</condition>
</dataflow>
<dataflow id="157" from="br_ln108" to="agg_result_feedback_s" fromId="22" toId="31">
</dataflow>
<dataflow id="159" from="StgValue_158" to="agg_result_feedback_s" fromId="158" toId="31">
<condition id="-1">
<or_exp><and_exp><literal name="icmp_ln111" val="1"/>
</and_exp></or_exp>
</condition>
</dataflow>
<dataflow id="160" from="br_ln111" to="agg_result_feedback_s" fromId="25" toId="31">
</dataflow>
<dataflow id="161" from="agg_result_flag_same" to="agg_result_flag_same_1" fromId="29" toId="32">
</dataflow>
<dataflow id="162" from="agg_result_feedback_s" to="agg_result_feedback_1" fromId="31" toId="33">
</dataflow>
<dataflow id="164" from="StgValue_163" to="mrv" fromId="163" toId="34">
</dataflow>
<dataflow id="165" from="agg_result_feedback_1" to="mrv" fromId="33" toId="34">
</dataflow>
<dataflow id="166" from="mrv" to="mrv_1" fromId="34" toId="35">
</dataflow>
<dataflow id="167" from="agg_result_pointer_w" to="mrv_1" fromId="30" toId="35">
</dataflow>
<dataflow id="168" from="mrv_1" to="mrv_2" fromId="35" toId="36">
</dataflow>
<dataflow id="169" from="agg_result_flag_same_1" to="mrv_2" fromId="32" toId="36">
</dataflow>
<dataflow id="170" from="mrv_2" to="ret_ln120" fromId="36" toId="37">
</dataflow>
<dataflow id="171" from="node_alloc_new" to="tempPtr" fromId="112" toId="38">
</dataflow>
<dataflow id="172" from="myHeap" to="tempPtr" fromId="53" toId="38">
</dataflow>
<dataflow id="173" from="Master2SysAlloc" to="tempPtr" fromId="54" toId="38">
</dataflow>
<dataflow id="174" from="data_read" to="tempPtr" fromId="11" toId="38">
</dataflow>
<dataflow id="176" from="ProcessNodeInsertion" to="output_pointer" fromId="175" toId="39">
</dataflow>
<dataflow id="177" from="myHeap" to="output_pointer" fromId="53" toId="39">
</dataflow>
<dataflow id="178" from="tempPtr" to="output_pointer" fromId="38" toId="39">
</dataflow>
<dataflow id="179" from="data_read" to="output_pointer" fromId="11" toId="39">
</dataflow>
<dataflow id="180" from="ProcessNodeInsertion" to="output_pointer" fromId="175" toId="40">
</dataflow>
<dataflow id="181" from="myHeap" to="output_pointer" fromId="53" toId="40">
</dataflow>
<dataflow id="182" from="tempPtr" to="output_pointer" fromId="38" toId="40">
</dataflow>
<dataflow id="183" from="data_read" to="output_pointer" fromId="11" toId="40">
</dataflow>
<dataflow id="184" from="icmp_ln101" to="StgValue_1" fromId="14" toId="1">
</dataflow>
<dataflow id="185" from="icmp_ln101" to="StgValue_5" fromId="14" toId="5">
</dataflow>
<dataflow id="186" from="icmp_ln108" to="StgValue_5" fromId="21" toId="5">
</dataflow>
<dataflow id="187" from="icmp_ln111" to="StgValue_5" fromId="24" toId="5">
</dataflow>
<dataflow id="188" from="icmp_ln108" to="StgValue_3" fromId="21" toId="3">
</dataflow>
</dataflows>


</stg>
