<stg><name>Insert</name>


<trans_list>

<trans id="140" from="1" to="2">
<condition id="-1">
<or_exp><and_exp></and_exp></or_exp>
</condition>
</trans>

<trans id="141" from="2" to="3">
<condition id="-1">
<or_exp><and_exp></and_exp></or_exp>
</condition>
</trans>

<trans id="142" from="3" to="4">
<condition id="-1">
<or_exp><and_exp><literal name="icmp_ln30" val="0"/>
<literal name="icmp_ln84" val="0"/>
</and_exp></or_exp>
</condition>
</trans>

<trans id="143" from="3" to="6">
<condition id="-1">
<or_exp><and_exp><literal name="icmp_ln30" val="0"/>
<literal name="icmp_ln84" val="1"/>
</and_exp></or_exp>
</condition>
</trans>

<trans id="149" from="3" to="7">
<condition id="-1">
<or_exp><and_exp><literal name="icmp_ln30" val="1"/>
<literal name="icmp_ln33" val="0"/>
</and_exp></or_exp>
</condition>
</trans>

<trans id="170" from="3" to="15">
<condition id="-1">
<or_exp><and_exp><literal name="icmp_ln30" val="1"/>
<literal name="icmp_ln33" val="1"/>
</and_exp></or_exp>
</condition>
</trans>

<trans id="145" from="4" to="5">
<condition id="-1">
<or_exp><and_exp></and_exp></or_exp>
</condition>
</trans>

<trans id="148" from="5" to="2">
<condition id="-1">
<or_exp><and_exp></and_exp></or_exp>
</condition>
</trans>

<trans id="147" from="6" to="5">
<condition id="-1">
<or_exp><and_exp></and_exp></or_exp>
</condition>
</trans>

<trans id="151" from="7" to="15">
<condition id="-1">
<or_exp><and_exp><literal name="icmp_ln46" val="0"/>
</and_exp></or_exp>
</condition>
</trans>

<trans id="152" from="7" to="8">
<condition id="-1">
<or_exp><and_exp><literal name="icmp_ln46" val="1"/>
</and_exp></or_exp>
</condition>
</trans>

<trans id="155" from="8" to="16">
<condition id="-1">
<or_exp><and_exp><literal name="icmp_ln53" val="1"/>
</and_exp></or_exp>
</condition>
</trans>

<trans id="156" from="8" to="9">
<condition id="-1">
<or_exp><and_exp><literal name="icmp_ln53" val="0"/>
</and_exp></or_exp>
</condition>
</trans>

<trans id="157" from="9" to="10">
<condition id="-1">
<or_exp><and_exp><literal name="icmp_ln58" val="1"/>
</and_exp></or_exp>
</condition>
</trans>

<trans id="167" from="9" to="15">
<condition id="-1">
<or_exp><and_exp><literal name="icmp_ln58" val="0"/>
</and_exp></or_exp>
</condition>
</trans>

<trans id="159" from="10" to="12">
<condition id="-1">
<or_exp><and_exp><literal name="icmp_ln63" val="1"/>
</and_exp></or_exp>
</condition>
</trans>

<trans id="160" from="10" to="11">
<condition id="-1">
<or_exp><and_exp><literal name="icmp_ln63" val="0"/>
<literal name="tmp_15" val="0"/>
</and_exp></or_exp>
</condition>
</trans>

<trans id="161" from="10" to="13">
<condition id="-1">
<or_exp><and_exp><literal name="icmp_ln63" val="0"/>
<literal name="tmp_15" val="1"/>
</and_exp></or_exp>
</condition>
</trans>

<trans id="162" from="11" to="12">
<condition id="-1">
<or_exp><and_exp></and_exp></or_exp>
</condition>
</trans>

<trans id="164" from="12" to="14">
<condition id="-1">
<or_exp><and_exp><literal name="icmp_ln70" val="1"/>
</and_exp></or_exp>
</condition>
</trans>

<trans id="165" from="12" to="9">
<condition id="-1">
<or_exp><and_exp><literal name="icmp_ln70" val="0"/>
</and_exp></or_exp>
</condition>
</trans>

<trans id="163" from="13" to="12">
<condition id="-1">
<or_exp><and_exp></and_exp></or_exp>
</condition>
</trans>

<trans id="166" from="14" to="15">
<condition id="-1">
<or_exp><and_exp></and_exp></or_exp>
</condition>
</trans>

<trans id="168" from="16" to="17">
<condition id="-1">
<or_exp><and_exp></and_exp></or_exp>
</condition>
</trans>

<trans id="169" from="17" to="15">
<condition id="-1">
<or_exp><and_exp></and_exp></or_exp>
</condition>
</trans>
</trans_list>



<state_list>

<state id="1" st_id="1">

<operation id="18" st_id="1" stage="1" lat="1">
<core>NULL</core>
<MemPortIdVec></MemPortIdVec>
<condition id="-1">
<or_exp><and_exp></and_exp></or_exp>
</condition>

<Node id="8" bw="32" op_0_bw="32">
<![CDATA[
flag_loop_begin.critedge:0  %hdStack_assign = alloca i32

]]></Node>
<StgValue><ssdm name="hdStack_assign"/></StgValue>
</operation>

<operation id="19" st_id="1" stage="1" lat="1">
<core>NULL</core>
<MemPortIdVec></MemPortIdVec>
<condition id="-1">
<or_exp><and_exp></and_exp></or_exp>
</condition>

<Node id="9" bw="32" op_0_bw="32">
<![CDATA[
flag_loop_begin.critedge:1  %pointer_assign = alloca i32

]]></Node>
<StgValue><ssdm name="pointer_assign"/></StgValue>
</operation>

<operation id="20" st_id="1" stage="1" lat="1">
<core>NULL</core>
<MemPortIdVec></MemPortIdVec>
<condition id="-1">
<or_exp><and_exp></and_exp></or_exp>
</condition>

<Node id="10" bw="2" op_0_bw="32">
<![CDATA[
flag_loop_begin.critedge:2  %flag_stackIsUsed_0 = alloca i2

]]></Node>
<StgValue><ssdm name="flag_stackIsUsed_0"/></StgValue>
</operation>

<operation id="21" st_id="1" stage="1" lat="1">
<core>NULL</core>
<MemPortIdVec></MemPortIdVec>
<condition id="-1">
<or_exp><and_exp></and_exp></or_exp>
</condition>

<Node id="11" bw="0" op_0_bw="0" op_1_bw="32" op_2_bw="0" op_3_bw="32" op_4_bw="32" op_5_bw="0" op_6_bw="32" op_7_bw="32" op_8_bw="0" op_9_bw="0" op_10_bw="0" op_11_bw="32" op_12_bw="32" op_13_bw="32" op_14_bw="32" op_15_bw="0" op_16_bw="0">
<![CDATA[
flag_loop_begin.critedge:3  call void (...)* @_ssdm_op_SpecInterface(i32* %Master2SysAlloc, [6 x i8]* @p_str3, i32 0, i32 0, [1 x i8]* @p_str1, i32 0, i32 1, [1 x i8]* @p_str1, [4 x i8]* @p_str4, [1 x i8]* @p_str1, i32 16, i32 16, i32 16, i32 16, [1 x i8]* @p_str1, [1 x i8]* @p_str1) nounwind

]]></Node>
<StgValue><ssdm name="specinterface_ln0"/></StgValue>
</operation>

<operation id="22" st_id="1" stage="1" lat="1">
<core>NULL</core>
<MemPortIdVec></MemPortIdVec>
<condition id="-1">
<or_exp><and_exp></and_exp></or_exp>
</condition>

<Node id="12" bw="0" op_0_bw="0" op_1_bw="32" op_2_bw="0" op_3_bw="32" op_4_bw="32" op_5_bw="0" op_6_bw="32" op_7_bw="32" op_8_bw="0" op_9_bw="0" op_10_bw="0" op_11_bw="32" op_12_bw="32" op_13_bw="32" op_14_bw="32" op_15_bw="0" op_16_bw="0">
<![CDATA[
flag_loop_begin.critedge:4  call void (...)* @_ssdm_op_SpecInterface(i32* %myHeap, [6 x i8]* @p_str3, i32 0, i32 0, [1 x i8]* @p_str1, i32 0, i32 1, [1 x i8]* @p_str1, [4 x i8]* @p_str4, [1 x i8]* @p_str1, i32 16, i32 16, i32 16, i32 16, [1 x i8]* @p_str1, [1 x i8]* @p_str1) nounwind

]]></Node>
<StgValue><ssdm name="specinterface_ln0"/></StgValue>
</operation>

<operation id="23" st_id="1" stage="1" lat="1">
<core>NULL</core>
<MemPortIdVec></MemPortIdVec>
<condition id="-1">
<or_exp><and_exp></and_exp></or_exp>
</condition>

<Node id="13" bw="32" op_0_bw="32" op_1_bw="32">
<![CDATA[
flag_loop_begin.critedge:5  %data_read = call i32 @_ssdm_op_Read.ap_auto.i32(i32 %data)

]]></Node>
<StgValue><ssdm name="data_read"/></StgValue>
</operation>

<operation id="24" st_id="1" stage="1" lat="1">
<core>NULL</core>
<MemPortIdVec></MemPortIdVec>
<condition id="-1">
<or_exp><and_exp></and_exp></or_exp>
</condition>

<Node id="14" bw="32" op_0_bw="32" op_1_bw="32">
<![CDATA[
flag_loop_begin.critedge:6  %treePtr_read = call i32 @_ssdm_op_Read.ap_auto.i32(i32 %treePtr)

]]></Node>
<StgValue><ssdm name="treePtr_read"/></StgValue>
</operation>

<operation id="25" st_id="1" stage="1" lat="1">
<core>NULL</core>
<MemPortIdVec></MemPortIdVec>
<condition id="-1">
<or_exp><and_exp></and_exp></or_exp>
</condition>

<Node id="15" bw="32" op_0_bw="32" op_1_bw="32">
<![CDATA[
flag_loop_begin.critedge:7  %p_read_1 = call i32 @_ssdm_op_Read.ap_auto.i32(i32 %p_read1)

]]></Node>
<StgValue><ssdm name="p_read_1"/></StgValue>
</operation>

<operation id="26" st_id="1" stage="1" lat="1">
<core>NULL</core>
<MemPortIdVec></MemPortIdVec>
<condition id="-1">
<or_exp><and_exp></and_exp></or_exp>
</condition>

<Node id="16" bw="32" op_0_bw="32" op_1_bw="32">
<![CDATA[
flag_loop_begin.critedge:8  %p_read_2 = call i32 @_ssdm_op_Read.ap_auto.i32(i32 %p_read)

]]></Node>
<StgValue><ssdm name="p_read_2"/></StgValue>
</operation>

<operation id="27" st_id="1" stage="1" lat="1">
<core>NULL</core>
<MemPortIdVec></MemPortIdVec>
<condition id="-1">
<or_exp><and_exp></and_exp></or_exp>
</condition>

<Node id="17" bw="0" op_0_bw="2" op_1_bw="2">
<![CDATA[
flag_loop_begin.critedge:9  store i2 0, i2* %flag_stackIsUsed_0

]]></Node>
<StgValue><ssdm name="store_ln28"/></StgValue>
</operation>

<operation id="28" st_id="1" stage="1" lat="1">
<core>NULL</core>
<MemPortIdVec></MemPortIdVec>
<condition id="-1">
<or_exp><and_exp></and_exp></or_exp>
</condition>

<Node id="18" bw="0" op_0_bw="32" op_1_bw="32">
<![CDATA[
flag_loop_begin.critedge:10  store i32 %treePtr_read, i32* %pointer_assign

]]></Node>
<StgValue><ssdm name="store_ln28"/></StgValue>
</operation>

<operation id="29" st_id="1" stage="1" lat="1">
<core>NULL</core>
<MemPortIdVec></MemPortIdVec>
<condition id="-1">
<or_exp><and_exp></and_exp></or_exp>
</condition>

<Node id="19" bw="0" op_0_bw="32" op_1_bw="32">
<![CDATA[
flag_loop_begin.critedge:11  store i32 0, i32* %hdStack_assign

]]></Node>
<StgValue><ssdm name="store_ln28"/></StgValue>
</operation>

<operation id="30" st_id="1" stage="1" lat="1">
<core>NULL</core>
<MemPortIdVec></MemPortIdVec>
<condition id="-1">
<or_exp><and_exp></and_exp></or_exp>
</condition>

<Node id="20" bw="0" op_0_bw="0">
<![CDATA[
flag_loop_begin.critedge:12  br label %flag_loop_begin

]]></Node>
<StgValue><ssdm name="br_ln0"/></StgValue>
</operation>
</state>

<state id="2" st_id="2">

<operation id="31" st_id="2" stage="1" lat="1">
<core>NULL</core>
<MemPortIdVec></MemPortIdVec>
<condition id="-1">
<or_exp><and_exp></and_exp></or_exp>
</condition>

<Node id="22" bw="32" op_0_bw="32" op_1_bw="0">
<![CDATA[
flag_loop_begin:0  %pointer_assign_load = load i32* %pointer_assign

]]></Node>
<StgValue><ssdm name="pointer_assign_load"/></StgValue>
</operation>

<operation id="32" st_id="2" stage="2" lat="2">
<core></core>
<MemPortIdVec></MemPortIdVec>
<condition id="-1">
<or_exp><and_exp></and_exp></or_exp>
</condition>

<Node id="25" bw="96" op_0_bw="96" op_1_bw="32" op_2_bw="32" op_3_bw="32" op_4_bw="32">
<![CDATA[
flag_loop_begin:3  %call_ret = call fastcc { i32, i32, i32 } @InsertSub(i32* %myHeap, i32* %Master2SysAlloc, i32 %pointer_assign_load, i32 %data_read)

]]></Node>
<StgValue><ssdm name="call_ret"/></StgValue>
</operation>
</state>

<state id="3" st_id="3">

<operation id="33" st_id="3" stage="1" lat="1">
<core>NULL</core>
<MemPortIdVec></MemPortIdVec>
<condition id="-1">
<or_exp><and_exp></and_exp></or_exp>
</condition>

<Node id="23" bw="0" op_0_bw="0" op_1_bw="0">
<![CDATA[
flag_loop_begin:1  call void (...)* @_ssdm_op_SpecLoopName([10 x i8]* @p_str9) nounwind

]]></Node>
<StgValue><ssdm name="specloopname_ln28"/></StgValue>
</operation>

<operation id="34" st_id="3" stage="1" lat="1">
<core>NULL</core>
<MemPortIdVec></MemPortIdVec>
<condition id="-1">
<or_exp><and_exp></and_exp></or_exp>
</condition>

<Node id="24" bw="32" op_0_bw="32" op_1_bw="0">
<![CDATA[
flag_loop_begin:2  %tmp = call i32 (...)* @_ssdm_op_SpecRegionBegin([10 x i8]* @p_str9)

]]></Node>
<StgValue><ssdm name="tmp"/></StgValue>
</operation>

<operation id="35" st_id="3" stage="1" lat="2">
<core></core>
<MemPortIdVec></MemPortIdVec>
<condition id="-1">
<or_exp><and_exp></and_exp></or_exp>
</condition>

<Node id="25" bw="96" op_0_bw="96" op_1_bw="32" op_2_bw="32" op_3_bw="32" op_4_bw="32">
<![CDATA[
flag_loop_begin:3  %call_ret = call fastcc { i32, i32, i32 } @InsertSub(i32* %myHeap, i32* %Master2SysAlloc, i32 %pointer_assign_load, i32 %data_read)

]]></Node>
<StgValue><ssdm name="call_ret"/></StgValue>
</operation>

<operation id="36" st_id="3" stage="1" lat="1">
<core>NULL</core>
<MemPortIdVec></MemPortIdVec>
<condition id="-1">
<or_exp><and_exp></and_exp></or_exp>
</condition>

<Node id="26" bw="32" op_0_bw="96">
<![CDATA[
flag_loop_begin:4  %subResult_feedback = extractvalue { i32, i32, i32 } %call_ret, 0

]]></Node>
<StgValue><ssdm name="subResult_feedback"/></StgValue>
</operation>

<operation id="37" st_id="3" stage="1" lat="1">
<core>NULL</core>
<MemPortIdVec></MemPortIdVec>
<condition id="-1">
<or_exp><and_exp></and_exp></or_exp>
</condition>

<Node id="27" bw="32" op_0_bw="96">
<![CDATA[
flag_loop_begin:5  %subResult_pointer = extractvalue { i32, i32, i32 } %call_ret, 1

]]></Node>
<StgValue><ssdm name="subResult_pointer"/></StgValue>
</operation>

<operation id="38" st_id="3" stage="1" lat="1">
<core>NULL</core>
<MemPortIdVec></MemPortIdVec>
<condition id="-1">
<or_exp><and_exp></and_exp></or_exp>
</condition>

<Node id="28" bw="32" op_0_bw="96">
<![CDATA[
flag_loop_begin:6  %subResult_flag_same_s = extractvalue { i32, i32, i32 } %call_ret, 2

]]></Node>
<StgValue><ssdm name="subResult_flag_same_s"/></StgValue>
</operation>

<operation id="39" st_id="3" stage="1" lat="1">
<core>Cmp</core>
<MemPortIdVec></MemPortIdVec>
<condition id="-1">
<or_exp><and_exp></and_exp></or_exp>
</condition>

<Node id="29" bw="1" op_0_bw="32" op_1_bw="32">
<![CDATA[
flag_loop_begin:7  %icmp_ln30 = icmp eq i32 %subResult_feedback, 1

]]></Node>
<StgValue><ssdm name="icmp_ln30"/></StgValue>
</operation>

<operation id="40" st_id="3" stage="1" lat="1">
<core>NULL</core>
<MemPortIdVec></MemPortIdVec>
<condition id="-1">
<or_exp><and_exp></and_exp></or_exp>
</condition>

<Node id="30" bw="0" op_0_bw="1" op_1_bw="0" op_2_bw="0">
<![CDATA[
flag_loop_begin:8  br i1 %icmp_ln30, label %0, label %14

]]></Node>
<StgValue><ssdm name="br_ln30"/></StgValue>
</operation>

<operation id="41" st_id="3" stage="1" lat="1">
<core>Cmp</core>
<MemPortIdVec></MemPortIdVec>
<condition id="-1">
<or_exp><and_exp><literal name="icmp_ln30" val="0"/>
</and_exp></or_exp>
</condition>

<Node id="32" bw="1" op_0_bw="32" op_1_bw="32">
<![CDATA[
:0  %icmp_ln84 = icmp eq i32 %subResult_feedback, 2

]]></Node>
<StgValue><ssdm name="icmp_ln84"/></StgValue>
</operation>

<operation id="42" st_id="3" stage="1" lat="1">
<core>NULL</core>
<MemPortIdVec></MemPortIdVec>
<condition id="-1">
<or_exp><and_exp><literal name="icmp_ln30" val="0"/>
</and_exp></or_exp>
</condition>

<Node id="33" bw="0" op_0_bw="2" op_1_bw="2" op_2_bw="0">
<![CDATA[
:1  store i2 1, i2* %flag_stackIsUsed_0

]]></Node>
<StgValue><ssdm name="store_ln84"/></StgValue>
</operation>

<operation id="43" st_id="3" stage="1" lat="1">
<core>NULL</core>
<MemPortIdVec></MemPortIdVec>
<condition id="-1">
<or_exp><and_exp><literal name="icmp_ln30" val="0"/>
</and_exp></or_exp>
</condition>

<Node id="34" bw="32" op_0_bw="32" op_1_bw="0">
<![CDATA[
:2  %hdStack_assign_load_1 = load i32* %hdStack_assign

]]></Node>
<StgValue><ssdm name="hdStack_assign_load_1"/></StgValue>
</operation>

<operation id="44" st_id="3" stage="1" lat="1">
<core>NULL</core>
<MemPortIdVec></MemPortIdVec>
<condition id="-1">
<or_exp><and_exp><literal name="icmp_ln30" val="0"/>
</and_exp></or_exp>
</condition>

<Node id="35" bw="32" op_0_bw="32" op_1_bw="0">
<![CDATA[
:3  %pointer_assign_load_1 = load i32* %pointer_assign

]]></Node>
<StgValue><ssdm name="pointer_assign_load_1"/></StgValue>
</operation>

<operation id="45" st_id="3" stage="1" lat="1">
<core>NULL</core>
<MemPortIdVec></MemPortIdVec>
<condition id="-1">
<or_exp><and_exp><literal name="icmp_ln30" val="0"/>
</and_exp></or_exp>
</condition>

<Node id="36" bw="0" op_0_bw="1" op_1_bw="0" op_2_bw="0">
<![CDATA[
:4  br i1 %icmp_ln84, label %flag_loop_end1, label %flag_loop_end2

]]></Node>
<StgValue><ssdm name="br_ln84"/></StgValue>
</operation>

<operation id="46" st_id="3" stage="1" lat="1">
<core>NULL</core>
<MemPortIdVec></MemPortIdVec>
<condition id="-1">
<or_exp><and_exp><literal name="icmp_ln30" val="0"/>
<literal name="icmp_ln84" val="0"/>
</and_exp></or_exp>
</condition>

<Node id="38" bw="32" op_0_bw="32" op_1_bw="32">
<![CDATA[
flag_loop_end2:0  %nodeData = or i32 %pointer_assign_load_1, -2147483648

]]></Node>
<StgValue><ssdm name="nodeData"/></StgValue>
</operation>

<operation id="47" st_id="3" stage="1" lat="1">
<core>AddSub</core>
<MemPortIdVec></MemPortIdVec>
<condition id="-1">
<or_exp><and_exp><literal name="icmp_ln30" val="0"/>
<literal name="icmp_ln84" val="0"/>
</and_exp></or_exp>
</condition>

<Node id="39" bw="32" op_0_bw="32" op_1_bw="32">
<![CDATA[
flag_loop_end2:1  %output_hdPtr_avl_3 = add nsw i32 %hdStack_assign_load_1, 1

]]></Node>
<StgValue><ssdm name="output_hdPtr_avl_3"/></StgValue>
</operation>

<operation id="48" st_id="3" stage="1" lat="1">
<core>NULL</core>
<MemPortIdVec></MemPortIdVec>
<condition id="-1">
<or_exp><and_exp><literal name="icmp_ln30" val="0"/>
<literal name="icmp_ln84" val="0"/>
</and_exp></or_exp>
</condition>

<Node id="40" bw="64" op_0_bw="32">
<![CDATA[
flag_loop_end2:2  %sext_ln51_1 = sext i32 %output_hdPtr_avl_3 to i64

]]></Node>
<StgValue><ssdm name="sext_ln51_1"/></StgValue>
</operation>

<operation id="49" st_id="3" stage="1" lat="1">
<core>NULL</core>
<MemPortIdVec></MemPortIdVec>
<condition id="-1">
<or_exp><and_exp><literal name="icmp_ln30" val="0"/>
<literal name="icmp_ln84" val="0"/>
</and_exp></or_exp>
</condition>

<Node id="41" bw="6" op_0_bw="32" op_1_bw="64" op_2_bw="64">
<![CDATA[
flag_loop_end2:3  %fixedStack_addr_2 = getelementptr [40 x i32]* %fixedStack, i64 0, i64 %sext_ln51_1

]]></Node>
<StgValue><ssdm name="fixedStack_addr_2"/></StgValue>
</operation>

<operation id="50" st_id="3" stage="1" lat="1">
<core>RAM</core>
<MemPortIdVec>0 </MemPortIdVec>
<condition id="-1">
<or_exp><and_exp><literal name="icmp_ln30" val="0"/>
<literal name="icmp_ln84" val="0"/>
</and_exp></or_exp>
</condition>

<Node id="42" bw="0" op_0_bw="32" op_1_bw="6">
<![CDATA[
flag_loop_end2:4  store i32 %nodeData, i32* %fixedStack_addr_2, align 4

]]></Node>
<StgValue><ssdm name="store_ln51"/></StgValue>
</operation>

<operation id="51" st_id="3" stage="1" lat="1">
<core>NULL</core>
<MemPortIdVec></MemPortIdVec>
<condition id="-1">
<or_exp><and_exp><literal name="icmp_ln30" val="0"/>
<literal name="icmp_ln84" val="0"/>
</and_exp></or_exp>
</condition>

<Node id="45" bw="0" op_0_bw="32" op_1_bw="32" op_2_bw="0" op_3_bw="32">
<![CDATA[
flag_loop_end2:7  store i32 %output_hdPtr_avl_3, i32* %hdStack_assign

]]></Node>
<StgValue><ssdm name="store_ln51"/></StgValue>
</operation>

<operation id="52" st_id="3" stage="1" lat="1">
<core>AddSub</core>
<MemPortIdVec></MemPortIdVec>
<condition id="-1">
<or_exp><and_exp><literal name="icmp_ln30" val="0"/>
<literal name="icmp_ln84" val="1"/>
</and_exp></or_exp>
</condition>

<Node id="49" bw="32" op_0_bw="32" op_1_bw="32">
<![CDATA[
flag_loop_end1:0  %output_hdPtr_avl_2 = add nsw i32 %hdStack_assign_load_1, 1

]]></Node>
<StgValue><ssdm name="output_hdPtr_avl_2"/></StgValue>
</operation>

<operation id="53" st_id="3" stage="1" lat="1">
<core>NULL</core>
<MemPortIdVec></MemPortIdVec>
<condition id="-1">
<or_exp><and_exp><literal name="icmp_ln30" val="0"/>
<literal name="icmp_ln84" val="1"/>
</and_exp></or_exp>
</condition>

<Node id="50" bw="64" op_0_bw="32">
<![CDATA[
flag_loop_end1:1  %sext_ln51 = sext i32 %output_hdPtr_avl_2 to i64

]]></Node>
<StgValue><ssdm name="sext_ln51"/></StgValue>
</operation>

<operation id="54" st_id="3" stage="1" lat="1">
<core>NULL</core>
<MemPortIdVec></MemPortIdVec>
<condition id="-1">
<or_exp><and_exp><literal name="icmp_ln30" val="0"/>
<literal name="icmp_ln84" val="1"/>
</and_exp></or_exp>
</condition>

<Node id="51" bw="6" op_0_bw="32" op_1_bw="64" op_2_bw="64">
<![CDATA[
flag_loop_end1:2  %fixedStack_addr_1 = getelementptr [40 x i32]* %fixedStack, i64 0, i64 %sext_ln51

]]></Node>
<StgValue><ssdm name="fixedStack_addr_1"/></StgValue>
</operation>

<operation id="55" st_id="3" stage="1" lat="1">
<core>RAM</core>
<MemPortIdVec>0 </MemPortIdVec>
<condition id="-1">
<or_exp><and_exp><literal name="icmp_ln30" val="0"/>
<literal name="icmp_ln84" val="1"/>
</and_exp></or_exp>
</condition>

<Node id="52" bw="0" op_0_bw="32" op_1_bw="6">
<![CDATA[
flag_loop_end1:3  store i32 %pointer_assign_load_1, i32* %fixedStack_addr_1, align 4

]]></Node>
<StgValue><ssdm name="store_ln51"/></StgValue>
</operation>

<operation id="56" st_id="3" stage="1" lat="1">
<core>NULL</core>
<MemPortIdVec></MemPortIdVec>
<condition id="-1">
<or_exp><and_exp><literal name="icmp_ln30" val="0"/>
<literal name="icmp_ln84" val="1"/>
</and_exp></or_exp>
</condition>

<Node id="55" bw="0" op_0_bw="32" op_1_bw="32" op_2_bw="0" op_3_bw="32">
<![CDATA[
flag_loop_end1:6  store i32 %output_hdPtr_avl_2, i32* %hdStack_assign

]]></Node>
<StgValue><ssdm name="store_ln88"/></StgValue>
</operation>

<operation id="57" st_id="3" stage="1" lat="1">
<core>NULL</core>
<MemPortIdVec></MemPortIdVec>
<condition id="-1">
<or_exp><and_exp><literal name="icmp_ln30" val="1"/>
</and_exp></or_exp>
</condition>

<Node id="61" bw="2" op_0_bw="2" op_1_bw="0">
<![CDATA[
:0  %flag_stackIsUsed_0_l = load i2* %flag_stackIsUsed_0

]]></Node>
<StgValue><ssdm name="flag_stackIsUsed_0_l"/></StgValue>
</operation>

<operation id="58" st_id="3" stage="1" lat="1">
<core>Cmp</core>
<MemPortIdVec></MemPortIdVec>
<condition id="-1">
<or_exp><and_exp><literal name="icmp_ln30" val="1"/>
</and_exp></or_exp>
</condition>

<Node id="62" bw="1" op_0_bw="2" op_1_bw="2">
<![CDATA[
:1  %icmp_ln33 = icmp eq i2 %flag_stackIsUsed_0_l, 0

]]></Node>
<StgValue><ssdm name="icmp_ln33"/></StgValue>
</operation>

<operation id="59" st_id="3" stage="1" lat="1">
<core>NULL</core>
<MemPortIdVec></MemPortIdVec>
<condition id="-1">
<or_exp><and_exp><literal name="icmp_ln30" val="1"/>
</and_exp></or_exp>
</condition>

<Node id="63" bw="0" op_0_bw="1" op_1_bw="0" op_2_bw="0">
<![CDATA[
:2  br i1 %icmp_ln33, label %1, label %2

]]></Node>
<StgValue><ssdm name="br_ln33"/></StgValue>
</operation>

<operation id="60" st_id="3" stage="1" lat="1">
<core>NULL</core>
<MemPortIdVec></MemPortIdVec>
<condition id="-1">
<or_exp><and_exp><literal name="icmp_ln30" val="1"/>
<literal name="icmp_ln33" val="0"/>
</and_exp></or_exp>
</condition>

<Node id="65" bw="32" op_0_bw="32" op_1_bw="0">
<![CDATA[
:0  %hdStack_assign_load = load i32* %hdStack_assign

]]></Node>
<StgValue><ssdm name="hdStack_assign_load"/></StgValue>
</operation>

<operation id="61" st_id="3" stage="1" lat="1">
<core>NULL</core>
<MemPortIdVec></MemPortIdVec>
<condition id="-1">
<or_exp><and_exp><literal name="icmp_ln30" val="1"/>
<literal name="icmp_ln33" val="0"/>
</and_exp></or_exp>
</condition>

<Node id="66" bw="64" op_0_bw="32">
<![CDATA[
:1  %sext_ln57 = sext i32 %hdStack_assign_load to i64

]]></Node>
<StgValue><ssdm name="sext_ln57"/></StgValue>
</operation>

<operation id="62" st_id="3" stage="1" lat="1">
<core>NULL</core>
<MemPortIdVec></MemPortIdVec>
<condition id="-1">
<or_exp><and_exp><literal name="icmp_ln30" val="1"/>
<literal name="icmp_ln33" val="0"/>
</and_exp></or_exp>
</condition>

<Node id="67" bw="6" op_0_bw="32" op_1_bw="64" op_2_bw="64">
<![CDATA[
:2  %fixedStack_addr = getelementptr [40 x i32]* %fixedStack, i64 0, i64 %sext_ln57

]]></Node>
<StgValue><ssdm name="fixedStack_addr"/></StgValue>
</operation>

<operation id="63" st_id="3" stage="2" lat="2">
<core>RAM</core>
<MemPortIdVec>0 </MemPortIdVec>
<condition id="-1">
<or_exp><and_exp><literal name="icmp_ln30" val="1"/>
<literal name="icmp_ln33" val="0"/>
</and_exp></or_exp>
</condition>

<Node id="68" bw="32" op_0_bw="6">
<![CDATA[
:3  %stackOut = load i32* %fixedStack_addr, align 4

]]></Node>
<StgValue><ssdm name="stackOut"/></StgValue>
</operation>

<operation id="64" st_id="3" stage="1" lat="1">
<core>Cmp</core>
<MemPortIdVec></MemPortIdVec>
<condition id="-1">
<or_exp><and_exp><literal name="icmp_ln30" val="1"/>
<literal name="icmp_ln33" val="0"/>
</and_exp></or_exp>
</condition>

<Node id="72" bw="1" op_0_bw="32" op_1_bw="32">
<![CDATA[
:7  %icmp_ln46 = icmp eq i32 %subResult_flag_same_s, 0

]]></Node>
<StgValue><ssdm name="icmp_ln46"/></StgValue>
</operation>

<operation id="65" st_id="3" stage="1" lat="1">
<core>Cmp</core>
<MemPortIdVec></MemPortIdVec>
<condition id="-1">
<or_exp><and_exp><literal name="icmp_ln30" val="1"/>
<literal name="icmp_ln33" val="1"/>
</and_exp></or_exp>
</condition>

<Node id="134" bw="1" op_0_bw="32" op_1_bw="32">
<![CDATA[
:0  %icmp_ln34 = icmp eq i32 %subResult_flag_same_s, 0

]]></Node>
<StgValue><ssdm name="icmp_ln34"/></StgValue>
</operation>

<operation id="66" st_id="3" stage="1" lat="1">
<core>Sel</core>
<MemPortIdVec></MemPortIdVec>
<condition id="-1">
<or_exp><and_exp><literal name="icmp_ln30" val="1"/>
<literal name="icmp_ln33" val="1"/>
</and_exp></or_exp>
</condition>

<Node id="135" bw="32" op_0_bw="1" op_1_bw="32" op_2_bw="32">
<![CDATA[
:1  %select_ln36 = select i1 %icmp_ln34, i32 %subResult_pointer, i32 %treePtr_read

]]></Node>
<StgValue><ssdm name="select_ln36"/></StgValue>
</operation>

<operation id="67" st_id="3" stage="1" lat="1">
<core>NULL</core>
<MemPortIdVec></MemPortIdVec>
<condition id="-1">
<or_exp><and_exp><literal name="icmp_ln30" val="1"/>
<literal name="icmp_ln33" val="1"/>
</and_exp></or_exp>
</condition>

<Node id="136" bw="0" op_0_bw="0">
<![CDATA[
:2  br label %.loopexit

]]></Node>
<StgValue><ssdm name="br_ln36"/></StgValue>
</operation>
</state>

<state id="4" st_id="4">

<operation id="68" st_id="4" stage="2" lat="2">
<core></core>
<MemPortIdVec></MemPortIdVec>
<condition id="-1">
<or_exp><and_exp></and_exp></or_exp>
</condition>

<Node id="43" bw="32" op_0_bw="32" op_1_bw="32" op_2_bw="32" op_3_bw="96" op_4_bw="96">
<![CDATA[
flag_loop_end2:5  %currentPtr_1 = call fastcc i32 @node_get_right_point(i32* %myHeap, i32 %pointer_assign_load_1)

]]></Node>
<StgValue><ssdm name="currentPtr_1"/></StgValue>
</operation>
</state>

<state id="5" st_id="5">

<operation id="69" st_id="5" stage="1" lat="2">
<core></core>
<MemPortIdVec></MemPortIdVec>
<condition id="-1">
<or_exp><and_exp><literal name="icmp_ln84" val="0"/>
</and_exp></or_exp>
</condition>

<Node id="43" bw="32" op_0_bw="32" op_1_bw="32" op_2_bw="32" op_3_bw="96" op_4_bw="96">
<![CDATA[
flag_loop_end2:5  %currentPtr_1 = call fastcc i32 @node_get_right_point(i32* %myHeap, i32 %pointer_assign_load_1)

]]></Node>
<StgValue><ssdm name="currentPtr_1"/></StgValue>
</operation>

<operation id="70" st_id="5" stage="1" lat="1">
<core>NULL</core>
<MemPortIdVec></MemPortIdVec>
<condition id="-1">
<or_exp><and_exp><literal name="icmp_ln84" val="0"/>
</and_exp></or_exp>
</condition>

<Node id="44" bw="0" op_0_bw="32" op_1_bw="32" op_2_bw="0" op_3_bw="32" op_4_bw="32">
<![CDATA[
flag_loop_end2:6  store i32 %currentPtr_1, i32* %pointer_assign

]]></Node>
<StgValue><ssdm name="store_ln91"/></StgValue>
</operation>

<operation id="71" st_id="5" stage="1" lat="1">
<core>NULL</core>
<MemPortIdVec></MemPortIdVec>
<condition id="-1">
<or_exp><and_exp><literal name="icmp_ln84" val="0"/>
</and_exp></or_exp>
</condition>

<Node id="46" bw="32" op_0_bw="32" op_1_bw="0" op_2_bw="32">
<![CDATA[
flag_loop_end2:8  %empty_14 = call i32 (...)* @_ssdm_op_SpecRegionEnd([10 x i8]* @p_str9, i32 %tmp)

]]></Node>
<StgValue><ssdm name="empty_14"/></StgValue>
</operation>

<operation id="72" st_id="5" stage="1" lat="1">
<core>NULL</core>
<MemPortIdVec></MemPortIdVec>
<condition id="-1">
<or_exp><and_exp><literal name="icmp_ln84" val="0"/>
</and_exp></or_exp>
</condition>

<Node id="47" bw="0" op_0_bw="0">
<![CDATA[
flag_loop_end2:9  br label %flag_loop_begin.backedge

]]></Node>
<StgValue><ssdm name="br_ln0"/></StgValue>
</operation>

<operation id="73" st_id="5" stage="1" lat="2">
<core></core>
<MemPortIdVec></MemPortIdVec>
<condition id="-1">
<or_exp><and_exp><literal name="icmp_ln84" val="1"/>
</and_exp></or_exp>
</condition>

<Node id="53" bw="32" op_0_bw="32" op_1_bw="32" op_2_bw="32" op_3_bw="96" op_4_bw="96">
<![CDATA[
flag_loop_end1:4  %currentPtr = call fastcc i32 @node_get_left_pointe(i32* %myHeap, i32 %pointer_assign_load_1)

]]></Node>
<StgValue><ssdm name="currentPtr"/></StgValue>
</operation>

<operation id="74" st_id="5" stage="1" lat="1">
<core>NULL</core>
<MemPortIdVec></MemPortIdVec>
<condition id="-1">
<or_exp><and_exp><literal name="icmp_ln84" val="1"/>
</and_exp></or_exp>
</condition>

<Node id="54" bw="0" op_0_bw="32" op_1_bw="32" op_2_bw="0" op_3_bw="32" op_4_bw="32">
<![CDATA[
flag_loop_end1:5  store i32 %currentPtr, i32* %pointer_assign

]]></Node>
<StgValue><ssdm name="store_ln88"/></StgValue>
</operation>

<operation id="75" st_id="5" stage="1" lat="1">
<core>NULL</core>
<MemPortIdVec></MemPortIdVec>
<condition id="-1">
<or_exp><and_exp><literal name="icmp_ln84" val="1"/>
</and_exp></or_exp>
</condition>

<Node id="56" bw="32" op_0_bw="32" op_1_bw="0" op_2_bw="32">
<![CDATA[
flag_loop_end1:7  %empty = call i32 (...)* @_ssdm_op_SpecRegionEnd([10 x i8]* @p_str9, i32 %tmp)

]]></Node>
<StgValue><ssdm name="empty"/></StgValue>
</operation>

<operation id="76" st_id="5" stage="1" lat="1">
<core>NULL</core>
<MemPortIdVec></MemPortIdVec>
<condition id="-1">
<or_exp><and_exp><literal name="icmp_ln84" val="1"/>
</and_exp></or_exp>
</condition>

<Node id="57" bw="0" op_0_bw="0">
<![CDATA[
flag_loop_end1:8  br label %flag_loop_begin.backedge

]]></Node>
<StgValue><ssdm name="br_ln0"/></StgValue>
</operation>

<operation id="77" st_id="5" stage="1" lat="1">
<core>NULL</core>
<MemPortIdVec></MemPortIdVec>
<condition id="-1">
<or_exp><and_exp></and_exp></or_exp>
</condition>

<Node id="59" bw="0" op_0_bw="0">
<![CDATA[
flag_loop_begin.backedge:0  br label %flag_loop_begin

]]></Node>
<StgValue><ssdm name="br_ln0"/></StgValue>
</operation>
</state>

<state id="6" st_id="6">

<operation id="78" st_id="6" stage="2" lat="2">
<core></core>
<MemPortIdVec></MemPortIdVec>
<condition id="-1">
<or_exp><and_exp></and_exp></or_exp>
</condition>

<Node id="53" bw="32" op_0_bw="32" op_1_bw="32" op_2_bw="32" op_3_bw="96" op_4_bw="96">
<![CDATA[
flag_loop_end1:4  %currentPtr = call fastcc i32 @node_get_left_pointe(i32* %myHeap, i32 %pointer_assign_load_1)

]]></Node>
<StgValue><ssdm name="currentPtr"/></StgValue>
</operation>
</state>

<state id="7" st_id="7">

<operation id="79" st_id="7" stage="1" lat="2">
<core>RAM</core>
<MemPortIdVec>0 </MemPortIdVec>
<condition id="-1">
<or_exp><and_exp></and_exp></or_exp>
</condition>

<Node id="68" bw="32" op_0_bw="6">
<![CDATA[
:3  %stackOut = load i32* %fixedStack_addr, align 4

]]></Node>
<StgValue><ssdm name="stackOut"/></StgValue>
</operation>

<operation id="80" st_id="7" stage="1" lat="1">
<core>NULL</core>
<MemPortIdVec></MemPortIdVec>
<condition id="-1">
<or_exp><and_exp></and_exp></or_exp>
</condition>

<Node id="69" bw="29" op_0_bw="32">
<![CDATA[
:4  %output_pointer = trunc i32 %stackOut to i29

]]></Node>
<StgValue><ssdm name="output_pointer"/></StgValue>
</operation>

<operation id="81" st_id="7" stage="1" lat="1">
<core>NULL</core>
<MemPortIdVec></MemPortIdVec>
<condition id="-1">
<or_exp><and_exp></and_exp></or_exp>
</condition>

<Node id="70" bw="32" op_0_bw="29">
<![CDATA[
:5  %zext_ln63 = zext i29 %output_pointer to i32

]]></Node>
<StgValue><ssdm name="zext_ln63"/></StgValue>
</operation>

<operation id="82" st_id="7" stage="1" lat="1">
<core>AddSub</core>
<MemPortIdVec></MemPortIdVec>
<condition id="-1">
<or_exp><and_exp></and_exp></or_exp>
</condition>

<Node id="71" bw="32" op_0_bw="32" op_1_bw="32">
<![CDATA[
:6  %output_hdPtr_avl = add nsw i32 -1, %hdStack_assign_load

]]></Node>
<StgValue><ssdm name="output_hdPtr_avl"/></StgValue>
</operation>

<operation id="83" st_id="7" stage="1" lat="1">
<core>NULL</core>
<MemPortIdVec></MemPortIdVec>
<condition id="-1">
<or_exp><and_exp></and_exp></or_exp>
</condition>

<Node id="73" bw="0" op_0_bw="1" op_1_bw="0" op_2_bw="0">
<![CDATA[
:8  br i1 %icmp_ln46, label %3, label %.loopexit

]]></Node>
<StgValue><ssdm name="br_ln46"/></StgValue>
</operation>

<operation id="84" st_id="7" stage="1" lat="1">
<core>NULL</core>
<MemPortIdVec></MemPortIdVec>
<condition id="-1">
<or_exp><and_exp><literal name="icmp_ln46" val="1"/>
</and_exp></or_exp>
</condition>

<Node id="75" bw="1" op_0_bw="1" op_1_bw="32" op_2_bw="32">
<![CDATA[
:0  %tmp_14 = call i1 @_ssdm_op_BitSelect.i1.i32.i32(i32 %stackOut, i32 31)

]]></Node>
<StgValue><ssdm name="tmp_14"/></StgValue>
</operation>

<operation id="85" st_id="7" stage="1" lat="1">
<core>NULL</core>
<MemPortIdVec></MemPortIdVec>
<condition id="-1">
<or_exp><and_exp><literal name="icmp_ln46" val="1"/>
</and_exp></or_exp>
</condition>

<Node id="76" bw="0" op_0_bw="1" op_1_bw="0" op_2_bw="0">
<![CDATA[
:1  br i1 %tmp_14, label %5, label %4

]]></Node>
<StgValue><ssdm name="br_ln47"/></StgValue>
</operation>

<operation id="86" st_id="7" stage="2" lat="2">
<core></core>
<MemPortIdVec></MemPortIdVec>
<condition id="-1">
<or_exp><and_exp><literal name="icmp_ln46" val="1"/>
<literal name="tmp_14" val="0"/>
</and_exp></or_exp>
</condition>

<Node id="78" bw="0" op_0_bw="0" op_1_bw="32" op_2_bw="32" op_3_bw="32" op_4_bw="96" op_5_bw="96">
<![CDATA[
:0  call fastcc void @node_set_left(i32* %myHeap, i32 %zext_ln63, i32 %subResult_pointer)

]]></Node>
<StgValue><ssdm name="call_ln48"/></StgValue>
</operation>

<operation id="87" st_id="7" stage="2" lat="2">
<core></core>
<MemPortIdVec></MemPortIdVec>
<condition id="-1">
<or_exp><and_exp><literal name="icmp_ln46" val="1"/>
<literal name="tmp_14" val="1"/>
</and_exp></or_exp>
</condition>

<Node id="81" bw="0" op_0_bw="0" op_1_bw="32" op_2_bw="32" op_3_bw="32" op_4_bw="96" op_5_bw="96">
<![CDATA[
:0  call fastcc void @node_set_right(i32* %myHeap, i32 %zext_ln63, i32 %subResult_pointer)

]]></Node>
<StgValue><ssdm name="call_ln50"/></StgValue>
</operation>
</state>

<state id="8" st_id="8">

<operation id="88" st_id="8" stage="1" lat="2">
<core></core>
<MemPortIdVec></MemPortIdVec>
<condition id="-1">
<or_exp><and_exp><literal name="tmp_14" val="0"/>
</and_exp></or_exp>
</condition>

<Node id="78" bw="0" op_0_bw="0" op_1_bw="32" op_2_bw="32" op_3_bw="32" op_4_bw="96" op_5_bw="96">
<![CDATA[
:0  call fastcc void @node_set_left(i32* %myHeap, i32 %zext_ln63, i32 %subResult_pointer)

]]></Node>
<StgValue><ssdm name="call_ln48"/></StgValue>
</operation>

<operation id="89" st_id="8" stage="1" lat="1">
<core>NULL</core>
<MemPortIdVec></MemPortIdVec>
<condition id="-1">
<or_exp><and_exp><literal name="tmp_14" val="0"/>
</and_exp></or_exp>
</condition>

<Node id="79" bw="0" op_0_bw="0">
<![CDATA[
:1  br label %6

]]></Node>
<StgValue><ssdm name="br_ln49"/></StgValue>
</operation>

<operation id="90" st_id="8" stage="1" lat="2">
<core></core>
<MemPortIdVec></MemPortIdVec>
<condition id="-1">
<or_exp><and_exp><literal name="tmp_14" val="1"/>
</and_exp></or_exp>
</condition>

<Node id="81" bw="0" op_0_bw="0" op_1_bw="32" op_2_bw="32" op_3_bw="32" op_4_bw="96" op_5_bw="96">
<![CDATA[
:0  call fastcc void @node_set_right(i32* %myHeap, i32 %zext_ln63, i32 %subResult_pointer)

]]></Node>
<StgValue><ssdm name="call_ln50"/></StgValue>
</operation>

<operation id="91" st_id="8" stage="1" lat="1">
<core>NULL</core>
<MemPortIdVec></MemPortIdVec>
<condition id="-1">
<or_exp><and_exp><literal name="tmp_14" val="1"/>
</and_exp></or_exp>
</condition>

<Node id="82" bw="0" op_0_bw="0">
<![CDATA[
:1  br label %6

]]></Node>
<StgValue><ssdm name="br_ln0"/></StgValue>
</operation>

<operation id="92" st_id="8" stage="1" lat="1">
<core>Cmp</core>
<MemPortIdVec></MemPortIdVec>
<condition id="-1">
<or_exp><and_exp></and_exp></or_exp>
</condition>

<Node id="84" bw="1" op_0_bw="32" op_1_bw="32">
<![CDATA[
:0  %icmp_ln53 = icmp eq i32 %output_hdPtr_avl, 0

]]></Node>
<StgValue><ssdm name="icmp_ln53"/></StgValue>
</operation>

<operation id="93" st_id="8" stage="1" lat="1">
<core>NULL</core>
<MemPortIdVec></MemPortIdVec>
<condition id="-1">
<or_exp><and_exp></and_exp></or_exp>
</condition>

<Node id="85" bw="0" op_0_bw="1" op_1_bw="0" op_2_bw="0">
<![CDATA[
:1  br i1 %icmp_ln53, label %7, label %.preheader.preheader

]]></Node>
<StgValue><ssdm name="br_ln53"/></StgValue>
</operation>

<operation id="94" st_id="8" stage="1" lat="1">
<core>NULL</core>
<MemPortIdVec></MemPortIdVec>
<condition id="-1">
<or_exp><and_exp><literal name="icmp_ln53" val="0"/>
</and_exp></or_exp>
</condition>

<Node id="87" bw="0" op_0_bw="32" op_1_bw="32" op_2_bw="0" op_3_bw="32">
<![CDATA[
.preheader.preheader:0  store i32 %output_hdPtr_avl, i32* %hdStack_assign

]]></Node>
<StgValue><ssdm name="store_ln58"/></StgValue>
</operation>

<operation id="95" st_id="8" stage="1" lat="1">
<core>NULL</core>
<MemPortIdVec></MemPortIdVec>
<condition id="-1">
<or_exp><and_exp><literal name="icmp_ln53" val="0"/>
</and_exp></or_exp>
</condition>

<Node id="88" bw="0" op_0_bw="0">
<![CDATA[
.preheader.preheader:1  br label %.preheader

]]></Node>
<StgValue><ssdm name="br_ln58"/></StgValue>
</operation>
</state>

<state id="9" st_id="9">

<operation id="96" st_id="9" stage="1" lat="1">
<core>NULL</core>
<MemPortIdVec></MemPortIdVec>
<condition id="-1">
<or_exp><and_exp></and_exp></or_exp>
</condition>

<Node id="90" bw="29" op_0_bw="29" op_1_bw="0" op_2_bw="29" op_3_bw="0">
<![CDATA[
.preheader:0  %nowPtr = phi i29 [ %output_pointer_1, %._crit_edge..preheader_crit_edge ], [ %output_pointer, %.preheader.preheader ]

]]></Node>
<StgValue><ssdm name="nowPtr"/></StgValue>
</operation>

<operation id="97" st_id="9" stage="1" lat="1">
<core>NULL</core>
<MemPortIdVec></MemPortIdVec>
<condition id="-1">
<or_exp><and_exp></and_exp></or_exp>
</condition>

<Node id="91" bw="32" op_0_bw="32" op_1_bw="0" op_2_bw="0">
<![CDATA[
.preheader:1  %hdStack_assign_load_2 = load i32* %hdStack_assign

]]></Node>
<StgValue><ssdm name="hdStack_assign_load_2"/></StgValue>
</operation>

<operation id="98" st_id="9" stage="1" lat="1">
<core>Cmp</core>
<MemPortIdVec></MemPortIdVec>
<condition id="-1">
<or_exp><and_exp></and_exp></or_exp>
</condition>

<Node id="92" bw="1" op_0_bw="32" op_1_bw="32">
<![CDATA[
.preheader:2  %icmp_ln58 = icmp sgt i32 %hdStack_assign_load_2, 0

]]></Node>
<StgValue><ssdm name="icmp_ln58"/></StgValue>
</operation>

<operation id="99" st_id="9" stage="1" lat="1">
<core>NULL</core>
<MemPortIdVec></MemPortIdVec>
<condition id="-1">
<or_exp><and_exp></and_exp></or_exp>
</condition>

<Node id="93" bw="0" op_0_bw="1" op_1_bw="0" op_2_bw="0">
<![CDATA[
.preheader:3  br i1 %icmp_ln58, label %8, label %flag_loop_end

]]></Node>
<StgValue><ssdm name="br_ln58"/></StgValue>
</operation>

<operation id="100" st_id="9" stage="1" lat="1">
<core>NULL</core>
<MemPortIdVec></MemPortIdVec>
<condition id="-1">
<or_exp><and_exp><literal name="icmp_ln58" val="1"/>
</and_exp></or_exp>
</condition>

<Node id="96" bw="32" op_0_bw="29">
<![CDATA[
:1  %zext_ln58 = zext i29 %nowPtr to i32

]]></Node>
<StgValue><ssdm name="zext_ln58"/></StgValue>
</operation>

<operation id="101" st_id="9" stage="2" lat="2">
<core></core>
<MemPortIdVec></MemPortIdVec>
<condition id="-1">
<or_exp><and_exp><literal name="icmp_ln58" val="1"/>
</and_exp></or_exp>
</condition>

<Node id="97" bw="32" op_0_bw="32" op_1_bw="32" op_2_bw="32" op_3_bw="32" op_4_bw="96" op_5_bw="0" op_6_bw="0" op_7_bw="96" op_8_bw="0" op_9_bw="0">
<![CDATA[
:2  %nowPtr_new = call fastcc i32 @ProcessNodeInsertion(i32* %myHeap, i32 %zext_ln58, i32 %data_read)

]]></Node>
<StgValue><ssdm name="nowPtr_new"/></StgValue>
</operation>

<operation id="102" st_id="9" stage="1" lat="1">
<core>NULL</core>
<MemPortIdVec></MemPortIdVec>
<condition id="-1">
<or_exp><and_exp><literal name="icmp_ln58" val="1"/>
</and_exp></or_exp>
</condition>

<Node id="98" bw="64" op_0_bw="32">
<![CDATA[
:3  %zext_ln57 = zext i32 %hdStack_assign_load_2 to i64

]]></Node>
<StgValue><ssdm name="zext_ln57"/></StgValue>
</operation>

<operation id="103" st_id="9" stage="1" lat="1">
<core>NULL</core>
<MemPortIdVec></MemPortIdVec>
<condition id="-1">
<or_exp><and_exp><literal name="icmp_ln58" val="1"/>
</and_exp></or_exp>
</condition>

<Node id="99" bw="6" op_0_bw="32" op_1_bw="64" op_2_bw="64">
<![CDATA[
:4  %fixedStack_addr_3 = getelementptr [40 x i32]* %fixedStack, i64 0, i64 %zext_ln57

]]></Node>
<StgValue><ssdm name="fixedStack_addr_3"/></StgValue>
</operation>

<operation id="104" st_id="9" stage="2" lat="2">
<core>RAM</core>
<MemPortIdVec>0 </MemPortIdVec>
<condition id="-1">
<or_exp><and_exp><literal name="icmp_ln58" val="1"/>
</and_exp></or_exp>
</condition>

<Node id="100" bw="32" op_0_bw="6">
<![CDATA[
:5  %stackOut_1 = load i32* %fixedStack_addr_3, align 4

]]></Node>
<StgValue><ssdm name="stackOut_1"/></StgValue>
</operation>

<operation id="105" st_id="9" stage="1" lat="1">
<core>NULL</core>
<MemPortIdVec></MemPortIdVec>
<condition id="-1">
<or_exp><and_exp><literal name="icmp_ln58" val="0"/>
</and_exp></or_exp>
</condition>

<Node id="128" bw="32" op_0_bw="32" op_1_bw="0" op_2_bw="32">
<![CDATA[
flag_loop_end:0  %empty_15 = call i32 (...)* @_ssdm_op_SpecRegionEnd([10 x i8]* @p_str9, i32 %tmp)

]]></Node>
<StgValue><ssdm name="empty_15"/></StgValue>
</operation>

<operation id="106" st_id="9" stage="1" lat="1">
<core>NULL</core>
<MemPortIdVec></MemPortIdVec>
<condition id="-1">
<or_exp><and_exp><literal name="icmp_ln58" val="0"/>
</and_exp></or_exp>
</condition>

<Node id="129" bw="0" op_0_bw="0">
<![CDATA[
flag_loop_end:1  br label %.loopexit

]]></Node>
<StgValue><ssdm name="br_ln28"/></StgValue>
</operation>
</state>

<state id="10" st_id="10">

<operation id="107" st_id="10" stage="1" lat="1">
<core>NULL</core>
<MemPortIdVec></MemPortIdVec>
<condition id="-1">
<or_exp><and_exp></and_exp></or_exp>
</condition>

<Node id="95" bw="0" op_0_bw="0" op_1_bw="0">
<![CDATA[
:0  call void (...)* @_ssdm_op_SpecLoopName([11 x i8]* @p_str110) nounwind

]]></Node>
<StgValue><ssdm name="specloopname_ln58"/></StgValue>
</operation>

<operation id="108" st_id="10" stage="1" lat="2">
<core></core>
<MemPortIdVec></MemPortIdVec>
<condition id="-1">
<or_exp><and_exp></and_exp></or_exp>
</condition>

<Node id="97" bw="32" op_0_bw="32" op_1_bw="32" op_2_bw="32" op_3_bw="32" op_4_bw="96" op_5_bw="0" op_6_bw="0" op_7_bw="96" op_8_bw="0" op_9_bw="0">
<![CDATA[
:2  %nowPtr_new = call fastcc i32 @ProcessNodeInsertion(i32* %myHeap, i32 %zext_ln58, i32 %data_read)

]]></Node>
<StgValue><ssdm name="nowPtr_new"/></StgValue>
</operation>

<operation id="109" st_id="10" stage="1" lat="2">
<core>RAM</core>
<MemPortIdVec>0 </MemPortIdVec>
<condition id="-1">
<or_exp><and_exp></and_exp></or_exp>
</condition>

<Node id="100" bw="32" op_0_bw="6">
<![CDATA[
:5  %stackOut_1 = load i32* %fixedStack_addr_3, align 4

]]></Node>
<StgValue><ssdm name="stackOut_1"/></StgValue>
</operation>

<operation id="110" st_id="10" stage="1" lat="1">
<core>NULL</core>
<MemPortIdVec></MemPortIdVec>
<condition id="-1">
<or_exp><and_exp></and_exp></or_exp>
</condition>

<Node id="101" bw="29" op_0_bw="32">
<![CDATA[
:6  %output_pointer_1 = trunc i32 %stackOut_1 to i29

]]></Node>
<StgValue><ssdm name="output_pointer_1"/></StgValue>
</operation>

<operation id="111" st_id="10" stage="1" lat="1">
<core>NULL</core>
<MemPortIdVec></MemPortIdVec>
<condition id="-1">
<or_exp><and_exp></and_exp></or_exp>
</condition>

<Node id="102" bw="32" op_0_bw="29">
<![CDATA[
:7  %zext_ln63_1 = zext i29 %output_pointer_1 to i32

]]></Node>
<StgValue><ssdm name="zext_ln63_1"/></StgValue>
</operation>

<operation id="112" st_id="10" stage="1" lat="1">
<core>NULL</core>
<MemPortIdVec></MemPortIdVec>
<condition id="-1">
<or_exp><and_exp></and_exp></or_exp>
</condition>

<Node id="103" bw="31" op_0_bw="32">
<![CDATA[
:8  %trunc_ln64 = trunc i32 %hdStack_assign_load_2 to i31

]]></Node>
<StgValue><ssdm name="trunc_ln64"/></StgValue>
</operation>

<operation id="113" st_id="10" stage="1" lat="1">
<core>AddSub</core>
<MemPortIdVec></MemPortIdVec>
<condition id="-1">
<or_exp><and_exp></and_exp></or_exp>
</condition>

<Node id="104" bw="32" op_0_bw="32" op_1_bw="32">
<![CDATA[
:9  %output_hdPtr_avl_1 = add nsw i32 -1, %hdStack_assign_load_2

]]></Node>
<StgValue><ssdm name="output_hdPtr_avl_1"/></StgValue>
</operation>

<operation id="114" st_id="10" stage="1" lat="1">
<core>Cmp</core>
<MemPortIdVec></MemPortIdVec>
<condition id="-1">
<or_exp><and_exp></and_exp></or_exp>
</condition>

<Node id="105" bw="1" op_0_bw="32" op_1_bw="32">
<![CDATA[
:10  %icmp_ln63 = icmp eq i32 %nowPtr_new, %zext_ln58

]]></Node>
<StgValue><ssdm name="icmp_ln63"/></StgValue>
</operation>

<operation id="115" st_id="10" stage="1" lat="1">
<core>NULL</core>
<MemPortIdVec></MemPortIdVec>
<condition id="-1">
<or_exp><and_exp></and_exp></or_exp>
</condition>

<Node id="106" bw="0" op_0_bw="1" op_1_bw="0" op_2_bw="0">
<![CDATA[
:11  br i1 %icmp_ln63, label %._crit_edge, label %9

]]></Node>
<StgValue><ssdm name="br_ln63"/></StgValue>
</operation>

<operation id="116" st_id="10" stage="1" lat="1">
<core>NULL</core>
<MemPortIdVec></MemPortIdVec>
<condition id="-1">
<or_exp><and_exp><literal name="icmp_ln63" val="0"/>
</and_exp></or_exp>
</condition>

<Node id="108" bw="1" op_0_bw="1" op_1_bw="32" op_2_bw="32">
<![CDATA[
:0  %tmp_15 = call i1 @_ssdm_op_BitSelect.i1.i32.i32(i32 %stackOut_1, i32 31)

]]></Node>
<StgValue><ssdm name="tmp_15"/></StgValue>
</operation>

<operation id="117" st_id="10" stage="1" lat="1">
<core>NULL</core>
<MemPortIdVec></MemPortIdVec>
<condition id="-1">
<or_exp><and_exp><literal name="icmp_ln63" val="0"/>
</and_exp></or_exp>
</condition>

<Node id="109" bw="0" op_0_bw="1" op_1_bw="0" op_2_bw="0">
<![CDATA[
:1  br i1 %tmp_15, label %11, label %10

]]></Node>
<StgValue><ssdm name="br_ln64"/></StgValue>
</operation>
</state>

<state id="11" st_id="11">

<operation id="118" st_id="11" stage="2" lat="2">
<core></core>
<MemPortIdVec></MemPortIdVec>
<condition id="-1">
<or_exp><and_exp></and_exp></or_exp>
</condition>

<Node id="111" bw="0" op_0_bw="0" op_1_bw="32" op_2_bw="32" op_3_bw="32" op_4_bw="96" op_5_bw="0" op_6_bw="0" op_7_bw="32" op_8_bw="96" op_9_bw="0" op_10_bw="0" op_11_bw="32">
<![CDATA[
:0  call fastcc void @node_set_left(i32* %myHeap, i32 %zext_ln63_1, i32 %nowPtr_new)

]]></Node>
<StgValue><ssdm name="call_ln65"/></StgValue>
</operation>
</state>

<state id="12" st_id="12">

<operation id="119" st_id="12" stage="1" lat="2">
<core></core>
<MemPortIdVec></MemPortIdVec>
<condition id="-1">
<or_exp><and_exp><literal name="icmp_ln63" val="0"/>
<literal name="tmp_15" val="0"/>
</and_exp></or_exp>
</condition>

<Node id="111" bw="0" op_0_bw="0" op_1_bw="32" op_2_bw="32" op_3_bw="32" op_4_bw="96" op_5_bw="0" op_6_bw="0" op_7_bw="32" op_8_bw="96" op_9_bw="0" op_10_bw="0" op_11_bw="32">
<![CDATA[
:0  call fastcc void @node_set_left(i32* %myHeap, i32 %zext_ln63_1, i32 %nowPtr_new)

]]></Node>
<StgValue><ssdm name="call_ln65"/></StgValue>
</operation>

<operation id="120" st_id="12" stage="1" lat="1">
<core>NULL</core>
<MemPortIdVec></MemPortIdVec>
<condition id="-1">
<or_exp><and_exp><literal name="icmp_ln63" val="0"/>
<literal name="tmp_15" val="0"/>
</and_exp></or_exp>
</condition>

<Node id="112" bw="0" op_0_bw="0">
<![CDATA[
:1  br label %12

]]></Node>
<StgValue><ssdm name="br_ln66"/></StgValue>
</operation>

<operation id="121" st_id="12" stage="1" lat="2">
<core></core>
<MemPortIdVec></MemPortIdVec>
<condition id="-1">
<or_exp><and_exp><literal name="icmp_ln63" val="0"/>
<literal name="tmp_15" val="1"/>
</and_exp></or_exp>
</condition>

<Node id="114" bw="0" op_0_bw="0" op_1_bw="32" op_2_bw="32" op_3_bw="32" op_4_bw="96" op_5_bw="0" op_6_bw="0" op_7_bw="32" op_8_bw="96" op_9_bw="0" op_10_bw="0" op_11_bw="32">
<![CDATA[
:0  call fastcc void @node_set_right(i32* %myHeap, i32 %zext_ln63_1, i32 %nowPtr_new)

]]></Node>
<StgValue><ssdm name="call_ln67"/></StgValue>
</operation>

<operation id="122" st_id="12" stage="1" lat="1">
<core>NULL</core>
<MemPortIdVec></MemPortIdVec>
<condition id="-1">
<or_exp><and_exp><literal name="icmp_ln63" val="0"/>
<literal name="tmp_15" val="1"/>
</and_exp></or_exp>
</condition>

<Node id="115" bw="0" op_0_bw="0">
<![CDATA[
:1  br label %12

]]></Node>
<StgValue><ssdm name="br_ln0"/></StgValue>
</operation>

<operation id="123" st_id="12" stage="1" lat="1">
<core>NULL</core>
<MemPortIdVec></MemPortIdVec>
<condition id="-1">
<or_exp><and_exp><literal name="icmp_ln63" val="0"/>
</and_exp></or_exp>
</condition>

<Node id="117" bw="0" op_0_bw="0">
<![CDATA[
:0  br label %._crit_edge

]]></Node>
<StgValue><ssdm name="br_ln69"/></StgValue>
</operation>

<operation id="124" st_id="12" stage="1" lat="1">
<core>Cmp</core>
<MemPortIdVec></MemPortIdVec>
<condition id="-1">
<or_exp><and_exp></and_exp></or_exp>
</condition>

<Node id="119" bw="1" op_0_bw="31" op_1_bw="31">
<![CDATA[
._crit_edge:0  %icmp_ln70 = icmp eq i31 %trunc_ln64, 1

]]></Node>
<StgValue><ssdm name="icmp_ln70"/></StgValue>
</operation>

<operation id="125" st_id="12" stage="1" lat="1">
<core>NULL</core>
<MemPortIdVec></MemPortIdVec>
<condition id="-1">
<or_exp><and_exp></and_exp></or_exp>
</condition>

<Node id="120" bw="0" op_0_bw="1" op_1_bw="0" op_2_bw="0">
<![CDATA[
._crit_edge:1  br i1 %icmp_ln70, label %13, label %._crit_edge..preheader_crit_edge

]]></Node>
<StgValue><ssdm name="br_ln70"/></StgValue>
</operation>

<operation id="126" st_id="12" stage="1" lat="1">
<core>NULL</core>
<MemPortIdVec></MemPortIdVec>
<condition id="-1">
<or_exp><and_exp><literal name="icmp_ln70" val="0"/>
</and_exp></or_exp>
</condition>

<Node id="122" bw="0" op_0_bw="32" op_1_bw="32" op_2_bw="0" op_3_bw="32" op_4_bw="0" op_5_bw="32">
<![CDATA[
._crit_edge..preheader_crit_edge:0  store i32 %output_hdPtr_avl_1, i32* %hdStack_assign

]]></Node>
<StgValue><ssdm name="store_ln70"/></StgValue>
</operation>

<operation id="127" st_id="12" stage="1" lat="1">
<core>NULL</core>
<MemPortIdVec></MemPortIdVec>
<condition id="-1">
<or_exp><and_exp><literal name="icmp_ln70" val="0"/>
</and_exp></or_exp>
</condition>

<Node id="123" bw="0" op_0_bw="0">
<![CDATA[
._crit_edge..preheader_crit_edge:1  br label %.preheader

]]></Node>
<StgValue><ssdm name="br_ln70"/></StgValue>
</operation>
</state>

<state id="13" st_id="13">

<operation id="128" st_id="13" stage="2" lat="2">
<core></core>
<MemPortIdVec></MemPortIdVec>
<condition id="-1">
<or_exp><and_exp></and_exp></or_exp>
</condition>

<Node id="114" bw="0" op_0_bw="0" op_1_bw="32" op_2_bw="32" op_3_bw="32" op_4_bw="96" op_5_bw="0" op_6_bw="0" op_7_bw="32" op_8_bw="96" op_9_bw="0" op_10_bw="0" op_11_bw="32">
<![CDATA[
:0  call fastcc void @node_set_right(i32* %myHeap, i32 %zext_ln63_1, i32 %nowPtr_new)

]]></Node>
<StgValue><ssdm name="call_ln67"/></StgValue>
</operation>
</state>

<state id="14" st_id="14">

<operation id="129" st_id="14" stage="2" lat="2">
<core></core>
<MemPortIdVec></MemPortIdVec>
<condition id="-1">
<or_exp><and_exp></and_exp></or_exp>
</condition>

<Node id="125" bw="32" op_0_bw="32" op_1_bw="32" op_2_bw="32" op_3_bw="32" op_4_bw="96" op_5_bw="0" op_6_bw="0" op_7_bw="32" op_8_bw="0" op_9_bw="0" op_10_bw="96" op_11_bw="0" op_12_bw="0" op_13_bw="32" op_14_bw="0" op_15_bw="0">
<![CDATA[
:0  %output_root_1 = call fastcc i32 @ProcessNodeInsertion(i32* %myHeap, i32 %zext_ln63_1, i32 %data_read)

]]></Node>
<StgValue><ssdm name="output_root_1"/></StgValue>
</operation>
</state>

<state id="15" st_id="15">

<operation id="130" st_id="15" stage="1" lat="2">
<core></core>
<MemPortIdVec></MemPortIdVec>
<condition id="-1">
<or_exp><and_exp><literal name="icmp_ln33" val="0"/>
<literal name="icmp_ln46" val="1"/>
<literal name="icmp_ln53" val="0"/>
<literal name="icmp_ln58" val="1"/>
</and_exp></or_exp>
</condition>

<Node id="125" bw="32" op_0_bw="32" op_1_bw="32" op_2_bw="32" op_3_bw="32" op_4_bw="96" op_5_bw="0" op_6_bw="0" op_7_bw="32" op_8_bw="0" op_9_bw="0" op_10_bw="96" op_11_bw="0" op_12_bw="0" op_13_bw="32" op_14_bw="0" op_15_bw="0">
<![CDATA[
:0  %output_root_1 = call fastcc i32 @ProcessNodeInsertion(i32* %myHeap, i32 %zext_ln63_1, i32 %data_read)

]]></Node>
<StgValue><ssdm name="output_root_1"/></StgValue>
</operation>

<operation id="131" st_id="15" stage="1" lat="1">
<core>NULL</core>
<MemPortIdVec></MemPortIdVec>
<condition id="-1">
<or_exp><and_exp><literal name="icmp_ln33" val="0"/>
<literal name="icmp_ln46" val="1"/>
<literal name="icmp_ln53" val="0"/>
<literal name="icmp_ln58" val="1"/>
</and_exp></or_exp>
</condition>

<Node id="126" bw="0" op_0_bw="0">
<![CDATA[
:1  br label %.loopexit

]]></Node>
<StgValue><ssdm name="br_ln72"/></StgValue>
</operation>

<operation id="132" st_id="15" stage="1" lat="1">
<core>NULL</core>
<MemPortIdVec></MemPortIdVec>
<condition id="-1">
<or_exp><and_exp></and_exp></or_exp>
</condition>

<Node id="138" bw="32" op_0_bw="32" op_1_bw="0" op_2_bw="32" op_3_bw="0" op_4_bw="32" op_5_bw="0" op_6_bw="32" op_7_bw="0" op_8_bw="32" op_9_bw="0">
<![CDATA[
.loopexit:0  %phi_ln96 = phi i32 [ %output_root, %7 ], [ %output_root_1, %13 ], [ %select_ln36, %1 ], [ %p_read_2, %flag_loop_end ], [ %treePtr_read, %2 ]

]]></Node>
<StgValue><ssdm name="phi_ln96"/></StgValue>
</operation>

<operation id="133" st_id="15" stage="1" lat="1">
<core>NULL</core>
<MemPortIdVec></MemPortIdVec>
<condition id="-1">
<or_exp><and_exp></and_exp></or_exp>
</condition>

<Node id="139" bw="32" op_0_bw="32" op_1_bw="0" op_2_bw="32" op_3_bw="0" op_4_bw="32" op_5_bw="0" op_6_bw="32" op_7_bw="0" op_8_bw="32" op_9_bw="0">
<![CDATA[
.loopexit:1  %phi_ln96_1 = phi i32 [ %subResult_pointer, %7 ], [ %subResult_pointer, %13 ], [ %subResult_pointer, %1 ], [ %p_read_1, %flag_loop_end ], [ %subResult_pointer, %2 ]

]]></Node>
<StgValue><ssdm name="phi_ln96_1"/></StgValue>
</operation>

<operation id="134" st_id="15" stage="1" lat="1">
<core>NULL</core>
<MemPortIdVec></MemPortIdVec>
<condition id="-1">
<or_exp><and_exp></and_exp></or_exp>
</condition>

<Node id="140" bw="64" op_0_bw="64" op_1_bw="32">
<![CDATA[
.loopexit:2  %mrv = insertvalue { i32, i32 } undef, i32 %phi_ln96, 0

]]></Node>
<StgValue><ssdm name="mrv"/></StgValue>
</operation>

<operation id="135" st_id="15" stage="1" lat="1">
<core>NULL</core>
<MemPortIdVec></MemPortIdVec>
<condition id="-1">
<or_exp><and_exp></and_exp></or_exp>
</condition>

<Node id="141" bw="64" op_0_bw="64" op_1_bw="32">
<![CDATA[
.loopexit:3  %mrv_1 = insertvalue { i32, i32 } %mrv, i32 %phi_ln96_1, 1

]]></Node>
<StgValue><ssdm name="mrv_1"/></StgValue>
</operation>

<operation id="136" st_id="15" stage="1" lat="1">
<core>NULL</core>
<MemPortIdVec></MemPortIdVec>
<condition id="-1">
<or_exp><and_exp></and_exp></or_exp>
</condition>

<Node id="142" bw="0" op_0_bw="64">
<![CDATA[
.loopexit:4  ret { i32, i32 } %mrv_1

]]></Node>
<StgValue><ssdm name="ret_ln96"/></StgValue>
</operation>
</state>

<state id="16" st_id="16">

<operation id="137" st_id="16" stage="2" lat="2">
<core></core>
<MemPortIdVec></MemPortIdVec>
<condition id="-1">
<or_exp><and_exp></and_exp></or_exp>
</condition>

<Node id="131" bw="32" op_0_bw="32" op_1_bw="32" op_2_bw="32" op_3_bw="32" op_4_bw="96" op_5_bw="0" op_6_bw="0" op_7_bw="96" op_8_bw="0" op_9_bw="0">
<![CDATA[
:0  %output_root = call fastcc i32 @ProcessNodeInsertion(i32* %myHeap, i32 %zext_ln63, i32 %data_read)

]]></Node>
<StgValue><ssdm name="output_root"/></StgValue>
</operation>
</state>

<state id="17" st_id="17">

<operation id="138" st_id="17" stage="1" lat="2">
<core></core>
<MemPortIdVec></MemPortIdVec>
<condition id="-1">
<or_exp><and_exp></and_exp></or_exp>
</condition>

<Node id="131" bw="32" op_0_bw="32" op_1_bw="32" op_2_bw="32" op_3_bw="32" op_4_bw="96" op_5_bw="0" op_6_bw="0" op_7_bw="96" op_8_bw="0" op_9_bw="0">
<![CDATA[
:0  %output_root = call fastcc i32 @ProcessNodeInsertion(i32* %myHeap, i32 %zext_ln63, i32 %data_read)

]]></Node>
<StgValue><ssdm name="output_root"/></StgValue>
</operation>

<operation id="139" st_id="17" stage="1" lat="1">
<core>NULL</core>
<MemPortIdVec></MemPortIdVec>
<condition id="-1">
<or_exp><and_exp></and_exp></or_exp>
</condition>

<Node id="132" bw="0" op_0_bw="0">
<![CDATA[
:1  br label %.loopexit

]]></Node>
<StgValue><ssdm name="br_ln55"/></StgValue>
</operation>
</state>
</state_list>


<ports>
<port id="171" name="p_read" dir="0" iftype="0">
<core>NULL</core><StgValue><ssdm name="p_read"/></StgValue>
</port>
<port id="172" name="p_read1" dir="0" iftype="0">
<core>NULL</core><StgValue><ssdm name="p_read1"/></StgValue>
</port>
<port id="173" name="myHeap" dir="2" iftype="4">
<core>NULL</core><StgValue><ssdm name="myHeap"/></StgValue>
</port>
<port id="174" name="Master2SysAlloc" dir="2" iftype="4">
<core>NULL</core><StgValue><ssdm name="Master2SysAlloc"/></StgValue>
</port>
<port id="175" name="fixedStack" dir="2" iftype="1">
<core>RAM</core><StgValue><ssdm name="fixedStack"/><MemPortTyVec>2 3 </MemPortTyVec>
</StgValue>
</port>
<port id="176" name="treePtr" dir="0" iftype="0">
<core>NULL</core><StgValue><ssdm name="treePtr"/></StgValue>
</port>
<port id="177" name="data" dir="0" iftype="0">
<core>NULL</core><StgValue><ssdm name="data"/></StgValue>
</port>
</ports>


<dataflows>
<dataflow id="179" from="StgValue_178" to="hdStack_assign" fromId="178" toId="18">
</dataflow>
<dataflow id="180" from="StgValue_178" to="pointer_assign" fromId="178" toId="19">
</dataflow>
<dataflow id="181" from="StgValue_178" to="flag_stackIsUsed_0" fromId="178" toId="20">
</dataflow>
<dataflow id="183" from="_ssdm_op_SpecInterface" to="specinterface_ln0" fromId="182" toId="21">
</dataflow>
<dataflow id="184" from="Master2SysAlloc" to="specinterface_ln0" fromId="174" toId="21">
</dataflow>
<dataflow id="186" from="p_str3" to="specinterface_ln0" fromId="185" toId="21">
</dataflow>
<dataflow id="188" from="StgValue_187" to="specinterface_ln0" fromId="187" toId="21">
</dataflow>
<dataflow id="189" from="StgValue_187" to="specinterface_ln0" fromId="187" toId="21">
</dataflow>
<dataflow id="191" from="p_str1" to="specinterface_ln0" fromId="190" toId="21">
</dataflow>
<dataflow id="192" from="StgValue_187" to="specinterface_ln0" fromId="187" toId="21">
</dataflow>
<dataflow id="193" from="StgValue_178" to="specinterface_ln0" fromId="178" toId="21">
</dataflow>
<dataflow id="194" from="p_str1" to="specinterface_ln0" fromId="190" toId="21">
</dataflow>
<dataflow id="196" from="p_str4" to="specinterface_ln0" fromId="195" toId="21">
</dataflow>
<dataflow id="197" from="p_str1" to="specinterface_ln0" fromId="190" toId="21">
</dataflow>
<dataflow id="199" from="StgValue_198" to="specinterface_ln0" fromId="198" toId="21">
</dataflow>
<dataflow id="200" from="StgValue_198" to="specinterface_ln0" fromId="198" toId="21">
</dataflow>
<dataflow id="201" from="StgValue_198" to="specinterface_ln0" fromId="198" toId="21">
</dataflow>
<dataflow id="202" from="StgValue_198" to="specinterface_ln0" fromId="198" toId="21">
</dataflow>
<dataflow id="203" from="p_str1" to="specinterface_ln0" fromId="190" toId="21">
</dataflow>
<dataflow id="204" from="p_str1" to="specinterface_ln0" fromId="190" toId="21">
</dataflow>
<dataflow id="205" from="_ssdm_op_SpecInterface" to="specinterface_ln0" fromId="182" toId="22">
</dataflow>
<dataflow id="206" from="myHeap" to="specinterface_ln0" fromId="173" toId="22">
</dataflow>
<dataflow id="207" from="p_str3" to="specinterface_ln0" fromId="185" toId="22">
</dataflow>
<dataflow id="208" from="StgValue_187" to="specinterface_ln0" fromId="187" toId="22">
</dataflow>
<dataflow id="209" from="StgValue_187" to="specinterface_ln0" fromId="187" toId="22">
</dataflow>
<dataflow id="210" from="p_str1" to="specinterface_ln0" fromId="190" toId="22">
</dataflow>
<dataflow id="211" from="StgValue_187" to="specinterface_ln0" fromId="187" toId="22">
</dataflow>
<dataflow id="212" from="StgValue_178" to="specinterface_ln0" fromId="178" toId="22">
</dataflow>
<dataflow id="213" from="p_str1" to="specinterface_ln0" fromId="190" toId="22">
</dataflow>
<dataflow id="214" from="p_str4" to="specinterface_ln0" fromId="195" toId="22">
</dataflow>
<dataflow id="215" from="p_str1" to="specinterface_ln0" fromId="190" toId="22">
</dataflow>
<dataflow id="216" from="StgValue_198" to="specinterface_ln0" fromId="198" toId="22">
</dataflow>
<dataflow id="217" from="StgValue_198" to="specinterface_ln0" fromId="198" toId="22">
</dataflow>
<dataflow id="218" from="StgValue_198" to="specinterface_ln0" fromId="198" toId="22">
</dataflow>
<dataflow id="219" from="StgValue_198" to="specinterface_ln0" fromId="198" toId="22">
</dataflow>
<dataflow id="220" from="p_str1" to="specinterface_ln0" fromId="190" toId="22">
</dataflow>
<dataflow id="221" from="p_str1" to="specinterface_ln0" fromId="190" toId="22">
</dataflow>
<dataflow id="223" from="_ssdm_op_Read.ap_auto.i32" to="data_read" fromId="222" toId="23">
</dataflow>
<dataflow id="224" from="data" to="data_read" fromId="177" toId="23">
</dataflow>
<dataflow id="225" from="_ssdm_op_Read.ap_auto.i32" to="treePtr_read" fromId="222" toId="24">
</dataflow>
<dataflow id="226" from="treePtr" to="treePtr_read" fromId="176" toId="24">
</dataflow>
<dataflow id="227" from="_ssdm_op_Read.ap_auto.i32" to="p_read_1" fromId="222" toId="25">
</dataflow>
<dataflow id="228" from="p_read1" to="p_read_1" fromId="172" toId="25">
</dataflow>
<dataflow id="229" from="_ssdm_op_Read.ap_auto.i32" to="p_read_2" fromId="222" toId="26">
</dataflow>
<dataflow id="230" from="p_read" to="p_read_2" fromId="171" toId="26">
</dataflow>
<dataflow id="232" from="StgValue_231" to="store_ln28" fromId="231" toId="27">
</dataflow>
<dataflow id="233" from="flag_stackIsUsed_0" to="store_ln28" fromId="20" toId="27">
</dataflow>
<dataflow id="234" from="treePtr_read" to="store_ln28" fromId="24" toId="28">
</dataflow>
<dataflow id="235" from="pointer_assign" to="store_ln28" fromId="19" toId="28">
</dataflow>
<dataflow id="236" from="StgValue_187" to="store_ln28" fromId="187" toId="29">
</dataflow>
<dataflow id="237" from="hdStack_assign" to="store_ln28" fromId="18" toId="29">
</dataflow>
<dataflow id="238" from="pointer_assign" to="pointer_assign_load" fromId="19" toId="31">
</dataflow>
<dataflow id="240" from="InsertSub" to="call_ret" fromId="239" toId="32">
</dataflow>
<dataflow id="241" from="myHeap" to="call_ret" fromId="173" toId="32">
</dataflow>
<dataflow id="242" from="Master2SysAlloc" to="call_ret" fromId="174" toId="32">
</dataflow>
<dataflow id="243" from="pointer_assign_load" to="call_ret" fromId="31" toId="32">
</dataflow>
<dataflow id="244" from="data_read" to="call_ret" fromId="23" toId="32">
</dataflow>
<dataflow id="246" from="_ssdm_op_SpecLoopName" to="specloopname_ln28" fromId="245" toId="33">
</dataflow>
<dataflow id="248" from="p_str9" to="specloopname_ln28" fromId="247" toId="33">
</dataflow>
<dataflow id="250" from="_ssdm_op_SpecRegionBegin" to="tmp" fromId="249" toId="34">
</dataflow>
<dataflow id="251" from="p_str9" to="tmp" fromId="247" toId="34">
</dataflow>
<dataflow id="252" from="InsertSub" to="call_ret" fromId="239" toId="35">
</dataflow>
<dataflow id="253" from="myHeap" to="call_ret" fromId="173" toId="35">
</dataflow>
<dataflow id="254" from="Master2SysAlloc" to="call_ret" fromId="174" toId="35">
</dataflow>
<dataflow id="255" from="pointer_assign_load" to="call_ret" fromId="31" toId="35">
</dataflow>
<dataflow id="256" from="data_read" to="call_ret" fromId="23" toId="35">
</dataflow>
<dataflow id="257" from="call_ret" to="subResult_feedback" fromId="35" toId="36">
</dataflow>
<dataflow id="258" from="call_ret" to="subResult_pointer" fromId="35" toId="37">
</dataflow>
<dataflow id="259" from="call_ret" to="subResult_flag_same_s" fromId="35" toId="38">
</dataflow>
<dataflow id="260" from="subResult_feedback" to="icmp_ln30" fromId="36" toId="39">
</dataflow>
<dataflow id="261" from="StgValue_178" to="icmp_ln30" fromId="178" toId="39">
</dataflow>
<dataflow id="262" from="icmp_ln30" to="br_ln30" fromId="39" toId="40">
</dataflow>
<dataflow id="263" from="subResult_feedback" to="icmp_ln84" fromId="36" toId="41">
</dataflow>
<dataflow id="265" from="StgValue_264" to="icmp_ln84" fromId="264" toId="41">
</dataflow>
<dataflow id="267" from="StgValue_266" to="store_ln84" fromId="266" toId="42">
</dataflow>
<dataflow id="268" from="flag_stackIsUsed_0" to="store_ln84" fromId="20" toId="42">
</dataflow>
<dataflow id="269" from="hdStack_assign" to="hdStack_assign_load_1" fromId="18" toId="43">
</dataflow>
<dataflow id="270" from="pointer_assign" to="pointer_assign_load_1" fromId="19" toId="44">
</dataflow>
<dataflow id="271" from="icmp_ln84" to="br_ln84" fromId="41" toId="45">
</dataflow>
<dataflow id="272" from="pointer_assign_load_1" to="nodeData" fromId="44" toId="46">
</dataflow>
<dataflow id="274" from="StgValue_273" to="nodeData" fromId="273" toId="46">
</dataflow>
<dataflow id="275" from="hdStack_assign_load_1" to="output_hdPtr_avl_3" fromId="43" toId="47">
</dataflow>
<dataflow id="276" from="StgValue_178" to="output_hdPtr_avl_3" fromId="178" toId="47">
</dataflow>
<dataflow id="277" from="output_hdPtr_avl_3" to="sext_ln51_1" fromId="47" toId="48">
</dataflow>
<dataflow id="278" from="fixedStack" to="fixedStack_addr_2" fromId="175" toId="49">
</dataflow>
<dataflow id="280" from="StgValue_279" to="fixedStack_addr_2" fromId="279" toId="49">
</dataflow>
<dataflow id="281" from="sext_ln51_1" to="fixedStack_addr_2" fromId="48" toId="49">
</dataflow>
<dataflow id="282" from="nodeData" to="store_ln51" fromId="46" toId="50">
</dataflow>
<dataflow id="283" from="fixedStack_addr_2" to="store_ln51" fromId="49" toId="50">
</dataflow>
<dataflow id="284" from="output_hdPtr_avl_3" to="store_ln51" fromId="47" toId="51">
</dataflow>
<dataflow id="285" from="hdStack_assign" to="store_ln51" fromId="18" toId="51">
</dataflow>
<dataflow id="286" from="hdStack_assign_load_1" to="output_hdPtr_avl_2" fromId="43" toId="52">
</dataflow>
<dataflow id="287" from="StgValue_178" to="output_hdPtr_avl_2" fromId="178" toId="52">
</dataflow>
<dataflow id="288" from="output_hdPtr_avl_2" to="sext_ln51" fromId="52" toId="53">
</dataflow>
<dataflow id="289" from="fixedStack" to="fixedStack_addr_1" fromId="175" toId="54">
</dataflow>
<dataflow id="290" from="StgValue_279" to="fixedStack_addr_1" fromId="279" toId="54">
</dataflow>
<dataflow id="291" from="sext_ln51" to="fixedStack_addr_1" fromId="53" toId="54">
</dataflow>
<dataflow id="292" from="pointer_assign_load_1" to="store_ln51" fromId="44" toId="55">
</dataflow>
<dataflow id="293" from="fixedStack_addr_1" to="store_ln51" fromId="54" toId="55">
</dataflow>
<dataflow id="294" from="output_hdPtr_avl_2" to="store_ln88" fromId="52" toId="56">
</dataflow>
<dataflow id="295" from="hdStack_assign" to="store_ln88" fromId="18" toId="56">
</dataflow>
<dataflow id="296" from="flag_stackIsUsed_0" to="flag_stackIsUsed_0_l" fromId="20" toId="57">
</dataflow>
<dataflow id="297" from="flag_stackIsUsed_0_l" to="icmp_ln33" fromId="57" toId="58">
</dataflow>
<dataflow id="298" from="StgValue_231" to="icmp_ln33" fromId="231" toId="58">
</dataflow>
<dataflow id="299" from="icmp_ln33" to="br_ln33" fromId="58" toId="59">
</dataflow>
<dataflow id="300" from="hdStack_assign" to="hdStack_assign_load" fromId="18" toId="60">
</dataflow>
<dataflow id="301" from="hdStack_assign_load" to="sext_ln57" fromId="60" toId="61">
</dataflow>
<dataflow id="302" from="fixedStack" to="fixedStack_addr" fromId="175" toId="62">
</dataflow>
<dataflow id="303" from="StgValue_279" to="fixedStack_addr" fromId="279" toId="62">
</dataflow>
<dataflow id="304" from="sext_ln57" to="fixedStack_addr" fromId="61" toId="62">
</dataflow>
<dataflow id="305" from="fixedStack_addr" to="stackOut" fromId="62" toId="63">
</dataflow>
<dataflow id="306" from="subResult_flag_same_s" to="icmp_ln46" fromId="38" toId="64">
</dataflow>
<dataflow id="307" from="StgValue_187" to="icmp_ln46" fromId="187" toId="64">
</dataflow>
<dataflow id="308" from="subResult_flag_same_s" to="icmp_ln34" fromId="38" toId="65">
</dataflow>
<dataflow id="309" from="StgValue_187" to="icmp_ln34" fromId="187" toId="65">
</dataflow>
<dataflow id="310" from="icmp_ln34" to="select_ln36" fromId="65" toId="66">
</dataflow>
<dataflow id="311" from="subResult_pointer" to="select_ln36" fromId="37" toId="66">
</dataflow>
<dataflow id="312" from="treePtr_read" to="select_ln36" fromId="24" toId="66">
</dataflow>
<dataflow id="314" from="node_get_right_point" to="currentPtr_1" fromId="313" toId="68">
</dataflow>
<dataflow id="315" from="myHeap" to="currentPtr_1" fromId="173" toId="68">
</dataflow>
<dataflow id="316" from="pointer_assign_load_1" to="currentPtr_1" fromId="44" toId="68">
</dataflow>
<dataflow id="317" from="node_get_right_point" to="currentPtr_1" fromId="313" toId="69">
</dataflow>
<dataflow id="318" from="myHeap" to="currentPtr_1" fromId="173" toId="69">
</dataflow>
<dataflow id="319" from="pointer_assign_load_1" to="currentPtr_1" fromId="44" toId="69">
</dataflow>
<dataflow id="320" from="currentPtr_1" to="store_ln91" fromId="69" toId="70">
</dataflow>
<dataflow id="321" from="pointer_assign" to="store_ln91" fromId="19" toId="70">
</dataflow>
<dataflow id="323" from="_ssdm_op_SpecRegionEnd" to="empty_14" fromId="322" toId="71">
</dataflow>
<dataflow id="324" from="p_str9" to="empty_14" fromId="247" toId="71">
</dataflow>
<dataflow id="325" from="tmp" to="empty_14" fromId="34" toId="71">
</dataflow>
<dataflow id="327" from="node_get_left_pointe" to="currentPtr" fromId="326" toId="73">
</dataflow>
<dataflow id="328" from="myHeap" to="currentPtr" fromId="173" toId="73">
</dataflow>
<dataflow id="329" from="pointer_assign_load_1" to="currentPtr" fromId="44" toId="73">
</dataflow>
<dataflow id="330" from="currentPtr" to="store_ln88" fromId="73" toId="74">
</dataflow>
<dataflow id="331" from="pointer_assign" to="store_ln88" fromId="19" toId="74">
</dataflow>
<dataflow id="332" from="_ssdm_op_SpecRegionEnd" to="empty" fromId="322" toId="75">
</dataflow>
<dataflow id="333" from="p_str9" to="empty" fromId="247" toId="75">
</dataflow>
<dataflow id="334" from="tmp" to="empty" fromId="34" toId="75">
</dataflow>
<dataflow id="335" from="node_get_left_pointe" to="currentPtr" fromId="326" toId="78">
</dataflow>
<dataflow id="336" from="myHeap" to="currentPtr" fromId="173" toId="78">
</dataflow>
<dataflow id="337" from="pointer_assign_load_1" to="currentPtr" fromId="44" toId="78">
</dataflow>
<dataflow id="338" from="fixedStack_addr" to="stackOut" fromId="62" toId="79">
</dataflow>
<dataflow id="339" from="stackOut" to="output_pointer" fromId="79" toId="80">
</dataflow>
<dataflow id="340" from="output_pointer" to="zext_ln63" fromId="80" toId="81">
</dataflow>
<dataflow id="342" from="StgValue_341" to="output_hdPtr_avl" fromId="341" toId="82">
</dataflow>
<dataflow id="343" from="hdStack_assign_load" to="output_hdPtr_avl" fromId="60" toId="82">
</dataflow>
<dataflow id="344" from="icmp_ln46" to="br_ln46" fromId="64" toId="83">
</dataflow>
<dataflow id="346" from="_ssdm_op_BitSelect.i1.i32.i32" to="tmp_14" fromId="345" toId="84">
</dataflow>
<dataflow id="347" from="stackOut" to="tmp_14" fromId="79" toId="84">
</dataflow>
<dataflow id="349" from="StgValue_348" to="tmp_14" fromId="348" toId="84">
</dataflow>
<dataflow id="350" from="tmp_14" to="br_ln47" fromId="84" toId="85">
</dataflow>
<dataflow id="352" from="node_set_left" to="call_ln48" fromId="351" toId="86">
</dataflow>
<dataflow id="353" from="myHeap" to="call_ln48" fromId="173" toId="86">
</dataflow>
<dataflow id="354" from="zext_ln63" to="call_ln48" fromId="81" toId="86">
</dataflow>
<dataflow id="355" from="subResult_pointer" to="call_ln48" fromId="37" toId="86">
</dataflow>
<dataflow id="357" from="node_set_right" to="call_ln50" fromId="356" toId="87">
</dataflow>
<dataflow id="358" from="myHeap" to="call_ln50" fromId="173" toId="87">
</dataflow>
<dataflow id="359" from="zext_ln63" to="call_ln50" fromId="81" toId="87">
</dataflow>
<dataflow id="360" from="subResult_pointer" to="call_ln50" fromId="37" toId="87">
</dataflow>
<dataflow id="361" from="node_set_left" to="call_ln48" fromId="351" toId="88">
</dataflow>
<dataflow id="362" from="myHeap" to="call_ln48" fromId="173" toId="88">
</dataflow>
<dataflow id="363" from="zext_ln63" to="call_ln48" fromId="81" toId="88">
</dataflow>
<dataflow id="364" from="subResult_pointer" to="call_ln48" fromId="37" toId="88">
</dataflow>
<dataflow id="365" from="node_set_right" to="call_ln50" fromId="356" toId="90">
</dataflow>
<dataflow id="366" from="myHeap" to="call_ln50" fromId="173" toId="90">
</dataflow>
<dataflow id="367" from="zext_ln63" to="call_ln50" fromId="81" toId="90">
</dataflow>
<dataflow id="368" from="subResult_pointer" to="call_ln50" fromId="37" toId="90">
</dataflow>
<dataflow id="369" from="output_hdPtr_avl" to="icmp_ln53" fromId="82" toId="92">
</dataflow>
<dataflow id="370" from="StgValue_187" to="icmp_ln53" fromId="187" toId="92">
</dataflow>
<dataflow id="371" from="icmp_ln53" to="br_ln53" fromId="92" toId="93">
</dataflow>
<dataflow id="372" from="output_hdPtr_avl" to="store_ln58" fromId="82" toId="94">
</dataflow>
<dataflow id="373" from="hdStack_assign" to="store_ln58" fromId="18" toId="94">
</dataflow>
<dataflow id="374" from="output_pointer_1" to="nowPtr" fromId="110" toId="96">
<BackEdge/>
<condition id="-1">
<or_exp><and_exp><literal name="icmp_ln70" val="0"/>
</and_exp></or_exp>
</condition>
</dataflow>
<dataflow id="375" from="br_ln70" to="nowPtr" fromId="127" toId="96">
<BackEdge/>
</dataflow>
<dataflow id="376" from="output_pointer" to="nowPtr" fromId="80" toId="96">
<condition id="-1">
<or_exp><and_exp><literal name="icmp_ln53" val="0"/>
</and_exp></or_exp>
</condition>
</dataflow>
<dataflow id="377" from="br_ln58" to="nowPtr" fromId="95" toId="96">
</dataflow>
<dataflow id="378" from="hdStack_assign" to="hdStack_assign_load_2" fromId="18" toId="97">
</dataflow>
<dataflow id="379" from="hdStack_assign_load_2" to="icmp_ln58" fromId="97" toId="98">
</dataflow>
<dataflow id="380" from="StgValue_187" to="icmp_ln58" fromId="187" toId="98">
</dataflow>
<dataflow id="381" from="icmp_ln58" to="br_ln58" fromId="98" toId="99">
</dataflow>
<dataflow id="382" from="nowPtr" to="zext_ln58" fromId="96" toId="100">
</dataflow>
<dataflow id="384" from="ProcessNodeInsertion" to="nowPtr_new" fromId="383" toId="101">
</dataflow>
<dataflow id="385" from="myHeap" to="nowPtr_new" fromId="173" toId="101">
</dataflow>
<dataflow id="386" from="zext_ln58" to="nowPtr_new" fromId="100" toId="101">
</dataflow>
<dataflow id="387" from="data_read" to="nowPtr_new" fromId="23" toId="101">
</dataflow>
<dataflow id="388" from="hdStack_assign_load_2" to="zext_ln57" fromId="97" toId="102">
</dataflow>
<dataflow id="389" from="fixedStack" to="fixedStack_addr_3" fromId="175" toId="103">
</dataflow>
<dataflow id="390" from="StgValue_279" to="fixedStack_addr_3" fromId="279" toId="103">
</dataflow>
<dataflow id="391" from="zext_ln57" to="fixedStack_addr_3" fromId="102" toId="103">
</dataflow>
<dataflow id="392" from="fixedStack_addr_3" to="stackOut_1" fromId="103" toId="104">
</dataflow>
<dataflow id="393" from="_ssdm_op_SpecRegionEnd" to="empty_15" fromId="322" toId="105">
</dataflow>
<dataflow id="394" from="p_str9" to="empty_15" fromId="247" toId="105">
</dataflow>
<dataflow id="395" from="tmp" to="empty_15" fromId="34" toId="105">
</dataflow>
<dataflow id="396" from="_ssdm_op_SpecLoopName" to="specloopname_ln58" fromId="245" toId="107">
</dataflow>
<dataflow id="398" from="p_str110" to="specloopname_ln58" fromId="397" toId="107">
</dataflow>
<dataflow id="399" from="ProcessNodeInsertion" to="nowPtr_new" fromId="383" toId="108">
</dataflow>
<dataflow id="400" from="myHeap" to="nowPtr_new" fromId="173" toId="108">
</dataflow>
<dataflow id="401" from="zext_ln58" to="nowPtr_new" fromId="100" toId="108">
</dataflow>
<dataflow id="402" from="data_read" to="nowPtr_new" fromId="23" toId="108">
</dataflow>
<dataflow id="403" from="fixedStack_addr_3" to="stackOut_1" fromId="103" toId="109">
</dataflow>
<dataflow id="404" from="stackOut_1" to="output_pointer_1" fromId="109" toId="110">
</dataflow>
<dataflow id="405" from="output_pointer_1" to="zext_ln63_1" fromId="110" toId="111">
</dataflow>
<dataflow id="406" from="hdStack_assign_load_2" to="trunc_ln64" fromId="97" toId="112">
</dataflow>
<dataflow id="407" from="StgValue_341" to="output_hdPtr_avl_1" fromId="341" toId="113">
</dataflow>
<dataflow id="408" from="hdStack_assign_load_2" to="output_hdPtr_avl_1" fromId="97" toId="113">
</dataflow>
<dataflow id="409" from="nowPtr_new" to="icmp_ln63" fromId="108" toId="114">
</dataflow>
<dataflow id="410" from="zext_ln58" to="icmp_ln63" fromId="100" toId="114">
</dataflow>
<dataflow id="411" from="icmp_ln63" to="br_ln63" fromId="114" toId="115">
</dataflow>
<dataflow id="412" from="_ssdm_op_BitSelect.i1.i32.i32" to="tmp_15" fromId="345" toId="116">
</dataflow>
<dataflow id="413" from="stackOut_1" to="tmp_15" fromId="109" toId="116">
</dataflow>
<dataflow id="414" from="StgValue_348" to="tmp_15" fromId="348" toId="116">
</dataflow>
<dataflow id="415" from="tmp_15" to="br_ln64" fromId="116" toId="117">
</dataflow>
<dataflow id="416" from="node_set_left" to="call_ln65" fromId="351" toId="118">
</dataflow>
<dataflow id="417" from="myHeap" to="call_ln65" fromId="173" toId="118">
</dataflow>
<dataflow id="418" from="zext_ln63_1" to="call_ln65" fromId="111" toId="118">
</dataflow>
<dataflow id="419" from="nowPtr_new" to="call_ln65" fromId="108" toId="118">
</dataflow>
<dataflow id="420" from="node_set_left" to="call_ln65" fromId="351" toId="119">
</dataflow>
<dataflow id="421" from="myHeap" to="call_ln65" fromId="173" toId="119">
</dataflow>
<dataflow id="422" from="zext_ln63_1" to="call_ln65" fromId="111" toId="119">
</dataflow>
<dataflow id="423" from="nowPtr_new" to="call_ln65" fromId="108" toId="119">
</dataflow>
<dataflow id="424" from="node_set_right" to="call_ln67" fromId="356" toId="121">
</dataflow>
<dataflow id="425" from="myHeap" to="call_ln67" fromId="173" toId="121">
</dataflow>
<dataflow id="426" from="zext_ln63_1" to="call_ln67" fromId="111" toId="121">
</dataflow>
<dataflow id="427" from="nowPtr_new" to="call_ln67" fromId="108" toId="121">
</dataflow>
<dataflow id="428" from="trunc_ln64" to="icmp_ln70" fromId="112" toId="124">
</dataflow>
<dataflow id="430" from="StgValue_429" to="icmp_ln70" fromId="429" toId="124">
</dataflow>
<dataflow id="431" from="icmp_ln70" to="br_ln70" fromId="124" toId="125">
</dataflow>
<dataflow id="432" from="output_hdPtr_avl_1" to="store_ln70" fromId="113" toId="126">
</dataflow>
<dataflow id="433" from="hdStack_assign" to="store_ln70" fromId="18" toId="126">
</dataflow>
<dataflow id="434" from="node_set_right" to="call_ln67" fromId="356" toId="128">
</dataflow>
<dataflow id="435" from="myHeap" to="call_ln67" fromId="173" toId="128">
</dataflow>
<dataflow id="436" from="zext_ln63_1" to="call_ln67" fromId="111" toId="128">
</dataflow>
<dataflow id="437" from="nowPtr_new" to="call_ln67" fromId="108" toId="128">
</dataflow>
<dataflow id="438" from="ProcessNodeInsertion" to="output_root_1" fromId="383" toId="129">
</dataflow>
<dataflow id="439" from="myHeap" to="output_root_1" fromId="173" toId="129">
</dataflow>
<dataflow id="440" from="zext_ln63_1" to="output_root_1" fromId="111" toId="129">
</dataflow>
<dataflow id="441" from="data_read" to="output_root_1" fromId="23" toId="129">
</dataflow>
<dataflow id="442" from="ProcessNodeInsertion" to="output_root_1" fromId="383" toId="130">
</dataflow>
<dataflow id="443" from="myHeap" to="output_root_1" fromId="173" toId="130">
</dataflow>
<dataflow id="444" from="zext_ln63_1" to="output_root_1" fromId="111" toId="130">
</dataflow>
<dataflow id="445" from="data_read" to="output_root_1" fromId="23" toId="130">
</dataflow>
<dataflow id="446" from="output_root" to="phi_ln96" fromId="138" toId="132">
<condition id="-1">
<or_exp><and_exp></and_exp></or_exp>
</condition>
</dataflow>
<dataflow id="447" from="br_ln55" to="phi_ln96" fromId="139" toId="132">
</dataflow>
<dataflow id="448" from="output_root_1" to="phi_ln96" fromId="130" toId="132">
<condition id="-1">
<or_exp><and_exp><literal name="icmp_ln33" val="0"/>
<literal name="icmp_ln46" val="1"/>
<literal name="icmp_ln53" val="0"/>
<literal name="icmp_ln58" val="1"/>
</and_exp></or_exp>
</condition>
</dataflow>
<dataflow id="449" from="br_ln72" to="phi_ln96" fromId="131" toId="132">
</dataflow>
<dataflow id="450" from="select_ln36" to="phi_ln96" fromId="66" toId="132">
<condition id="-1">
<or_exp><and_exp><literal name="icmp_ln30" val="1"/>
<literal name="icmp_ln33" val="1"/>
</and_exp></or_exp>
</condition>
</dataflow>
<dataflow id="451" from="br_ln36" to="phi_ln96" fromId="67" toId="132">
</dataflow>
<dataflow id="452" from="p_read_2" to="phi_ln96" fromId="26" toId="132">
<condition id="-1">
<or_exp><and_exp><literal name="icmp_ln58" val="0"/>
</and_exp></or_exp>
</condition>
</dataflow>
<dataflow id="453" from="br_ln28" to="phi_ln96" fromId="106" toId="132">
</dataflow>
<dataflow id="454" from="treePtr_read" to="phi_ln96" fromId="24" toId="132">
<condition id="-1">
<or_exp><and_exp><literal name="icmp_ln46" val="0"/>
</and_exp></or_exp>
</condition>
</dataflow>
<dataflow id="455" from="br_ln46" to="phi_ln96" fromId="83" toId="132">
</dataflow>
<dataflow id="456" from="subResult_pointer" to="phi_ln96_1" fromId="37" toId="133">
<condition id="-1">
<or_exp><and_exp></and_exp></or_exp>
</condition>
</dataflow>
<dataflow id="457" from="br_ln55" to="phi_ln96_1" fromId="139" toId="133">
</dataflow>
<dataflow id="458" from="subResult_pointer" to="phi_ln96_1" fromId="37" toId="133">
<condition id="-1">
<or_exp><and_exp><literal name="icmp_ln33" val="0"/>
<literal name="icmp_ln46" val="1"/>
<literal name="icmp_ln53" val="0"/>
<literal name="icmp_ln58" val="1"/>
</and_exp></or_exp>
</condition>
</dataflow>
<dataflow id="459" from="br_ln72" to="phi_ln96_1" fromId="131" toId="133">
</dataflow>
<dataflow id="460" from="subResult_pointer" to="phi_ln96_1" fromId="37" toId="133">
<condition id="-1">
<or_exp><and_exp><literal name="icmp_ln30" val="1"/>
<literal name="icmp_ln33" val="1"/>
</and_exp></or_exp>
</condition>
</dataflow>
<dataflow id="461" from="br_ln36" to="phi_ln96_1" fromId="67" toId="133">
</dataflow>
<dataflow id="462" from="p_read_1" to="phi_ln96_1" fromId="25" toId="133">
<condition id="-1">
<or_exp><and_exp><literal name="icmp_ln58" val="0"/>
</and_exp></or_exp>
</condition>
</dataflow>
<dataflow id="463" from="br_ln28" to="phi_ln96_1" fromId="106" toId="133">
</dataflow>
<dataflow id="464" from="subResult_pointer" to="phi_ln96_1" fromId="37" toId="133">
<condition id="-1">
<or_exp><and_exp><literal name="icmp_ln46" val="0"/>
</and_exp></or_exp>
</condition>
</dataflow>
<dataflow id="465" from="br_ln46" to="phi_ln96_1" fromId="83" toId="133">
</dataflow>
<dataflow id="467" from="StgValue_466" to="mrv" fromId="466" toId="134">
</dataflow>
<dataflow id="468" from="phi_ln96" to="mrv" fromId="132" toId="134">
</dataflow>
<dataflow id="469" from="mrv" to="mrv_1" fromId="134" toId="135">
</dataflow>
<dataflow id="470" from="phi_ln96_1" to="mrv_1" fromId="133" toId="135">
</dataflow>
<dataflow id="471" from="mrv_1" to="ret_ln96" fromId="135" toId="136">
</dataflow>
<dataflow id="472" from="ProcessNodeInsertion" to="output_root" fromId="383" toId="137">
</dataflow>
<dataflow id="473" from="myHeap" to="output_root" fromId="173" toId="137">
</dataflow>
<dataflow id="474" from="zext_ln63" to="output_root" fromId="81" toId="137">
</dataflow>
<dataflow id="475" from="data_read" to="output_root" fromId="23" toId="137">
</dataflow>
<dataflow id="476" from="ProcessNodeInsertion" to="output_root" fromId="383" toId="138">
</dataflow>
<dataflow id="477" from="myHeap" to="output_root" fromId="173" toId="138">
</dataflow>
<dataflow id="478" from="zext_ln63" to="output_root" fromId="81" toId="138">
</dataflow>
<dataflow id="479" from="data_read" to="output_root" fromId="23" toId="138">
</dataflow>
<dataflow id="480" from="icmp_ln30" to="StgValue_3" fromId="39" toId="3">
</dataflow>
<dataflow id="481" from="icmp_ln84" to="StgValue_3" fromId="41" toId="3">
</dataflow>
<dataflow id="482" from="icmp_ln33" to="StgValue_3" fromId="58" toId="3">
</dataflow>
<dataflow id="483" from="icmp_ln84" to="StgValue_5" fromId="41" toId="5">
</dataflow>
<dataflow id="484" from="icmp_ln46" to="StgValue_7" fromId="64" toId="7">
</dataflow>
<dataflow id="485" from="tmp_14" to="StgValue_7" fromId="84" toId="7">
</dataflow>
<dataflow id="486" from="tmp_14" to="StgValue_8" fromId="84" toId="8">
</dataflow>
<dataflow id="487" from="icmp_ln53" to="StgValue_8" fromId="92" toId="8">
</dataflow>
<dataflow id="488" from="icmp_ln58" to="StgValue_9" fromId="98" toId="9">
</dataflow>
<dataflow id="489" from="icmp_ln63" to="StgValue_10" fromId="114" toId="10">
</dataflow>
<dataflow id="490" from="icmp_ln63" to="StgValue_12" fromId="114" toId="12">
</dataflow>
<dataflow id="491" from="tmp_15" to="StgValue_12" fromId="116" toId="12">
</dataflow>
<dataflow id="492" from="icmp_ln70" to="StgValue_12" fromId="124" toId="12">
</dataflow>
<dataflow id="493" from="icmp_ln33" to="StgValue_15" fromId="58" toId="15">
</dataflow>
<dataflow id="494" from="icmp_ln46" to="StgValue_15" fromId="64" toId="15">
</dataflow>
<dataflow id="495" from="icmp_ln53" to="StgValue_15" fromId="92" toId="15">
</dataflow>
<dataflow id="496" from="icmp_ln58" to="StgValue_15" fromId="98" toId="15">
</dataflow>
<dataflow id="497" from="tmp_15" to="StgValue_10" fromId="116" toId="10">
</dataflow>
</dataflows>


</stg>
