<stg><name>Insert</name>


<trans_list>

<trans id="140" from="1" to="2">
<condition id="-1">
<or_exp><and_exp></and_exp></or_exp>
</condition>
</trans>

<trans id="141" from="2" to="3">
<condition id="-1">
<or_exp><and_exp></and_exp></or_exp>
</condition>
</trans>

<trans id="142" from="3" to="4">
<condition id="-1">
<or_exp><and_exp><literal name="icmp_ln30" val="0"/>
<literal name="icmp_ln84" val="0"/>
</and_exp></or_exp>
</condition>
</trans>

<trans id="143" from="3" to="6">
<condition id="-1">
<or_exp><and_exp><literal name="icmp_ln30" val="0"/>
<literal name="icmp_ln84" val="1"/>
</and_exp></or_exp>
</condition>
</trans>

<trans id="149" from="3" to="7">
<condition id="-1">
<or_exp><and_exp><literal name="icmp_ln30" val="1"/>
<literal name="icmp_ln33" val="0"/>
</and_exp></or_exp>
</condition>
</trans>

<trans id="170" from="3" to="15">
<condition id="-1">
<or_exp><and_exp><literal name="icmp_ln30" val="1"/>
<literal name="icmp_ln33" val="1"/>
</and_exp></or_exp>
</condition>
</trans>

<trans id="145" from="4" to="5">
<condition id="-1">
<or_exp><and_exp></and_exp></or_exp>
</condition>
</trans>

<trans id="148" from="5" to="2">
<condition id="-1">
<or_exp><and_exp></and_exp></or_exp>
</condition>
</trans>

<trans id="147" from="6" to="5">
<condition id="-1">
<or_exp><and_exp></and_exp></or_exp>
</condition>
</trans>

<trans id="151" from="7" to="15">
<condition id="-1">
<or_exp><and_exp><literal name="icmp_ln46" val="0"/>
</and_exp></or_exp>
</condition>
</trans>

<trans id="152" from="7" to="8">
<condition id="-1">
<or_exp><and_exp><literal name="icmp_ln46" val="1"/>
</and_exp></or_exp>
</condition>
</trans>

<trans id="155" from="8" to="16">
<condition id="-1">
<or_exp><and_exp><literal name="icmp_ln53" val="1"/>
</and_exp></or_exp>
</condition>
</trans>

<trans id="156" from="8" to="9">
<condition id="-1">
<or_exp><and_exp><literal name="icmp_ln53" val="0"/>
</and_exp></or_exp>
</condition>
</trans>

<trans id="157" from="9" to="10">
<condition id="-1">
<or_exp><and_exp><literal name="icmp_ln58" val="1"/>
</and_exp></or_exp>
</condition>
</trans>

<trans id="167" from="9" to="15">
<condition id="-1">
<or_exp><and_exp><literal name="icmp_ln58" val="0"/>
</and_exp></or_exp>
</condition>
</trans>

<trans id="159" from="10" to="12">
<condition id="-1">
<or_exp><and_exp><literal name="icmp_ln63" val="1"/>
</and_exp></or_exp>
</condition>
</trans>

<trans id="160" from="10" to="11">
<condition id="-1">
<or_exp><and_exp><literal name="icmp_ln63" val="0"/>
<literal name="tmp_15" val="0"/>
</and_exp></or_exp>
</condition>
</trans>

<trans id="161" from="10" to="13">
<condition id="-1">
<or_exp><and_exp><literal name="icmp_ln63" val="0"/>
<literal name="tmp_15" val="1"/>
</and_exp></or_exp>
</condition>
</trans>

<trans id="162" from="11" to="12">
<condition id="-1">
<or_exp><and_exp></and_exp></or_exp>
</condition>
</trans>

<trans id="164" from="12" to="14">
<condition id="-1">
<or_exp><and_exp><literal name="icmp_ln70" val="1"/>
</and_exp></or_exp>
</condition>
</trans>

<trans id="165" from="12" to="9">
<condition id="-1">
<or_exp><and_exp><literal name="icmp_ln70" val="0"/>
</and_exp></or_exp>
</condition>
</trans>

<trans id="163" from="13" to="12">
<condition id="-1">
<or_exp><and_exp></and_exp></or_exp>
</condition>
</trans>

<trans id="166" from="14" to="15">
<condition id="-1">
<or_exp><and_exp></and_exp></or_exp>
</condition>
</trans>

<trans id="168" from="16" to="17">
<condition id="-1">
<or_exp><and_exp></and_exp></or_exp>
</condition>
</trans>

<trans id="169" from="17" to="15">
<condition id="-1">
<or_exp><and_exp></and_exp></or_exp>
</condition>
</trans>
</trans_list>



<state_list>

<state id="1" st_id="1">

<operation id="18" st_id="1" stage="1" lat="1">
<core>NULL</core>
<MemPortIdVec></MemPortIdVec>
<condition id="-1">
<or_exp><and_exp></and_exp></or_exp>
</condition>

<Node id="8" bw="32" op_0_bw="32">
<![CDATA[
flag_loop_begin.critedge:0  %hdStack_assign = alloca i32

]]></Node>
<StgValue><ssdm name="hdStack_assign"/></StgValue>
</operation>

<operation id="19" st_id="1" stage="1" lat="1">
<core>NULL</core>
<MemPortIdVec></MemPortIdVec>
<condition id="-1">
<or_exp><and_exp></and_exp></or_exp>
</condition>

<Node id="9" bw="32" op_0_bw="32">
<![CDATA[
flag_loop_begin.critedge:1  %pointer_assign = alloca i32

]]></Node>
<StgValue><ssdm name="pointer_assign"/></StgValue>
</operation>

<operation id="20" st_id="1" stage="1" lat="1">
<core>NULL</core>
<MemPortIdVec></MemPortIdVec>
<condition id="-1">
<or_exp><and_exp></and_exp></or_exp>
</condition>

<Node id="10" bw="2" op_0_bw="32">
<![CDATA[
flag_loop_begin.critedge:2  %flag_stackIsUsed_0 = alloca i2

]]></Node>
<StgValue><ssdm name="flag_stackIsUsed_0"/></StgValue>
</operation>

<operation id="21" st_id="1" stage="1" lat="1">
<core>NULL</core>
<MemPortIdVec></MemPortIdVec>
<condition id="-1">
<or_exp><and_exp></and_exp></or_exp>
</condition>

<Node id="11" bw="0" op_0_bw="0" op_1_bw="32" op_2_bw="0" op_3_bw="32" op_4_bw="32" op_5_bw="0" op_6_bw="32" op_7_bw="32" op_8_bw="0" op_9_bw="0" op_10_bw="0" op_11_bw="32" op_12_bw="32" op_13_bw="32" op_14_bw="32" op_15_bw="0" op_16_bw="0">
<![CDATA[
flag_loop_begin.critedge:3  call void (...)* @_ssdm_op_SpecInterface(i32* %Master2SysAlloc, [6 x i8]* @p_str3, i32 0, i32 0, [1 x i8]* @p_str1, i32 0, i32 1, [1 x i8]* @p_str1, [4 x i8]* @p_str4, [1 x i8]* @p_str1, i32 16, i32 16, i32 16, i32 16, [1 x i8]* @p_str1, [1 x i8]* @p_str1) nounwind

]]></Node>
<StgValue><ssdm name="specinterface_ln0"/></StgValue>
</operation>

<operation id="22" st_id="1" stage="1" lat="1">
<core>NULL</core>
<MemPortIdVec></MemPortIdVec>
<condition id="-1">
<or_exp><and_exp></and_exp></or_exp>
</condition>

<Node id="12" bw="0" op_0_bw="0" op_1_bw="32" op_2_bw="0" op_3_bw="32" op_4_bw="32" op_5_bw="0" op_6_bw="32" op_7_bw="32" op_8_bw="0" op_9_bw="0" op_10_bw="0" op_11_bw="32" op_12_bw="32" op_13_bw="32" op_14_bw="32" op_15_bw="0" op_16_bw="0">
<![CDATA[
flag_loop_begin.critedge:4  call void (...)* @_ssdm_op_SpecInterface(i32* %myHeap, [6 x i8]* @p_str3, i32 0, i32 0, [1 x i8]* @p_str1, i32 0, i32 1, [1 x i8]* @p_str1, [4 x i8]* @p_str4, [1 x i8]* @p_str1, i32 16, i32 16, i32 16, i32 16, [1 x i8]* @p_str1, [1 x i8]* @p_str1) nounwind

]]></Node>
<StgValue><ssdm name="specinterface_ln0"/></StgValue>
</operation>

<operation id="23" st_id="1" stage="1" lat="1">
<core>NULL</core>
<MemPortIdVec></MemPortIdVec>
<condition id="-1">
<or_exp><and_exp></and_exp></or_exp>
</condition>

<Node id="13" bw="32" op_0_bw="32" op_1_bw="32">
<![CDATA[
flag_loop_begin.critedge:5  %data_read = call i32 @_ssdm_op_Read.ap_auto.i32(i32 %data)

]]></Node>
<StgValue><ssdm name="data_read"/></StgValue>
</operation>

<operation id="24" st_id="1" stage="1" lat="1">
<core>NULL</core>
<MemPortIdVec></MemPortIdVec>
<condition id="-1">
<or_exp><and_exp></and_exp></or_exp>
</condition>

<Node id="14" bw="32" op_0_bw="32" op_1_bw="32">
<![CDATA[
flag_loop_begin.critedge:6  %treePtr_read = call i32 @_ssdm_op_Read.ap_auto.i32(i32 %treePtr)

]]></Node>
<StgValue><ssdm name="treePtr_read"/></StgValue>
</operation>

<operation id="25" st_id="1" stage="1" lat="1">
<core>NULL</core>
<MemPortIdVec></MemPortIdVec>
<condition id="-1">
<or_exp><and_exp></and_exp></or_exp>
</condition>

<Node id="15" bw="32" op_0_bw="32" op_1_bw="32">
<![CDATA[
flag_loop_begin.critedge:7  %p_read_1 = call i32 @_ssdm_op_Read.ap_auto.i32(i32 %p_read1)

]]></Node>
<StgValue><ssdm name="p_read_1"/></StgValue>
</operation>

<operation id="26" st_id="1" stage="1" lat="1">
<core>NULL</core>
<MemPortIdVec></MemPortIdVec>
<condition id="-1">
<or_exp><and_exp></and_exp></or_exp>
</condition>

<Node id="16" bw="32" op_0_bw="32" op_1_bw="32">
<![CDATA[
flag_loop_begin.critedge:8  %p_read_2 = call i32 @_ssdm_op_Read.ap_auto.i32(i32 %p_read)

]]></Node>
<StgValue><ssdm name="p_read_2"/></StgValue>
</operation>

<operation id="27" st_id="1" stage="1" lat="1">
<core>NULL</core>
<MemPortIdVec></MemPortIdVec>
<condition id="-1">
<or_exp><and_exp></and_exp></or_exp>
</condition>

<Node id="17" bw="0" op_0_bw="2" op_1_bw="2">
<![CDATA[
flag_loop_begin.critedge:9  store i2 0, i2* %flag_stackIsUsed_0

]]></Node>
<StgValue><ssdm name="store_ln28"/></StgValue>
</operation>

<operation id="28" st_id="1" stage="1" lat="1">
<core>NULL</core>
<MemPortIdVec></MemPortIdVec>
<condition id="-1">
<or_exp><and_exp></and_exp></or_exp>
</condition>

<Node id="18" bw="0" op_0_bw="32" op_1_bw="32">
<![CDATA[
flag_loop_begin.critedge:10  store i32 %treePtr_read, i32* %pointer_assign

]]></Node>
<StgValue><ssdm name="store_ln28"/></StgValue>
</operation>

<operation id="29" st_id="1" stage="1" lat="1">
<core>NULL</core>
<MemPortIdVec></MemPortIdVec>
<condition id="-1">
<or_exp><and_exp></and_exp></or_exp>
</condition>

<Node id="19" bw="0" op_0_bw="32" op_1_bw="32">
<![CDATA[
flag_loop_begin.critedge:11  store i32 0, i32* %hdStack_assign

]]></Node>
<StgValue><ssdm name="store_ln28"/></StgValue>
</operation>

<operation id="30" st_id="1" stage="1" lat="1">
<core>NULL</core>
<MemPortIdVec></MemPortIdVec>
<condition id="-1">
<or_exp><and_exp></and_exp></or_exp>
</condition>

<Node id="20" bw="0" op_0_bw="0">
<![CDATA[
flag_loop_begin.critedge:12  br label %flag_loop_begin

]]></Node>
<StgValue><ssdm name="br_ln0"/></StgValue>
</operation>
</state>

<state id="2" st_id="2">

<operation id="31" st_id="2" stage="1" lat="1">
<core>NULL</core>
<MemPortIdVec></MemPortIdVec>
<condition id="-1">
<or_exp><and_exp></and_exp></or_exp>
</condition>

<Node id="22" bw="32" op_0_bw="32" op_1_bw="0">
<![CDATA[
flag_loop_begin:0  %pointer_assign_load = load i32* %pointer_assign

]]></Node>
<StgValue><ssdm name="pointer_assign_load"/></StgValue>
</operation>

<operation id="32" st_id="2" stage="2" lat="2">
<core></core>
<MemPortIdVec></MemPortIdVec>
<condition id="-1">
<or_exp><and_exp></and_exp></or_exp>
</condition>

<Node id="25" bw="96" op_0_bw="96" op_1_bw="32" op_2_bw="32" op_3_bw="32" op_4_bw="32">
<![CDATA[
flag_loop_begin:3  %call_ret = call fastcc { i32, i32, i32 } @InsertSub(i32* %myHeap, i32* %Master2SysAlloc, i32 %pointer_assign_load, i32 %data_read)

]]></Node>
<StgValue><ssdm name="call_ret"/></StgValue>
</operation>
</state>

<state id="3" st_id="3">

<operation id="33" st_id="3" stage="1" lat="1">
<core>NULL</core>
<MemPortIdVec></MemPortIdVec>
<condition id="-1">
<or_exp><and_exp></and_exp></or_exp>
</condition>

<Node id="23" bw="0" op_0_bw="0" op_1_bw="0">
<![CDATA[
flag_loop_begin:1  call void (...)* @_ssdm_op_SpecLoopName([10 x i8]* @p_str9) nounwind

]]></Node>
<StgValue><ssdm name="specloopname_ln28"/></StgValue>
</operation>

<operation id="34" st_id="3" stage="1" lat="1">
<core>NULL</core>
<MemPortIdVec></MemPortIdVec>
<condition id="-1">
<or_exp><and_exp></and_exp></or_exp>
</condition>

<Node id="24" bw="32" op_0_bw="32" op_1_bw="0">
<![CDATA[
flag_loop_begin:2  %tmp = call i32 (...)* @_ssdm_op_SpecRegionBegin([10 x i8]* @p_str9)

]]></Node>
<StgValue><ssdm name="tmp"/></StgValue>
</operation>

<operation id="35" st_id="3" stage="1" lat="2">
<core></core>
<MemPortIdVec></MemPortIdVec>
<condition id="-1">
<or_exp><and_exp></and_exp></or_exp>
</condition>

<Node id="25" bw="96" op_0_bw="96" op_1_bw="32" op_2_bw="32" op_3_bw="32" op_4_bw="32">
<![CDATA[
flag_loop_begin:3  %call_ret = call fastcc { i32, i32, i32 } @InsertSub(i32* %myHeap, i32* %Master2SysAlloc, i32 %pointer_assign_load, i32 %data_read)

]]></Node>
<StgValue><ssdm name="call_ret"/></StgValue>
</operation>

<operation id="36" st_id="3" stage="1" lat="1">
<core>NULL</core>
<MemPortIdVec></MemPortIdVec>
<condition id="-1">
<or_exp><and_exp></and_exp></or_exp>
</condition>

<Node id="26" bw="32" op_0_bw="96">
<![CDATA[
flag_loop_begin:4  %subResult_feedback = extractvalue { i32, i32, i32 } %call_ret, 0

]]></Node>
<StgValue><ssdm name="subResult_feedback"/></StgValue>
</operation>

<operation id="37" st_id="3" stage="1" lat="1">
<core>NULL</core>
<MemPortIdVec></MemPortIdVec>
<condition id="-1">
<or_exp><and_exp></and_exp></or_exp>
</condition>

<Node id="27" bw="32" op_0_bw="96">
<![CDATA[
flag_loop_begin:5  %subResult_pointer = extractvalue { i32, i32, i32 } %call_ret, 1

]]></Node>
<StgValue><ssdm name="subResult_pointer"/></StgValue>
</operation>

<operation id="38" st_id="3" stage="1" lat="1">
<core>NULL</core>
<MemPortIdVec></MemPortIdVec>
<condition id="-1">
<or_exp><and_exp></and_exp></or_exp>
</condition>

<Node id="28" bw="32" op_0_bw="96">
<![CDATA[
flag_loop_begin:6  %subResult_flag_same_s = extractvalue { i32, i32, i32 } %call_ret, 2

]]></Node>
<StgValue><ssdm name="subResult_flag_same_s"/></StgValue>
</operation>

<operation id="39" st_id="3" stage="1" lat="1">
<core>Cmp</core>
<MemPortIdVec></MemPortIdVec>
<condition id="-1">
<or_exp><and_exp></and_exp></or_exp>
</condition>

<Node id="29" bw="1" op_0_bw="32" op_1_bw="32">
<![CDATA[
flag_loop_begin:7  %icmp_ln30 = icmp eq i32 %subResult_feedback, 1

]]></Node>
<StgValue><ssdm name="icmp_ln30"/></StgValue>
</operation>

<operation id="40" st_id="3" stage="1" lat="1">
<core>NULL</core>
<MemPortIdVec></MemPortIdVec>
<condition id="-1">
<or_exp><and_exp></and_exp></or_exp>
</condition>

<Node id="30" bw="0" op_0_bw="1" op_1_bw="0" op_2_bw="0">
<![CDATA[
flag_loop_begin:8  br i1 %icmp_ln30, label %0, label %14

]]></Node>
<StgValue><ssdm name="br_ln30"/></StgValue>
</operation>

<operation id="41" st_id="3" stage="1" lat="1">
<core>Cmp</core>
<MemPortIdVec></MemPortIdVec>
<condition id="-1">
<or_exp><and_exp><literal name="icmp_ln30" val="0"/>
</and_exp></or_exp>
</condition>

<Node id="32" bw="1" op_0_bw="32" op_1_bw="32">
<![CDATA[
:0  %icmp_ln84 = icmp eq i32 %subResult_feedback, 2

]]></Node>
<StgValue><ssdm name="icmp_ln84"/></StgValue>
</operation>

<operation id="42" st_id="3" stage="1" lat="1">
<core>NULL</core>
<MemPortIdVec></MemPortIdVec>
<condition id="-1">
<or_exp><and_exp><literal name="icmp_ln30" val="0"/>
</and_exp></or_exp>
</condition>

<Node id="33" bw="0" op_0_bw="2" op_1_bw="2" op_2_bw="0">
<![CDATA[
:1  store i2 1, i2* %flag_stackIsUsed_0

]]></Node>
<StgValue><ssdm name="store_ln84"/></StgValue>
</operation>

<operation id="43" st_id="3" stage="1" lat="1">
<core>NULL</core>
<MemPortIdVec></MemPortIdVec>
<condition id="-1">
<or_exp><and_exp><literal name="icmp_ln30" val="0"/>
</and_exp></or_exp>
</condition>

<Node id="34" bw="32" op_0_bw="32" op_1_bw="0">
<![CDATA[
:2  %hdStack_assign_load_1 = load i32* %hdStack_assign

]]></Node>
<StgValue><ssdm name="hdStack_assign_load_1"/></StgValue>
</operation>

<operation id="44" st_id="3" stage="1" lat="1">
<core>NULL</core>
<MemPortIdVec></MemPortIdVec>
<condition id="-1">
<or_exp><and_exp><literal name="icmp_ln30" val="0"/>
</and_exp></or_exp>
</condition>

<Node id="35" bw="32" op_0_bw="32" op_1_bw="0">
<![CDATA[
:3  %pointer_assign_load_1 = load i32* %pointer_assign

]]></Node>
<StgValue><ssdm name="pointer_assign_load_1"/></StgValue>
</operation>

<operation id="45" st_id="3" stage="1" lat="1">
<core>NULL</core>
<MemPortIdVec></MemPortIdVec>
<condition id="-1">
<or_exp><and_exp><literal name="icmp_ln30" val="0"/>
</and_exp></or_exp>
</condition>

<Node id="36" bw="0" op_0_bw="1" op_1_bw="0" op_2_bw="0">
<![CDATA[
:4  br i1 %icmp_ln84, label %flag_loop_end1, label %flag_loop_end2

]]></Node>
<StgValue><ssdm name="br_ln84"/></StgValue>
</operation>

<operation id="46" st_id="3" stage="1" lat="1">
<core>NULL</core>
<MemPortIdVec></MemPortIdVec>
<condition id="-1">
<or_exp><and_exp><literal name="icmp_ln30" val="0"/>
<literal name="icmp_ln84" val="0"/>
</and_exp></or_exp>
</condition>

<Node id="38" bw="32" op_0_bw="32" op_1_bw="32">
<![CDATA[
flag_loop_end2:0  %nodeData = or i32 %pointer_assign_load_1, -2147483648

]]></Node>
<StgValue><ssdm name="nodeData"/></StgValue>
</operation>

<operation id="47" st_id="3" stage="1" lat="1">
<core>AddSub</core>
<MemPortIdVec></MemPortIdVec>
<condition id="-1">
<or_exp><and_exp><literal name="icmp_ln30" val="0"/>
<literal name="icmp_ln84" val="0"/>
</and_exp></or_exp>
</condition>

<Node id="39" bw="32" op_0_bw="32" op_1_bw="32">
<![CDATA[
flag_loop_end2:1  %output_hdPtr_avl_3 = add nsw i32 %hdStack_assign_load_1, 1

]]></Node>
<StgValue><ssdm name="output_hdPtr_avl_3"/></StgValue>
</operation>

<operation id="48" st_id="3" stage="1" lat="1">
<core>NULL</core>
<MemPortIdVec></MemPortIdVec>
<condition id="-1">
<or_exp><and_exp><literal name="icmp_ln30" val="0"/>
<literal name="icmp_ln84" val="0"/>
</and_exp></or_exp>
</condition>

<Node id="40" bw="64" op_0_bw="32">
<![CDATA[
flag_loop_end2:2  %sext_ln51_1 = sext i32 %output_hdPtr_avl_3 to i64

]]></Node>
<StgValue><ssdm name="sext_ln51_1"/></StgValue>
</operation>

<operation id="49" st_id="3" stage="1" lat="1">
<core>NULL</core>
<MemPortIdVec></MemPortIdVec>
<condition id="-1">
<or_exp><and_exp><literal name="icmp_ln30" val="0"/>
<literal name="icmp_ln84" val="0"/>
</and_exp></or_exp>
</condition>

<Node id="41" bw="6" op_0_bw="32" op_1_bw="64" op_2_bw="64">
<![CDATA[
flag_loop_end2:3  %fixedStack_addr_2 = getelementptr [40 x i32]* %fixedStack, i64 0, i64 %sext_ln51_1

]]></Node>
<StgValue><ssdm name="fixedStack_addr_2"/></StgValue>
</operation>

<operation id="50" st_id="3" stage="1" lat="1">
<core>RAM</core>
<MemPortIdVec></MemPortIdVec>
<condition id="-1">
<or_exp><and_exp><literal name="icmp_ln30" val="0"/>
<literal name="icmp_ln84" val="0"/>
</and_exp></or_exp>
</condition>

<Node id="42" bw="0" op_0_bw="32" op_1_bw="6">
<![CDATA[
flag_loop_end2:4  store i32 %nodeData, i32* %fixedStack_addr_2, align 4

]]></Node>
<StgValue><ssdm name="store_ln51"/></StgValue>
</operation>

<operation id="51" st_id="3" stage="1" lat="1">
<core>NULL</core>
<MemPortIdVec></MemPortIdVec>
<condition id="-1">
<or_exp><and_exp><literal name="icmp_ln30" val="0"/>
<literal name="icmp_ln84" val="0"/>
</and_exp></or_exp>
</condition>

<Node id="45" bw="0" op_0_bw="32" op_1_bw="32" op_2_bw="0" op_3_bw="32">
<![CDATA[
flag_loop_end2:7  store i32 %output_hdPtr_avl_3, i32* %hdStack_assign

]]></Node>
<StgValue><ssdm name="store_ln51"/></StgValue>
</operation>

<operation id="52" st_id="3" stage="1" lat="1">
<core>AddSub</core>
<MemPortIdVec></MemPortIdVec>
<condition id="-1">
<or_exp><and_exp><literal name="icmp_ln30" val="0"/>
<literal name="icmp_ln84" val="1"/>
</and_exp></or_exp>
</condition>

<Node id="49" bw="32" op_0_bw="32" op_1_bw="32">
<![CDATA[
flag_loop_end1:0  %output_hdPtr_avl_2 = add nsw i32 %hdStack_assign_load_1, 1

]]></Node>
<StgValue><ssdm name="output_hdPtr_avl_2"/></StgValue>
</operation>

<operation id="53" st_id="3" stage="1" lat="1">
<core>NULL</core>
<MemPortIdVec></MemPortIdVec>
<condition id="-1">
<or_exp><and_exp><literal name="icmp_ln30" val="0"/>
<literal name="icmp_ln84" val="1"/>
</and_exp></or_exp>
</condition>

<Node id="50" bw="64" op_0_bw="32">
<![CDATA[
flag_loop_end1:1  %sext_ln51 = sext i32 %output_hdPtr_avl_2 to i64

]]></Node>
<StgValue><ssdm name="sext_ln51"/></StgValue>
</operation>

<operation id="54" st_id="3" stage="1" lat="1">
<core>NULL</core>
<MemPortIdVec></MemPortIdVec>
<condition id="-1">
<or_exp><and_exp><literal name="icmp_ln30" val="0"/>
<literal name="icmp_ln84" val="1"/>
</and_exp></or_exp>
</condition>

<Node id="51" bw="6" op_0_bw="32" op_1_bw="64" op_2_bw="64">
<![CDATA[
flag_loop_end1:2  %fixedStack_addr_1 = getelementptr [40 x i32]* %fixedStack, i64 0, i64 %sext_ln51

]]></Node>
<StgValue><ssdm name="fixedStack_addr_1"/></StgValue>
</operation>

<operation id="55" st_id="3" stage="1" lat="1">
<core>RAM</core>
<MemPortIdVec></MemPortIdVec>
<condition id="-1">
<or_exp><and_exp><literal name="icmp_ln30" val="0"/>
<literal name="icmp_ln84" val="1"/>
</and_exp></or_exp>
</condition>

<Node id="52" bw="0" op_0_bw="32" op_1_bw="6">
<![CDATA[
flag_loop_end1:3  store i32 %pointer_assign_load_1, i32* %fixedStack_addr_1, align 4

]]></Node>
<StgValue><ssdm name="store_ln51"/></StgValue>
</operation>

<operation id="56" st_id="3" stage="1" lat="1">
<core>NULL</core>
<MemPortIdVec></MemPortIdVec>
<condition id="-1">
<or_exp><and_exp><literal name="icmp_ln30" val="0"/>
<literal name="icmp_ln84" val="1"/>
</and_exp></or_exp>
</condition>

<Node id="55" bw="0" op_0_bw="32" op_1_bw="32" op_2_bw="0" op_3_bw="32">
<![CDATA[
flag_loop_end1:6  store i32 %output_hdPtr_avl_2, i32* %hdStack_assign

]]></Node>
<StgValue><ssdm name="store_ln88"/></StgValue>
</operation>

<operation id="57" st_id="3" stage="1" lat="1">
<core>NULL</core>
<MemPortIdVec></MemPortIdVec>
<condition id="-1">
<or_exp><and_exp><literal name="icmp_ln30" val="1"/>
</and_exp></or_exp>
</condition>

<Node id="61" bw="2" op_0_bw="2" op_1_bw="0">
<![CDATA[
:0  %flag_stackIsUsed_0_l = load i2* %flag_stackIsUsed_0

]]></Node>
<StgValue><ssdm name="flag_stackIsUsed_0_l"/></StgValue>
</operation>

<operation id="58" st_id="3" stage="1" lat="1">
<core>Cmp</core>
<MemPortIdVec></MemPortIdVec>
<condition id="-1">
<or_exp><and_exp><literal name="icmp_ln30" val="1"/>
</and_exp></or_exp>
</condition>

<Node id="62" bw="1" op_0_bw="2" op_1_bw="2">
<![CDATA[
:1  %icmp_ln33 = icmp eq i2 %flag_stackIsUsed_0_l, 0

]]></Node>
<StgValue><ssdm name="icmp_ln33"/></StgValue>
</operation>

<operation id="59" st_id="3" stage="1" lat="1">
<core>NULL</core>
<MemPortIdVec></MemPortIdVec>
<condition id="-1">
<or_exp><and_exp><literal name="icmp_ln30" val="1"/>
</and_exp></or_exp>
</condition>

<Node id="63" bw="0" op_0_bw="1" op_1_bw="0" op_2_bw="0">
<![CDATA[
:2  br i1 %icmp_ln33, label %1, label %2

]]></Node>
<StgValue><ssdm name="br_ln33"/></StgValue>
</operation>

<operation id="60" st_id="3" stage="1" lat="1">
<core>NULL</core>
<MemPortIdVec></MemPortIdVec>
<condition id="-1">
<or_exp><and_exp><literal name="icmp_ln30" val="1"/>
<literal name="icmp_ln33" val="0"/>
</and_exp></or_exp>
</condition>

<Node id="65" bw="32" op_0_bw="32" op_1_bw="0">
<![CDATA[
:0  %hdStack_assign_load = load i32* %hdStack_assign

]]></Node>
<StgValue><ssdm name="hdStack_assign_load"/></StgValue>
</operation>

<operation id="61" st_id="3" stage="1" lat="1">
<core>NULL</core>
<MemPortIdVec></MemPortIdVec>
<condition id="-1">
<or_exp><and_exp><literal name="icmp_ln30" val="1"/>
<literal name="icmp_ln33" val="0"/>
</and_exp></or_exp>
</condition>

<Node id="66" bw="64" op_0_bw="32">
<![CDATA[
:1  %sext_ln57 = sext i32 %hdStack_assign_load to i64

]]></Node>
<StgValue><ssdm name="sext_ln57"/></StgValue>
</operation>

<operation id="62" st_id="3" stage="1" lat="1">
<core>NULL</core>
<MemPortIdVec></MemPortIdVec>
<condition id="-1">
<or_exp><and_exp><literal name="icmp_ln30" val="1"/>
<literal name="icmp_ln33" val="0"/>
</and_exp></or_exp>
</condition>

<Node id="67" bw="6" op_0_bw="32" op_1_bw="64" op_2_bw="64">
<![CDATA[
:2  %fixedStack_addr = getelementptr [40 x i32]* %fixedStack, i64 0, i64 %sext_ln57

]]></Node>
<StgValue><ssdm name="fixedStack_addr"/></StgValue>
</operation>

<operation id="63" st_id="3" stage="2" lat="2">
<core>RAM</core>
<MemPortIdVec></MemPortIdVec>
<condition id="-1">
<or_exp><and_exp><literal name="icmp_ln30" val="1"/>
<literal name="icmp_ln33" val="0"/>
</and_exp></or_exp>
</condition>

<Node id="68" bw="32" op_0_bw="6">
<![CDATA[
:3  %stackOut = load i32* %fixedStack_addr, align 4

]]></Node>
<StgValue><ssdm name="stackOut"/></StgValue>
</operation>

<operation id="64" st_id="3" stage="1" lat="1">
<core>Cmp</core>
<MemPortIdVec></MemPortIdVec>
<condition id="-1">
<or_exp><and_exp><literal name="icmp_ln30" val="1"/>
<literal name="icmp_ln33" val="0"/>
</and_exp></or_exp>
</condition>

<Node id="72" bw="1" op_0_bw="32" op_1_bw="32">
<![CDATA[
:7  %icmp_ln46 = icmp eq i32 %subResult_flag_same_s, 0

]]></Node>
<StgValue><ssdm name="icmp_ln46"/></StgValue>
</operation>

<operation id="65" st_id="3" stage="1" lat="1">
<core>Cmp</core>
<MemPortIdVec></MemPortIdVec>
<condition id="-1">
<or_exp><and_exp><literal name="icmp_ln30" val="1"/>
<literal name="icmp_ln33" val="1"/>
</and_exp></or_exp>
</condition>

<Node id="134" bw="1" op_0_bw="32" op_1_bw="32">
<![CDATA[
:0  %icmp_ln34 = icmp eq i32 %subResult_flag_same_s, 0

]]></Node>
<StgValue><ssdm name="icmp_ln34"/></StgValue>
</operation>

<operation id="66" st_id="3" stage="1" lat="1">
<core>Sel</core>
<MemPortIdVec></MemPortIdVec>
<condition id="-1">
<or_exp><and_exp><literal name="icmp_ln30" val="1"/>
<literal name="icmp_ln33" val="1"/>
</and_exp></or_exp>
</condition>

<Node id="135" bw="32" op_0_bw="1" op_1_bw="32" op_2_bw="32">
<![CDATA[
:1  %select_ln36 = select i1 %icmp_ln34, i32 %subResult_pointer, i32 %treePtr_read

]]></Node>
<StgValue><ssdm name="select_ln36"/></StgValue>
</operation>

<operation id="67" st_id="3" stage="1" lat="1">
<core>NULL</core>
<MemPortIdVec></MemPortIdVec>
<condition id="-1">
<or_exp><and_exp><literal name="icmp_ln30" val="1"/>
<literal name="icmp_ln33" val="1"/>
</and_exp></or_exp>
</condition>

<Node id="136" bw="0" op_0_bw="0">
<![CDATA[
:2  br label %.loopexit

]]></Node>
<StgValue><ssdm name="br_ln36"/></StgValue>
</operation>
</state>

<state id="4" st_id="4">

<operation id="68" st_id="4" stage="2" lat="2">
<core></core>
<MemPortIdVec></MemPortIdVec>
<condition id="-1">
<or_exp><and_exp></and_exp></or_exp>
</condition>

<Node id="43" bw="32" op_0_bw="32" op_1_bw="32" op_2_bw="32" op_3_bw="96" op_4_bw="96">
<![CDATA[
flag_loop_end2:5  %currentPtr_1 = call fastcc i32 @node_get_right_point(i32* %myHeap, i32 %pointer_assign_load_1)

]]></Node>
<StgValue><ssdm name="currentPtr_1"/></StgValue>
</operation>
</state>

<state id="5" st_id="5">

<operation id="69" st_id="5" stage="1" lat="2">
<core></core>
<MemPortIdVec></MemPortIdVec>
<condition id="-1">
<or_exp><and_exp><literal name="icmp_ln84" val="0"/>
</and_exp></or_exp>
</condition>

<Node id="43" bw="32" op_0_bw="32" op_1_bw="32" op_2_bw="32" op_3_bw="96" op_4_bw="96">
<![CDATA[
flag_loop_end2:5  %currentPtr_1 = call fastcc i32 @node_get_right_point(i32* %myHeap, i32 %pointer_assign_load_1)

]]></Node>
<StgValue><ssdm name="currentPtr_1"/></StgValue>
</operation>

<operation id="70" st_id="5" stage="1" lat="1">
<core>NULL</core>
<MemPortIdVec></MemPortIdVec>
<condition id="-1">
<or_exp><and_exp><literal name="icmp_ln84" val="0"/>
</and_exp></or_exp>
</condition>

<Node id="44" bw="0" op_0_bw="32" op_1_bw="32" op_2_bw="0" op_3_bw="32" op_4_bw="32">
<![CDATA[
flag_loop_end2:6  store i32 %currentPtr_1, i32* %pointer_assign

]]></Node>
<StgValue><ssdm name="store_ln91"/></StgValue>
</operation>

<operation id="71" st_id="5" stage="1" lat="1">
<core>NULL</core>
<MemPortIdVec></MemPortIdVec>
<condition id="-1">
<or_exp><and_exp><literal name="icmp_ln84" val="0"/>
</and_exp></or_exp>
</condition>

<Node id="46" bw="32" op_0_bw="32" op_1_bw="0" op_2_bw="32">
<![CDATA[
flag_loop_end2:8  %empty_14 = call i32 (...)* @_ssdm_op_SpecRegionEnd([10 x i8]* @p_str9, i32 %tmp)

]]></Node>
<StgValue><ssdm name="empty_14"/></StgValue>
</operation>

<operation id="72" st_id="5" stage="1" lat="1">
<core>NULL</core>
<MemPortIdVec></MemPortIdVec>
<condition id="-1">
<or_exp><and_exp><literal name="icmp_ln84" val="0"/>
</and_exp></or_exp>
</condition>

<Node id="47" bw="0" op_0_bw="0">
<![CDATA[
flag_loop_end2:9  br label %flag_loop_begin.backedge

]]></Node>
<StgValue><ssdm name="br_ln0"/></StgValue>
</operation>

<operation id="73" st_id="5" stage="1" lat="2">
<core></core>
<MemPortIdVec></MemPortIdVec>
<condition id="-1">
<or_exp><and_exp><literal name="icmp_ln84" val="1"/>
</and_exp></or_exp>
</condition>

<Node id="53" bw="32" op_0_bw="32" op_1_bw="32" op_2_bw="32" op_3_bw="96" op_4_bw="96">
<![CDATA[
flag_loop_end1:4  %currentPtr = call fastcc i32 @node_get_left_pointe(i32* %myHeap, i32 %pointer_assign_load_1)

]]></Node>
<StgValue><ssdm name="currentPtr"/></StgValue>
</operation>

<operation id="74" st_id="5" stage="1" lat="1">
<core>NULL</core>
<MemPortIdVec></MemPortIdVec>
<condition id="-1">
<or_exp><and_exp><literal name="icmp_ln84" val="1"/>
</and_exp></or_exp>
</condition>

<Node id="54" bw="0" op_0_bw="32" op_1_bw="32" op_2_bw="0" op_3_bw="32" op_4_bw="32">
<![CDATA[
flag_loop_end1:5  store i32 %currentPtr, i32* %pointer_assign

]]></Node>
<StgValue><ssdm name="store_ln88"/></StgValue>
</operation>

<operation id="75" st_id="5" stage="1" lat="1">
<core>NULL</core>
<MemPortIdVec></MemPortIdVec>
<condition id="-1">
<or_exp><and_exp><literal name="icmp_ln84" val="1"/>
</and_exp></or_exp>
</condition>

<Node id="56" bw="32" op_0_bw="32" op_1_bw="0" op_2_bw="32">
<![CDATA[
flag_loop_end1:7  %empty = call i32 (...)* @_ssdm_op_SpecRegionEnd([10 x i8]* @p_str9, i32 %tmp)

]]></Node>
<StgValue><ssdm name="empty"/></StgValue>
</operation>

<operation id="76" st_id="5" stage="1" lat="1">
<core>NULL</core>
<MemPortIdVec></MemPortIdVec>
<condition id="-1">
<or_exp><and_exp><literal name="icmp_ln84" val="1"/>
</and_exp></or_exp>
</condition>

<Node id="57" bw="0" op_0_bw="0">
<![CDATA[
flag_loop_end1:8  br label %flag_loop_begin.backedge

]]></Node>
<StgValue><ssdm name="br_ln0"/></StgValue>
</operation>

<operation id="77" st_id="5" stage="1" lat="1">
<core>NULL</core>
<MemPortIdVec></MemPortIdVec>
<condition id="-1">
<or_exp><and_exp></and_exp></or_exp>
</condition>

<Node id="59" bw="0" op_0_bw="0">
<![CDATA[
flag_loop_begin.backedge:0  br label %flag_loop_begin

]]></Node>
<StgValue><ssdm name="br_ln0"/></StgValue>
</operation>
</state>

<state id="6" st_id="6">

<operation id="78" st_id="6" stage="2" lat="2">
<core></core>
<MemPortIdVec></MemPortIdVec>
<condition id="-1">
<or_exp><and_exp></and_exp></or_exp>
</condition>

<Node id="53" bw="32" op_0_bw="32" op_1_bw="32" op_2_bw="32" op_3_bw="96" op_4_bw="96">
<![CDATA[
flag_loop_end1:4  %currentPtr = call fastcc i32 @node_get_left_pointe(i32* %myHeap, i32 %pointer_assign_load_1)

]]></Node>
<StgValue><ssdm name="currentPtr"/></StgValue>
</operation>
</state>

<state id="7" st_id="7">

<operation id="79" st_id="7" stage="1" lat="2">
<core>RAM</core>
<MemPortIdVec></MemPortIdVec>
<condition id="-1">
<or_exp><and_exp></and_exp></or_exp>
</condition>

<Node id="68" bw="32" op_0_bw="6">
<![CDATA[
:3  %stackOut = load i32* %fixedStack_addr, align 4

]]></Node>
<StgValue><ssdm name="stackOut"/></StgValue>
</operation>

<operation id="80" st_id="7" stage="1" lat="1">
<core>NULL</core>
<MemPortIdVec></MemPortIdVec>
<condition id="-1">
<or_exp><and_exp></and_exp></or_exp>
</condition>

<Node id="69" bw="29" op_0_bw="32">
<![CDATA[
:4  %output_pointer = trunc i32 %stackOut to i29

]]></Node>
<StgValue><ssdm name="output_pointer"/></StgValue>
</operation>

<operation id="81" st_id="7" stage="1" lat="1">
<core>NULL</core>
<MemPortIdVec></MemPortIdVec>
<condition id="-1">
<or_exp><and_exp></and_exp></or_exp>
</condition>

<Node id="70" bw="32" op_0_bw="29">
<![CDATA[
:5  %zext_ln63 = zext i29 %output_pointer to i32

]]></Node>
<StgValue><ssdm name="zext_ln63"/></StgValue>
</operation>

<operation id="82" st_id="7" stage="1" lat="1">
<core>AddSub</core>
<MemPortIdVec></MemPortIdVec>
<condition id="-1">
<or_exp><and_exp></and_exp></or_exp>
</condition>

<Node id="71" bw="32" op_0_bw="32" op_1_bw="32">
<![CDATA[
:6  %output_hdPtr_avl = add nsw i32 -1, %hdStack_assign_load

]]></Node>
<StgValue><ssdm name="output_hdPtr_avl"/></StgValue>
</operation>

<operation id="83" st_id="7" stage="1" lat="1">
<core>NULL</core>
<MemPortIdVec></MemPortIdVec>
<condition id="-1">
<or_exp><and_exp></and_exp></or_exp>
</condition>

<Node id="73" bw="0" op_0_bw="1" op_1_bw="0" op_2_bw="0">
<![CDATA[
:8  br i1 %icmp_ln46, label %3, label %.loopexit

]]></Node>
<StgValue><ssdm name="br_ln46"/></StgValue>
</operation>

<operation id="84" st_id="7" stage="1" lat="1">
<core>NULL</core>
<MemPortIdVec></MemPortIdVec>
<condition id="-1">
<or_exp><and_exp><literal name="icmp_ln46" val="1"/>
</and_exp></or_exp>
</condition>

<Node id="75" bw="1" op_0_bw="1" op_1_bw="32" op_2_bw="32">
<![CDATA[
:0  %tmp_14 = call i1 @_ssdm_op_BitSelect.i1.i32.i32(i32 %stackOut, i32 31)

]]></Node>
<StgValue><ssdm name="tmp_14"/></StgValue>
</operation>

<operation id="85" st_id="7" stage="1" lat="1">
<core>NULL</core>
<MemPortIdVec></MemPortIdVec>
<condition id="-1">
<or_exp><and_exp><literal name="icmp_ln46" val="1"/>
</and_exp></or_exp>
</condition>

<Node id="76" bw="0" op_0_bw="1" op_1_bw="0" op_2_bw="0">
<![CDATA[
:1  br i1 %tmp_14, label %5, label %4

]]></Node>
<StgValue><ssdm name="br_ln47"/></StgValue>
</operation>

<operation id="86" st_id="7" stage="2" lat="2">
<core></core>
<MemPortIdVec></MemPortIdVec>
<condition id="-1">
<or_exp><and_exp><literal name="icmp_ln46" val="1"/>
<literal name="tmp_14" val="0"/>
</and_exp></or_exp>
</condition>

<Node id="78" bw="0" op_0_bw="0" op_1_bw="32" op_2_bw="32" op_3_bw="32" op_4_bw="96" op_5_bw="96">
<![CDATA[
:0  call fastcc void @node_set_left(i32* %myHeap, i32 %zext_ln63, i32 %subResult_pointer)

]]></Node>
<StgValue><ssdm name="call_ln48"/></StgValue>
</operation>

<operation id="87" st_id="7" stage="2" lat="2">
<core></core>
<MemPortIdVec></MemPortIdVec>
<condition id="-1">
<or_exp><and_exp><literal name="icmp_ln46" val="1"/>
<literal name="tmp_14" val="1"/>
</and_exp></or_exp>
</condition>

<Node id="81" bw="0" op_0_bw="0" op_1_bw="32" op_2_bw="32" op_3_bw="32" op_4_bw="96" op_5_bw="96">
<![CDATA[
:0  call fastcc void @node_set_right(i32* %myHeap, i32 %zext_ln63, i32 %subResult_pointer)

]]></Node>
<StgValue><ssdm name="call_ln50"/></StgValue>
</operation>
</state>

<state id="8" st_id="8">

<operation id="88" st_id="8" stage="1" lat="2">
<core></core>
<MemPortIdVec></MemPortIdVec>
<condition id="-1">
<or_exp><and_exp><literal name="tmp_14" val="0"/>
</and_exp></or_exp>
</condition>

<Node id="78" bw="0" op_0_bw="0" op_1_bw="32" op_2_bw="32" op_3_bw="32" op_4_bw="96" op_5_bw="96">
<![CDATA[
:0  call fastcc void @node_set_left(i32* %myHeap, i32 %zext_ln63, i32 %subResult_pointer)

]]></Node>
<StgValue><ssdm name="call_ln48"/></StgValue>
</operation>

<operation id="89" st_id="8" stage="1" lat="1">
<core>NULL</core>
<MemPortIdVec></MemPortIdVec>
<condition id="-1">
<or_exp><and_exp><literal name="tmp_14" val="0"/>
</and_exp></or_exp>
</condition>

<Node id="79" bw="0" op_0_bw="0">
<![CDATA[
:1  br label %6

]]></Node>
<StgValue><ssdm name="br_ln49"/></StgValue>
</operation>

<operation id="90" st_id="8" stage="1" lat="2">
<core></core>
<MemPortIdVec></MemPortIdVec>
<condition id="-1">
<or_exp><and_exp><literal name="tmp_14" val="1"/>
</and_exp></or_exp>
</condition>

<Node id="81" bw="0" op_0_bw="0" op_1_bw="32" op_2_bw="32" op_3_bw="32" op_4_bw="96" op_5_bw="96">
<![CDATA[
:0  call fastcc void @node_set_right(i32* %myHeap, i32 %zext_ln63, i32 %subResult_pointer)

]]></Node>
<StgValue><ssdm name="call_ln50"/></StgValue>
</operation>

<operation id="91" st_id="8" stage="1" lat="1">
<core>NULL</core>
<MemPortIdVec></MemPortIdVec>
<condition id="-1">
<or_exp><and_exp><literal name="tmp_14" val="1"/>
</and_exp></or_exp>
</condition>

<Node id="82" bw="0" op_0_bw="0">
<![CDATA[
:1  br label %6

]]></Node>
<StgValue><ssdm name="br_ln0"/></StgValue>
</operation>

<operation id="92" st_id="8" stage="1" lat="1">
<core>Cmp</core>
<MemPortIdVec></MemPortIdVec>
<condition id="-1">
<or_exp><and_exp></and_exp></or_exp>
</condition>

<Node id="84" bw="1" op_0_bw="32" op_1_bw="32">
<![CDATA[
:0  %icmp_ln53 = icmp eq i32 %output_hdPtr_avl, 0

]]></Node>
<StgValue><ssdm name="icmp_ln53"/></StgValue>
</operation>

<operation id="93" st_id="8" stage="1" lat="1">
<core>NULL</core>
<MemPortIdVec></MemPortIdVec>
<condition id="-1">
<or_exp><and_exp></and_exp></or_exp>
</condition>

<Node id="85" bw="0" op_0_bw="1" op_1_bw="0" op_2_bw="0">
<![CDATA[
:1  br i1 %icmp_ln53, label %7, label %.preheader.preheader

]]></Node>
<StgValue><ssdm name="br_ln53"/></StgValue>
</operation>

<operation id="94" st_id="8" stage="1" lat="1">
<core>NULL</core>
<MemPortIdVec></MemPortIdVec>
<condition id="-1">
<or_exp><and_exp><literal name="icmp_ln53" val="0"/>
</and_exp></or_exp>
</condition>

<Node id="87" bw="0" op_0_bw="32" op_1_bw="32" op_2_bw="0" op_3_bw="32">
<![CDATA[
.preheader.preheader:0  store i32 %output_hdPtr_avl, i32* %hdStack_assign

]]></Node>
<StgValue><ssdm name="store_ln58"/></StgValue>
</operation>

<operation id="95" st_id="8" stage="1" lat="1">
<core>NULL</core>
<MemPortIdVec></MemPortIdVec>
<condition id="-1">
<or_exp><and_exp><literal name="icmp_ln53" val="0"/>
</and_exp></or_exp>
</condition>

<Node id="88" bw="0" op_0_bw="0">
<![CDATA[
.preheader.preheader:1  br label %.preheader

]]></Node>
<StgValue><ssdm name="br_ln58"/></StgValue>
</operation>
</state>

<state id="9" st_id="9">

<operation id="96" st_id="9" stage="1" lat="1">
<core>NULL</core>
<MemPortIdVec></MemPortIdVec>
<condition id="-1">
<or_exp><and_exp></and_exp></or_exp>
</condition>

<Node id="90" bw="29" op_0_bw="29" op_1_bw="0" op_2_bw="29" op_3_bw="0">
<![CDATA[
.preheader:0  %nowPtr = phi i29 [ %output_pointer_1, %._crit_edge..preheader_crit_edge ], [ %output_pointer, %.preheader.preheader ]

]]></Node>
<StgValue><ssdm name="nowPtr"/></StgValue>
</operation>

<operation id="97" st_id="9" stage="1" lat="1">
<core>NULL</core>
<MemPortIdVec></MemPortIdVec>
<condition id="-1">
<or_exp><and_exp></and_exp></or_exp>
</condition>

<Node id="91" bw="32" op_0_bw="32" op_1_bw="0" op_2_bw="0">
<![CDATA[
.preheader:1  %hdStack_assign_load_2 = load i32* %hdStack_assign

]]></Node>
<StgValue><ssdm name="hdStack_assign_load_2"/></StgValue>
</operation>

<operation id="98" st_id="9" stage="1" lat="1">
<core>Cmp</core>
<MemPortIdVec></MemPortIdVec>
<condition id="-1">
<or_exp><and_exp></and_exp></or_exp>
</condition>

<Node id="92" bw="1" op_0_bw="32" op_1_bw="32">
<![CDATA[
.preheader:2  %icmp_ln58 = icmp sgt i32 %hdStack_assign_load_2, 0

]]></Node>
<StgValue><ssdm name="icmp_ln58"/></StgValue>
</operation>

<operation id="99" st_id="9" stage="1" lat="1">
<core>NULL</core>
<MemPortIdVec></MemPortIdVec>
<condition id="-1">
<or_exp><and_exp></and_exp></or_exp>
</condition>

<Node id="93" bw="0" op_0_bw="1" op_1_bw="0" op_2_bw="0">
<![CDATA[
.preheader:3  br i1 %icmp_ln58, label %8, label %flag_loop_end

]]></Node>
<StgValue><ssdm name="br_ln58"/></StgValue>
</operation>

<operation id="100" st_id="9" stage="1" lat="1">
<core>NULL</core>
<MemPortIdVec></MemPortIdVec>
<condition id="-1">
<or_exp><and_exp><literal name="icmp_ln58" val="1"/>
</and_exp></or_exp>
</condition>

<Node id="96" bw="32" op_0_bw="29">
<![CDATA[
:1  %zext_ln58 = zext i29 %nowPtr to i32

]]></Node>
<StgValue><ssdm name="zext_ln58"/></StgValue>
</operation>

<operation id="101" st_id="9" stage="2" lat="2">
<core></core>
<MemPortIdVec></MemPortIdVec>
<condition id="-1">
<or_exp><and_exp><literal name="icmp_ln58" val="1"/>
</and_exp></or_exp>
</condition>

<Node id="97" bw="32" op_0_bw="32" op_1_bw="32" op_2_bw="32" op_3_bw="32" op_4_bw="96" op_5_bw="0" op_6_bw="0" op_7_bw="96" op_8_bw="0" op_9_bw="0">
<![CDATA[
:2  %nowPtr_new = call fastcc i32 @ProcessNodeInsertion(i32* %myHeap, i32 %zext_ln58, i32 %data_read)

]]></Node>
<StgValue><ssdm name="nowPtr_new"/></StgValue>
</operation>

<operation id="102" st_id="9" stage="1" lat="1">
<core>NULL</core>
<MemPortIdVec></MemPortIdVec>
<condition id="-1">
<or_exp><and_exp><literal name="icmp_ln58" val="1"/>
</and_exp></or_exp>
</condition>

<Node id="98" bw="64" op_0_bw="32">
<![CDATA[
:3  %zext_ln57 = zext i32 %hdStack_assign_load_2 to i64

]]></Node>
<StgValue><ssdm name="zext_ln57"/></StgValue>
</operation>

<operation id="103" st_id="9" stage="1" lat="1">
<core>NULL</core>
<MemPortIdVec></MemPortIdVec>
<condition id="-1">
<or_exp><and_exp><literal name="icmp_ln58" val="1"/>
</and_exp></or_exp>
</condition>

<Node id="99" bw="6" op_0_bw="32" op_1_bw="64" op_2_bw="64">
<![CDATA[
:4  %fixedStack_addr_3 = getelementptr [40 x i32]* %fixedStack, i64 0, i64 %zext_ln57

]]></Node>
<StgValue><ssdm name="fixedStack_addr_3"/></StgValue>
</operation>

<operation id="104" st_id="9" stage="2" lat="2">
<core>RAM</core>
<MemPortIdVec></MemPortIdVec>
<condition id="-1">
<or_exp><and_exp><literal name="icmp_ln58" val="1"/>
</and_exp></or_exp>
</condition>

<Node id="100" bw="32" op_0_bw="6">
<![CDATA[
:5  %stackOut_1 = load i32* %fixedStack_addr_3, align 4

]]></Node>
<StgValue><ssdm name="stackOut_1"/></StgValue>
</operation>

<operation id="105" st_id="9" stage="1" lat="1">
<core>NULL</core>
<MemPortIdVec></MemPortIdVec>
<condition id="-1">
<or_exp><and_exp><literal name="icmp_ln58" val="0"/>
</and_exp></or_exp>
</condition>

<Node id="128" bw="32" op_0_bw="32" op_1_bw="0" op_2_bw="32">
<![CDATA[
flag_loop_end:0  %empty_15 = call i32 (...)* @_ssdm_op_SpecRegionEnd([10 x i8]* @p_str9, i32 %tmp)

]]></Node>
<StgValue><ssdm name="empty_15"/></StgValue>
</operation>

<operation id="106" st_id="9" stage="1" lat="1">
<core>NULL</core>
<MemPortIdVec></MemPortIdVec>
<condition id="-1">
<or_exp><and_exp><literal name="icmp_ln58" val="0"/>
</and_exp></or_exp>
</condition>

<Node id="129" bw="0" op_0_bw="0">
<![CDATA[
flag_loop_end:1  br label %.loopexit

]]></Node>
<StgValue><ssdm name="br_ln28"/></StgValue>
</operation>
</state>

<state id="10" st_id="10">

<operation id="107" st_id="10" stage="1" lat="1">
<core>NULL</core>
<MemPortIdVec></MemPortIdVec>
<condition id="-1">
<or_exp><and_exp></and_exp></or_exp>
</condition>

<Node id="95" bw="0" op_0_bw="0" op_1_bw="0">
<![CDATA[
:0  call void (...)* @_ssdm_op_SpecLoopName([11 x i8]* @p_str110) nounwind

]]></Node>
<StgValue><ssdm name="specloopname_ln58"/></StgValue>
</operation>

<operation id="108" st_id="10" stage="1" lat="2">
<core></core>
<MemPortIdVec></MemPortIdVec>
<condition id="-1">
<or_exp><and_exp></and_exp></or_exp>
</condition>

<Node id="97" bw="32" op_0_bw="32" op_1_bw="32" op_2_bw="32" op_3_bw="32" op_4_bw="96" op_5_bw="0" op_6_bw="0" op_7_bw="96" op_8_bw="0" op_9_bw="0">
<![CDATA[
:2  %nowPtr_new = call fastcc i32 @ProcessNodeInsertion(i32* %myHeap, i32 %zext_ln58, i32 %data_read)

]]></Node>
<StgValue><ssdm name="nowPtr_new"/></StgValue>
</operation>

<operation id="109" st_id="10" stage="1" lat="2">
<core>RAM</core>
<MemPortIdVec></MemPortIdVec>
<condition id="-1">
<or_exp><and_exp></and_exp></or_exp>
</condition>

<Node id="100" bw="32" op_0_bw="6">
<![CDATA[
:5  %stackOut_1 = load i32* %fixedStack_addr_3, align 4

]]></Node>
<StgValue><ssdm name="stackOut_1"/></StgValue>
</operation>

<operation id="110" st_id="10" stage="1" lat="1">
<core>NULL</core>
<MemPortIdVec></MemPortIdVec>
<condition id="-1">
<or_exp><and_exp></and_exp></or_exp>
</condition>

<Node id="101" bw="29" op_0_bw="32">
<![CDATA[
:6  %output_pointer_1 = trunc i32 %stackOut_1 to i29

]]></Node>
<StgValue><ssdm name="output_pointer_1"/></StgValue>
</operation>

<operation id="111" st_id="10" stage="1" lat="1">
<core>NULL</core>
<MemPortIdVec></MemPortIdVec>
<condition id="-1">
<or_exp><and_exp></and_exp></or_exp>
</condition>

<Node id="102" bw="32" op_0_bw="29">
<![CDATA[
:7  %zext_ln63_1 = zext i29 %output_pointer_1 to i32

]]></Node>
<StgValue><ssdm name="zext_ln63_1"/></StgValue>
</operation>

<operation id="112" st_id="10" stage="1" lat="1">
<core>NULL</core>
<MemPortIdVec></MemPortIdVec>
<condition id="-1">
<or_exp><and_exp></and_exp></or_exp>
</condition>

<Node id="103" bw="31" op_0_bw="32">
<![CDATA[
:8  %trunc_ln64 = trunc i32 %hdStack_assign_load_2 to i31

]]></Node>
<StgValue><ssdm name="trunc_ln64"/></StgValue>
</operation>

<operation id="113" st_id="10" stage="1" lat="1">
<core>AddSub</core>
<MemPortIdVec></MemPortIdVec>
<condition id="-1">
<or_exp><and_exp></and_exp></or_exp>
</condition>

<Node id="104" bw="32" op_0_bw="32" op_1_bw="32">
<![CDATA[
:9  %output_hdPtr_avl_1 = add nsw i32 -1, %hdStack_assign_load_2

]]></Node>
<StgValue><ssdm name="output_hdPtr_avl_1"/></StgValue>
</operation>

<operation id="114" st_id="10" stage="1" lat="1">
<core>Cmp</core>
<MemPortIdVec></MemPortIdVec>
<condition id="-1">
<or_exp><and_exp></and_exp></or_exp>
</condition>

<Node id="105" bw="1" op_0_bw="32" op_1_bw="32">
<![CDATA[
:10  %icmp_ln63 = icmp eq i32 %nowPtr_new, %zext_ln58

]]></Node>
<StgValue><ssdm name="icmp_ln63"/></StgValue>
</operation>

<operation id="115" st_id="10" stage="1" lat="1">
<core>NULL</core>
<MemPortIdVec></MemPortIdVec>
<condition id="-1">
<or_exp><and_exp></and_exp></or_exp>
</condition>

<Node id="106" bw="0" op_0_bw="1" op_1_bw="0" op_2_bw="0">
<![CDATA[
:11  br i1 %icmp_ln63, label %._crit_edge, label %9

]]></Node>
<StgValue><ssdm name="br_ln63"/></StgValue>
</operation>

<operation id="116" st_id="10" stage="1" lat="1">
<core>NULL</core>
<MemPortIdVec></MemPortIdVec>
<condition id="-1">
<or_exp><and_exp><literal name="icmp_ln63" val="0"/>
</and_exp></or_exp>
</condition>

<Node id="108" bw="1" op_0_bw="1" op_1_bw="32" op_2_bw="32">
<![CDATA[
:0  %tmp_15 = call i1 @_ssdm_op_BitSelect.i1.i32.i32(i32 %stackOut_1, i32 31)

]]></Node>
<StgValue><ssdm name="tmp_15"/></StgValue>
</operation>

<operation id="117" st_id="10" stage="1" lat="1">
<core>NULL</core>
<MemPortIdVec></MemPortIdVec>
<condition id="-1">
<or_exp><and_exp><literal name="icmp_ln63" val="0"/>
</and_exp></or_exp>
</condition>

<Node id="109" bw="0" op_0_bw="1" op_1_bw="0" op_2_bw="0">
<![CDATA[
:1  br i1 %tmp_15, label %11, label %10

]]></Node>
<StgValue><ssdm name="br_ln64"/></StgValue>
</operation>
</state>

<state id="11" st_id="11">

<operation id="118" st_id="11" stage="2" lat="2">
<core></core>
<MemPortIdVec></MemPortIdVec>
<condition id="-1">
<or_exp><and_exp></and_exp></or_exp>
</condition>

<Node id="111" bw="0" op_0_bw="0" op_1_bw="32" op_2_bw="32" op_3_bw="32" op_4_bw="96" op_5_bw="0" op_6_bw="0" op_7_bw="32" op_8_bw="96" op_9_bw="0" op_10_bw="0" op_11_bw="32">
<![CDATA[
:0  call fastcc void @node_set_left(i32* %myHeap, i32 %zext_ln63_1, i32 %nowPtr_new)

]]></Node>
<StgValue><ssdm name="call_ln65"/></StgValue>
</operation>
</state>

<state id="12" st_id="12">

<operation id="119" st_id="12" stage="1" lat="2">
<core></core>
<MemPortIdVec></MemPortIdVec>
<condition id="-1">
<or_exp><and_exp><literal name="icmp_ln63" val="0"/>
<literal name="tmp_15" val="0"/>
</and_exp></or_exp>
</condition>

<Node id="111" bw="0" op_0_bw="0" op_1_bw="32" op_2_bw="32" op_3_bw="32" op_4_bw="96" op_5_bw="0" op_6_bw="0" op_7_bw="32" op_8_bw="96" op_9_bw="0" op_10_bw="0" op_11_bw="32">
<![CDATA[
:0  call fastcc void @node_set_left(i32* %myHeap, i32 %zext_ln63_1, i32 %nowPtr_new)

]]></Node>
<StgValue><ssdm name="call_ln65"/></StgValue>
</operation>

<operation id="120" st_id="12" stage="1" lat="1">
<core>NULL</core>
<MemPortIdVec></MemPortIdVec>
<condition id="-1">
<or_exp><and_exp><literal name="icmp_ln63" val="0"/>
<literal name="tmp_15" val="0"/>
</and_exp></or_exp>
</condition>

<Node id="112" bw="0" op_0_bw="0">
<![CDATA[
:1  br label %12

]]></Node>
<StgValue><ssdm name="br_ln66"/></StgValue>
</operation>

<operation id="121" st_id="12" stage="1" lat="2">
<core></core>
<MemPortIdVec></MemPortIdVec>
<condition id="-1">
<or_exp><and_exp><literal name="icmp_ln63" val="0"/>
<literal name="tmp_15" val="1"/>
</and_exp></or_exp>
</condition>

<Node id="114" bw="0" op_0_bw="0" op_1_bw="32" op_2_bw="32" op_3_bw="32" op_4_bw="96" op_5_bw="0" op_6_bw="0" op_7_bw="32" op_8_bw="96" op_9_bw="0" op_10_bw="0" op_11_bw="32">
<![CDATA[
:0  call fastcc void @node_set_right(i32* %myHeap, i32 %zext_ln63_1, i32 %nowPtr_new)

]]></Node>
<StgValue><ssdm name="call_ln67"/></StgValue>
</operation>

<operation id="122" st_id="12" stage="1" lat="1">
<core>NULL</core>
<MemPortIdVec></MemPortIdVec>
<condition id="-1">
<or_exp><and_exp><literal name="icmp_ln63" val="0"/>
<literal name="tmp_15" val="1"/>
</and_exp></or_exp>
</condition>

<Node id="115" bw="0" op_0_bw="0">
<![CDATA[
:1  br label %12

]]></Node>
<StgValue><ssdm name="br_ln0"/></StgValue>
</operation>

<operation id="123" st_id="12" stage="1" lat="1">
<core>NULL</core>
<MemPortIdVec></MemPortIdVec>
<condition id="-1">
<or_exp><and_exp><literal name="icmp_ln63" val="0"/>
</and_exp></or_exp>
</condition>

<Node id="117" bw="0" op_0_bw="0">
<![CDATA[
:0  br label %._crit_edge

]]></Node>
<StgValue><ssdm name="br_ln69"/></StgValue>
</operation>

<operation id="124" st_id="12" stage="1" lat="1">
<core>Cmp</core>
<MemPortIdVec></MemPortIdVec>
<condition id="-1">
<or_exp><and_exp></and_exp></or_exp>
</condition>

<Node id="119" bw="1" op_0_bw="31" op_1_bw="31">
<![CDATA[
._crit_edge:0  %icmp_ln70 = icmp eq i31 %trunc_ln64, 1

]]></Node>
<StgValue><ssdm name="icmp_ln70"/></StgValue>
</operation>

<operation id="125" st_id="12" stage="1" lat="1">
<core>NULL</core>
<MemPortIdVec></MemPortIdVec>
<condition id="-1">
<or_exp><and_exp></and_exp></or_exp>
</condition>

<Node id="120" bw="0" op_0_bw="1" op_1_bw="0" op_2_bw="0">
<![CDATA[
._crit_edge:1  br i1 %icmp_ln70, label %13, label %._crit_edge..preheader_crit_edge

]]></Node>
<StgValue><ssdm name="br_ln70"/></StgValue>
</operation>

<operation id="126" st_id="12" stage="1" lat="1">
<core>NULL</core>
<MemPortIdVec></MemPortIdVec>
<condition id="-1">
<or_exp><and_exp><literal name="icmp_ln70" val="0"/>
</and_exp></or_exp>
</condition>

<Node id="122" bw="0" op_0_bw="32" op_1_bw="32" op_2_bw="0" op_3_bw="32" op_4_bw="0" op_5_bw="32">
<![CDATA[
._crit_edge..preheader_crit_edge:0  store i32 %output_hdPtr_avl_1, i32* %hdStack_assign

]]></Node>
<StgValue><ssdm name="store_ln70"/></StgValue>
</operation>

<operation id="127" st_id="12" stage="1" lat="1">
<core>NULL</core>
<MemPortIdVec></MemPortIdVec>
<condition id="-1">
<or_exp><and_exp><literal name="icmp_ln70" val="0"/>
</and_exp></or_exp>
</condition>

<Node id="123" bw="0" op_0_bw="0">
<![CDATA[
._crit_edge..preheader_crit_edge:1  br label %.preheader

]]></Node>
<StgValue><ssdm name="br_ln70"/></StgValue>
</operation>
</state>

<state id="13" st_id="13">

<operation id="128" st_id="13" stage="2" lat="2">
<core></core>
<MemPortIdVec></MemPortIdVec>
<condition id="-1">
<or_exp><and_exp></and_exp></or_exp>
</condition>

<Node id="114" bw="0" op_0_bw="0" op_1_bw="32" op_2_bw="32" op_3_bw="32" op_4_bw="96" op_5_bw="0" op_6_bw="0" op_7_bw="32" op_8_bw="96" op_9_bw="0" op_10_bw="0" op_11_bw="32">
<![CDATA[
:0  call fastcc void @node_set_right(i32* %myHeap, i32 %zext_ln63_1, i32 %nowPtr_new)

]]></Node>
<StgValue><ssdm name="call_ln67"/></StgValue>
</operation>
</state>

<state id="14" st_id="14">

<operation id="129" st_id="14" stage="2" lat="2">
<core></core>
<MemPortIdVec></MemPortIdVec>
<condition id="-1">
<or_exp><and_exp></and_exp></or_exp>
</condition>

<Node id="125" bw="32" op_0_bw="32" op_1_bw="32" op_2_bw="32" op_3_bw="32" op_4_bw="96" op_5_bw="0" op_6_bw="0" op_7_bw="32" op_8_bw="0" op_9_bw="0" op_10_bw="96" op_11_bw="0" op_12_bw="0" op_13_bw="32" op_14_bw="0" op_15_bw="0">
<![CDATA[
:0  %output_root_1 = call fastcc i32 @ProcessNodeInsertion(i32* %myHeap, i32 %zext_ln63_1, i32 %data_read)

]]></Node>
<StgValue><ssdm name="output_root_1"/></StgValue>
</operation>
</state>

<state id="15" st_id="15">

<operation id="130" st_id="15" stage="1" lat="2">
<core></core>
<MemPortIdVec></MemPortIdVec>
<condition id="-1">
<or_exp><and_exp><literal name="icmp_ln33" val="0"/>
<literal name="icmp_ln46" val="1"/>
<literal name="icmp_ln53" val="0"/>
<literal name="icmp_ln58" val="1"/>
</and_exp></or_exp>
</condition>

<Node id="125" bw="32" op_0_bw="32" op_1_bw="32" op_2_bw="32" op_3_bw="32" op_4_bw="96" op_5_bw="0" op_6_bw="0" op_7_bw="32" op_8_bw="0" op_9_bw="0" op_10_bw="96" op_11_bw="0" op_12_bw="0" op_13_bw="32" op_14_bw="0" op_15_bw="0">
<![CDATA[
:0  %output_root_1 = call fastcc i32 @ProcessNodeInsertion(i32* %myHeap, i32 %zext_ln63_1, i32 %data_read)

]]></Node>
<StgValue><ssdm name="output_root_1"/></StgValue>
</operation>

<operation id="131" st_id="15" stage="1" lat="1">
<core>NULL</core>
<MemPortIdVec></MemPortIdVec>
<condition id="-1">
<or_exp><and_exp><literal name="icmp_ln33" val="0"/>
<literal name="icmp_ln46" val="1"/>
<literal name="icmp_ln53" val="0"/>
<literal name="icmp_ln58" val="1"/>
</and_exp></or_exp>
</condition>

<Node id="126" bw="0" op_0_bw="0">
<![CDATA[
:1  br label %.loopexit

]]></Node>
<StgValue><ssdm name="br_ln72"/></StgValue>
</operation>

<operation id="132" st_id="15" stage="1" lat="1">
<core>NULL</core>
<MemPortIdVec></MemPortIdVec>
<condition id="-1">
<or_exp><and_exp></and_exp></or_exp>
</condition>

<Node id="138" bw="32" op_0_bw="32" op_1_bw="0" op_2_bw="32" op_3_bw="0" op_4_bw="32" op_5_bw="0" op_6_bw="32" op_7_bw="0" op_8_bw="32" op_9_bw="0">
<![CDATA[
.loopexit:0  %phi_ln96 = phi i32 [ %output_root, %7 ], [ %output_root_1, %13 ], [ %select_ln36, %1 ], [ %p_read_2, %flag_loop_end ], [ %treePtr_read, %2 ]

]]></Node>
<StgValue><ssdm name="phi_ln96"/></StgValue>
</operation>

<operation id="133" st_id="15" stage="1" lat="1">
<core>NULL</core>
<MemPortIdVec></MemPortIdVec>
<condition id="-1">
<or_exp><and_exp></and_exp></or_exp>
</condition>

<Node id="139" bw="32" op_0_bw="32" op_1_bw="0" op_2_bw="32" op_3_bw="0" op_4_bw="32" op_5_bw="0" op_6_bw="32" op_7_bw="0" op_8_bw="32" op_9_bw="0">
<![CDATA[
.loopexit:1  %phi_ln96_1 = phi i32 [ %subResult_pointer, %7 ], [ %subResult_pointer, %13 ], [ %subResult_pointer, %1 ], [ %p_read_1, %flag_loop_end ], [ %subResult_pointer, %2 ]

]]></Node>
<StgValue><ssdm name="phi_ln96_1"/></StgValue>
</operation>

<operation id="134" st_id="15" stage="1" lat="1">
<core>NULL</core>
<MemPortIdVec></MemPortIdVec>
<condition id="-1">
<or_exp><and_exp></and_exp></or_exp>
</condition>

<Node id="140" bw="64" op_0_bw="64" op_1_bw="32">
<![CDATA[
.loopexit:2  %mrv = insertvalue { i32, i32 } undef, i32 %phi_ln96, 0

]]></Node>
<StgValue><ssdm name="mrv"/></StgValue>
</operation>

<operation id="135" st_id="15" stage="1" lat="1">
<core>NULL</core>
<MemPortIdVec></MemPortIdVec>
<condition id="-1">
<or_exp><and_exp></and_exp></or_exp>
</condition>

<Node id="141" bw="64" op_0_bw="64" op_1_bw="32">
<![CDATA[
.loopexit:3  %mrv_1 = insertvalue { i32, i32 } %mrv, i32 %phi_ln96_1, 1

]]></Node>
<StgValue><ssdm name="mrv_1"/></StgValue>
</operation>

<operation id="136" st_id="15" stage="1" lat="1">
<core>NULL</core>
<MemPortIdVec></MemPortIdVec>
<condition id="-1">
<or_exp><and_exp></and_exp></or_exp>
</condition>

<Node id="142" bw="0" op_0_bw="64">
<![CDATA[
.loopexit:4  ret { i32, i32 } %mrv_1

]]></Node>
<StgValue><ssdm name="ret_ln96"/></StgValue>
</operation>
</state>

<state id="16" st_id="16">

<operation id="137" st_id="16" stage="2" lat="2">
<core></core>
<MemPortIdVec></MemPortIdVec>
<condition id="-1">
<or_exp><and_exp></and_exp></or_exp>
</condition>

<Node id="131" bw="32" op_0_bw="32" op_1_bw="32" op_2_bw="32" op_3_bw="32" op_4_bw="96" op_5_bw="0" op_6_bw="0" op_7_bw="96" op_8_bw="0" op_9_bw="0">
<![CDATA[
:0  %output_root = call fastcc i32 @ProcessNodeInsertion(i32* %myHeap, i32 %zext_ln63, i32 %data_read)

]]></Node>
<StgValue><ssdm name="output_root"/></StgValue>
</operation>
</state>

<state id="17" st_id="17">

<operation id="138" st_id="17" stage="1" lat="2">
<core></core>
<MemPortIdVec></MemPortIdVec>
<condition id="-1">
<or_exp><and_exp></and_exp></or_exp>
</condition>

<Node id="131" bw="32" op_0_bw="32" op_1_bw="32" op_2_bw="32" op_3_bw="32" op_4_bw="96" op_5_bw="0" op_6_bw="0" op_7_bw="96" op_8_bw="0" op_9_bw="0">
<![CDATA[
:0  %output_root = call fastcc i32 @ProcessNodeInsertion(i32* %myHeap, i32 %zext_ln63, i32 %data_read)

]]></Node>
<StgValue><ssdm name="output_root"/></StgValue>
</operation>

<operation id="139" st_id="17" stage="1" lat="1">
<core>NULL</core>
<MemPortIdVec></MemPortIdVec>
<condition id="-1">
<or_exp><and_exp></and_exp></or_exp>
</condition>

<Node id="132" bw="0" op_0_bw="0">
<![CDATA[
:1  br label %.loopexit

]]></Node>
<StgValue><ssdm name="br_ln55"/></StgValue>
</operation>
</state>
</state_list>


<ports>
</ports>


<dataflows>
</dataflows>


</stg>
