<stg><name>LeftRotate</name>


<trans_list>

<trans id="69" from="1" to="2">
<condition id="-1">
<or_exp><and_exp></and_exp></or_exp>
</condition>
</trans>

<trans id="70" from="2" to="3">
<condition id="-1">
<or_exp><and_exp></and_exp></or_exp>
</condition>
</trans>

<trans id="71" from="3" to="4">
<condition id="-1">
<or_exp><and_exp></and_exp></or_exp>
</condition>
</trans>

<trans id="72" from="4" to="5">
<condition id="-1">
<or_exp><and_exp></and_exp></or_exp>
</condition>
</trans>

<trans id="73" from="5" to="6">
<condition id="-1">
<or_exp><and_exp><literal name="icmp_ln87" val="0"/>
</and_exp></or_exp>
</condition>
</trans>

<trans id="74" from="5" to="7">
<condition id="-1">
<or_exp><and_exp><literal name="icmp_ln87" val="1"/>
</and_exp></or_exp>
</condition>
</trans>

<trans id="75" from="6" to="7">
<condition id="-1">
<or_exp><and_exp></and_exp></or_exp>
</condition>
</trans>

<trans id="76" from="7" to="8">
<condition id="-1">
<or_exp><and_exp><literal name="icmp_ln91" val="0"/>
</and_exp></or_exp>
</condition>
</trans>

<trans id="77" from="7" to="9">
<condition id="-1">
<or_exp><and_exp><literal name="icmp_ln91" val="1"/>
</and_exp></or_exp>
</condition>
</trans>

<trans id="78" from="8" to="9">
<condition id="-1">
<or_exp><and_exp></and_exp></or_exp>
</condition>
</trans>

<trans id="79" from="9" to="10">
<condition id="-1">
<or_exp><and_exp><literal name="a_load" val="0"/>
</and_exp></or_exp>
</condition>
</trans>

<trans id="80" from="9" to="13">
<condition id="-1">
<or_exp><and_exp><literal name="a_load" val="1"/>
</and_exp></or_exp>
</condition>
</trans>

<trans id="81" from="10" to="11">
<condition id="-1">
<or_exp><and_exp></and_exp></or_exp>
</condition>
</trans>

<trans id="82" from="11" to="12">
<condition id="-1">
<or_exp><and_exp></and_exp></or_exp>
</condition>
</trans>

<trans id="83" from="12" to="13">
<condition id="-1">
<or_exp><and_exp></and_exp></or_exp>
</condition>
</trans>

<trans id="84" from="13" to="14">
<condition id="-1">
<or_exp><and_exp><literal name="b_load" val="0"/>
</and_exp></or_exp>
</condition>
</trans>

<trans id="85" from="13" to="17">
<condition id="-1">
<or_exp><and_exp><literal name="b_load" val="1"/>
</and_exp></or_exp>
</condition>
</trans>

<trans id="87" from="14" to="15">
<condition id="-1">
<or_exp><and_exp></and_exp></or_exp>
</condition>
</trans>

<trans id="88" from="15" to="16">
<condition id="-1">
<or_exp><and_exp></and_exp></or_exp>
</condition>
</trans>

<trans id="89" from="16" to="17">
<condition id="-1">
<or_exp><and_exp></and_exp></or_exp>
</condition>
</trans>
</trans_list>



<state_list>

<state id="1" st_id="1">

<operation id="18" st_id="1" stage="1" lat="1">
<core>NULL</core>
<MemPortIdVec></MemPortIdVec>
<condition id="-1">
<or_exp><and_exp></and_exp></or_exp>
</condition>

<Node id="4" bw="32" op_0_bw="32" op_1_bw="32">
<![CDATA[
:1  %xPtr_read = call i32 @_ssdm_op_Read.ap_auto.i32(i32 %xPtr) nounwind

]]></Node>
<StgValue><ssdm name="xPtr_read"/></StgValue>
</operation>

<operation id="19" st_id="1" stage="1" lat="1">
<core>NULL</core>
<MemPortIdVec></MemPortIdVec>
<condition id="-1">
<or_exp><and_exp></and_exp></or_exp>
</condition>

<Node id="5" bw="32" op_0_bw="64">
<![CDATA[
:2  %yPtr = alloca i32, align 4

]]></Node>
<StgValue><ssdm name="yPtr"/></StgValue>
</operation>

<operation id="20" st_id="1" stage="1" lat="1">
<core>NULL</core>
<MemPortIdVec></MemPortIdVec>
<condition id="-1">
<or_exp><and_exp></and_exp></or_exp>
</condition>

<Node id="6" bw="32" op_0_bw="64">
<![CDATA[
:3  %temp = alloca i32, align 4

]]></Node>
<StgValue><ssdm name="temp"/></StgValue>
</operation>

<operation id="21" st_id="1" stage="1" lat="1">
<core>NULL</core>
<MemPortIdVec></MemPortIdVec>
<condition id="-1">
<or_exp><and_exp></and_exp></or_exp>
</condition>

<Node id="7" bw="1" op_0_bw="64">
<![CDATA[
:4  %a = alloca i1, align 1

]]></Node>
<StgValue><ssdm name="a"/></StgValue>
</operation>

<operation id="22" st_id="1" stage="1" lat="1">
<core>NULL</core>
<MemPortIdVec></MemPortIdVec>
<condition id="-1">
<or_exp><and_exp></and_exp></or_exp>
</condition>

<Node id="8" bw="1" op_0_bw="64">
<![CDATA[
:5  %b = alloca i1, align 1

]]></Node>
<StgValue><ssdm name="b"/></StgValue>
</operation>

<operation id="23" st_id="1" stage="1" lat="1">
<core>NULL</core>
<MemPortIdVec></MemPortIdVec>
<condition id="-1">
<or_exp><and_exp></and_exp></or_exp>
</condition>

<Node id="9" bw="0" op_0_bw="32" op_1_bw="32">
<![CDATA[
:6  store volatile i32 1, i32* %yPtr, align 4

]]></Node>
<StgValue><ssdm name="store_ln79"/></StgValue>
</operation>

<operation id="24" st_id="1" stage="1" lat="1">
<core>NULL</core>
<MemPortIdVec></MemPortIdVec>
<condition id="-1">
<or_exp><and_exp></and_exp></or_exp>
</condition>

<Node id="10" bw="0" op_0_bw="32" op_1_bw="32">
<![CDATA[
:7  store volatile i32 1, i32* %temp, align 4

]]></Node>
<StgValue><ssdm name="store_ln80"/></StgValue>
</operation>

<operation id="25" st_id="1" stage="2" lat="2">
<core></core>
<MemPortIdVec></MemPortIdVec>
<condition id="-1">
<or_exp><and_exp></and_exp></or_exp>
</condition>

<Node id="11" bw="32" op_0_bw="32" op_1_bw="32" op_2_bw="32">
<![CDATA[
:8  %yPtr_1 = call fastcc i32 @node_get_right_point(i32* %myHeap, i32 %xPtr_read)

]]></Node>
<StgValue><ssdm name="yPtr_1"/></StgValue>
</operation>

<operation id="26" st_id="1" stage="1" lat="1">
<core>NULL</core>
<MemPortIdVec></MemPortIdVec>
<condition id="-1">
<or_exp><and_exp></and_exp></or_exp>
</condition>

<Node id="16" bw="0" op_0_bw="1" op_1_bw="1">
<![CDATA[
:13  store volatile i1 true, i1* %a, align 1

]]></Node>
<StgValue><ssdm name="store_ln85"/></StgValue>
</operation>

<operation id="27" st_id="1" stage="1" lat="1">
<core>NULL</core>
<MemPortIdVec></MemPortIdVec>
<condition id="-1">
<or_exp><and_exp></and_exp></or_exp>
</condition>

<Node id="17" bw="0" op_0_bw="1" op_1_bw="1">
<![CDATA[
:14  store volatile i1 true, i1* %b, align 1

]]></Node>
<StgValue><ssdm name="store_ln85"/></StgValue>
</operation>
</state>

<state id="2" st_id="2">

<operation id="28" st_id="2" stage="1" lat="2">
<core></core>
<MemPortIdVec></MemPortIdVec>
<condition id="-1">
<or_exp><and_exp></and_exp></or_exp>
</condition>

<Node id="11" bw="32" op_0_bw="32" op_1_bw="32" op_2_bw="32">
<![CDATA[
:8  %yPtr_1 = call fastcc i32 @node_get_right_point(i32* %myHeap, i32 %xPtr_read)

]]></Node>
<StgValue><ssdm name="yPtr_1"/></StgValue>
</operation>

<operation id="29" st_id="2" stage="1" lat="1">
<core>NULL</core>
<MemPortIdVec></MemPortIdVec>
<condition id="-1">
<or_exp><and_exp></and_exp></or_exp>
</condition>

<Node id="12" bw="0" op_0_bw="32" op_1_bw="32" op_2_bw="0">
<![CDATA[
:9  store volatile i32 %yPtr_1, i32* %yPtr, align 4

]]></Node>
<StgValue><ssdm name="store_ln82"/></StgValue>
</operation>
</state>

<state id="3" st_id="3">

<operation id="30" st_id="3" stage="1" lat="1">
<core>NULL</core>
<MemPortIdVec></MemPortIdVec>
<condition id="-1">
<or_exp><and_exp></and_exp></or_exp>
</condition>

<Node id="13" bw="32" op_0_bw="32" op_1_bw="0">
<![CDATA[
:10  %yPtr_load = load volatile i32* %yPtr, align 4

]]></Node>
<StgValue><ssdm name="yPtr_load"/></StgValue>
</operation>

<operation id="31" st_id="3" stage="2" lat="2">
<core></core>
<MemPortIdVec></MemPortIdVec>
<condition id="-1">
<or_exp><and_exp></and_exp></or_exp>
</condition>

<Node id="14" bw="32" op_0_bw="32" op_1_bw="32" op_2_bw="32" op_3_bw="32" op_4_bw="32">
<![CDATA[
:11  %temp_2 = call fastcc i32 @node_get_left_pointe(i32* %myHeap, i32 %yPtr_load)

]]></Node>
<StgValue><ssdm name="temp_2"/></StgValue>
</operation>
</state>

<state id="4" st_id="4">

<operation id="32" st_id="4" stage="1" lat="2">
<core></core>
<MemPortIdVec></MemPortIdVec>
<condition id="-1">
<or_exp><and_exp></and_exp></or_exp>
</condition>

<Node id="14" bw="32" op_0_bw="32" op_1_bw="32" op_2_bw="32" op_3_bw="32" op_4_bw="32">
<![CDATA[
:11  %temp_2 = call fastcc i32 @node_get_left_pointe(i32* %myHeap, i32 %yPtr_load)

]]></Node>
<StgValue><ssdm name="temp_2"/></StgValue>
</operation>

<operation id="33" st_id="4" stage="1" lat="1">
<core>NULL</core>
<MemPortIdVec></MemPortIdVec>
<condition id="-1">
<or_exp><and_exp></and_exp></or_exp>
</condition>

<Node id="15" bw="0" op_0_bw="32" op_1_bw="32" op_2_bw="0">
<![CDATA[
:12  store volatile i32 %temp_2, i32* %temp, align 4

]]></Node>
<StgValue><ssdm name="store_ln83"/></StgValue>
</operation>
</state>

<state id="5" st_id="5">

<operation id="34" st_id="5" stage="1" lat="1">
<core>NULL</core>
<MemPortIdVec></MemPortIdVec>
<condition id="-1">
<or_exp><and_exp></and_exp></or_exp>
</condition>

<Node id="3" bw="0" op_0_bw="0" op_1_bw="32" op_2_bw="0" op_3_bw="32" op_4_bw="32" op_5_bw="0" op_6_bw="32" op_7_bw="32" op_8_bw="0" op_9_bw="0" op_10_bw="0" op_11_bw="32" op_12_bw="32" op_13_bw="32" op_14_bw="32" op_15_bw="0" op_16_bw="0">
<![CDATA[
:0  call void (...)* @_ssdm_op_SpecInterface(i32* %myHeap, [6 x i8]* @p_str3, i32 0, i32 0, [1 x i8]* @p_str1, i32 0, i32 1, [1 x i8]* @p_str1, [4 x i8]* @p_str4, [1 x i8]* @p_str1, i32 16, i32 16, i32 16, i32 16, [1 x i8]* @p_str1, [1 x i8]* @p_str1) nounwind

]]></Node>
<StgValue><ssdm name="specinterface_ln0"/></StgValue>
</operation>

<operation id="35" st_id="5" stage="1" lat="1">
<core>NULL</core>
<MemPortIdVec></MemPortIdVec>
<condition id="-1">
<or_exp><and_exp></and_exp></or_exp>
</condition>

<Node id="18" bw="32" op_0_bw="32" op_1_bw="0">
<![CDATA[
:15  %temp_load = load volatile i32* %temp, align 4

]]></Node>
<StgValue><ssdm name="temp_load"/></StgValue>
</operation>

<operation id="36" st_id="5" stage="1" lat="1">
<core>Cmp</core>
<MemPortIdVec></MemPortIdVec>
<condition id="-1">
<or_exp><and_exp></and_exp></or_exp>
</condition>

<Node id="19" bw="1" op_0_bw="32" op_1_bw="32">
<![CDATA[
:16  %icmp_ln87 = icmp eq i32 %temp_load, 1

]]></Node>
<StgValue><ssdm name="icmp_ln87"/></StgValue>
</operation>

<operation id="37" st_id="5" stage="1" lat="1">
<core>NULL</core>
<MemPortIdVec></MemPortIdVec>
<condition id="-1">
<or_exp><and_exp></and_exp></or_exp>
</condition>

<Node id="20" bw="0" op_0_bw="1" op_1_bw="0" op_2_bw="0">
<![CDATA[
:17  br i1 %icmp_ln87, label %._crit_edge, label %1

]]></Node>
<StgValue><ssdm name="br_ln87"/></StgValue>
</operation>
</state>

<state id="6" st_id="6">

<operation id="38" st_id="6" stage="1" lat="1">
<core>NULL</core>
<MemPortIdVec></MemPortIdVec>
<condition id="-1">
<or_exp><and_exp></and_exp></or_exp>
</condition>

<Node id="22" bw="32" op_0_bw="32" op_1_bw="0" op_2_bw="0" op_3_bw="32">
<![CDATA[
:0  %temp_load_2 = load volatile i32* %temp, align 4

]]></Node>
<StgValue><ssdm name="temp_load_2"/></StgValue>
</operation>

<operation id="39" st_id="6" stage="2" lat="2">
<core></core>
<MemPortIdVec></MemPortIdVec>
<condition id="-1">
<or_exp><and_exp></and_exp></or_exp>
</condition>

<Node id="23" bw="0" op_0_bw="0" op_1_bw="32" op_2_bw="32" op_3_bw="32" op_4_bw="32" op_5_bw="32" op_6_bw="32" op_7_bw="32">
<![CDATA[
:1  call fastcc void @node_set_right(i32* %myHeap, i32 %xPtr_read, i32 %temp_load_2)

]]></Node>
<StgValue><ssdm name="call_ln88"/></StgValue>
</operation>

<operation id="40" st_id="6" stage="1" lat="1">
<core>NULL</core>
<MemPortIdVec></MemPortIdVec>
<condition id="-1">
<or_exp><and_exp></and_exp></or_exp>
</condition>

<Node id="24" bw="0" op_0_bw="1" op_1_bw="1" op_2_bw="0">
<![CDATA[
:2  store volatile i1 false, i1* %a, align 1

]]></Node>
<StgValue><ssdm name="store_ln89"/></StgValue>
</operation>
</state>

<state id="7" st_id="7">

<operation id="41" st_id="7" stage="1" lat="2">
<core></core>
<MemPortIdVec></MemPortIdVec>
<condition id="-1">
<or_exp><and_exp><literal name="icmp_ln87" val="0"/>
</and_exp></or_exp>
</condition>

<Node id="23" bw="0" op_0_bw="0" op_1_bw="32" op_2_bw="32" op_3_bw="32" op_4_bw="32" op_5_bw="32" op_6_bw="32" op_7_bw="32">
<![CDATA[
:1  call fastcc void @node_set_right(i32* %myHeap, i32 %xPtr_read, i32 %temp_load_2)

]]></Node>
<StgValue><ssdm name="call_ln88"/></StgValue>
</operation>

<operation id="42" st_id="7" stage="1" lat="1">
<core>NULL</core>
<MemPortIdVec></MemPortIdVec>
<condition id="-1">
<or_exp><and_exp><literal name="icmp_ln87" val="0"/>
</and_exp></or_exp>
</condition>

<Node id="25" bw="0" op_0_bw="0">
<![CDATA[
:3  br label %._crit_edge

]]></Node>
<StgValue><ssdm name="br_ln90"/></StgValue>
</operation>

<operation id="43" st_id="7" stage="1" lat="1">
<core>NULL</core>
<MemPortIdVec></MemPortIdVec>
<condition id="-1">
<or_exp><and_exp></and_exp></or_exp>
</condition>

<Node id="27" bw="32" op_0_bw="32" op_1_bw="0" op_2_bw="0" op_3_bw="32">
<![CDATA[
._crit_edge:0  %yPtr_load_1 = load volatile i32* %yPtr, align 4

]]></Node>
<StgValue><ssdm name="yPtr_load_1"/></StgValue>
</operation>

<operation id="44" st_id="7" stage="1" lat="1">
<core>Cmp</core>
<MemPortIdVec></MemPortIdVec>
<condition id="-1">
<or_exp><and_exp></and_exp></or_exp>
</condition>

<Node id="28" bw="1" op_0_bw="32" op_1_bw="32">
<![CDATA[
._crit_edge:1  %icmp_ln91 = icmp eq i32 %yPtr_load_1, 1

]]></Node>
<StgValue><ssdm name="icmp_ln91"/></StgValue>
</operation>

<operation id="45" st_id="7" stage="1" lat="1">
<core>NULL</core>
<MemPortIdVec></MemPortIdVec>
<condition id="-1">
<or_exp><and_exp></and_exp></or_exp>
</condition>

<Node id="29" bw="0" op_0_bw="1" op_1_bw="0" op_2_bw="0">
<![CDATA[
._crit_edge:2  br i1 %icmp_ln91, label %._crit_edge1, label %2

]]></Node>
<StgValue><ssdm name="br_ln91"/></StgValue>
</operation>
</state>

<state id="8" st_id="8">

<operation id="46" st_id="8" stage="1" lat="1">
<core>NULL</core>
<MemPortIdVec></MemPortIdVec>
<condition id="-1">
<or_exp><and_exp></and_exp></or_exp>
</condition>

<Node id="31" bw="32" op_0_bw="32" op_1_bw="0" op_2_bw="0" op_3_bw="32" op_4_bw="32">
<![CDATA[
:0  %yPtr_load_2 = load volatile i32* %yPtr, align 4

]]></Node>
<StgValue><ssdm name="yPtr_load_2"/></StgValue>
</operation>

<operation id="47" st_id="8" stage="2" lat="2">
<core></core>
<MemPortIdVec></MemPortIdVec>
<condition id="-1">
<or_exp><and_exp></and_exp></or_exp>
</condition>

<Node id="32" bw="0" op_0_bw="0" op_1_bw="32" op_2_bw="32" op_3_bw="32" op_4_bw="32" op_5_bw="32" op_6_bw="0" op_7_bw="32" op_8_bw="32" op_9_bw="0">
<![CDATA[
:1  call fastcc void @node_set_left(i32* %myHeap, i32 %yPtr_load_2, i32 %xPtr_read)

]]></Node>
<StgValue><ssdm name="call_ln92"/></StgValue>
</operation>

<operation id="48" st_id="8" stage="1" lat="1">
<core>NULL</core>
<MemPortIdVec></MemPortIdVec>
<condition id="-1">
<or_exp><and_exp></and_exp></or_exp>
</condition>

<Node id="33" bw="0" op_0_bw="1" op_1_bw="1" op_2_bw="0">
<![CDATA[
:2  store volatile i1 false, i1* %b, align 1

]]></Node>
<StgValue><ssdm name="store_ln93"/></StgValue>
</operation>
</state>

<state id="9" st_id="9">

<operation id="49" st_id="9" stage="1" lat="2">
<core></core>
<MemPortIdVec></MemPortIdVec>
<condition id="-1">
<or_exp><and_exp><literal name="icmp_ln91" val="0"/>
</and_exp></or_exp>
</condition>

<Node id="32" bw="0" op_0_bw="0" op_1_bw="32" op_2_bw="32" op_3_bw="32" op_4_bw="32" op_5_bw="32" op_6_bw="0" op_7_bw="32" op_8_bw="32" op_9_bw="0">
<![CDATA[
:1  call fastcc void @node_set_left(i32* %myHeap, i32 %yPtr_load_2, i32 %xPtr_read)

]]></Node>
<StgValue><ssdm name="call_ln92"/></StgValue>
</operation>

<operation id="50" st_id="9" stage="1" lat="1">
<core>NULL</core>
<MemPortIdVec></MemPortIdVec>
<condition id="-1">
<or_exp><and_exp><literal name="icmp_ln91" val="0"/>
</and_exp></or_exp>
</condition>

<Node id="34" bw="0" op_0_bw="0">
<![CDATA[
:3  br label %._crit_edge1

]]></Node>
<StgValue><ssdm name="br_ln94"/></StgValue>
</operation>

<operation id="51" st_id="9" stage="1" lat="1">
<core>NULL</core>
<MemPortIdVec></MemPortIdVec>
<condition id="-1">
<or_exp><and_exp></and_exp></or_exp>
</condition>

<Node id="36" bw="1" op_0_bw="1" op_1_bw="0" op_2_bw="0">
<![CDATA[
._crit_edge1:0  %a_load = load volatile i1* %a, align 1

]]></Node>
<StgValue><ssdm name="a_load"/></StgValue>
</operation>

<operation id="52" st_id="9" stage="1" lat="1">
<core>NULL</core>
<MemPortIdVec></MemPortIdVec>
<condition id="-1">
<or_exp><and_exp></and_exp></or_exp>
</condition>

<Node id="37" bw="0" op_0_bw="1" op_1_bw="0" op_2_bw="0">
<![CDATA[
._crit_edge1:1  br i1 %a_load, label %._crit_edge2, label %3

]]></Node>
<StgValue><ssdm name="br_ln96"/></StgValue>
</operation>
</state>

<state id="10" st_id="10">

<operation id="53" st_id="10" stage="2" lat="2">
<core></core>
<MemPortIdVec></MemPortIdVec>
<condition id="-1">
<or_exp><and_exp></and_exp></or_exp>
</condition>

<Node id="39" bw="32" op_0_bw="32" op_1_bw="32" op_2_bw="32" op_3_bw="32" op_4_bw="32" op_5_bw="0" op_6_bw="0" op_7_bw="32" op_8_bw="32" op_9_bw="0" op_10_bw="0">
<![CDATA[
:0  %tmp = call fastcc i32 @CalculateNodeHeight(i32* %myHeap, i32 %xPtr_read)

]]></Node>
<StgValue><ssdm name="tmp"/></StgValue>
</operation>
</state>

<state id="11" st_id="11">

<operation id="54" st_id="11" stage="1" lat="2">
<core></core>
<MemPortIdVec></MemPortIdVec>
<condition id="-1">
<or_exp><and_exp></and_exp></or_exp>
</condition>

<Node id="39" bw="32" op_0_bw="32" op_1_bw="32" op_2_bw="32" op_3_bw="32" op_4_bw="32" op_5_bw="0" op_6_bw="0" op_7_bw="32" op_8_bw="32" op_9_bw="0" op_10_bw="0">
<![CDATA[
:0  %tmp = call fastcc i32 @CalculateNodeHeight(i32* %myHeap, i32 %xPtr_read)

]]></Node>
<StgValue><ssdm name="tmp"/></StgValue>
</operation>
</state>

<state id="12" st_id="12">

<operation id="55" st_id="12" stage="2" lat="2">
<core></core>
<MemPortIdVec></MemPortIdVec>
<condition id="-1">
<or_exp><and_exp></and_exp></or_exp>
</condition>

<Node id="40" bw="0" op_0_bw="0" op_1_bw="32" op_2_bw="32" op_3_bw="32" op_4_bw="32" op_5_bw="32" op_6_bw="32" op_7_bw="0" op_8_bw="0" op_9_bw="32" op_10_bw="32" op_11_bw="32" op_12_bw="0" op_13_bw="0">
<![CDATA[
:1  call fastcc void @node_set_height(i32* %myHeap, i32 %xPtr_read, i32 %tmp)

]]></Node>
<StgValue><ssdm name="call_ln97"/></StgValue>
</operation>
</state>

<state id="13" st_id="13">

<operation id="56" st_id="13" stage="1" lat="2">
<core></core>
<MemPortIdVec></MemPortIdVec>
<condition id="-1">
<or_exp><and_exp><literal name="a_load" val="0"/>
</and_exp></or_exp>
</condition>

<Node id="40" bw="0" op_0_bw="0" op_1_bw="32" op_2_bw="32" op_3_bw="32" op_4_bw="32" op_5_bw="32" op_6_bw="32" op_7_bw="0" op_8_bw="0" op_9_bw="32" op_10_bw="32" op_11_bw="32" op_12_bw="0" op_13_bw="0">
<![CDATA[
:1  call fastcc void @node_set_height(i32* %myHeap, i32 %xPtr_read, i32 %tmp)

]]></Node>
<StgValue><ssdm name="call_ln97"/></StgValue>
</operation>

<operation id="57" st_id="13" stage="1" lat="1">
<core>NULL</core>
<MemPortIdVec></MemPortIdVec>
<condition id="-1">
<or_exp><and_exp><literal name="a_load" val="0"/>
</and_exp></or_exp>
</condition>

<Node id="41" bw="0" op_0_bw="0">
<![CDATA[
:2  br label %._crit_edge2

]]></Node>
<StgValue><ssdm name="br_ln98"/></StgValue>
</operation>

<operation id="58" st_id="13" stage="1" lat="1">
<core>NULL</core>
<MemPortIdVec></MemPortIdVec>
<condition id="-1">
<or_exp><and_exp></and_exp></or_exp>
</condition>

<Node id="43" bw="1" op_0_bw="1" op_1_bw="0" op_2_bw="0">
<![CDATA[
._crit_edge2:0  %b_load = load volatile i1* %b, align 1

]]></Node>
<StgValue><ssdm name="b_load"/></StgValue>
</operation>

<operation id="59" st_id="13" stage="1" lat="1">
<core>NULL</core>
<MemPortIdVec></MemPortIdVec>
<condition id="-1">
<or_exp><and_exp></and_exp></or_exp>
</condition>

<Node id="44" bw="0" op_0_bw="1" op_1_bw="0" op_2_bw="0">
<![CDATA[
._crit_edge2:1  br i1 %b_load, label %._crit_edge3, label %4

]]></Node>
<StgValue><ssdm name="br_ln99"/></StgValue>
</operation>

<operation id="60" st_id="13" stage="1" lat="1">
<core>NULL</core>
<MemPortIdVec></MemPortIdVec>
<condition id="-1">
<or_exp><and_exp><literal name="b_load" val="0"/>
</and_exp></or_exp>
</condition>

<Node id="46" bw="32" op_0_bw="32" op_1_bw="0" op_2_bw="0" op_3_bw="32" op_4_bw="32" op_5_bw="32">
<![CDATA[
:0  %yPtr_load_3 = load volatile i32* %yPtr, align 4

]]></Node>
<StgValue><ssdm name="yPtr_load_3"/></StgValue>
</operation>
</state>

<state id="14" st_id="14">

<operation id="61" st_id="14" stage="1" lat="1">
<core>NULL</core>
<MemPortIdVec></MemPortIdVec>
<condition id="-1">
<or_exp><and_exp></and_exp></or_exp>
</condition>

<Node id="47" bw="32" op_0_bw="32" op_1_bw="32" op_2_bw="0" op_3_bw="0" op_4_bw="32" op_5_bw="32" op_6_bw="32">
<![CDATA[
:1  %yPtr_load_4 = load volatile i32* %yPtr, align 4

]]></Node>
<StgValue><ssdm name="yPtr_load_4"/></StgValue>
</operation>

<operation id="62" st_id="14" stage="2" lat="2">
<core></core>
<MemPortIdVec></MemPortIdVec>
<condition id="-1">
<or_exp><and_exp></and_exp></or_exp>
</condition>

<Node id="48" bw="32" op_0_bw="32" op_1_bw="32" op_2_bw="32" op_3_bw="32" op_4_bw="32" op_5_bw="0" op_6_bw="0" op_7_bw="32" op_8_bw="0" op_9_bw="32" op_10_bw="32" op_11_bw="0" op_12_bw="0" op_13_bw="32" op_14_bw="0">
<![CDATA[
:2  %tmp_s = call fastcc i32 @CalculateNodeHeight(i32* %myHeap, i32 %yPtr_load_4)

]]></Node>
<StgValue><ssdm name="tmp_s"/></StgValue>
</operation>
</state>

<state id="15" st_id="15">

<operation id="63" st_id="15" stage="1" lat="2">
<core></core>
<MemPortIdVec></MemPortIdVec>
<condition id="-1">
<or_exp><and_exp></and_exp></or_exp>
</condition>

<Node id="48" bw="32" op_0_bw="32" op_1_bw="32" op_2_bw="32" op_3_bw="32" op_4_bw="32" op_5_bw="0" op_6_bw="0" op_7_bw="32" op_8_bw="0" op_9_bw="32" op_10_bw="32" op_11_bw="0" op_12_bw="0" op_13_bw="32" op_14_bw="0">
<![CDATA[
:2  %tmp_s = call fastcc i32 @CalculateNodeHeight(i32* %myHeap, i32 %yPtr_load_4)

]]></Node>
<StgValue><ssdm name="tmp_s"/></StgValue>
</operation>
</state>

<state id="16" st_id="16">

<operation id="64" st_id="16" stage="2" lat="2">
<core></core>
<MemPortIdVec></MemPortIdVec>
<condition id="-1">
<or_exp><and_exp></and_exp></or_exp>
</condition>

<Node id="49" bw="0" op_0_bw="0" op_1_bw="32" op_2_bw="32" op_3_bw="32" op_4_bw="32" op_5_bw="32" op_6_bw="32" op_7_bw="0" op_8_bw="0" op_9_bw="32" op_10_bw="0" op_11_bw="32" op_12_bw="32" op_13_bw="32" op_14_bw="0" op_15_bw="0" op_16_bw="32" op_17_bw="0">
<![CDATA[
:3  call fastcc void @node_set_height(i32* %myHeap, i32 %yPtr_load_3, i32 %tmp_s)

]]></Node>
<StgValue><ssdm name="call_ln100"/></StgValue>
</operation>
</state>

<state id="17" st_id="17">

<operation id="65" st_id="17" stage="1" lat="2">
<core></core>
<MemPortIdVec></MemPortIdVec>
<condition id="-1">
<or_exp><and_exp><literal name="b_load" val="0"/>
</and_exp></or_exp>
</condition>

<Node id="49" bw="0" op_0_bw="0" op_1_bw="32" op_2_bw="32" op_3_bw="32" op_4_bw="32" op_5_bw="32" op_6_bw="32" op_7_bw="0" op_8_bw="0" op_9_bw="32" op_10_bw="0" op_11_bw="32" op_12_bw="32" op_13_bw="32" op_14_bw="0" op_15_bw="0" op_16_bw="32" op_17_bw="0">
<![CDATA[
:3  call fastcc void @node_set_height(i32* %myHeap, i32 %yPtr_load_3, i32 %tmp_s)

]]></Node>
<StgValue><ssdm name="call_ln100"/></StgValue>
</operation>

<operation id="66" st_id="17" stage="1" lat="1">
<core>NULL</core>
<MemPortIdVec></MemPortIdVec>
<condition id="-1">
<or_exp><and_exp><literal name="b_load" val="0"/>
</and_exp></or_exp>
</condition>

<Node id="50" bw="0" op_0_bw="0">
<![CDATA[
:4  br label %._crit_edge3

]]></Node>
<StgValue><ssdm name="br_ln101"/></StgValue>
</operation>

<operation id="67" st_id="17" stage="1" lat="1">
<core>NULL</core>
<MemPortIdVec></MemPortIdVec>
<condition id="-1">
<or_exp><and_exp></and_exp></or_exp>
</condition>

<Node id="52" bw="32" op_0_bw="32" op_1_bw="0" op_2_bw="0" op_3_bw="32" op_4_bw="32" op_5_bw="32" op_6_bw="32" op_7_bw="32">
<![CDATA[
._crit_edge3:0  %yPtr_load_5 = load volatile i32* %yPtr, align 4

]]></Node>
<StgValue><ssdm name="yPtr_load_5"/></StgValue>
</operation>

<operation id="68" st_id="17" stage="1" lat="1">
<core>NULL</core>
<MemPortIdVec></MemPortIdVec>
<condition id="-1">
<or_exp><and_exp></and_exp></or_exp>
</condition>

<Node id="53" bw="0" op_0_bw="32">
<![CDATA[
._crit_edge3:1  ret i32 %yPtr_load_5

]]></Node>
<StgValue><ssdm name="ret_ln103"/></StgValue>
</operation>
</state>
</state_list>


<ports>
</ports>


<dataflows>
</dataflows>


</stg>
