<stg><name>LeftRotate</name>


<trans_list>

<trans id="69" from="1" to="2">
<condition id="-1">
<or_exp><and_exp></and_exp></or_exp>
</condition>
</trans>

<trans id="70" from="2" to="3">
<condition id="-1">
<or_exp><and_exp></and_exp></or_exp>
</condition>
</trans>

<trans id="71" from="3" to="4">
<condition id="-1">
<or_exp><and_exp></and_exp></or_exp>
</condition>
</trans>

<trans id="72" from="4" to="5">
<condition id="-1">
<or_exp><and_exp></and_exp></or_exp>
</condition>
</trans>

<trans id="73" from="5" to="6">
<condition id="-1">
<or_exp><and_exp><literal name="icmp_ln87" val="0"/>
</and_exp></or_exp>
</condition>
</trans>

<trans id="74" from="5" to="7">
<condition id="-1">
<or_exp><and_exp><literal name="icmp_ln87" val="1"/>
</and_exp></or_exp>
</condition>
</trans>

<trans id="75" from="6" to="7">
<condition id="-1">
<or_exp><and_exp></and_exp></or_exp>
</condition>
</trans>

<trans id="76" from="7" to="8">
<condition id="-1">
<or_exp><and_exp><literal name="icmp_ln91" val="0"/>
</and_exp></or_exp>
</condition>
</trans>

<trans id="77" from="7" to="9">
<condition id="-1">
<or_exp><and_exp><literal name="icmp_ln91" val="1"/>
</and_exp></or_exp>
</condition>
</trans>

<trans id="78" from="8" to="9">
<condition id="-1">
<or_exp><and_exp></and_exp></or_exp>
</condition>
</trans>

<trans id="79" from="9" to="10">
<condition id="-1">
<or_exp><and_exp><literal name="a_load" val="0"/>
</and_exp></or_exp>
</condition>
</trans>

<trans id="80" from="9" to="13">
<condition id="-1">
<or_exp><and_exp><literal name="a_load" val="1"/>
</and_exp></or_exp>
</condition>
</trans>

<trans id="81" from="10" to="11">
<condition id="-1">
<or_exp><and_exp></and_exp></or_exp>
</condition>
</trans>

<trans id="82" from="11" to="12">
<condition id="-1">
<or_exp><and_exp></and_exp></or_exp>
</condition>
</trans>

<trans id="83" from="12" to="13">
<condition id="-1">
<or_exp><and_exp></and_exp></or_exp>
</condition>
</trans>

<trans id="84" from="13" to="14">
<condition id="-1">
<or_exp><and_exp><literal name="b_load" val="0"/>
</and_exp></or_exp>
</condition>
</trans>

<trans id="85" from="13" to="17">
<condition id="-1">
<or_exp><and_exp><literal name="b_load" val="1"/>
</and_exp></or_exp>
</condition>
</trans>

<trans id="87" from="14" to="15">
<condition id="-1">
<or_exp><and_exp></and_exp></or_exp>
</condition>
</trans>

<trans id="88" from="15" to="16">
<condition id="-1">
<or_exp><and_exp></and_exp></or_exp>
</condition>
</trans>

<trans id="89" from="16" to="17">
<condition id="-1">
<or_exp><and_exp></and_exp></or_exp>
</condition>
</trans>
</trans_list>



<state_list>

<state id="1" st_id="1">

<operation id="18" st_id="1" stage="1" lat="1">
<core>NULL</core>
<MemPortIdVec></MemPortIdVec>
<condition id="-1">
<or_exp><and_exp></and_exp></or_exp>
</condition>

<Node id="4" bw="32" op_0_bw="32" op_1_bw="32">
<![CDATA[
:1  %xPtr_read = call i32 @_ssdm_op_Read.ap_auto.i32(i32 %xPtr) nounwind

]]></Node>
<StgValue><ssdm name="xPtr_read"/></StgValue>
</operation>

<operation id="19" st_id="1" stage="1" lat="1">
<core>NULL</core>
<MemPortIdVec></MemPortIdVec>
<condition id="-1">
<or_exp><and_exp></and_exp></or_exp>
</condition>

<Node id="5" bw="32" op_0_bw="64">
<![CDATA[
:2  %yPtr = alloca i32, align 4

]]></Node>
<StgValue><ssdm name="yPtr"/></StgValue>
</operation>

<operation id="20" st_id="1" stage="1" lat="1">
<core>NULL</core>
<MemPortIdVec></MemPortIdVec>
<condition id="-1">
<or_exp><and_exp></and_exp></or_exp>
</condition>

<Node id="6" bw="32" op_0_bw="64">
<![CDATA[
:3  %temp = alloca i32, align 4

]]></Node>
<StgValue><ssdm name="temp"/></StgValue>
</operation>

<operation id="21" st_id="1" stage="1" lat="1">
<core>NULL</core>
<MemPortIdVec></MemPortIdVec>
<condition id="-1">
<or_exp><and_exp></and_exp></or_exp>
</condition>

<Node id="7" bw="1" op_0_bw="64">
<![CDATA[
:4  %a = alloca i1, align 1

]]></Node>
<StgValue><ssdm name="a"/></StgValue>
</operation>

<operation id="22" st_id="1" stage="1" lat="1">
<core>NULL</core>
<MemPortIdVec></MemPortIdVec>
<condition id="-1">
<or_exp><and_exp></and_exp></or_exp>
</condition>

<Node id="8" bw="1" op_0_bw="64">
<![CDATA[
:5  %b = alloca i1, align 1

]]></Node>
<StgValue><ssdm name="b"/></StgValue>
</operation>

<operation id="23" st_id="1" stage="1" lat="1">
<core>NULL</core>
<MemPortIdVec></MemPortIdVec>
<condition id="-1">
<or_exp><and_exp></and_exp></or_exp>
</condition>

<Node id="9" bw="0" op_0_bw="32" op_1_bw="32">
<![CDATA[
:6  store volatile i32 1, i32* %yPtr, align 4

]]></Node>
<StgValue><ssdm name="store_ln79"/></StgValue>
</operation>

<operation id="24" st_id="1" stage="1" lat="1">
<core>NULL</core>
<MemPortIdVec></MemPortIdVec>
<condition id="-1">
<or_exp><and_exp></and_exp></or_exp>
</condition>

<Node id="10" bw="0" op_0_bw="32" op_1_bw="32">
<![CDATA[
:7  store volatile i32 1, i32* %temp, align 4

]]></Node>
<StgValue><ssdm name="store_ln80"/></StgValue>
</operation>

<operation id="25" st_id="1" stage="2" lat="2">
<core></core>
<MemPortIdVec></MemPortIdVec>
<condition id="-1">
<or_exp><and_exp></and_exp></or_exp>
</condition>

<Node id="11" bw="32" op_0_bw="32" op_1_bw="32" op_2_bw="32">
<![CDATA[
:8  %yPtr_1 = call fastcc i32 @node_get_right_point(i32* %myHeap, i32 %xPtr_read)

]]></Node>
<StgValue><ssdm name="yPtr_1"/></StgValue>
</operation>

<operation id="26" st_id="1" stage="1" lat="1">
<core>NULL</core>
<MemPortIdVec></MemPortIdVec>
<condition id="-1">
<or_exp><and_exp></and_exp></or_exp>
</condition>

<Node id="16" bw="0" op_0_bw="1" op_1_bw="1">
<![CDATA[
:13  store volatile i1 true, i1* %a, align 1

]]></Node>
<StgValue><ssdm name="store_ln85"/></StgValue>
</operation>

<operation id="27" st_id="1" stage="1" lat="1">
<core>NULL</core>
<MemPortIdVec></MemPortIdVec>
<condition id="-1">
<or_exp><and_exp></and_exp></or_exp>
</condition>

<Node id="17" bw="0" op_0_bw="1" op_1_bw="1">
<![CDATA[
:14  store volatile i1 true, i1* %b, align 1

]]></Node>
<StgValue><ssdm name="store_ln85"/></StgValue>
</operation>
</state>

<state id="2" st_id="2">

<operation id="28" st_id="2" stage="1" lat="2">
<core></core>
<MemPortIdVec></MemPortIdVec>
<condition id="-1">
<or_exp><and_exp></and_exp></or_exp>
</condition>

<Node id="11" bw="32" op_0_bw="32" op_1_bw="32" op_2_bw="32">
<![CDATA[
:8  %yPtr_1 = call fastcc i32 @node_get_right_point(i32* %myHeap, i32 %xPtr_read)

]]></Node>
<StgValue><ssdm name="yPtr_1"/></StgValue>
</operation>

<operation id="29" st_id="2" stage="1" lat="1">
<core>NULL</core>
<MemPortIdVec></MemPortIdVec>
<condition id="-1">
<or_exp><and_exp></and_exp></or_exp>
</condition>

<Node id="12" bw="0" op_0_bw="32" op_1_bw="32" op_2_bw="0">
<![CDATA[
:9  store volatile i32 %yPtr_1, i32* %yPtr, align 4

]]></Node>
<StgValue><ssdm name="store_ln82"/></StgValue>
</operation>
</state>

<state id="3" st_id="3">

<operation id="30" st_id="3" stage="1" lat="1">
<core>NULL</core>
<MemPortIdVec></MemPortIdVec>
<condition id="-1">
<or_exp><and_exp></and_exp></or_exp>
</condition>

<Node id="13" bw="32" op_0_bw="32" op_1_bw="0">
<![CDATA[
:10  %yPtr_load = load volatile i32* %yPtr, align 4

]]></Node>
<StgValue><ssdm name="yPtr_load"/></StgValue>
</operation>

<operation id="31" st_id="3" stage="2" lat="2">
<core></core>
<MemPortIdVec></MemPortIdVec>
<condition id="-1">
<or_exp><and_exp></and_exp></or_exp>
</condition>

<Node id="14" bw="32" op_0_bw="32" op_1_bw="32" op_2_bw="32" op_3_bw="32" op_4_bw="32">
<![CDATA[
:11  %temp_2 = call fastcc i32 @node_get_left_pointe(i32* %myHeap, i32 %yPtr_load)

]]></Node>
<StgValue><ssdm name="temp_2"/></StgValue>
</operation>
</state>

<state id="4" st_id="4">

<operation id="32" st_id="4" stage="1" lat="2">
<core></core>
<MemPortIdVec></MemPortIdVec>
<condition id="-1">
<or_exp><and_exp></and_exp></or_exp>
</condition>

<Node id="14" bw="32" op_0_bw="32" op_1_bw="32" op_2_bw="32" op_3_bw="32" op_4_bw="32">
<![CDATA[
:11  %temp_2 = call fastcc i32 @node_get_left_pointe(i32* %myHeap, i32 %yPtr_load)

]]></Node>
<StgValue><ssdm name="temp_2"/></StgValue>
</operation>

<operation id="33" st_id="4" stage="1" lat="1">
<core>NULL</core>
<MemPortIdVec></MemPortIdVec>
<condition id="-1">
<or_exp><and_exp></and_exp></or_exp>
</condition>

<Node id="15" bw="0" op_0_bw="32" op_1_bw="32" op_2_bw="0">
<![CDATA[
:12  store volatile i32 %temp_2, i32* %temp, align 4

]]></Node>
<StgValue><ssdm name="store_ln83"/></StgValue>
</operation>
</state>

<state id="5" st_id="5">

<operation id="34" st_id="5" stage="1" lat="1">
<core>NULL</core>
<MemPortIdVec></MemPortIdVec>
<condition id="-1">
<or_exp><and_exp></and_exp></or_exp>
</condition>

<Node id="3" bw="0" op_0_bw="0" op_1_bw="32" op_2_bw="0" op_3_bw="32" op_4_bw="32" op_5_bw="0" op_6_bw="32" op_7_bw="32" op_8_bw="0" op_9_bw="0" op_10_bw="0" op_11_bw="32" op_12_bw="32" op_13_bw="32" op_14_bw="32" op_15_bw="0" op_16_bw="0">
<![CDATA[
:0  call void (...)* @_ssdm_op_SpecInterface(i32* %myHeap, [6 x i8]* @p_str3, i32 0, i32 0, [1 x i8]* @p_str1, i32 0, i32 1, [1 x i8]* @p_str1, [4 x i8]* @p_str4, [1 x i8]* @p_str1, i32 16, i32 16, i32 16, i32 16, [1 x i8]* @p_str1, [1 x i8]* @p_str1) nounwind

]]></Node>
<StgValue><ssdm name="specinterface_ln0"/></StgValue>
</operation>

<operation id="35" st_id="5" stage="1" lat="1">
<core>NULL</core>
<MemPortIdVec></MemPortIdVec>
<condition id="-1">
<or_exp><and_exp></and_exp></or_exp>
</condition>

<Node id="18" bw="32" op_0_bw="32" op_1_bw="0">
<![CDATA[
:15  %temp_load = load volatile i32* %temp, align 4

]]></Node>
<StgValue><ssdm name="temp_load"/></StgValue>
</operation>

<operation id="36" st_id="5" stage="1" lat="1">
<core>Cmp</core>
<MemPortIdVec></MemPortIdVec>
<condition id="-1">
<or_exp><and_exp></and_exp></or_exp>
</condition>

<Node id="19" bw="1" op_0_bw="32" op_1_bw="32">
<![CDATA[
:16  %icmp_ln87 = icmp eq i32 %temp_load, 1

]]></Node>
<StgValue><ssdm name="icmp_ln87"/></StgValue>
</operation>

<operation id="37" st_id="5" stage="1" lat="1">
<core>NULL</core>
<MemPortIdVec></MemPortIdVec>
<condition id="-1">
<or_exp><and_exp></and_exp></or_exp>
</condition>

<Node id="20" bw="0" op_0_bw="1" op_1_bw="0" op_2_bw="0">
<![CDATA[
:17  br i1 %icmp_ln87, label %._crit_edge, label %1

]]></Node>
<StgValue><ssdm name="br_ln87"/></StgValue>
</operation>
</state>

<state id="6" st_id="6">

<operation id="38" st_id="6" stage="1" lat="1">
<core>NULL</core>
<MemPortIdVec></MemPortIdVec>
<condition id="-1">
<or_exp><and_exp></and_exp></or_exp>
</condition>

<Node id="22" bw="32" op_0_bw="32" op_1_bw="0" op_2_bw="0" op_3_bw="32">
<![CDATA[
:0  %temp_load_2 = load volatile i32* %temp, align 4

]]></Node>
<StgValue><ssdm name="temp_load_2"/></StgValue>
</operation>

<operation id="39" st_id="6" stage="2" lat="2">
<core></core>
<MemPortIdVec></MemPortIdVec>
<condition id="-1">
<or_exp><and_exp></and_exp></or_exp>
</condition>

<Node id="23" bw="0" op_0_bw="0" op_1_bw="32" op_2_bw="32" op_3_bw="32" op_4_bw="32" op_5_bw="32" op_6_bw="32" op_7_bw="32">
<![CDATA[
:1  call fastcc void @node_set_right(i32* %myHeap, i32 %xPtr_read, i32 %temp_load_2)

]]></Node>
<StgValue><ssdm name="call_ln88"/></StgValue>
</operation>

<operation id="40" st_id="6" stage="1" lat="1">
<core>NULL</core>
<MemPortIdVec></MemPortIdVec>
<condition id="-1">
<or_exp><and_exp></and_exp></or_exp>
</condition>

<Node id="24" bw="0" op_0_bw="1" op_1_bw="1" op_2_bw="0">
<![CDATA[
:2  store volatile i1 false, i1* %a, align 1

]]></Node>
<StgValue><ssdm name="store_ln89"/></StgValue>
</operation>
</state>

<state id="7" st_id="7">

<operation id="41" st_id="7" stage="1" lat="2">
<core></core>
<MemPortIdVec></MemPortIdVec>
<condition id="-1">
<or_exp><and_exp><literal name="icmp_ln87" val="0"/>
</and_exp></or_exp>
</condition>

<Node id="23" bw="0" op_0_bw="0" op_1_bw="32" op_2_bw="32" op_3_bw="32" op_4_bw="32" op_5_bw="32" op_6_bw="32" op_7_bw="32">
<![CDATA[
:1  call fastcc void @node_set_right(i32* %myHeap, i32 %xPtr_read, i32 %temp_load_2)

]]></Node>
<StgValue><ssdm name="call_ln88"/></StgValue>
</operation>

<operation id="42" st_id="7" stage="1" lat="1">
<core>NULL</core>
<MemPortIdVec></MemPortIdVec>
<condition id="-1">
<or_exp><and_exp><literal name="icmp_ln87" val="0"/>
</and_exp></or_exp>
</condition>

<Node id="25" bw="0" op_0_bw="0">
<![CDATA[
:3  br label %._crit_edge

]]></Node>
<StgValue><ssdm name="br_ln90"/></StgValue>
</operation>

<operation id="43" st_id="7" stage="1" lat="1">
<core>NULL</core>
<MemPortIdVec></MemPortIdVec>
<condition id="-1">
<or_exp><and_exp></and_exp></or_exp>
</condition>

<Node id="27" bw="32" op_0_bw="32" op_1_bw="0" op_2_bw="0" op_3_bw="32">
<![CDATA[
._crit_edge:0  %yPtr_load_1 = load volatile i32* %yPtr, align 4

]]></Node>
<StgValue><ssdm name="yPtr_load_1"/></StgValue>
</operation>

<operation id="44" st_id="7" stage="1" lat="1">
<core>Cmp</core>
<MemPortIdVec></MemPortIdVec>
<condition id="-1">
<or_exp><and_exp></and_exp></or_exp>
</condition>

<Node id="28" bw="1" op_0_bw="32" op_1_bw="32">
<![CDATA[
._crit_edge:1  %icmp_ln91 = icmp eq i32 %yPtr_load_1, 1

]]></Node>
<StgValue><ssdm name="icmp_ln91"/></StgValue>
</operation>

<operation id="45" st_id="7" stage="1" lat="1">
<core>NULL</core>
<MemPortIdVec></MemPortIdVec>
<condition id="-1">
<or_exp><and_exp></and_exp></or_exp>
</condition>

<Node id="29" bw="0" op_0_bw="1" op_1_bw="0" op_2_bw="0">
<![CDATA[
._crit_edge:2  br i1 %icmp_ln91, label %._crit_edge1, label %2

]]></Node>
<StgValue><ssdm name="br_ln91"/></StgValue>
</operation>
</state>

<state id="8" st_id="8">

<operation id="46" st_id="8" stage="1" lat="1">
<core>NULL</core>
<MemPortIdVec></MemPortIdVec>
<condition id="-1">
<or_exp><and_exp></and_exp></or_exp>
</condition>

<Node id="31" bw="32" op_0_bw="32" op_1_bw="0" op_2_bw="0" op_3_bw="32" op_4_bw="32">
<![CDATA[
:0  %yPtr_load_2 = load volatile i32* %yPtr, align 4

]]></Node>
<StgValue><ssdm name="yPtr_load_2"/></StgValue>
</operation>

<operation id="47" st_id="8" stage="2" lat="2">
<core></core>
<MemPortIdVec></MemPortIdVec>
<condition id="-1">
<or_exp><and_exp></and_exp></or_exp>
</condition>

<Node id="32" bw="0" op_0_bw="0" op_1_bw="32" op_2_bw="32" op_3_bw="32" op_4_bw="32" op_5_bw="32" op_6_bw="0" op_7_bw="32" op_8_bw="32" op_9_bw="0">
<![CDATA[
:1  call fastcc void @node_set_left(i32* %myHeap, i32 %yPtr_load_2, i32 %xPtr_read)

]]></Node>
<StgValue><ssdm name="call_ln92"/></StgValue>
</operation>

<operation id="48" st_id="8" stage="1" lat="1">
<core>NULL</core>
<MemPortIdVec></MemPortIdVec>
<condition id="-1">
<or_exp><and_exp></and_exp></or_exp>
</condition>

<Node id="33" bw="0" op_0_bw="1" op_1_bw="1" op_2_bw="0">
<![CDATA[
:2  store volatile i1 false, i1* %b, align 1

]]></Node>
<StgValue><ssdm name="store_ln93"/></StgValue>
</operation>
</state>

<state id="9" st_id="9">

<operation id="49" st_id="9" stage="1" lat="2">
<core></core>
<MemPortIdVec></MemPortIdVec>
<condition id="-1">
<or_exp><and_exp><literal name="icmp_ln91" val="0"/>
</and_exp></or_exp>
</condition>

<Node id="32" bw="0" op_0_bw="0" op_1_bw="32" op_2_bw="32" op_3_bw="32" op_4_bw="32" op_5_bw="32" op_6_bw="0" op_7_bw="32" op_8_bw="32" op_9_bw="0">
<![CDATA[
:1  call fastcc void @node_set_left(i32* %myHeap, i32 %yPtr_load_2, i32 %xPtr_read)

]]></Node>
<StgValue><ssdm name="call_ln92"/></StgValue>
</operation>

<operation id="50" st_id="9" stage="1" lat="1">
<core>NULL</core>
<MemPortIdVec></MemPortIdVec>
<condition id="-1">
<or_exp><and_exp><literal name="icmp_ln91" val="0"/>
</and_exp></or_exp>
</condition>

<Node id="34" bw="0" op_0_bw="0">
<![CDATA[
:3  br label %._crit_edge1

]]></Node>
<StgValue><ssdm name="br_ln94"/></StgValue>
</operation>

<operation id="51" st_id="9" stage="1" lat="1">
<core>NULL</core>
<MemPortIdVec></MemPortIdVec>
<condition id="-1">
<or_exp><and_exp></and_exp></or_exp>
</condition>

<Node id="36" bw="1" op_0_bw="1" op_1_bw="0" op_2_bw="0">
<![CDATA[
._crit_edge1:0  %a_load = load volatile i1* %a, align 1

]]></Node>
<StgValue><ssdm name="a_load"/></StgValue>
</operation>

<operation id="52" st_id="9" stage="1" lat="1">
<core>NULL</core>
<MemPortIdVec></MemPortIdVec>
<condition id="-1">
<or_exp><and_exp></and_exp></or_exp>
</condition>

<Node id="37" bw="0" op_0_bw="1" op_1_bw="0" op_2_bw="0">
<![CDATA[
._crit_edge1:1  br i1 %a_load, label %._crit_edge2, label %3

]]></Node>
<StgValue><ssdm name="br_ln96"/></StgValue>
</operation>
</state>

<state id="10" st_id="10">

<operation id="53" st_id="10" stage="2" lat="2">
<core></core>
<MemPortIdVec></MemPortIdVec>
<condition id="-1">
<or_exp><and_exp></and_exp></or_exp>
</condition>

<Node id="39" bw="32" op_0_bw="32" op_1_bw="32" op_2_bw="32" op_3_bw="32" op_4_bw="32" op_5_bw="0" op_6_bw="0" op_7_bw="32" op_8_bw="32" op_9_bw="0" op_10_bw="0">
<![CDATA[
:0  %tmp = call fastcc i32 @CalculateNodeHeight(i32* %myHeap, i32 %xPtr_read)

]]></Node>
<StgValue><ssdm name="tmp"/></StgValue>
</operation>
</state>

<state id="11" st_id="11">

<operation id="54" st_id="11" stage="1" lat="2">
<core></core>
<MemPortIdVec></MemPortIdVec>
<condition id="-1">
<or_exp><and_exp></and_exp></or_exp>
</condition>

<Node id="39" bw="32" op_0_bw="32" op_1_bw="32" op_2_bw="32" op_3_bw="32" op_4_bw="32" op_5_bw="0" op_6_bw="0" op_7_bw="32" op_8_bw="32" op_9_bw="0" op_10_bw="0">
<![CDATA[
:0  %tmp = call fastcc i32 @CalculateNodeHeight(i32* %myHeap, i32 %xPtr_read)

]]></Node>
<StgValue><ssdm name="tmp"/></StgValue>
</operation>
</state>

<state id="12" st_id="12">

<operation id="55" st_id="12" stage="2" lat="2">
<core></core>
<MemPortIdVec></MemPortIdVec>
<condition id="-1">
<or_exp><and_exp></and_exp></or_exp>
</condition>

<Node id="40" bw="0" op_0_bw="0" op_1_bw="32" op_2_bw="32" op_3_bw="32" op_4_bw="32" op_5_bw="32" op_6_bw="32" op_7_bw="0" op_8_bw="0" op_9_bw="32" op_10_bw="32" op_11_bw="32" op_12_bw="0" op_13_bw="0">
<![CDATA[
:1  call fastcc void @node_set_height(i32* %myHeap, i32 %xPtr_read, i32 %tmp)

]]></Node>
<StgValue><ssdm name="call_ln97"/></StgValue>
</operation>
</state>

<state id="13" st_id="13">

<operation id="56" st_id="13" stage="1" lat="2">
<core></core>
<MemPortIdVec></MemPortIdVec>
<condition id="-1">
<or_exp><and_exp><literal name="a_load" val="0"/>
</and_exp></or_exp>
</condition>

<Node id="40" bw="0" op_0_bw="0" op_1_bw="32" op_2_bw="32" op_3_bw="32" op_4_bw="32" op_5_bw="32" op_6_bw="32" op_7_bw="0" op_8_bw="0" op_9_bw="32" op_10_bw="32" op_11_bw="32" op_12_bw="0" op_13_bw="0">
<![CDATA[
:1  call fastcc void @node_set_height(i32* %myHeap, i32 %xPtr_read, i32 %tmp)

]]></Node>
<StgValue><ssdm name="call_ln97"/></StgValue>
</operation>

<operation id="57" st_id="13" stage="1" lat="1">
<core>NULL</core>
<MemPortIdVec></MemPortIdVec>
<condition id="-1">
<or_exp><and_exp><literal name="a_load" val="0"/>
</and_exp></or_exp>
</condition>

<Node id="41" bw="0" op_0_bw="0">
<![CDATA[
:2  br label %._crit_edge2

]]></Node>
<StgValue><ssdm name="br_ln98"/></StgValue>
</operation>

<operation id="58" st_id="13" stage="1" lat="1">
<core>NULL</core>
<MemPortIdVec></MemPortIdVec>
<condition id="-1">
<or_exp><and_exp></and_exp></or_exp>
</condition>

<Node id="43" bw="1" op_0_bw="1" op_1_bw="0" op_2_bw="0">
<![CDATA[
._crit_edge2:0  %b_load = load volatile i1* %b, align 1

]]></Node>
<StgValue><ssdm name="b_load"/></StgValue>
</operation>

<operation id="59" st_id="13" stage="1" lat="1">
<core>NULL</core>
<MemPortIdVec></MemPortIdVec>
<condition id="-1">
<or_exp><and_exp></and_exp></or_exp>
</condition>

<Node id="44" bw="0" op_0_bw="1" op_1_bw="0" op_2_bw="0">
<![CDATA[
._crit_edge2:1  br i1 %b_load, label %._crit_edge3, label %4

]]></Node>
<StgValue><ssdm name="br_ln99"/></StgValue>
</operation>

<operation id="60" st_id="13" stage="1" lat="1">
<core>NULL</core>
<MemPortIdVec></MemPortIdVec>
<condition id="-1">
<or_exp><and_exp><literal name="b_load" val="0"/>
</and_exp></or_exp>
</condition>

<Node id="46" bw="32" op_0_bw="32" op_1_bw="0" op_2_bw="0" op_3_bw="32" op_4_bw="32" op_5_bw="32">
<![CDATA[
:0  %yPtr_load_3 = load volatile i32* %yPtr, align 4

]]></Node>
<StgValue><ssdm name="yPtr_load_3"/></StgValue>
</operation>
</state>

<state id="14" st_id="14">

<operation id="61" st_id="14" stage="1" lat="1">
<core>NULL</core>
<MemPortIdVec></MemPortIdVec>
<condition id="-1">
<or_exp><and_exp></and_exp></or_exp>
</condition>

<Node id="47" bw="32" op_0_bw="32" op_1_bw="32" op_2_bw="0" op_3_bw="0" op_4_bw="32" op_5_bw="32" op_6_bw="32">
<![CDATA[
:1  %yPtr_load_4 = load volatile i32* %yPtr, align 4

]]></Node>
<StgValue><ssdm name="yPtr_load_4"/></StgValue>
</operation>

<operation id="62" st_id="14" stage="2" lat="2">
<core></core>
<MemPortIdVec></MemPortIdVec>
<condition id="-1">
<or_exp><and_exp></and_exp></or_exp>
</condition>

<Node id="48" bw="32" op_0_bw="32" op_1_bw="32" op_2_bw="32" op_3_bw="32" op_4_bw="32" op_5_bw="0" op_6_bw="0" op_7_bw="32" op_8_bw="0" op_9_bw="32" op_10_bw="32" op_11_bw="0" op_12_bw="0" op_13_bw="32" op_14_bw="0">
<![CDATA[
:2  %tmp_s = call fastcc i32 @CalculateNodeHeight(i32* %myHeap, i32 %yPtr_load_4)

]]></Node>
<StgValue><ssdm name="tmp_s"/></StgValue>
</operation>
</state>

<state id="15" st_id="15">

<operation id="63" st_id="15" stage="1" lat="2">
<core></core>
<MemPortIdVec></MemPortIdVec>
<condition id="-1">
<or_exp><and_exp></and_exp></or_exp>
</condition>

<Node id="48" bw="32" op_0_bw="32" op_1_bw="32" op_2_bw="32" op_3_bw="32" op_4_bw="32" op_5_bw="0" op_6_bw="0" op_7_bw="32" op_8_bw="0" op_9_bw="32" op_10_bw="32" op_11_bw="0" op_12_bw="0" op_13_bw="32" op_14_bw="0">
<![CDATA[
:2  %tmp_s = call fastcc i32 @CalculateNodeHeight(i32* %myHeap, i32 %yPtr_load_4)

]]></Node>
<StgValue><ssdm name="tmp_s"/></StgValue>
</operation>
</state>

<state id="16" st_id="16">

<operation id="64" st_id="16" stage="2" lat="2">
<core></core>
<MemPortIdVec></MemPortIdVec>
<condition id="-1">
<or_exp><and_exp></and_exp></or_exp>
</condition>

<Node id="49" bw="0" op_0_bw="0" op_1_bw="32" op_2_bw="32" op_3_bw="32" op_4_bw="32" op_5_bw="32" op_6_bw="32" op_7_bw="0" op_8_bw="0" op_9_bw="32" op_10_bw="0" op_11_bw="32" op_12_bw="32" op_13_bw="32" op_14_bw="0" op_15_bw="0" op_16_bw="32" op_17_bw="0">
<![CDATA[
:3  call fastcc void @node_set_height(i32* %myHeap, i32 %yPtr_load_3, i32 %tmp_s)

]]></Node>
<StgValue><ssdm name="call_ln100"/></StgValue>
</operation>
</state>

<state id="17" st_id="17">

<operation id="65" st_id="17" stage="1" lat="2">
<core></core>
<MemPortIdVec></MemPortIdVec>
<condition id="-1">
<or_exp><and_exp><literal name="b_load" val="0"/>
</and_exp></or_exp>
</condition>

<Node id="49" bw="0" op_0_bw="0" op_1_bw="32" op_2_bw="32" op_3_bw="32" op_4_bw="32" op_5_bw="32" op_6_bw="32" op_7_bw="0" op_8_bw="0" op_9_bw="32" op_10_bw="0" op_11_bw="32" op_12_bw="32" op_13_bw="32" op_14_bw="0" op_15_bw="0" op_16_bw="32" op_17_bw="0">
<![CDATA[
:3  call fastcc void @node_set_height(i32* %myHeap, i32 %yPtr_load_3, i32 %tmp_s)

]]></Node>
<StgValue><ssdm name="call_ln100"/></StgValue>
</operation>

<operation id="66" st_id="17" stage="1" lat="1">
<core>NULL</core>
<MemPortIdVec></MemPortIdVec>
<condition id="-1">
<or_exp><and_exp><literal name="b_load" val="0"/>
</and_exp></or_exp>
</condition>

<Node id="50" bw="0" op_0_bw="0">
<![CDATA[
:4  br label %._crit_edge3

]]></Node>
<StgValue><ssdm name="br_ln101"/></StgValue>
</operation>

<operation id="67" st_id="17" stage="1" lat="1">
<core>NULL</core>
<MemPortIdVec></MemPortIdVec>
<condition id="-1">
<or_exp><and_exp></and_exp></or_exp>
</condition>

<Node id="52" bw="32" op_0_bw="32" op_1_bw="0" op_2_bw="0" op_3_bw="32" op_4_bw="32" op_5_bw="32" op_6_bw="32" op_7_bw="32">
<![CDATA[
._crit_edge3:0  %yPtr_load_5 = load volatile i32* %yPtr, align 4

]]></Node>
<StgValue><ssdm name="yPtr_load_5"/></StgValue>
</operation>

<operation id="68" st_id="17" stage="1" lat="1">
<core>NULL</core>
<MemPortIdVec></MemPortIdVec>
<condition id="-1">
<or_exp><and_exp></and_exp></or_exp>
</condition>

<Node id="53" bw="0" op_0_bw="32">
<![CDATA[
._crit_edge3:1  ret i32 %yPtr_load_5

]]></Node>
<StgValue><ssdm name="ret_ln103"/></StgValue>
</operation>
</state>
</state_list>


<ports>
<port id="90" name="myHeap" dir="2" iftype="4">
<core>NULL</core><StgValue><ssdm name="myHeap"/></StgValue>
</port>
<port id="91" name="xPtr" dir="0" iftype="0">
<core>NULL</core><StgValue><ssdm name="xPtr"/></StgValue>
</port>
</ports>


<dataflows>
<dataflow id="93" from="_ssdm_op_Read.ap_auto.i32" to="xPtr_read" fromId="92" toId="18">
</dataflow>
<dataflow id="94" from="xPtr" to="xPtr_read" fromId="91" toId="18">
</dataflow>
<dataflow id="96" from="StgValue_95" to="yPtr" fromId="95" toId="19">
</dataflow>
<dataflow id="97" from="StgValue_95" to="temp" fromId="95" toId="20">
</dataflow>
<dataflow id="98" from="StgValue_95" to="a" fromId="95" toId="21">
</dataflow>
<dataflow id="99" from="StgValue_95" to="b" fromId="95" toId="22">
</dataflow>
<dataflow id="101" from="StgValue_100" to="store_ln79" fromId="100" toId="23">
</dataflow>
<dataflow id="102" from="yPtr" to="store_ln79" fromId="19" toId="23">
</dataflow>
<dataflow id="103" from="StgValue_100" to="store_ln80" fromId="100" toId="24">
</dataflow>
<dataflow id="104" from="temp" to="store_ln80" fromId="20" toId="24">
</dataflow>
<dataflow id="106" from="node_get_right_point" to="yPtr_1" fromId="105" toId="25">
</dataflow>
<dataflow id="107" from="myHeap" to="yPtr_1" fromId="90" toId="25">
</dataflow>
<dataflow id="108" from="xPtr_read" to="yPtr_1" fromId="18" toId="25">
</dataflow>
<dataflow id="110" from="StgValue_109" to="store_ln85" fromId="109" toId="26">
</dataflow>
<dataflow id="111" from="a" to="store_ln85" fromId="21" toId="26">
</dataflow>
<dataflow id="112" from="StgValue_109" to="store_ln85" fromId="109" toId="27">
</dataflow>
<dataflow id="113" from="b" to="store_ln85" fromId="22" toId="27">
</dataflow>
<dataflow id="114" from="node_get_right_point" to="yPtr_1" fromId="105" toId="28">
</dataflow>
<dataflow id="115" from="myHeap" to="yPtr_1" fromId="90" toId="28">
</dataflow>
<dataflow id="116" from="xPtr_read" to="yPtr_1" fromId="18" toId="28">
</dataflow>
<dataflow id="117" from="yPtr_1" to="store_ln82" fromId="28" toId="29">
</dataflow>
<dataflow id="118" from="yPtr" to="store_ln82" fromId="19" toId="29">
</dataflow>
<dataflow id="119" from="yPtr" to="yPtr_load" fromId="19" toId="30">
</dataflow>
<dataflow id="121" from="node_get_left_pointe" to="temp_2" fromId="120" toId="31">
</dataflow>
<dataflow id="122" from="myHeap" to="temp_2" fromId="90" toId="31">
</dataflow>
<dataflow id="123" from="yPtr_load" to="temp_2" fromId="30" toId="31">
</dataflow>
<dataflow id="124" from="node_get_left_pointe" to="temp_2" fromId="120" toId="32">
</dataflow>
<dataflow id="125" from="myHeap" to="temp_2" fromId="90" toId="32">
</dataflow>
<dataflow id="126" from="yPtr_load" to="temp_2" fromId="30" toId="32">
</dataflow>
<dataflow id="127" from="temp_2" to="store_ln83" fromId="32" toId="33">
</dataflow>
<dataflow id="128" from="temp" to="store_ln83" fromId="20" toId="33">
</dataflow>
<dataflow id="130" from="_ssdm_op_SpecInterface" to="specinterface_ln0" fromId="129" toId="34">
</dataflow>
<dataflow id="131" from="myHeap" to="specinterface_ln0" fromId="90" toId="34">
</dataflow>
<dataflow id="133" from="p_str3" to="specinterface_ln0" fromId="132" toId="34">
</dataflow>
<dataflow id="135" from="StgValue_134" to="specinterface_ln0" fromId="134" toId="34">
</dataflow>
<dataflow id="136" from="StgValue_134" to="specinterface_ln0" fromId="134" toId="34">
</dataflow>
<dataflow id="138" from="p_str1" to="specinterface_ln0" fromId="137" toId="34">
</dataflow>
<dataflow id="139" from="StgValue_134" to="specinterface_ln0" fromId="134" toId="34">
</dataflow>
<dataflow id="140" from="StgValue_100" to="specinterface_ln0" fromId="100" toId="34">
</dataflow>
<dataflow id="141" from="p_str1" to="specinterface_ln0" fromId="137" toId="34">
</dataflow>
<dataflow id="143" from="p_str4" to="specinterface_ln0" fromId="142" toId="34">
</dataflow>
<dataflow id="144" from="p_str1" to="specinterface_ln0" fromId="137" toId="34">
</dataflow>
<dataflow id="146" from="StgValue_145" to="specinterface_ln0" fromId="145" toId="34">
</dataflow>
<dataflow id="147" from="StgValue_145" to="specinterface_ln0" fromId="145" toId="34">
</dataflow>
<dataflow id="148" from="StgValue_145" to="specinterface_ln0" fromId="145" toId="34">
</dataflow>
<dataflow id="149" from="StgValue_145" to="specinterface_ln0" fromId="145" toId="34">
</dataflow>
<dataflow id="150" from="p_str1" to="specinterface_ln0" fromId="137" toId="34">
</dataflow>
<dataflow id="151" from="p_str1" to="specinterface_ln0" fromId="137" toId="34">
</dataflow>
<dataflow id="152" from="temp" to="temp_load" fromId="20" toId="35">
</dataflow>
<dataflow id="153" from="temp_load" to="icmp_ln87" fromId="35" toId="36">
</dataflow>
<dataflow id="154" from="StgValue_100" to="icmp_ln87" fromId="100" toId="36">
</dataflow>
<dataflow id="155" from="icmp_ln87" to="br_ln87" fromId="36" toId="37">
</dataflow>
<dataflow id="156" from="temp" to="temp_load_2" fromId="20" toId="38">
</dataflow>
<dataflow id="158" from="node_set_right" to="call_ln88" fromId="157" toId="39">
</dataflow>
<dataflow id="159" from="myHeap" to="call_ln88" fromId="90" toId="39">
</dataflow>
<dataflow id="160" from="xPtr_read" to="call_ln88" fromId="18" toId="39">
</dataflow>
<dataflow id="161" from="temp_load_2" to="call_ln88" fromId="38" toId="39">
</dataflow>
<dataflow id="163" from="StgValue_162" to="store_ln89" fromId="162" toId="40">
</dataflow>
<dataflow id="164" from="a" to="store_ln89" fromId="21" toId="40">
</dataflow>
<dataflow id="165" from="node_set_right" to="call_ln88" fromId="157" toId="41">
</dataflow>
<dataflow id="166" from="myHeap" to="call_ln88" fromId="90" toId="41">
</dataflow>
<dataflow id="167" from="xPtr_read" to="call_ln88" fromId="18" toId="41">
</dataflow>
<dataflow id="168" from="temp_load_2" to="call_ln88" fromId="38" toId="41">
</dataflow>
<dataflow id="169" from="yPtr" to="yPtr_load_1" fromId="19" toId="43">
</dataflow>
<dataflow id="170" from="yPtr_load_1" to="icmp_ln91" fromId="43" toId="44">
</dataflow>
<dataflow id="171" from="StgValue_100" to="icmp_ln91" fromId="100" toId="44">
</dataflow>
<dataflow id="172" from="icmp_ln91" to="br_ln91" fromId="44" toId="45">
</dataflow>
<dataflow id="173" from="yPtr" to="yPtr_load_2" fromId="19" toId="46">
</dataflow>
<dataflow id="175" from="node_set_left" to="call_ln92" fromId="174" toId="47">
</dataflow>
<dataflow id="176" from="myHeap" to="call_ln92" fromId="90" toId="47">
</dataflow>
<dataflow id="177" from="yPtr_load_2" to="call_ln92" fromId="46" toId="47">
</dataflow>
<dataflow id="178" from="xPtr_read" to="call_ln92" fromId="18" toId="47">
</dataflow>
<dataflow id="179" from="StgValue_162" to="store_ln93" fromId="162" toId="48">
</dataflow>
<dataflow id="180" from="b" to="store_ln93" fromId="22" toId="48">
</dataflow>
<dataflow id="181" from="node_set_left" to="call_ln92" fromId="174" toId="49">
</dataflow>
<dataflow id="182" from="myHeap" to="call_ln92" fromId="90" toId="49">
</dataflow>
<dataflow id="183" from="yPtr_load_2" to="call_ln92" fromId="46" toId="49">
</dataflow>
<dataflow id="184" from="xPtr_read" to="call_ln92" fromId="18" toId="49">
</dataflow>
<dataflow id="185" from="a" to="a_load" fromId="21" toId="51">
</dataflow>
<dataflow id="186" from="a_load" to="br_ln96" fromId="51" toId="52">
</dataflow>
<dataflow id="188" from="CalculateNodeHeight" to="tmp" fromId="187" toId="53">
</dataflow>
<dataflow id="189" from="myHeap" to="tmp" fromId="90" toId="53">
</dataflow>
<dataflow id="190" from="xPtr_read" to="tmp" fromId="18" toId="53">
</dataflow>
<dataflow id="191" from="CalculateNodeHeight" to="tmp" fromId="187" toId="54">
</dataflow>
<dataflow id="192" from="myHeap" to="tmp" fromId="90" toId="54">
</dataflow>
<dataflow id="193" from="xPtr_read" to="tmp" fromId="18" toId="54">
</dataflow>
<dataflow id="195" from="node_set_height" to="call_ln97" fromId="194" toId="55">
</dataflow>
<dataflow id="196" from="myHeap" to="call_ln97" fromId="90" toId="55">
</dataflow>
<dataflow id="197" from="xPtr_read" to="call_ln97" fromId="18" toId="55">
</dataflow>
<dataflow id="198" from="tmp" to="call_ln97" fromId="54" toId="55">
</dataflow>
<dataflow id="199" from="node_set_height" to="call_ln97" fromId="194" toId="56">
</dataflow>
<dataflow id="200" from="myHeap" to="call_ln97" fromId="90" toId="56">
</dataflow>
<dataflow id="201" from="xPtr_read" to="call_ln97" fromId="18" toId="56">
</dataflow>
<dataflow id="202" from="tmp" to="call_ln97" fromId="54" toId="56">
</dataflow>
<dataflow id="203" from="b" to="b_load" fromId="22" toId="58">
</dataflow>
<dataflow id="204" from="b_load" to="br_ln99" fromId="58" toId="59">
</dataflow>
<dataflow id="205" from="yPtr" to="yPtr_load_3" fromId="19" toId="60">
</dataflow>
<dataflow id="206" from="yPtr" to="yPtr_load_4" fromId="19" toId="61">
</dataflow>
<dataflow id="207" from="CalculateNodeHeight" to="tmp_s" fromId="187" toId="62">
</dataflow>
<dataflow id="208" from="myHeap" to="tmp_s" fromId="90" toId="62">
</dataflow>
<dataflow id="209" from="yPtr_load_4" to="tmp_s" fromId="61" toId="62">
</dataflow>
<dataflow id="210" from="CalculateNodeHeight" to="tmp_s" fromId="187" toId="63">
</dataflow>
<dataflow id="211" from="myHeap" to="tmp_s" fromId="90" toId="63">
</dataflow>
<dataflow id="212" from="yPtr_load_4" to="tmp_s" fromId="61" toId="63">
</dataflow>
<dataflow id="213" from="node_set_height" to="call_ln100" fromId="194" toId="64">
</dataflow>
<dataflow id="214" from="myHeap" to="call_ln100" fromId="90" toId="64">
</dataflow>
<dataflow id="215" from="yPtr_load_3" to="call_ln100" fromId="60" toId="64">
</dataflow>
<dataflow id="216" from="tmp_s" to="call_ln100" fromId="63" toId="64">
</dataflow>
<dataflow id="217" from="node_set_height" to="call_ln100" fromId="194" toId="65">
</dataflow>
<dataflow id="218" from="myHeap" to="call_ln100" fromId="90" toId="65">
</dataflow>
<dataflow id="219" from="yPtr_load_3" to="call_ln100" fromId="60" toId="65">
</dataflow>
<dataflow id="220" from="tmp_s" to="call_ln100" fromId="63" toId="65">
</dataflow>
<dataflow id="221" from="yPtr" to="yPtr_load_5" fromId="19" toId="67">
</dataflow>
<dataflow id="222" from="yPtr_load_5" to="ret_ln103" fromId="67" toId="68">
</dataflow>
<dataflow id="223" from="icmp_ln87" to="StgValue_7" fromId="36" toId="7">
</dataflow>
<dataflow id="224" from="icmp_ln91" to="StgValue_9" fromId="44" toId="9">
</dataflow>
<dataflow id="225" from="a_load" to="StgValue_13" fromId="51" toId="13">
</dataflow>
<dataflow id="226" from="b_load" to="StgValue_13" fromId="58" toId="13">
</dataflow>
<dataflow id="227" from="b_load" to="StgValue_17" fromId="58" toId="17">
</dataflow>
<dataflow id="228" from="icmp_ln87" to="StgValue_5" fromId="36" toId="5">
</dataflow>
<dataflow id="229" from="icmp_ln91" to="StgValue_7" fromId="44" toId="7">
</dataflow>
<dataflow id="230" from="a_load" to="StgValue_9" fromId="51" toId="9">
</dataflow>
</dataflows>


</stg>
