<stg><name>minValueNode</name>


<trans_list>

<trans id="18" from="1" to="2">
<condition id="-1">
<or_exp><and_exp></and_exp></or_exp>
</condition>
</trans>

<trans id="19" from="2" to="3">
<condition id="-1">
<or_exp><and_exp></and_exp></or_exp>
</condition>
</trans>

<trans id="20" from="3" to="4">
<condition id="-1">
<or_exp><and_exp><literal name="icmp_ln362" val="0"/>
</and_exp></or_exp>
</condition>
</trans>

<trans id="22" from="4" to="3">
<condition id="-1">
<or_exp><and_exp></and_exp></or_exp>
</condition>
</trans>
</trans_list>



<state_list>

<state id="1" st_id="1">

<operation id="5" st_id="1" stage="1" lat="1">
<core>NULL</core>
<MemPortIdVec></MemPortIdVec>
<condition id="-1">
<or_exp><and_exp></and_exp></or_exp>
</condition>

<Node id="4" bw="32" op_0_bw="32" op_1_bw="32">
<![CDATA[
:1  %nodePtr_read = call i32 @_ssdm_op_Read.ap_auto.i32(i32 %nodePtr) nounwind

]]></Node>
<StgValue><ssdm name="nodePtr_read"/></StgValue>
</operation>

<operation id="6" st_id="1" stage="2" lat="2">
<core></core>
<MemPortIdVec></MemPortIdVec>
<condition id="-1">
<or_exp><and_exp></and_exp></or_exp>
</condition>

<Node id="5" bw="32" op_0_bw="32" op_1_bw="32" op_2_bw="32">
<![CDATA[
:2  %leftPtr = call fastcc i32 @node_get_left_pointe(i32* %myHeap, i32 %nodePtr_read)

]]></Node>
<StgValue><ssdm name="leftPtr"/></StgValue>
</operation>
</state>

<state id="2" st_id="2">

<operation id="7" st_id="2" stage="1" lat="1">
<core>NULL</core>
<MemPortIdVec></MemPortIdVec>
<condition id="-1">
<or_exp><and_exp></and_exp></or_exp>
</condition>

<Node id="3" bw="0" op_0_bw="0" op_1_bw="32" op_2_bw="0" op_3_bw="32" op_4_bw="32" op_5_bw="0" op_6_bw="32" op_7_bw="32" op_8_bw="0" op_9_bw="0" op_10_bw="0" op_11_bw="32" op_12_bw="32" op_13_bw="32" op_14_bw="32" op_15_bw="0" op_16_bw="0">
<![CDATA[
:0  call void (...)* @_ssdm_op_SpecInterface(i32* %myHeap, [6 x i8]* @p_str3, i32 0, i32 0, [1 x i8]* @p_str1, i32 0, i32 1, [1 x i8]* @p_str1, [4 x i8]* @p_str4, [1 x i8]* @p_str1, i32 16, i32 16, i32 16, i32 16, [1 x i8]* @p_str1, [1 x i8]* @p_str1) nounwind

]]></Node>
<StgValue><ssdm name="specinterface_ln0"/></StgValue>
</operation>

<operation id="8" st_id="2" stage="1" lat="2">
<core></core>
<MemPortIdVec></MemPortIdVec>
<condition id="-1">
<or_exp><and_exp></and_exp></or_exp>
</condition>

<Node id="5" bw="32" op_0_bw="32" op_1_bw="32" op_2_bw="32">
<![CDATA[
:2  %leftPtr = call fastcc i32 @node_get_left_pointe(i32* %myHeap, i32 %nodePtr_read)

]]></Node>
<StgValue><ssdm name="leftPtr"/></StgValue>
</operation>

<operation id="9" st_id="2" stage="1" lat="1">
<core>NULL</core>
<MemPortIdVec></MemPortIdVec>
<condition id="-1">
<or_exp><and_exp></and_exp></or_exp>
</condition>

<Node id="6" bw="0" op_0_bw="0">
<![CDATA[
:3  br label %1

]]></Node>
<StgValue><ssdm name="br_ln362"/></StgValue>
</operation>
</state>

<state id="3" st_id="3">

<operation id="10" st_id="3" stage="1" lat="1">
<core>NULL</core>
<MemPortIdVec></MemPortIdVec>
<condition id="-1">
<or_exp><and_exp></and_exp></or_exp>
</condition>

<Node id="8" bw="32" op_0_bw="32" op_1_bw="0" op_2_bw="32" op_3_bw="0">
<![CDATA[
:0  %currentPtr_0 = phi i32 [ %nodePtr_read, %0 ], [ %currentPtr, %2 ]

]]></Node>
<StgValue><ssdm name="currentPtr_0"/></StgValue>
</operation>

<operation id="11" st_id="3" stage="1" lat="1">
<core>NULL</core>
<MemPortIdVec></MemPortIdVec>
<condition id="-1">
<or_exp><and_exp></and_exp></or_exp>
</condition>

<Node id="9" bw="32" op_0_bw="32" op_1_bw="0" op_2_bw="32" op_3_bw="0">
<![CDATA[
:1  %currentPtr = phi i32 [ %leftPtr, %0 ], [ %leftPtr_1, %2 ]

]]></Node>
<StgValue><ssdm name="currentPtr"/></StgValue>
</operation>

<operation id="12" st_id="3" stage="1" lat="1">
<core>Cmp</core>
<MemPortIdVec></MemPortIdVec>
<condition id="-1">
<or_exp><and_exp></and_exp></or_exp>
</condition>

<Node id="10" bw="1" op_0_bw="32" op_1_bw="32">
<![CDATA[
:2  %icmp_ln362 = icmp eq i32 %currentPtr, 0

]]></Node>
<StgValue><ssdm name="icmp_ln362"/></StgValue>
</operation>

<operation id="13" st_id="3" stage="1" lat="1">
<core>NULL</core>
<MemPortIdVec></MemPortIdVec>
<condition id="-1">
<or_exp><and_exp></and_exp></or_exp>
</condition>

<Node id="11" bw="0" op_0_bw="1" op_1_bw="0" op_2_bw="0">
<![CDATA[
:3  br i1 %icmp_ln362, label %3, label %2

]]></Node>
<StgValue><ssdm name="br_ln362"/></StgValue>
</operation>

<operation id="14" st_id="3" stage="2" lat="2">
<core></core>
<MemPortIdVec></MemPortIdVec>
<condition id="-1">
<or_exp><and_exp><literal name="icmp_ln362" val="0"/>
</and_exp></or_exp>
</condition>

<Node id="13" bw="32" op_0_bw="32" op_1_bw="32" op_2_bw="32" op_3_bw="32" op_4_bw="32">
<![CDATA[
:0  %leftPtr_1 = call fastcc i32 @node_get_left_pointe(i32* %myHeap, i32 %currentPtr)

]]></Node>
<StgValue><ssdm name="leftPtr_1"/></StgValue>
</operation>

<operation id="15" st_id="3" stage="1" lat="1">
<core>NULL</core>
<MemPortIdVec></MemPortIdVec>
<condition id="-1">
<or_exp><and_exp><literal name="icmp_ln362" val="1"/>
</and_exp></or_exp>
</condition>

<Node id="16" bw="0" op_0_bw="32">
<![CDATA[
:0  ret i32 %currentPtr_0

]]></Node>
<StgValue><ssdm name="ret_ln366"/></StgValue>
</operation>
</state>

<state id="4" st_id="4">

<operation id="16" st_id="4" stage="1" lat="2">
<core></core>
<MemPortIdVec></MemPortIdVec>
<condition id="-1">
<or_exp><and_exp></and_exp></or_exp>
</condition>

<Node id="13" bw="32" op_0_bw="32" op_1_bw="32" op_2_bw="32" op_3_bw="32" op_4_bw="32">
<![CDATA[
:0  %leftPtr_1 = call fastcc i32 @node_get_left_pointe(i32* %myHeap, i32 %currentPtr)

]]></Node>
<StgValue><ssdm name="leftPtr_1"/></StgValue>
</operation>

<operation id="17" st_id="4" stage="1" lat="1">
<core>NULL</core>
<MemPortIdVec></MemPortIdVec>
<condition id="-1">
<or_exp><and_exp></and_exp></or_exp>
</condition>

<Node id="14" bw="0" op_0_bw="0">
<![CDATA[
:1  br label %1

]]></Node>
<StgValue><ssdm name="br_ln365"/></StgValue>
</operation>
</state>
</state_list>


<ports>
<port id="23" name="myHeap" dir="0" iftype="4">
<core>NULL</core><StgValue><ssdm name="myHeap"/></StgValue>
</port>
<port id="24" name="nodePtr" dir="0" iftype="0">
<core>NULL</core><StgValue><ssdm name="nodePtr"/></StgValue>
</port>
</ports>


<dataflows>
<dataflow id="26" from="_ssdm_op_Read.ap_auto.i32" to="nodePtr_read" fromId="25" toId="5">
</dataflow>
<dataflow id="27" from="nodePtr" to="nodePtr_read" fromId="24" toId="5">
</dataflow>
<dataflow id="29" from="node_get_left_pointe" to="leftPtr" fromId="28" toId="6">
</dataflow>
<dataflow id="30" from="myHeap" to="leftPtr" fromId="23" toId="6">
</dataflow>
<dataflow id="31" from="nodePtr_read" to="leftPtr" fromId="5" toId="6">
</dataflow>
<dataflow id="33" from="_ssdm_op_SpecInterface" to="specinterface_ln0" fromId="32" toId="7">
</dataflow>
<dataflow id="34" from="myHeap" to="specinterface_ln0" fromId="23" toId="7">
</dataflow>
<dataflow id="36" from="p_str3" to="specinterface_ln0" fromId="35" toId="7">
</dataflow>
<dataflow id="38" from="StgValue_37" to="specinterface_ln0" fromId="37" toId="7">
</dataflow>
<dataflow id="39" from="StgValue_37" to="specinterface_ln0" fromId="37" toId="7">
</dataflow>
<dataflow id="41" from="p_str1" to="specinterface_ln0" fromId="40" toId="7">
</dataflow>
<dataflow id="42" from="StgValue_37" to="specinterface_ln0" fromId="37" toId="7">
</dataflow>
<dataflow id="44" from="StgValue_43" to="specinterface_ln0" fromId="43" toId="7">
</dataflow>
<dataflow id="45" from="p_str1" to="specinterface_ln0" fromId="40" toId="7">
</dataflow>
<dataflow id="47" from="p_str4" to="specinterface_ln0" fromId="46" toId="7">
</dataflow>
<dataflow id="48" from="p_str1" to="specinterface_ln0" fromId="40" toId="7">
</dataflow>
<dataflow id="50" from="StgValue_49" to="specinterface_ln0" fromId="49" toId="7">
</dataflow>
<dataflow id="51" from="StgValue_49" to="specinterface_ln0" fromId="49" toId="7">
</dataflow>
<dataflow id="52" from="StgValue_49" to="specinterface_ln0" fromId="49" toId="7">
</dataflow>
<dataflow id="53" from="StgValue_49" to="specinterface_ln0" fromId="49" toId="7">
</dataflow>
<dataflow id="54" from="p_str1" to="specinterface_ln0" fromId="40" toId="7">
</dataflow>
<dataflow id="55" from="p_str1" to="specinterface_ln0" fromId="40" toId="7">
</dataflow>
<dataflow id="56" from="node_get_left_pointe" to="leftPtr" fromId="28" toId="8">
</dataflow>
<dataflow id="57" from="myHeap" to="leftPtr" fromId="23" toId="8">
</dataflow>
<dataflow id="58" from="nodePtr_read" to="leftPtr" fromId="5" toId="8">
</dataflow>
<dataflow id="59" from="nodePtr_read" to="currentPtr_0" fromId="5" toId="10">
<condition id="-1">
<or_exp><and_exp></and_exp></or_exp>
</condition>
</dataflow>
<dataflow id="60" from="br_ln362" to="currentPtr_0" fromId="9" toId="10">
</dataflow>
<dataflow id="61" from="currentPtr" to="currentPtr_0" fromId="11" toId="10">
<BackEdge/>
<condition id="-1">
<or_exp><and_exp></and_exp></or_exp>
</condition>
</dataflow>
<dataflow id="62" from="br_ln365" to="currentPtr_0" fromId="17" toId="10">
<BackEdge/>
</dataflow>
<dataflow id="63" from="leftPtr" to="currentPtr" fromId="8" toId="11">
<condition id="-1">
<or_exp><and_exp></and_exp></or_exp>
</condition>
</dataflow>
<dataflow id="64" from="br_ln362" to="currentPtr" fromId="9" toId="11">
</dataflow>
<dataflow id="65" from="leftPtr_1" to="currentPtr" fromId="16" toId="11">
<BackEdge/>
<condition id="-1">
<or_exp><and_exp></and_exp></or_exp>
</condition>
</dataflow>
<dataflow id="66" from="br_ln365" to="currentPtr" fromId="17" toId="11">
<BackEdge/>
</dataflow>
<dataflow id="67" from="currentPtr" to="icmp_ln362" fromId="11" toId="12">
</dataflow>
<dataflow id="68" from="StgValue_37" to="icmp_ln362" fromId="37" toId="12">
</dataflow>
<dataflow id="69" from="icmp_ln362" to="br_ln362" fromId="12" toId="13">
</dataflow>
<dataflow id="70" from="node_get_left_pointe" to="leftPtr_1" fromId="28" toId="14">
</dataflow>
<dataflow id="71" from="myHeap" to="leftPtr_1" fromId="23" toId="14">
</dataflow>
<dataflow id="72" from="currentPtr" to="leftPtr_1" fromId="11" toId="14">
</dataflow>
<dataflow id="73" from="currentPtr_0" to="ret_ln366" fromId="10" toId="15">
</dataflow>
<dataflow id="74" from="node_get_left_pointe" to="leftPtr_1" fromId="28" toId="16">
</dataflow>
<dataflow id="75" from="myHeap" to="leftPtr_1" fromId="23" toId="16">
</dataflow>
<dataflow id="76" from="currentPtr" to="leftPtr_1" fromId="11" toId="16">
</dataflow>
<dataflow id="77" from="icmp_ln362" to="StgValue_3" fromId="12" toId="3">
</dataflow>
</dataflows>


</stg>
