<stg><name>node_set_height</name>


<trans_list>

<trans id="9" from="1" to="2">
<condition id="-1">
<or_exp><and_exp></and_exp></or_exp>
</condition>
</trans>
</trans_list>



<state_list>

<state id="1" st_id="1">

<operation id="3" st_id="1" stage="1" lat="1">
<core>NULL</core>
<MemPortIdVec></MemPortIdVec>
<condition id="-1">
<or_exp><and_exp></and_exp></or_exp>
</condition>

<Node id="5" bw="32" op_0_bw="32" op_1_bw="32">
<![CDATA[
:1  %height_read = call i32 @_ssdm_op_Read.ap_auto.i32(i32 %height) nounwind

]]></Node>
<StgValue><ssdm name="height_read"/></StgValue>
</operation>

<operation id="4" st_id="1" stage="1" lat="1">
<core>NULL</core>
<MemPortIdVec></MemPortIdVec>
<condition id="-1">
<or_exp><and_exp></and_exp></or_exp>
</condition>

<Node id="6" bw="32" op_0_bw="32" op_1_bw="32">
<![CDATA[
:2  %currentPtr_read = call i32 @_ssdm_op_Read.ap_auto.i32(i32 %currentPtr) nounwind

]]></Node>
<StgValue><ssdm name="currentPtr_read"/></StgValue>
</operation>

<operation id="5" st_id="1" stage="2" lat="2">
<core></core>
<MemPortIdVec></MemPortIdVec>
<condition id="-1">
<or_exp><and_exp></and_exp></or_exp>
</condition>

<Node id="7" bw="0" op_0_bw="0" op_1_bw="32" op_2_bw="32" op_3_bw="32">
<![CDATA[
:3  call fastcc void @node_write_height(i32* %myHeap, i32 %currentPtr_read, i32 %height_read)

]]></Node>
<StgValue><ssdm name="call_ln13"/></StgValue>
</operation>
</state>

<state id="2" st_id="2">

<operation id="6" st_id="2" stage="1" lat="1">
<core>NULL</core>
<MemPortIdVec></MemPortIdVec>
<condition id="-1">
<or_exp><and_exp></and_exp></or_exp>
</condition>

<Node id="4" bw="0" op_0_bw="0" op_1_bw="32" op_2_bw="0" op_3_bw="32" op_4_bw="32" op_5_bw="0" op_6_bw="32" op_7_bw="32" op_8_bw="0" op_9_bw="0" op_10_bw="0" op_11_bw="32" op_12_bw="32" op_13_bw="32" op_14_bw="32" op_15_bw="0" op_16_bw="0">
<![CDATA[
:0  call void (...)* @_ssdm_op_SpecInterface(i32* %myHeap, [6 x i8]* @p_str3, i32 0, i32 0, [1 x i8]* @p_str1, i32 0, i32 1, [1 x i8]* @p_str1, [4 x i8]* @p_str4, [1 x i8]* @p_str1, i32 16, i32 16, i32 16, i32 16, [1 x i8]* @p_str1, [1 x i8]* @p_str1) nounwind

]]></Node>
<StgValue><ssdm name="specinterface_ln0"/></StgValue>
</operation>

<operation id="7" st_id="2" stage="1" lat="2">
<core></core>
<MemPortIdVec></MemPortIdVec>
<condition id="-1">
<or_exp><and_exp></and_exp></or_exp>
</condition>

<Node id="7" bw="0" op_0_bw="0" op_1_bw="32" op_2_bw="32" op_3_bw="32">
<![CDATA[
:3  call fastcc void @node_write_height(i32* %myHeap, i32 %currentPtr_read, i32 %height_read)

]]></Node>
<StgValue><ssdm name="call_ln13"/></StgValue>
</operation>

<operation id="8" st_id="2" stage="1" lat="1">
<core>NULL</core>
<MemPortIdVec></MemPortIdVec>
<condition id="-1">
<or_exp><and_exp></and_exp></or_exp>
</condition>

<Node id="8" bw="0">
<![CDATA[
:4  ret void

]]></Node>
<StgValue><ssdm name="ret_ln14"/></StgValue>
</operation>
</state>
</state_list>


<ports>
<port id="10" name="myHeap" dir="1" iftype="4">
<core>NULL</core><StgValue><ssdm name="myHeap"/></StgValue>
</port>
<port id="11" name="currentPtr" dir="0" iftype="0">
<core>NULL</core><StgValue><ssdm name="currentPtr"/></StgValue>
</port>
<port id="12" name="height" dir="0" iftype="0">
<core>NULL</core><StgValue><ssdm name="height"/></StgValue>
</port>
</ports>


<dataflows>
<dataflow id="14" from="_ssdm_op_Read.ap_auto.i32" to="height_read" fromId="13" toId="3">
</dataflow>
<dataflow id="15" from="height" to="height_read" fromId="12" toId="3">
</dataflow>
<dataflow id="16" from="_ssdm_op_Read.ap_auto.i32" to="currentPtr_read" fromId="13" toId="4">
</dataflow>
<dataflow id="17" from="currentPtr" to="currentPtr_read" fromId="11" toId="4">
</dataflow>
<dataflow id="19" from="node_write_height" to="call_ln13" fromId="18" toId="5">
</dataflow>
<dataflow id="20" from="myHeap" to="call_ln13" fromId="10" toId="5">
</dataflow>
<dataflow id="21" from="currentPtr_read" to="call_ln13" fromId="4" toId="5">
</dataflow>
<dataflow id="22" from="height_read" to="call_ln13" fromId="3" toId="5">
</dataflow>
<dataflow id="24" from="_ssdm_op_SpecInterface" to="specinterface_ln0" fromId="23" toId="6">
</dataflow>
<dataflow id="25" from="myHeap" to="specinterface_ln0" fromId="10" toId="6">
</dataflow>
<dataflow id="27" from="p_str3" to="specinterface_ln0" fromId="26" toId="6">
</dataflow>
<dataflow id="29" from="StgValue_28" to="specinterface_ln0" fromId="28" toId="6">
</dataflow>
<dataflow id="30" from="StgValue_28" to="specinterface_ln0" fromId="28" toId="6">
</dataflow>
<dataflow id="32" from="p_str1" to="specinterface_ln0" fromId="31" toId="6">
</dataflow>
<dataflow id="33" from="StgValue_28" to="specinterface_ln0" fromId="28" toId="6">
</dataflow>
<dataflow id="35" from="StgValue_34" to="specinterface_ln0" fromId="34" toId="6">
</dataflow>
<dataflow id="36" from="p_str1" to="specinterface_ln0" fromId="31" toId="6">
</dataflow>
<dataflow id="38" from="p_str4" to="specinterface_ln0" fromId="37" toId="6">
</dataflow>
<dataflow id="39" from="p_str1" to="specinterface_ln0" fromId="31" toId="6">
</dataflow>
<dataflow id="41" from="StgValue_40" to="specinterface_ln0" fromId="40" toId="6">
</dataflow>
<dataflow id="42" from="StgValue_40" to="specinterface_ln0" fromId="40" toId="6">
</dataflow>
<dataflow id="43" from="StgValue_40" to="specinterface_ln0" fromId="40" toId="6">
</dataflow>
<dataflow id="44" from="StgValue_40" to="specinterface_ln0" fromId="40" toId="6">
</dataflow>
<dataflow id="45" from="p_str1" to="specinterface_ln0" fromId="31" toId="6">
</dataflow>
<dataflow id="46" from="p_str1" to="specinterface_ln0" fromId="31" toId="6">
</dataflow>
<dataflow id="47" from="node_write_height" to="call_ln13" fromId="18" toId="7">
</dataflow>
<dataflow id="48" from="myHeap" to="call_ln13" fromId="10" toId="7">
</dataflow>
<dataflow id="49" from="currentPtr_read" to="call_ln13" fromId="4" toId="7">
</dataflow>
<dataflow id="50" from="height_read" to="call_ln13" fromId="3" toId="7">
</dataflow>
</dataflows>


</stg>
