<stg><name>node_read_std</name>


<trans_list>

<trans id="24" from="1" to="2">
<condition id="-1">
<or_exp><and_exp></and_exp></or_exp>
</condition>
</trans>

<trans id="25" from="2" to="3">
<condition id="-1">
<or_exp><and_exp></and_exp></or_exp>
</condition>
</trans>

<trans id="26" from="3" to="4">
<condition id="-1">
<or_exp><and_exp></and_exp></or_exp>
</condition>
</trans>

<trans id="27" from="4" to="5">
<condition id="-1">
<or_exp><and_exp></and_exp></or_exp>
</condition>
</trans>

<trans id="28" from="5" to="6">
<condition id="-1">
<or_exp><and_exp></and_exp></or_exp>
</condition>
</trans>

<trans id="29" from="6" to="7">
<condition id="-1">
<or_exp><and_exp></and_exp></or_exp>
</condition>
</trans>

<trans id="30" from="7" to="8">
<condition id="-1">
<or_exp><and_exp></and_exp></or_exp>
</condition>
</trans>
</trans_list>



<state_list>

<state id="1" st_id="1">

<operation id="9" st_id="1" stage="1" lat="1">
<core>NULL</core>
<MemPortIdVec></MemPortIdVec>
<condition id="-1">
<or_exp><and_exp></and_exp></or_exp>
</condition>

<Node id="4" bw="32" op_0_bw="32" op_1_bw="32">
<![CDATA[
:1  %nodePtr_read = call i32 @_ssdm_op_Read.ap_auto.i32(i32 %nodePtr)

]]></Node>
<StgValue><ssdm name="nodePtr_read"/></StgValue>
</operation>

<operation id="10" st_id="1" stage="2" lat="2">
<core></core>
<MemPortIdVec></MemPortIdVec>
<condition id="-1">
<or_exp><and_exp></and_exp></or_exp>
</condition>

<Node id="5" bw="32" op_0_bw="32" op_1_bw="32" op_2_bw="32">
<![CDATA[
:2  %NodeOut_data = call fastcc i32 @node_read_data(i32* %myHeap, i32 %nodePtr_read)

]]></Node>
<StgValue><ssdm name="NodeOut_data"/></StgValue>
</operation>
</state>

<state id="2" st_id="2">

<operation id="11" st_id="2" stage="1" lat="2">
<core></core>
<MemPortIdVec></MemPortIdVec>
<condition id="-1">
<or_exp><and_exp></and_exp></or_exp>
</condition>

<Node id="5" bw="32" op_0_bw="32" op_1_bw="32" op_2_bw="32">
<![CDATA[
:2  %NodeOut_data = call fastcc i32 @node_read_data(i32* %myHeap, i32 %nodePtr_read)

]]></Node>
<StgValue><ssdm name="NodeOut_data"/></StgValue>
</operation>
</state>

<state id="3" st_id="3">

<operation id="12" st_id="3" stage="2" lat="2">
<core></core>
<MemPortIdVec></MemPortIdVec>
<condition id="-1">
<or_exp><and_exp></and_exp></or_exp>
</condition>

<Node id="6" bw="32" op_0_bw="32" op_1_bw="32" op_2_bw="32" op_3_bw="32" op_4_bw="32">
<![CDATA[
:3  %NodeOut_leftPtr = call fastcc i32 @node_get_left_pointe(i32* %myHeap, i32 %nodePtr_read)

]]></Node>
<StgValue><ssdm name="NodeOut_leftPtr"/></StgValue>
</operation>
</state>

<state id="4" st_id="4">

<operation id="13" st_id="4" stage="1" lat="2">
<core></core>
<MemPortIdVec></MemPortIdVec>
<condition id="-1">
<or_exp><and_exp></and_exp></or_exp>
</condition>

<Node id="6" bw="32" op_0_bw="32" op_1_bw="32" op_2_bw="32" op_3_bw="32" op_4_bw="32">
<![CDATA[
:3  %NodeOut_leftPtr = call fastcc i32 @node_get_left_pointe(i32* %myHeap, i32 %nodePtr_read)

]]></Node>
<StgValue><ssdm name="NodeOut_leftPtr"/></StgValue>
</operation>
</state>

<state id="5" st_id="5">

<operation id="14" st_id="5" stage="2" lat="2">
<core></core>
<MemPortIdVec></MemPortIdVec>
<condition id="-1">
<or_exp><and_exp></and_exp></or_exp>
</condition>

<Node id="7" bw="32" op_0_bw="32" op_1_bw="32" op_2_bw="32" op_3_bw="32" op_4_bw="32">
<![CDATA[
:4  %NodeOut_rightPtr = call fastcc i32 @node_get_right_point(i32* %myHeap, i32 %nodePtr_read)

]]></Node>
<StgValue><ssdm name="NodeOut_rightPtr"/></StgValue>
</operation>
</state>

<state id="6" st_id="6">

<operation id="15" st_id="6" stage="1" lat="2">
<core></core>
<MemPortIdVec></MemPortIdVec>
<condition id="-1">
<or_exp><and_exp></and_exp></or_exp>
</condition>

<Node id="7" bw="32" op_0_bw="32" op_1_bw="32" op_2_bw="32" op_3_bw="32" op_4_bw="32">
<![CDATA[
:4  %NodeOut_rightPtr = call fastcc i32 @node_get_right_point(i32* %myHeap, i32 %nodePtr_read)

]]></Node>
<StgValue><ssdm name="NodeOut_rightPtr"/></StgValue>
</operation>
</state>

<state id="7" st_id="7">

<operation id="16" st_id="7" stage="2" lat="2">
<core></core>
<MemPortIdVec></MemPortIdVec>
<condition id="-1">
<or_exp><and_exp></and_exp></or_exp>
</condition>

<Node id="8" bw="32" op_0_bw="32" op_1_bw="32" op_2_bw="32" op_3_bw="32" op_4_bw="32">
<![CDATA[
:5  %NodeOut_height = call fastcc i32 @node_read_height(i32* %myHeap, i32 %nodePtr_read)

]]></Node>
<StgValue><ssdm name="NodeOut_height"/></StgValue>
</operation>
</state>

<state id="8" st_id="8">

<operation id="17" st_id="8" stage="1" lat="1">
<core>NULL</core>
<MemPortIdVec></MemPortIdVec>
<condition id="-1">
<or_exp><and_exp></and_exp></or_exp>
</condition>

<Node id="3" bw="0" op_0_bw="0" op_1_bw="32" op_2_bw="0" op_3_bw="32" op_4_bw="32" op_5_bw="0" op_6_bw="32" op_7_bw="32" op_8_bw="0" op_9_bw="0" op_10_bw="0" op_11_bw="32" op_12_bw="32" op_13_bw="32" op_14_bw="32" op_15_bw="0" op_16_bw="0">
<![CDATA[
:0  call void (...)* @_ssdm_op_SpecInterface(i32* %myHeap, [6 x i8]* @p_str3, i32 0, i32 0, [1 x i8]* @p_str1, i32 0, i32 1, [1 x i8]* @p_str1, [4 x i8]* @p_str4, [1 x i8]* @p_str1, i32 16, i32 16, i32 16, i32 16, [1 x i8]* @p_str1, [1 x i8]* @p_str1) nounwind

]]></Node>
<StgValue><ssdm name="specinterface_ln0"/></StgValue>
</operation>

<operation id="18" st_id="8" stage="1" lat="2">
<core></core>
<MemPortIdVec></MemPortIdVec>
<condition id="-1">
<or_exp><and_exp></and_exp></or_exp>
</condition>

<Node id="8" bw="32" op_0_bw="32" op_1_bw="32" op_2_bw="32" op_3_bw="32" op_4_bw="32">
<![CDATA[
:5  %NodeOut_height = call fastcc i32 @node_read_height(i32* %myHeap, i32 %nodePtr_read)

]]></Node>
<StgValue><ssdm name="NodeOut_height"/></StgValue>
</operation>

<operation id="19" st_id="8" stage="1" lat="1">
<core>NULL</core>
<MemPortIdVec></MemPortIdVec>
<condition id="-1">
<or_exp><and_exp></and_exp></or_exp>
</condition>

<Node id="9" bw="128" op_0_bw="128" op_1_bw="32">
<![CDATA[
:6  %mrv = insertvalue { i32, i32, i32, i32 } undef, i32 %NodeOut_leftPtr, 0

]]></Node>
<StgValue><ssdm name="mrv"/></StgValue>
</operation>

<operation id="20" st_id="8" stage="1" lat="1">
<core>NULL</core>
<MemPortIdVec></MemPortIdVec>
<condition id="-1">
<or_exp><and_exp></and_exp></or_exp>
</condition>

<Node id="10" bw="128" op_0_bw="128" op_1_bw="32">
<![CDATA[
:7  %mrv_1 = insertvalue { i32, i32, i32, i32 } %mrv, i32 %NodeOut_rightPtr, 1

]]></Node>
<StgValue><ssdm name="mrv_1"/></StgValue>
</operation>

<operation id="21" st_id="8" stage="1" lat="1">
<core>NULL</core>
<MemPortIdVec></MemPortIdVec>
<condition id="-1">
<or_exp><and_exp></and_exp></or_exp>
</condition>

<Node id="11" bw="128" op_0_bw="128" op_1_bw="32">
<![CDATA[
:8  %mrv_2 = insertvalue { i32, i32, i32, i32 } %mrv_1, i32 %NodeOut_height, 2

]]></Node>
<StgValue><ssdm name="mrv_2"/></StgValue>
</operation>

<operation id="22" st_id="8" stage="1" lat="1">
<core>NULL</core>
<MemPortIdVec></MemPortIdVec>
<condition id="-1">
<or_exp><and_exp></and_exp></or_exp>
</condition>

<Node id="12" bw="128" op_0_bw="128" op_1_bw="32">
<![CDATA[
:9  %mrv_3 = insertvalue { i32, i32, i32, i32 } %mrv_2, i32 %NodeOut_data, 3

]]></Node>
<StgValue><ssdm name="mrv_3"/></StgValue>
</operation>

<operation id="23" st_id="8" stage="1" lat="1">
<core>NULL</core>
<MemPortIdVec></MemPortIdVec>
<condition id="-1">
<or_exp><and_exp></and_exp></or_exp>
</condition>

<Node id="13" bw="0" op_0_bw="128">
<![CDATA[
:10  ret { i32, i32, i32, i32 } %mrv_3

]]></Node>
<StgValue><ssdm name="ret_ln51"/></StgValue>
</operation>
</state>
</state_list>


<ports>
<port id="31" name="myHeap" dir="0" iftype="4">
<core>NULL</core><StgValue><ssdm name="myHeap"/></StgValue>
</port>
<port id="32" name="nodePtr" dir="0" iftype="0">
<core>NULL</core><StgValue><ssdm name="nodePtr"/></StgValue>
</port>
</ports>


<dataflows>
<dataflow id="34" from="_ssdm_op_Read.ap_auto.i32" to="nodePtr_read" fromId="33" toId="9">
</dataflow>
<dataflow id="35" from="nodePtr" to="nodePtr_read" fromId="32" toId="9">
</dataflow>
<dataflow id="37" from="node_read_data" to="NodeOut_data" fromId="36" toId="10">
</dataflow>
<dataflow id="38" from="myHeap" to="NodeOut_data" fromId="31" toId="10">
</dataflow>
<dataflow id="39" from="nodePtr_read" to="NodeOut_data" fromId="9" toId="10">
</dataflow>
<dataflow id="40" from="node_read_data" to="NodeOut_data" fromId="36" toId="11">
</dataflow>
<dataflow id="41" from="myHeap" to="NodeOut_data" fromId="31" toId="11">
</dataflow>
<dataflow id="42" from="nodePtr_read" to="NodeOut_data" fromId="9" toId="11">
</dataflow>
<dataflow id="44" from="node_get_left_pointe" to="NodeOut_leftPtr" fromId="43" toId="12">
</dataflow>
<dataflow id="45" from="myHeap" to="NodeOut_leftPtr" fromId="31" toId="12">
</dataflow>
<dataflow id="46" from="nodePtr_read" to="NodeOut_leftPtr" fromId="9" toId="12">
</dataflow>
<dataflow id="47" from="node_get_left_pointe" to="NodeOut_leftPtr" fromId="43" toId="13">
</dataflow>
<dataflow id="48" from="myHeap" to="NodeOut_leftPtr" fromId="31" toId="13">
</dataflow>
<dataflow id="49" from="nodePtr_read" to="NodeOut_leftPtr" fromId="9" toId="13">
</dataflow>
<dataflow id="51" from="node_get_right_point" to="NodeOut_rightPtr" fromId="50" toId="14">
</dataflow>
<dataflow id="52" from="myHeap" to="NodeOut_rightPtr" fromId="31" toId="14">
</dataflow>
<dataflow id="53" from="nodePtr_read" to="NodeOut_rightPtr" fromId="9" toId="14">
</dataflow>
<dataflow id="54" from="node_get_right_point" to="NodeOut_rightPtr" fromId="50" toId="15">
</dataflow>
<dataflow id="55" from="myHeap" to="NodeOut_rightPtr" fromId="31" toId="15">
</dataflow>
<dataflow id="56" from="nodePtr_read" to="NodeOut_rightPtr" fromId="9" toId="15">
</dataflow>
<dataflow id="58" from="node_read_height" to="NodeOut_height" fromId="57" toId="16">
</dataflow>
<dataflow id="59" from="myHeap" to="NodeOut_height" fromId="31" toId="16">
</dataflow>
<dataflow id="60" from="nodePtr_read" to="NodeOut_height" fromId="9" toId="16">
</dataflow>
<dataflow id="62" from="_ssdm_op_SpecInterface" to="specinterface_ln0" fromId="61" toId="17">
</dataflow>
<dataflow id="63" from="myHeap" to="specinterface_ln0" fromId="31" toId="17">
</dataflow>
<dataflow id="65" from="p_str3" to="specinterface_ln0" fromId="64" toId="17">
</dataflow>
<dataflow id="67" from="StgValue_66" to="specinterface_ln0" fromId="66" toId="17">
</dataflow>
<dataflow id="68" from="StgValue_66" to="specinterface_ln0" fromId="66" toId="17">
</dataflow>
<dataflow id="70" from="p_str1" to="specinterface_ln0" fromId="69" toId="17">
</dataflow>
<dataflow id="71" from="StgValue_66" to="specinterface_ln0" fromId="66" toId="17">
</dataflow>
<dataflow id="73" from="StgValue_72" to="specinterface_ln0" fromId="72" toId="17">
</dataflow>
<dataflow id="74" from="p_str1" to="specinterface_ln0" fromId="69" toId="17">
</dataflow>
<dataflow id="76" from="p_str4" to="specinterface_ln0" fromId="75" toId="17">
</dataflow>
<dataflow id="77" from="p_str1" to="specinterface_ln0" fromId="69" toId="17">
</dataflow>
<dataflow id="79" from="StgValue_78" to="specinterface_ln0" fromId="78" toId="17">
</dataflow>
<dataflow id="80" from="StgValue_78" to="specinterface_ln0" fromId="78" toId="17">
</dataflow>
<dataflow id="81" from="StgValue_78" to="specinterface_ln0" fromId="78" toId="17">
</dataflow>
<dataflow id="82" from="StgValue_78" to="specinterface_ln0" fromId="78" toId="17">
</dataflow>
<dataflow id="83" from="p_str1" to="specinterface_ln0" fromId="69" toId="17">
</dataflow>
<dataflow id="84" from="p_str1" to="specinterface_ln0" fromId="69" toId="17">
</dataflow>
<dataflow id="85" from="node_read_height" to="NodeOut_height" fromId="57" toId="18">
</dataflow>
<dataflow id="86" from="myHeap" to="NodeOut_height" fromId="31" toId="18">
</dataflow>
<dataflow id="87" from="nodePtr_read" to="NodeOut_height" fromId="9" toId="18">
</dataflow>
<dataflow id="89" from="StgValue_88" to="mrv" fromId="88" toId="19">
</dataflow>
<dataflow id="90" from="NodeOut_leftPtr" to="mrv" fromId="13" toId="19">
</dataflow>
<dataflow id="91" from="mrv" to="mrv_1" fromId="19" toId="20">
</dataflow>
<dataflow id="92" from="NodeOut_rightPtr" to="mrv_1" fromId="15" toId="20">
</dataflow>
<dataflow id="93" from="mrv_1" to="mrv_2" fromId="20" toId="21">
</dataflow>
<dataflow id="94" from="NodeOut_height" to="mrv_2" fromId="18" toId="21">
</dataflow>
<dataflow id="95" from="mrv_2" to="mrv_3" fromId="21" toId="22">
</dataflow>
<dataflow id="96" from="NodeOut_data" to="mrv_3" fromId="11" toId="22">
</dataflow>
<dataflow id="97" from="mrv_3" to="ret_ln51" fromId="22" toId="23">
</dataflow>
</dataflows>


</stg>
