<stg><name>node_read_data</name>


<trans_list>

<trans id="33" from="1" to="2">
<condition id="-1">
<or_exp><and_exp></and_exp></or_exp>
</condition>
</trans>

<trans id="34" from="2" to="3">
<condition id="-1">
<or_exp><and_exp></and_exp></or_exp>
</condition>
</trans>

<trans id="35" from="3" to="4">
<condition id="-1">
<or_exp><and_exp></and_exp></or_exp>
</condition>
</trans>

<trans id="36" from="4" to="5">
<condition id="-1">
<or_exp><and_exp></and_exp></or_exp>
</condition>
</trans>

<trans id="37" from="5" to="6">
<condition id="-1">
<or_exp><and_exp></and_exp></or_exp>
</condition>
</trans>

<trans id="38" from="6" to="7">
<condition id="-1">
<or_exp><and_exp></and_exp></or_exp>
</condition>
</trans>

<trans id="39" from="7" to="8">
<condition id="-1">
<or_exp><and_exp></and_exp></or_exp>
</condition>
</trans>

<trans id="40" from="8" to="9">
<condition id="-1">
<or_exp><and_exp></and_exp></or_exp>
</condition>
</trans>
</trans_list>



<state_list>

<state id="1" st_id="1">

<operation id="10" st_id="1" stage="1" lat="1">
<core>NULL</core>
<MemPortIdVec></MemPortIdVec>
<condition id="-1">
<or_exp><and_exp></and_exp></or_exp>
</condition>

<Node id="4" bw="32" op_0_bw="32" op_1_bw="32">
<![CDATA[
:1  %nodePtr_read = call i32 @_ssdm_op_Read.ap_auto.i32(i32 %nodePtr) nounwind

]]></Node>
<StgValue><ssdm name="nodePtr_read"/></StgValue>
</operation>

<operation id="11" st_id="1" stage="1" lat="1">
<core>NULL</core>
<MemPortIdVec></MemPortIdVec>
<condition id="-1">
<or_exp><and_exp></and_exp></or_exp>
</condition>

<Node id="5" bw="1" op_0_bw="1" op_1_bw="32" op_2_bw="32">
<![CDATA[
:2  %tmp_9 = call i1 @_ssdm_op_BitSelect.i1.i32.i32(i32 %nodePtr_read, i32 31)

]]></Node>
<StgValue><ssdm name="tmp_9"/></StgValue>
</operation>

<operation id="12" st_id="1" stage="1" lat="1">
<core>AddSub</core>
<MemPortIdVec></MemPortIdVec>
<condition id="-1">
<or_exp><and_exp></and_exp></or_exp>
</condition>

<Node id="6" bw="32" op_0_bw="32" op_1_bw="32">
<![CDATA[
:3  %sub_ln92 = sub i32 0, %nodePtr_read

]]></Node>
<StgValue><ssdm name="sub_ln92"/></StgValue>
</operation>

<operation id="13" st_id="1" stage="1" lat="1">
<core>NULL</core>
<MemPortIdVec></MemPortIdVec>
<condition id="-1">
<or_exp><and_exp></and_exp></or_exp>
</condition>

<Node id="7" bw="30" op_0_bw="30" op_1_bw="32" op_2_bw="32" op_3_bw="32">
<![CDATA[
:4  %tmp = call i30 @_ssdm_op_PartSelect.i30.i32.i32.i32(i32 %sub_ln92, i32 2, i32 31)

]]></Node>
<StgValue><ssdm name="tmp"/></StgValue>
</operation>

<operation id="14" st_id="1" stage="1" lat="1">
<core>NULL</core>
<MemPortIdVec></MemPortIdVec>
<condition id="-1">
<or_exp><and_exp></and_exp></or_exp>
</condition>

<Node id="8" bw="31" op_0_bw="30">
<![CDATA[
:5  %zext_ln92 = zext i30 %tmp to i31

]]></Node>
<StgValue><ssdm name="zext_ln92"/></StgValue>
</operation>

<operation id="15" st_id="1" stage="1" lat="1">
<core>AddSub</core>
<MemPortIdVec></MemPortIdVec>
<condition id="-1">
<or_exp><and_exp></and_exp></or_exp>
</condition>

<Node id="9" bw="31" op_0_bw="31" op_1_bw="31">
<![CDATA[
:6  %sub_ln92_1 = sub i31 0, %zext_ln92

]]></Node>
<StgValue><ssdm name="sub_ln92_1"/></StgValue>
</operation>

<operation id="16" st_id="1" stage="1" lat="1">
<core>NULL</core>
<MemPortIdVec></MemPortIdVec>
<condition id="-1">
<or_exp><and_exp></and_exp></or_exp>
</condition>

<Node id="10" bw="30" op_0_bw="30" op_1_bw="32" op_2_bw="32" op_3_bw="32">
<![CDATA[
:7  %tmp_8 = call i30 @_ssdm_op_PartSelect.i30.i32.i32.i32(i32 %nodePtr_read, i32 2, i32 31)

]]></Node>
<StgValue><ssdm name="tmp_8"/></StgValue>
</operation>

<operation id="17" st_id="1" stage="1" lat="1">
<core>NULL</core>
<MemPortIdVec></MemPortIdVec>
<condition id="-1">
<or_exp><and_exp></and_exp></or_exp>
</condition>

<Node id="11" bw="31" op_0_bw="30">
<![CDATA[
:8  %zext_ln92_1 = zext i30 %tmp_8 to i31

]]></Node>
<StgValue><ssdm name="zext_ln92_1"/></StgValue>
</operation>

<operation id="18" st_id="1" stage="1" lat="1">
<core>Sel</core>
<MemPortIdVec></MemPortIdVec>
<condition id="-1">
<or_exp><and_exp></and_exp></or_exp>
</condition>

<Node id="12" bw="31" op_0_bw="1" op_1_bw="31" op_2_bw="31">
<![CDATA[
:9  %select_ln92 = select i1 %tmp_9, i31 %sub_ln92_1, i31 %zext_ln92_1

]]></Node>
<StgValue><ssdm name="select_ln92"/></StgValue>
</operation>

<operation id="19" st_id="1" stage="1" lat="1">
<core>NULL</core>
<MemPortIdVec></MemPortIdVec>
<condition id="-1">
<or_exp><and_exp></and_exp></or_exp>
</condition>

<Node id="13" bw="32" op_0_bw="31">
<![CDATA[
:10  %sext_ln92_1 = sext i31 %select_ln92 to i32

]]></Node>
<StgValue><ssdm name="sext_ln92_1"/></StgValue>
</operation>

<operation id="20" st_id="1" stage="1" lat="1">
<core>AddSub</core>
<MemPortIdVec></MemPortIdVec>
<condition id="-1">
<or_exp><and_exp></and_exp></or_exp>
</condition>

<Node id="14" bw="32" op_0_bw="32" op_1_bw="32">
<![CDATA[
:11  %add_ln92 = add nsw i32 %sext_ln92_1, 3

]]></Node>
<StgValue><ssdm name="add_ln92"/></StgValue>
</operation>
</state>

<state id="2" st_id="2">

<operation id="21" st_id="2" stage="1" lat="1">
<core>NULL</core>
<MemPortIdVec></MemPortIdVec>
<condition id="-1">
<or_exp><and_exp></and_exp></or_exp>
</condition>

<Node id="15" bw="64" op_0_bw="32">
<![CDATA[
:12  %sext_ln92 = sext i32 %add_ln92 to i64

]]></Node>
<StgValue><ssdm name="sext_ln92"/></StgValue>
</operation>

<operation id="22" st_id="2" stage="1" lat="1">
<core>NULL</core>
<MemPortIdVec></MemPortIdVec>
<condition id="-1">
<or_exp><and_exp></and_exp></or_exp>
</condition>

<Node id="16" bw="32" op_0_bw="32" op_1_bw="64">
<![CDATA[
:13  %myHeap_addr = getelementptr inbounds i32* %myHeap, i64 %sext_ln92

]]></Node>
<StgValue><ssdm name="myHeap_addr"/></StgValue>
</operation>

<operation id="23" st_id="2" stage="7" lat="7">
<core>m_axi</core>
<MemPortIdVec></MemPortIdVec>
<condition id="-1">
<or_exp><and_exp></and_exp></or_exp>
</condition>

<Node id="17" bw="1" op_0_bw="1" op_1_bw="32" op_2_bw="32">
<![CDATA[
:14  %myHeap_load_req = call i1 @_ssdm_op_ReadReq.m_axi.i32P(i32* %myHeap_addr, i32 1) nounwind

]]></Node>
<StgValue><ssdm name="myHeap_load_req"/></StgValue>
</operation>
</state>

<state id="3" st_id="3">

<operation id="24" st_id="3" stage="6" lat="7">
<core>m_axi</core>
<MemPortIdVec></MemPortIdVec>
<condition id="-1">
<or_exp><and_exp></and_exp></or_exp>
</condition>

<Node id="17" bw="1" op_0_bw="1" op_1_bw="32" op_2_bw="32">
<![CDATA[
:14  %myHeap_load_req = call i1 @_ssdm_op_ReadReq.m_axi.i32P(i32* %myHeap_addr, i32 1) nounwind

]]></Node>
<StgValue><ssdm name="myHeap_load_req"/></StgValue>
</operation>
</state>

<state id="4" st_id="4">

<operation id="25" st_id="4" stage="5" lat="7">
<core>m_axi</core>
<MemPortIdVec></MemPortIdVec>
<condition id="-1">
<or_exp><and_exp></and_exp></or_exp>
</condition>

<Node id="17" bw="1" op_0_bw="1" op_1_bw="32" op_2_bw="32">
<![CDATA[
:14  %myHeap_load_req = call i1 @_ssdm_op_ReadReq.m_axi.i32P(i32* %myHeap_addr, i32 1) nounwind

]]></Node>
<StgValue><ssdm name="myHeap_load_req"/></StgValue>
</operation>
</state>

<state id="5" st_id="5">

<operation id="26" st_id="5" stage="4" lat="7">
<core>m_axi</core>
<MemPortIdVec></MemPortIdVec>
<condition id="-1">
<or_exp><and_exp></and_exp></or_exp>
</condition>

<Node id="17" bw="1" op_0_bw="1" op_1_bw="32" op_2_bw="32">
<![CDATA[
:14  %myHeap_load_req = call i1 @_ssdm_op_ReadReq.m_axi.i32P(i32* %myHeap_addr, i32 1) nounwind

]]></Node>
<StgValue><ssdm name="myHeap_load_req"/></StgValue>
</operation>
</state>

<state id="6" st_id="6">

<operation id="27" st_id="6" stage="3" lat="7">
<core>m_axi</core>
<MemPortIdVec></MemPortIdVec>
<condition id="-1">
<or_exp><and_exp></and_exp></or_exp>
</condition>

<Node id="17" bw="1" op_0_bw="1" op_1_bw="32" op_2_bw="32">
<![CDATA[
:14  %myHeap_load_req = call i1 @_ssdm_op_ReadReq.m_axi.i32P(i32* %myHeap_addr, i32 1) nounwind

]]></Node>
<StgValue><ssdm name="myHeap_load_req"/></StgValue>
</operation>
</state>

<state id="7" st_id="7">

<operation id="28" st_id="7" stage="2" lat="7">
<core>m_axi</core>
<MemPortIdVec></MemPortIdVec>
<condition id="-1">
<or_exp><and_exp></and_exp></or_exp>
</condition>

<Node id="17" bw="1" op_0_bw="1" op_1_bw="32" op_2_bw="32">
<![CDATA[
:14  %myHeap_load_req = call i1 @_ssdm_op_ReadReq.m_axi.i32P(i32* %myHeap_addr, i32 1) nounwind

]]></Node>
<StgValue><ssdm name="myHeap_load_req"/></StgValue>
</operation>
</state>

<state id="8" st_id="8">

<operation id="29" st_id="8" stage="1" lat="7">
<core>m_axi</core>
<MemPortIdVec></MemPortIdVec>
<condition id="-1">
<or_exp><and_exp></and_exp></or_exp>
</condition>

<Node id="17" bw="1" op_0_bw="1" op_1_bw="32" op_2_bw="32">
<![CDATA[
:14  %myHeap_load_req = call i1 @_ssdm_op_ReadReq.m_axi.i32P(i32* %myHeap_addr, i32 1) nounwind

]]></Node>
<StgValue><ssdm name="myHeap_load_req"/></StgValue>
</operation>
</state>

<state id="9" st_id="9">

<operation id="30" st_id="9" stage="1" lat="1">
<core>NULL</core>
<MemPortIdVec></MemPortIdVec>
<condition id="-1">
<or_exp><and_exp></and_exp></or_exp>
</condition>

<Node id="3" bw="0" op_0_bw="0" op_1_bw="32" op_2_bw="0" op_3_bw="32" op_4_bw="32" op_5_bw="0" op_6_bw="32" op_7_bw="32" op_8_bw="0" op_9_bw="0" op_10_bw="0" op_11_bw="32" op_12_bw="32" op_13_bw="32" op_14_bw="32" op_15_bw="0" op_16_bw="0">
<![CDATA[
:0  call void (...)* @_ssdm_op_SpecInterface(i32* %myHeap, [6 x i8]* @p_str3, i32 0, i32 0, [1 x i8]* @p_str1, i32 0, i32 1, [1 x i8]* @p_str1, [4 x i8]* @p_str4, [1 x i8]* @p_str1, i32 16, i32 16, i32 16, i32 16, [1 x i8]* @p_str1, [1 x i8]* @p_str1) nounwind

]]></Node>
<StgValue><ssdm name="specinterface_ln0"/></StgValue>
</operation>

<operation id="31" st_id="9" stage="1" lat="1">
<core>m_axi</core>
<MemPortIdVec></MemPortIdVec>
<condition id="-1">
<or_exp><and_exp></and_exp></or_exp>
</condition>

<Node id="18" bw="32" op_0_bw="32" op_1_bw="32" op_2_bw="1">
<![CDATA[
:15  %myHeap_addr_read = call i32 @_ssdm_op_Read.m_axi.volatile.i32P(i32* %myHeap_addr) nounwind

]]></Node>
<StgValue><ssdm name="myHeap_addr_read"/></StgValue>
</operation>

<operation id="32" st_id="9" stage="1" lat="1">
<core>NULL</core>
<MemPortIdVec></MemPortIdVec>
<condition id="-1">
<or_exp><and_exp></and_exp></or_exp>
</condition>

<Node id="19" bw="0" op_0_bw="32">
<![CDATA[
:16  ret i32 %myHeap_addr_read

]]></Node>
<StgValue><ssdm name="ret_ln92"/></StgValue>
</operation>
</state>
</state_list>


<ports>
<port id="41" name="myHeap" dir="0" iftype="4">
<core>NULL</core><StgValue><ssdm name="myHeap"/></StgValue>
</port>
<port id="42" name="nodePtr" dir="0" iftype="0">
<core>NULL</core><StgValue><ssdm name="nodePtr"/></StgValue>
</port>
</ports>


<dataflows>
<dataflow id="44" from="_ssdm_op_Read.ap_auto.i32" to="nodePtr_read" fromId="43" toId="10">
</dataflow>
<dataflow id="45" from="nodePtr" to="nodePtr_read" fromId="42" toId="10">
</dataflow>
<dataflow id="47" from="_ssdm_op_BitSelect.i1.i32.i32" to="tmp_9" fromId="46" toId="11">
</dataflow>
<dataflow id="48" from="nodePtr_read" to="tmp_9" fromId="10" toId="11">
</dataflow>
<dataflow id="50" from="StgValue_49" to="tmp_9" fromId="49" toId="11">
</dataflow>
<dataflow id="52" from="StgValue_51" to="sub_ln92" fromId="51" toId="12">
</dataflow>
<dataflow id="53" from="nodePtr_read" to="sub_ln92" fromId="10" toId="12">
</dataflow>
<dataflow id="55" from="_ssdm_op_PartSelect.i30.i32.i32.i32" to="tmp" fromId="54" toId="13">
</dataflow>
<dataflow id="56" from="sub_ln92" to="tmp" fromId="12" toId="13">
</dataflow>
<dataflow id="58" from="StgValue_57" to="tmp" fromId="57" toId="13">
</dataflow>
<dataflow id="59" from="StgValue_49" to="tmp" fromId="49" toId="13">
</dataflow>
<dataflow id="60" from="tmp" to="zext_ln92" fromId="13" toId="14">
</dataflow>
<dataflow id="62" from="StgValue_61" to="sub_ln92_1" fromId="61" toId="15">
</dataflow>
<dataflow id="63" from="zext_ln92" to="sub_ln92_1" fromId="14" toId="15">
</dataflow>
<dataflow id="64" from="_ssdm_op_PartSelect.i30.i32.i32.i32" to="tmp_8" fromId="54" toId="16">
</dataflow>
<dataflow id="65" from="nodePtr_read" to="tmp_8" fromId="10" toId="16">
</dataflow>
<dataflow id="66" from="StgValue_57" to="tmp_8" fromId="57" toId="16">
</dataflow>
<dataflow id="67" from="StgValue_49" to="tmp_8" fromId="49" toId="16">
</dataflow>
<dataflow id="68" from="tmp_8" to="zext_ln92_1" fromId="16" toId="17">
</dataflow>
<dataflow id="69" from="tmp_9" to="select_ln92" fromId="11" toId="18">
</dataflow>
<dataflow id="70" from="sub_ln92_1" to="select_ln92" fromId="15" toId="18">
</dataflow>
<dataflow id="71" from="zext_ln92_1" to="select_ln92" fromId="17" toId="18">
</dataflow>
<dataflow id="72" from="select_ln92" to="sext_ln92_1" fromId="18" toId="19">
</dataflow>
<dataflow id="73" from="sext_ln92_1" to="add_ln92" fromId="19" toId="20">
</dataflow>
<dataflow id="75" from="StgValue_74" to="add_ln92" fromId="74" toId="20">
</dataflow>
<dataflow id="76" from="add_ln92" to="sext_ln92" fromId="20" toId="21">
</dataflow>
<dataflow id="77" from="myHeap" to="myHeap_addr" fromId="41" toId="22">
</dataflow>
<dataflow id="78" from="sext_ln92" to="myHeap_addr" fromId="21" toId="22">
</dataflow>
<dataflow id="80" from="_ssdm_op_ReadReq.m_axi.i32P" to="myHeap_load_req" fromId="79" toId="23">
</dataflow>
<dataflow id="81" from="myHeap_addr" to="myHeap_load_req" fromId="22" toId="23">
</dataflow>
<dataflow id="83" from="StgValue_82" to="myHeap_load_req" fromId="82" toId="23">
</dataflow>
<dataflow id="84" from="_ssdm_op_ReadReq.m_axi.i32P" to="myHeap_load_req" fromId="79" toId="24">
</dataflow>
<dataflow id="85" from="myHeap_addr" to="myHeap_load_req" fromId="22" toId="24">
</dataflow>
<dataflow id="86" from="StgValue_82" to="myHeap_load_req" fromId="82" toId="24">
</dataflow>
<dataflow id="87" from="_ssdm_op_ReadReq.m_axi.i32P" to="myHeap_load_req" fromId="79" toId="25">
</dataflow>
<dataflow id="88" from="myHeap_addr" to="myHeap_load_req" fromId="22" toId="25">
</dataflow>
<dataflow id="89" from="StgValue_82" to="myHeap_load_req" fromId="82" toId="25">
</dataflow>
<dataflow id="90" from="_ssdm_op_ReadReq.m_axi.i32P" to="myHeap_load_req" fromId="79" toId="26">
</dataflow>
<dataflow id="91" from="myHeap_addr" to="myHeap_load_req" fromId="22" toId="26">
</dataflow>
<dataflow id="92" from="StgValue_82" to="myHeap_load_req" fromId="82" toId="26">
</dataflow>
<dataflow id="93" from="_ssdm_op_ReadReq.m_axi.i32P" to="myHeap_load_req" fromId="79" toId="27">
</dataflow>
<dataflow id="94" from="myHeap_addr" to="myHeap_load_req" fromId="22" toId="27">
</dataflow>
<dataflow id="95" from="StgValue_82" to="myHeap_load_req" fromId="82" toId="27">
</dataflow>
<dataflow id="96" from="_ssdm_op_ReadReq.m_axi.i32P" to="myHeap_load_req" fromId="79" toId="28">
</dataflow>
<dataflow id="97" from="myHeap_addr" to="myHeap_load_req" fromId="22" toId="28">
</dataflow>
<dataflow id="98" from="StgValue_82" to="myHeap_load_req" fromId="82" toId="28">
</dataflow>
<dataflow id="99" from="_ssdm_op_ReadReq.m_axi.i32P" to="myHeap_load_req" fromId="79" toId="29">
</dataflow>
<dataflow id="100" from="myHeap_addr" to="myHeap_load_req" fromId="22" toId="29">
</dataflow>
<dataflow id="101" from="StgValue_82" to="myHeap_load_req" fromId="82" toId="29">
</dataflow>
<dataflow id="103" from="_ssdm_op_SpecInterface" to="specinterface_ln0" fromId="102" toId="30">
</dataflow>
<dataflow id="104" from="myHeap" to="specinterface_ln0" fromId="41" toId="30">
</dataflow>
<dataflow id="106" from="p_str3" to="specinterface_ln0" fromId="105" toId="30">
</dataflow>
<dataflow id="107" from="StgValue_51" to="specinterface_ln0" fromId="51" toId="30">
</dataflow>
<dataflow id="108" from="StgValue_51" to="specinterface_ln0" fromId="51" toId="30">
</dataflow>
<dataflow id="110" from="p_str1" to="specinterface_ln0" fromId="109" toId="30">
</dataflow>
<dataflow id="111" from="StgValue_51" to="specinterface_ln0" fromId="51" toId="30">
</dataflow>
<dataflow id="112" from="StgValue_82" to="specinterface_ln0" fromId="82" toId="30">
</dataflow>
<dataflow id="113" from="p_str1" to="specinterface_ln0" fromId="109" toId="30">
</dataflow>
<dataflow id="115" from="p_str4" to="specinterface_ln0" fromId="114" toId="30">
</dataflow>
<dataflow id="116" from="p_str1" to="specinterface_ln0" fromId="109" toId="30">
</dataflow>
<dataflow id="118" from="StgValue_117" to="specinterface_ln0" fromId="117" toId="30">
</dataflow>
<dataflow id="119" from="StgValue_117" to="specinterface_ln0" fromId="117" toId="30">
</dataflow>
<dataflow id="120" from="StgValue_117" to="specinterface_ln0" fromId="117" toId="30">
</dataflow>
<dataflow id="121" from="StgValue_117" to="specinterface_ln0" fromId="117" toId="30">
</dataflow>
<dataflow id="122" from="p_str1" to="specinterface_ln0" fromId="109" toId="30">
</dataflow>
<dataflow id="123" from="p_str1" to="specinterface_ln0" fromId="109" toId="30">
</dataflow>
<dataflow id="125" from="_ssdm_op_Read.m_axi.volatile.i32P" to="myHeap_addr_read" fromId="124" toId="31">
</dataflow>
<dataflow id="126" from="myHeap_addr" to="myHeap_addr_read" fromId="22" toId="31">
</dataflow>
<dataflow id="127" from="myHeap_addr_read" to="ret_ln92" fromId="31" toId="32">
</dataflow>
</dataflows>


</stg>
