<stg><name>node_write</name>


<trans_list>

<trans id="22" from="1" to="2">
<condition id="-1">
<or_exp><and_exp></and_exp></or_exp>
</condition>
</trans>

<trans id="23" from="2" to="3">
<condition id="-1">
<or_exp><and_exp></and_exp></or_exp>
</condition>
</trans>

<trans id="24" from="3" to="4">
<condition id="-1">
<or_exp><and_exp></and_exp></or_exp>
</condition>
</trans>

<trans id="25" from="4" to="5">
<condition id="-1">
<or_exp><and_exp></and_exp></or_exp>
</condition>
</trans>

<trans id="26" from="5" to="6">
<condition id="-1">
<or_exp><and_exp></and_exp></or_exp>
</condition>
</trans>

<trans id="27" from="6" to="7">
<condition id="-1">
<or_exp><and_exp></and_exp></or_exp>
</condition>
</trans>

<trans id="28" from="7" to="8">
<condition id="-1">
<or_exp><and_exp></and_exp></or_exp>
</condition>
</trans>
</trans_list>



<state_list>

<state id="1" st_id="1">

<operation id="9" st_id="1" stage="1" lat="1">
<core>NULL</core>
<MemPortIdVec></MemPortIdVec>
<condition id="-1">
<or_exp><and_exp></and_exp></or_exp>
</condition>

<Node id="6" bw="32" op_0_bw="32" op_1_bw="32">
<![CDATA[
:1  %nodeIn_data_read = call i32 @_ssdm_op_Read.ap_auto.i32(i32 %nodeIn_data)

]]></Node>
<StgValue><ssdm name="nodeIn_data_read"/></StgValue>
</operation>

<operation id="10" st_id="1" stage="1" lat="1">
<core>NULL</core>
<MemPortIdVec></MemPortIdVec>
<condition id="-1">
<or_exp><and_exp></and_exp></or_exp>
</condition>

<Node id="8" bw="32" op_0_bw="32" op_1_bw="32">
<![CDATA[
:3  %nodePtr_read = call i32 @_ssdm_op_Read.ap_auto.i32(i32 %nodePtr)

]]></Node>
<StgValue><ssdm name="nodePtr_read"/></StgValue>
</operation>

<operation id="11" st_id="1" stage="2" lat="2">
<core></core>
<MemPortIdVec></MemPortIdVec>
<condition id="-1">
<or_exp><and_exp></and_exp></or_exp>
</condition>

<Node id="9" bw="0" op_0_bw="0" op_1_bw="32" op_2_bw="32" op_3_bw="32">
<![CDATA[
:4  call fastcc void @node_write_data(i32* %myHeap, i32 %nodePtr_read, i32 %nodeIn_data_read)

]]></Node>
<StgValue><ssdm name="call_ln56"/></StgValue>
</operation>
</state>

<state id="2" st_id="2">

<operation id="12" st_id="2" stage="1" lat="2">
<core></core>
<MemPortIdVec></MemPortIdVec>
<condition id="-1">
<or_exp><and_exp></and_exp></or_exp>
</condition>

<Node id="9" bw="0" op_0_bw="0" op_1_bw="32" op_2_bw="32" op_3_bw="32">
<![CDATA[
:4  call fastcc void @node_write_data(i32* %myHeap, i32 %nodePtr_read, i32 %nodeIn_data_read)

]]></Node>
<StgValue><ssdm name="call_ln56"/></StgValue>
</operation>
</state>

<state id="3" st_id="3">

<operation id="13" st_id="3" stage="1" lat="1">
<core>NULL</core>
<MemPortIdVec></MemPortIdVec>
<condition id="-1">
<or_exp><and_exp></and_exp></or_exp>
</condition>

<Node id="7" bw="32" op_0_bw="32" op_1_bw="32">
<![CDATA[
:2  %nodeIn_left_read = call i32 @_ssdm_op_Read.ap_auto.i32(i32 %nodeIn_left)

]]></Node>
<StgValue><ssdm name="nodeIn_left_read"/></StgValue>
</operation>

<operation id="14" st_id="3" stage="2" lat="2">
<core></core>
<MemPortIdVec></MemPortIdVec>
<condition id="-1">
<or_exp><and_exp></and_exp></or_exp>
</condition>

<Node id="10" bw="0" op_0_bw="0" op_1_bw="32" op_2_bw="32" op_3_bw="32" op_4_bw="0" op_5_bw="0">
<![CDATA[
:5  call fastcc void @node_write_left(i32* %myHeap, i32 %nodePtr_read, i32 %nodeIn_left_read)

]]></Node>
<StgValue><ssdm name="call_ln57"/></StgValue>
</operation>
</state>

<state id="4" st_id="4">

<operation id="15" st_id="4" stage="1" lat="2">
<core></core>
<MemPortIdVec></MemPortIdVec>
<condition id="-1">
<or_exp><and_exp></and_exp></or_exp>
</condition>

<Node id="10" bw="0" op_0_bw="0" op_1_bw="32" op_2_bw="32" op_3_bw="32" op_4_bw="0" op_5_bw="0">
<![CDATA[
:5  call fastcc void @node_write_left(i32* %myHeap, i32 %nodePtr_read, i32 %nodeIn_left_read)

]]></Node>
<StgValue><ssdm name="call_ln57"/></StgValue>
</operation>
</state>

<state id="5" st_id="5">

<operation id="16" st_id="5" stage="2" lat="2">
<core></core>
<MemPortIdVec></MemPortIdVec>
<condition id="-1">
<or_exp><and_exp></and_exp></or_exp>
</condition>

<Node id="11" bw="0" op_0_bw="0" op_1_bw="32" op_2_bw="32" op_3_bw="32" op_4_bw="0" op_5_bw="0">
<![CDATA[
:6  call fastcc void @node_write_right(i32* %myHeap, i32 %nodePtr_read, i32 %nodeIn_left_read)

]]></Node>
<StgValue><ssdm name="call_ln58"/></StgValue>
</operation>
</state>

<state id="6" st_id="6">

<operation id="17" st_id="6" stage="1" lat="2">
<core></core>
<MemPortIdVec></MemPortIdVec>
<condition id="-1">
<or_exp><and_exp></and_exp></or_exp>
</condition>

<Node id="11" bw="0" op_0_bw="0" op_1_bw="32" op_2_bw="32" op_3_bw="32" op_4_bw="0" op_5_bw="0">
<![CDATA[
:6  call fastcc void @node_write_right(i32* %myHeap, i32 %nodePtr_read, i32 %nodeIn_left_read)

]]></Node>
<StgValue><ssdm name="call_ln58"/></StgValue>
</operation>
</state>

<state id="7" st_id="7">

<operation id="18" st_id="7" stage="2" lat="2">
<core></core>
<MemPortIdVec></MemPortIdVec>
<condition id="-1">
<or_exp><and_exp></and_exp></or_exp>
</condition>

<Node id="12" bw="0" op_0_bw="0" op_1_bw="32" op_2_bw="32" op_3_bw="32" op_4_bw="0" op_5_bw="0">
<![CDATA[
:7  call fastcc void @node_write_height(i32* %myHeap, i32 %nodePtr_read, i32 1)

]]></Node>
<StgValue><ssdm name="call_ln59"/></StgValue>
</operation>
</state>

<state id="8" st_id="8">

<operation id="19" st_id="8" stage="1" lat="1">
<core>NULL</core>
<MemPortIdVec></MemPortIdVec>
<condition id="-1">
<or_exp><and_exp></and_exp></or_exp>
</condition>

<Node id="5" bw="0" op_0_bw="0" op_1_bw="32" op_2_bw="0" op_3_bw="32" op_4_bw="32" op_5_bw="0" op_6_bw="32" op_7_bw="32" op_8_bw="0" op_9_bw="0" op_10_bw="0" op_11_bw="32" op_12_bw="32" op_13_bw="32" op_14_bw="32" op_15_bw="0" op_16_bw="0">
<![CDATA[
:0  call void (...)* @_ssdm_op_SpecInterface(i32* %myHeap, [6 x i8]* @p_str3, i32 0, i32 0, [1 x i8]* @p_str1, i32 0, i32 1, [1 x i8]* @p_str1, [4 x i8]* @p_str4, [1 x i8]* @p_str1, i32 16, i32 16, i32 16, i32 16, [1 x i8]* @p_str1, [1 x i8]* @p_str1) nounwind

]]></Node>
<StgValue><ssdm name="specinterface_ln0"/></StgValue>
</operation>

<operation id="20" st_id="8" stage="1" lat="2">
<core></core>
<MemPortIdVec></MemPortIdVec>
<condition id="-1">
<or_exp><and_exp></and_exp></or_exp>
</condition>

<Node id="12" bw="0" op_0_bw="0" op_1_bw="32" op_2_bw="32" op_3_bw="32" op_4_bw="0" op_5_bw="0">
<![CDATA[
:7  call fastcc void @node_write_height(i32* %myHeap, i32 %nodePtr_read, i32 1)

]]></Node>
<StgValue><ssdm name="call_ln59"/></StgValue>
</operation>

<operation id="21" st_id="8" stage="1" lat="1">
<core>NULL</core>
<MemPortIdVec></MemPortIdVec>
<condition id="-1">
<or_exp><and_exp></and_exp></or_exp>
</condition>

<Node id="13" bw="0">
<![CDATA[
:8  ret void

]]></Node>
<StgValue><ssdm name="ret_ln60"/></StgValue>
</operation>
</state>
</state_list>


<ports>
<port id="29" name="myHeap" dir="1" iftype="4">
<core>NULL</core><StgValue><ssdm name="myHeap"/></StgValue>
</port>
<port id="30" name="nodePtr" dir="0" iftype="0">
<core>NULL</core><StgValue><ssdm name="nodePtr"/></StgValue>
</port>
<port id="31" name="nodeIn_left" dir="0" iftype="0">
<core>NULL</core><StgValue><ssdm name="nodeIn_left"/></StgValue>
</port>
<port id="32" name="nodeIn_data" dir="0" iftype="0">
<core>NULL</core><StgValue><ssdm name="nodeIn_data"/></StgValue>
</port>
</ports>


<dataflows>
<dataflow id="34" from="_ssdm_op_Read.ap_auto.i32" to="nodeIn_data_read" fromId="33" toId="9">
</dataflow>
<dataflow id="35" from="nodeIn_data" to="nodeIn_data_read" fromId="32" toId="9">
</dataflow>
<dataflow id="36" from="_ssdm_op_Read.ap_auto.i32" to="nodePtr_read" fromId="33" toId="10">
</dataflow>
<dataflow id="37" from="nodePtr" to="nodePtr_read" fromId="30" toId="10">
</dataflow>
<dataflow id="39" from="node_write_data" to="call_ln56" fromId="38" toId="11">
</dataflow>
<dataflow id="40" from="myHeap" to="call_ln56" fromId="29" toId="11">
</dataflow>
<dataflow id="41" from="nodePtr_read" to="call_ln56" fromId="10" toId="11">
</dataflow>
<dataflow id="42" from="nodeIn_data_read" to="call_ln56" fromId="9" toId="11">
</dataflow>
<dataflow id="43" from="node_write_data" to="call_ln56" fromId="38" toId="12">
</dataflow>
<dataflow id="44" from="myHeap" to="call_ln56" fromId="29" toId="12">
</dataflow>
<dataflow id="45" from="nodePtr_read" to="call_ln56" fromId="10" toId="12">
</dataflow>
<dataflow id="46" from="nodeIn_data_read" to="call_ln56" fromId="9" toId="12">
</dataflow>
<dataflow id="47" from="_ssdm_op_Read.ap_auto.i32" to="nodeIn_left_read" fromId="33" toId="13">
</dataflow>
<dataflow id="48" from="nodeIn_left" to="nodeIn_left_read" fromId="31" toId="13">
</dataflow>
<dataflow id="50" from="node_write_left" to="call_ln57" fromId="49" toId="14">
</dataflow>
<dataflow id="51" from="myHeap" to="call_ln57" fromId="29" toId="14">
</dataflow>
<dataflow id="52" from="nodePtr_read" to="call_ln57" fromId="10" toId="14">
</dataflow>
<dataflow id="53" from="nodeIn_left_read" to="call_ln57" fromId="13" toId="14">
</dataflow>
<dataflow id="54" from="node_write_left" to="call_ln57" fromId="49" toId="15">
</dataflow>
<dataflow id="55" from="myHeap" to="call_ln57" fromId="29" toId="15">
</dataflow>
<dataflow id="56" from="nodePtr_read" to="call_ln57" fromId="10" toId="15">
</dataflow>
<dataflow id="57" from="nodeIn_left_read" to="call_ln57" fromId="13" toId="15">
</dataflow>
<dataflow id="59" from="node_write_right" to="call_ln58" fromId="58" toId="16">
</dataflow>
<dataflow id="60" from="myHeap" to="call_ln58" fromId="29" toId="16">
</dataflow>
<dataflow id="61" from="nodePtr_read" to="call_ln58" fromId="10" toId="16">
</dataflow>
<dataflow id="62" from="nodeIn_left_read" to="call_ln58" fromId="13" toId="16">
</dataflow>
<dataflow id="63" from="node_write_right" to="call_ln58" fromId="58" toId="17">
</dataflow>
<dataflow id="64" from="myHeap" to="call_ln58" fromId="29" toId="17">
</dataflow>
<dataflow id="65" from="nodePtr_read" to="call_ln58" fromId="10" toId="17">
</dataflow>
<dataflow id="66" from="nodeIn_left_read" to="call_ln58" fromId="13" toId="17">
</dataflow>
<dataflow id="68" from="node_write_height" to="call_ln59" fromId="67" toId="18">
</dataflow>
<dataflow id="69" from="myHeap" to="call_ln59" fromId="29" toId="18">
</dataflow>
<dataflow id="70" from="nodePtr_read" to="call_ln59" fromId="10" toId="18">
</dataflow>
<dataflow id="72" from="StgValue_71" to="call_ln59" fromId="71" toId="18">
</dataflow>
<dataflow id="74" from="_ssdm_op_SpecInterface" to="specinterface_ln0" fromId="73" toId="19">
</dataflow>
<dataflow id="75" from="myHeap" to="specinterface_ln0" fromId="29" toId="19">
</dataflow>
<dataflow id="77" from="p_str3" to="specinterface_ln0" fromId="76" toId="19">
</dataflow>
<dataflow id="79" from="StgValue_78" to="specinterface_ln0" fromId="78" toId="19">
</dataflow>
<dataflow id="80" from="StgValue_78" to="specinterface_ln0" fromId="78" toId="19">
</dataflow>
<dataflow id="82" from="p_str1" to="specinterface_ln0" fromId="81" toId="19">
</dataflow>
<dataflow id="83" from="StgValue_78" to="specinterface_ln0" fromId="78" toId="19">
</dataflow>
<dataflow id="84" from="StgValue_71" to="specinterface_ln0" fromId="71" toId="19">
</dataflow>
<dataflow id="85" from="p_str1" to="specinterface_ln0" fromId="81" toId="19">
</dataflow>
<dataflow id="87" from="p_str4" to="specinterface_ln0" fromId="86" toId="19">
</dataflow>
<dataflow id="88" from="p_str1" to="specinterface_ln0" fromId="81" toId="19">
</dataflow>
<dataflow id="90" from="StgValue_89" to="specinterface_ln0" fromId="89" toId="19">
</dataflow>
<dataflow id="91" from="StgValue_89" to="specinterface_ln0" fromId="89" toId="19">
</dataflow>
<dataflow id="92" from="StgValue_89" to="specinterface_ln0" fromId="89" toId="19">
</dataflow>
<dataflow id="93" from="StgValue_89" to="specinterface_ln0" fromId="89" toId="19">
</dataflow>
<dataflow id="94" from="p_str1" to="specinterface_ln0" fromId="81" toId="19">
</dataflow>
<dataflow id="95" from="p_str1" to="specinterface_ln0" fromId="81" toId="19">
</dataflow>
<dataflow id="96" from="node_write_height" to="call_ln59" fromId="67" toId="20">
</dataflow>
<dataflow id="97" from="myHeap" to="call_ln59" fromId="29" toId="20">
</dataflow>
<dataflow id="98" from="nodePtr_read" to="call_ln59" fromId="10" toId="20">
</dataflow>
<dataflow id="99" from="StgValue_71" to="call_ln59" fromId="71" toId="20">
</dataflow>
</dataflows>


</stg>
