<stg><name>node_write_data</name>


<trans_list>

<trans id="35" from="1" to="2">
<condition id="-1">
<or_exp><and_exp></and_exp></or_exp>
</condition>
</trans>

<trans id="36" from="2" to="3">
<condition id="-1">
<or_exp><and_exp></and_exp></or_exp>
</condition>
</trans>

<trans id="37" from="3" to="4">
<condition id="-1">
<or_exp><and_exp></and_exp></or_exp>
</condition>
</trans>

<trans id="38" from="4" to="5">
<condition id="-1">
<or_exp><and_exp></and_exp></or_exp>
</condition>
</trans>

<trans id="39" from="5" to="6">
<condition id="-1">
<or_exp><and_exp></and_exp></or_exp>
</condition>
</trans>

<trans id="40" from="6" to="7">
<condition id="-1">
<or_exp><and_exp></and_exp></or_exp>
</condition>
</trans>

<trans id="41" from="7" to="8">
<condition id="-1">
<or_exp><and_exp></and_exp></or_exp>
</condition>
</trans>
</trans_list>



<state_list>

<state id="1" st_id="1">

<operation id="9" st_id="1" stage="1" lat="1">
<core>NULL</core>
<MemPortIdVec></MemPortIdVec>
<condition id="-1">
<or_exp><and_exp></and_exp></or_exp>
</condition>

<Node id="6" bw="32" op_0_bw="32" op_1_bw="32">
<![CDATA[
:2  %nodePtr_read = call i32 @_ssdm_op_Read.ap_auto.i32(i32 %nodePtr) nounwind

]]></Node>
<StgValue><ssdm name="nodePtr_read"/></StgValue>
</operation>

<operation id="10" st_id="1" stage="1" lat="1">
<core>NULL</core>
<MemPortIdVec></MemPortIdVec>
<condition id="-1">
<or_exp><and_exp></and_exp></or_exp>
</condition>

<Node id="7" bw="32" op_0_bw="64">
<![CDATA[
:3  %data_assign = alloca i32, align 4

]]></Node>
<StgValue><ssdm name="data_assign"/></StgValue>
</operation>

<operation id="11" st_id="1" stage="1" lat="1">
<core>NULL</core>
<MemPortIdVec></MemPortIdVec>
<condition id="-1">
<or_exp><and_exp></and_exp></or_exp>
</condition>

<Node id="10" bw="1" op_0_bw="1" op_1_bw="32" op_2_bw="32">
<![CDATA[
:6  %tmp_5 = call i1 @_ssdm_op_BitSelect.i1.i32.i32(i32 %nodePtr_read, i32 31)

]]></Node>
<StgValue><ssdm name="tmp_5"/></StgValue>
</operation>

<operation id="12" st_id="1" stage="1" lat="1">
<core>AddSub</core>
<MemPortIdVec></MemPortIdVec>
<condition id="-1">
<or_exp><and_exp></and_exp></or_exp>
</condition>

<Node id="11" bw="32" op_0_bw="32" op_1_bw="32">
<![CDATA[
:7  %sub_ln78 = sub i32 0, %nodePtr_read

]]></Node>
<StgValue><ssdm name="sub_ln78"/></StgValue>
</operation>

<operation id="13" st_id="1" stage="1" lat="1">
<core>NULL</core>
<MemPortIdVec></MemPortIdVec>
<condition id="-1">
<or_exp><and_exp></and_exp></or_exp>
</condition>

<Node id="12" bw="30" op_0_bw="30" op_1_bw="32" op_2_bw="32" op_3_bw="32">
<![CDATA[
:8  %tmp = call i30 @_ssdm_op_PartSelect.i30.i32.i32.i32(i32 %sub_ln78, i32 2, i32 31)

]]></Node>
<StgValue><ssdm name="tmp"/></StgValue>
</operation>

<operation id="14" st_id="1" stage="1" lat="1">
<core>NULL</core>
<MemPortIdVec></MemPortIdVec>
<condition id="-1">
<or_exp><and_exp></and_exp></or_exp>
</condition>

<Node id="13" bw="31" op_0_bw="30">
<![CDATA[
:9  %zext_ln78 = zext i30 %tmp to i31

]]></Node>
<StgValue><ssdm name="zext_ln78"/></StgValue>
</operation>

<operation id="15" st_id="1" stage="1" lat="1">
<core>AddSub</core>
<MemPortIdVec></MemPortIdVec>
<condition id="-1">
<or_exp><and_exp></and_exp></or_exp>
</condition>

<Node id="14" bw="31" op_0_bw="31" op_1_bw="31">
<![CDATA[
:10  %sub_ln78_1 = sub i31 0, %zext_ln78

]]></Node>
<StgValue><ssdm name="sub_ln78_1"/></StgValue>
</operation>

<operation id="16" st_id="1" stage="1" lat="1">
<core>NULL</core>
<MemPortIdVec></MemPortIdVec>
<condition id="-1">
<or_exp><and_exp></and_exp></or_exp>
</condition>

<Node id="15" bw="30" op_0_bw="30" op_1_bw="32" op_2_bw="32" op_3_bw="32">
<![CDATA[
:11  %tmp_4 = call i30 @_ssdm_op_PartSelect.i30.i32.i32.i32(i32 %nodePtr_read, i32 2, i32 31)

]]></Node>
<StgValue><ssdm name="tmp_4"/></StgValue>
</operation>

<operation id="17" st_id="1" stage="1" lat="1">
<core>NULL</core>
<MemPortIdVec></MemPortIdVec>
<condition id="-1">
<or_exp><and_exp></and_exp></or_exp>
</condition>

<Node id="16" bw="31" op_0_bw="30">
<![CDATA[
:12  %zext_ln78_1 = zext i30 %tmp_4 to i31

]]></Node>
<StgValue><ssdm name="zext_ln78_1"/></StgValue>
</operation>

<operation id="18" st_id="1" stage="1" lat="1">
<core>Sel</core>
<MemPortIdVec></MemPortIdVec>
<condition id="-1">
<or_exp><and_exp></and_exp></or_exp>
</condition>

<Node id="17" bw="31" op_0_bw="1" op_1_bw="31" op_2_bw="31">
<![CDATA[
:13  %select_ln78 = select i1 %tmp_5, i31 %sub_ln78_1, i31 %zext_ln78_1

]]></Node>
<StgValue><ssdm name="select_ln78"/></StgValue>
</operation>

<operation id="19" st_id="1" stage="1" lat="1">
<core>NULL</core>
<MemPortIdVec></MemPortIdVec>
<condition id="-1">
<or_exp><and_exp></and_exp></or_exp>
</condition>

<Node id="18" bw="32" op_0_bw="31">
<![CDATA[
:14  %sext_ln78_1 = sext i31 %select_ln78 to i32

]]></Node>
<StgValue><ssdm name="sext_ln78_1"/></StgValue>
</operation>

<operation id="20" st_id="1" stage="1" lat="1">
<core>AddSub</core>
<MemPortIdVec></MemPortIdVec>
<condition id="-1">
<or_exp><and_exp></and_exp></or_exp>
</condition>

<Node id="19" bw="32" op_0_bw="32" op_1_bw="32">
<![CDATA[
:15  %add_ln78 = add nsw i32 %sext_ln78_1, 3

]]></Node>
<StgValue><ssdm name="add_ln78"/></StgValue>
</operation>
</state>

<state id="2" st_id="2">

<operation id="21" st_id="2" stage="1" lat="1">
<core>NULL</core>
<MemPortIdVec></MemPortIdVec>
<condition id="-1">
<or_exp><and_exp></and_exp></or_exp>
</condition>

<Node id="5" bw="32" op_0_bw="32" op_1_bw="32">
<![CDATA[
:1  %data_read = call i32 @_ssdm_op_Read.ap_auto.i32(i32 %data) nounwind

]]></Node>
<StgValue><ssdm name="data_read"/></StgValue>
</operation>

<operation id="22" st_id="2" stage="1" lat="1">
<core>NULL</core>
<MemPortIdVec></MemPortIdVec>
<condition id="-1">
<or_exp><and_exp></and_exp></or_exp>
</condition>

<Node id="8" bw="0" op_0_bw="32" op_1_bw="32">
<![CDATA[
:4  store volatile i32 %data_read, i32* %data_assign, align 4

]]></Node>
<StgValue><ssdm name="store_ln0"/></StgValue>
</operation>

<operation id="23" st_id="2" stage="1" lat="1">
<core>NULL</core>
<MemPortIdVec></MemPortIdVec>
<condition id="-1">
<or_exp><and_exp></and_exp></or_exp>
</condition>

<Node id="20" bw="64" op_0_bw="32">
<![CDATA[
:16  %sext_ln78 = sext i32 %add_ln78 to i64

]]></Node>
<StgValue><ssdm name="sext_ln78"/></StgValue>
</operation>

<operation id="24" st_id="2" stage="1" lat="1">
<core>NULL</core>
<MemPortIdVec></MemPortIdVec>
<condition id="-1">
<or_exp><and_exp></and_exp></or_exp>
</condition>

<Node id="21" bw="32" op_0_bw="32" op_1_bw="64">
<![CDATA[
:17  %myHeap_addr = getelementptr inbounds i32* %myHeap, i64 %sext_ln78

]]></Node>
<StgValue><ssdm name="myHeap_addr"/></StgValue>
</operation>

<operation id="25" st_id="2" stage="1" lat="1">
<core>m_axi</core>
<MemPortIdVec></MemPortIdVec>
<condition id="-1">
<or_exp><and_exp></and_exp></or_exp>
</condition>

<Node id="22" bw="1" op_0_bw="1" op_1_bw="32" op_2_bw="32">
<![CDATA[
:18  %myHeap_addr_req = call i1 @_ssdm_op_WriteReq.m_axi.i32P(i32* %myHeap_addr, i32 1) nounwind

]]></Node>
<StgValue><ssdm name="myHeap_addr_req"/></StgValue>
</operation>
</state>

<state id="3" st_id="3">

<operation id="26" st_id="3" stage="1" lat="1">
<core>NULL</core>
<MemPortIdVec></MemPortIdVec>
<condition id="-1">
<or_exp><and_exp></and_exp></or_exp>
</condition>

<Node id="9" bw="32" op_0_bw="32" op_1_bw="0">
<![CDATA[
:5  %data_assign_load = load volatile i32* %data_assign, align 4

]]></Node>
<StgValue><ssdm name="data_assign_load"/></StgValue>
</operation>

<operation id="27" st_id="3" stage="1" lat="1">
<core>m_axi</core>
<MemPortIdVec></MemPortIdVec>
<condition id="-1">
<or_exp><and_exp></and_exp></or_exp>
</condition>

<Node id="23" bw="0" op_0_bw="0" op_1_bw="32" op_2_bw="32" op_3_bw="4" op_4_bw="1">
<![CDATA[
:19  call void @_ssdm_op_Write.m_axi.volatile.i32P(i32* %myHeap_addr, i32 %data_assign_load, i4 -1) nounwind

]]></Node>
<StgValue><ssdm name="write_ln78"/></StgValue>
</operation>
</state>

<state id="4" st_id="4">

<operation id="28" st_id="4" stage="5" lat="5">
<core>m_axi</core>
<MemPortIdVec></MemPortIdVec>
<condition id="-1">
<or_exp><and_exp></and_exp></or_exp>
</condition>

<Node id="24" bw="1" op_0_bw="1" op_1_bw="32" op_2_bw="0">
<![CDATA[
:20  %myHeap_addr_resp = call i1 @_ssdm_op_WriteResp.m_axi.i32P(i32* %myHeap_addr) nounwind

]]></Node>
<StgValue><ssdm name="myHeap_addr_resp"/></StgValue>
</operation>
</state>

<state id="5" st_id="5">

<operation id="29" st_id="5" stage="4" lat="5">
<core>m_axi</core>
<MemPortIdVec></MemPortIdVec>
<condition id="-1">
<or_exp><and_exp></and_exp></or_exp>
</condition>

<Node id="24" bw="1" op_0_bw="1" op_1_bw="32" op_2_bw="0">
<![CDATA[
:20  %myHeap_addr_resp = call i1 @_ssdm_op_WriteResp.m_axi.i32P(i32* %myHeap_addr) nounwind

]]></Node>
<StgValue><ssdm name="myHeap_addr_resp"/></StgValue>
</operation>
</state>

<state id="6" st_id="6">

<operation id="30" st_id="6" stage="3" lat="5">
<core>m_axi</core>
<MemPortIdVec></MemPortIdVec>
<condition id="-1">
<or_exp><and_exp></and_exp></or_exp>
</condition>

<Node id="24" bw="1" op_0_bw="1" op_1_bw="32" op_2_bw="0">
<![CDATA[
:20  %myHeap_addr_resp = call i1 @_ssdm_op_WriteResp.m_axi.i32P(i32* %myHeap_addr) nounwind

]]></Node>
<StgValue><ssdm name="myHeap_addr_resp"/></StgValue>
</operation>
</state>

<state id="7" st_id="7">

<operation id="31" st_id="7" stage="2" lat="5">
<core>m_axi</core>
<MemPortIdVec></MemPortIdVec>
<condition id="-1">
<or_exp><and_exp></and_exp></or_exp>
</condition>

<Node id="24" bw="1" op_0_bw="1" op_1_bw="32" op_2_bw="0">
<![CDATA[
:20  %myHeap_addr_resp = call i1 @_ssdm_op_WriteResp.m_axi.i32P(i32* %myHeap_addr) nounwind

]]></Node>
<StgValue><ssdm name="myHeap_addr_resp"/></StgValue>
</operation>
</state>

<state id="8" st_id="8">

<operation id="32" st_id="8" stage="1" lat="1">
<core>NULL</core>
<MemPortIdVec></MemPortIdVec>
<condition id="-1">
<or_exp><and_exp></and_exp></or_exp>
</condition>

<Node id="4" bw="0" op_0_bw="0" op_1_bw="32" op_2_bw="0" op_3_bw="32" op_4_bw="32" op_5_bw="0" op_6_bw="32" op_7_bw="32" op_8_bw="0" op_9_bw="0" op_10_bw="0" op_11_bw="32" op_12_bw="32" op_13_bw="32" op_14_bw="32" op_15_bw="0" op_16_bw="0">
<![CDATA[
:0  call void (...)* @_ssdm_op_SpecInterface(i32* %myHeap, [6 x i8]* @p_str3, i32 0, i32 0, [1 x i8]* @p_str1, i32 0, i32 1, [1 x i8]* @p_str1, [4 x i8]* @p_str4, [1 x i8]* @p_str1, i32 16, i32 16, i32 16, i32 16, [1 x i8]* @p_str1, [1 x i8]* @p_str1) nounwind

]]></Node>
<StgValue><ssdm name="specinterface_ln0"/></StgValue>
</operation>

<operation id="33" st_id="8" stage="1" lat="5">
<core>m_axi</core>
<MemPortIdVec></MemPortIdVec>
<condition id="-1">
<or_exp><and_exp></and_exp></or_exp>
</condition>

<Node id="24" bw="1" op_0_bw="1" op_1_bw="32" op_2_bw="0">
<![CDATA[
:20  %myHeap_addr_resp = call i1 @_ssdm_op_WriteResp.m_axi.i32P(i32* %myHeap_addr) nounwind

]]></Node>
<StgValue><ssdm name="myHeap_addr_resp"/></StgValue>
</operation>

<operation id="34" st_id="8" stage="1" lat="1">
<core>NULL</core>
<MemPortIdVec></MemPortIdVec>
<condition id="-1">
<or_exp><and_exp></and_exp></or_exp>
</condition>

<Node id="25" bw="0">
<![CDATA[
:21  ret void

]]></Node>
<StgValue><ssdm name="ret_ln79"/></StgValue>
</operation>
</state>
</state_list>


<ports>
<port id="42" name="myHeap" dir="1" iftype="4">
<core>NULL</core><StgValue><ssdm name="myHeap"/></StgValue>
</port>
<port id="43" name="nodePtr" dir="0" iftype="0">
<core>NULL</core><StgValue><ssdm name="nodePtr"/></StgValue>
</port>
<port id="44" name="data" dir="0" iftype="0">
<core>NULL</core><StgValue><ssdm name="data"/></StgValue>
</port>
</ports>


<dataflows>
<dataflow id="46" from="_ssdm_op_Read.ap_auto.i32" to="nodePtr_read" fromId="45" toId="9">
</dataflow>
<dataflow id="47" from="nodePtr" to="nodePtr_read" fromId="43" toId="9">
</dataflow>
<dataflow id="49" from="StgValue_48" to="data_assign" fromId="48" toId="10">
</dataflow>
<dataflow id="51" from="_ssdm_op_BitSelect.i1.i32.i32" to="tmp_5" fromId="50" toId="11">
</dataflow>
<dataflow id="52" from="nodePtr_read" to="tmp_5" fromId="9" toId="11">
</dataflow>
<dataflow id="54" from="StgValue_53" to="tmp_5" fromId="53" toId="11">
</dataflow>
<dataflow id="56" from="StgValue_55" to="sub_ln78" fromId="55" toId="12">
</dataflow>
<dataflow id="57" from="nodePtr_read" to="sub_ln78" fromId="9" toId="12">
</dataflow>
<dataflow id="59" from="_ssdm_op_PartSelect.i30.i32.i32.i32" to="tmp" fromId="58" toId="13">
</dataflow>
<dataflow id="60" from="sub_ln78" to="tmp" fromId="12" toId="13">
</dataflow>
<dataflow id="62" from="StgValue_61" to="tmp" fromId="61" toId="13">
</dataflow>
<dataflow id="63" from="StgValue_53" to="tmp" fromId="53" toId="13">
</dataflow>
<dataflow id="64" from="tmp" to="zext_ln78" fromId="13" toId="14">
</dataflow>
<dataflow id="66" from="StgValue_65" to="sub_ln78_1" fromId="65" toId="15">
</dataflow>
<dataflow id="67" from="zext_ln78" to="sub_ln78_1" fromId="14" toId="15">
</dataflow>
<dataflow id="68" from="_ssdm_op_PartSelect.i30.i32.i32.i32" to="tmp_4" fromId="58" toId="16">
</dataflow>
<dataflow id="69" from="nodePtr_read" to="tmp_4" fromId="9" toId="16">
</dataflow>
<dataflow id="70" from="StgValue_61" to="tmp_4" fromId="61" toId="16">
</dataflow>
<dataflow id="71" from="StgValue_53" to="tmp_4" fromId="53" toId="16">
</dataflow>
<dataflow id="72" from="tmp_4" to="zext_ln78_1" fromId="16" toId="17">
</dataflow>
<dataflow id="73" from="tmp_5" to="select_ln78" fromId="11" toId="18">
</dataflow>
<dataflow id="74" from="sub_ln78_1" to="select_ln78" fromId="15" toId="18">
</dataflow>
<dataflow id="75" from="zext_ln78_1" to="select_ln78" fromId="17" toId="18">
</dataflow>
<dataflow id="76" from="select_ln78" to="sext_ln78_1" fromId="18" toId="19">
</dataflow>
<dataflow id="77" from="sext_ln78_1" to="add_ln78" fromId="19" toId="20">
</dataflow>
<dataflow id="79" from="StgValue_78" to="add_ln78" fromId="78" toId="20">
</dataflow>
<dataflow id="80" from="_ssdm_op_Read.ap_auto.i32" to="data_read" fromId="45" toId="21">
</dataflow>
<dataflow id="81" from="data" to="data_read" fromId="44" toId="21">
</dataflow>
<dataflow id="82" from="data_read" to="store_ln0" fromId="21" toId="22">
</dataflow>
<dataflow id="83" from="data_assign" to="store_ln0" fromId="10" toId="22">
</dataflow>
<dataflow id="84" from="add_ln78" to="sext_ln78" fromId="20" toId="23">
</dataflow>
<dataflow id="85" from="myHeap" to="myHeap_addr" fromId="42" toId="24">
</dataflow>
<dataflow id="86" from="sext_ln78" to="myHeap_addr" fromId="23" toId="24">
</dataflow>
<dataflow id="88" from="_ssdm_op_WriteReq.m_axi.i32P" to="myHeap_addr_req" fromId="87" toId="25">
</dataflow>
<dataflow id="89" from="myHeap_addr" to="myHeap_addr_req" fromId="24" toId="25">
</dataflow>
<dataflow id="91" from="StgValue_90" to="myHeap_addr_req" fromId="90" toId="25">
</dataflow>
<dataflow id="92" from="data_assign" to="data_assign_load" fromId="10" toId="26">
</dataflow>
<dataflow id="94" from="_ssdm_op_Write.m_axi.volatile.i32P" to="write_ln78" fromId="93" toId="27">
</dataflow>
<dataflow id="95" from="myHeap_addr" to="write_ln78" fromId="24" toId="27">
</dataflow>
<dataflow id="96" from="data_assign_load" to="write_ln78" fromId="26" toId="27">
</dataflow>
<dataflow id="98" from="StgValue_97" to="write_ln78" fromId="97" toId="27">
</dataflow>
<dataflow id="100" from="_ssdm_op_WriteResp.m_axi.i32P" to="myHeap_addr_resp" fromId="99" toId="28">
</dataflow>
<dataflow id="101" from="myHeap_addr" to="myHeap_addr_resp" fromId="24" toId="28">
</dataflow>
<dataflow id="102" from="_ssdm_op_WriteResp.m_axi.i32P" to="myHeap_addr_resp" fromId="99" toId="29">
</dataflow>
<dataflow id="103" from="myHeap_addr" to="myHeap_addr_resp" fromId="24" toId="29">
</dataflow>
<dataflow id="104" from="_ssdm_op_WriteResp.m_axi.i32P" to="myHeap_addr_resp" fromId="99" toId="30">
</dataflow>
<dataflow id="105" from="myHeap_addr" to="myHeap_addr_resp" fromId="24" toId="30">
</dataflow>
<dataflow id="106" from="_ssdm_op_WriteResp.m_axi.i32P" to="myHeap_addr_resp" fromId="99" toId="31">
</dataflow>
<dataflow id="107" from="myHeap_addr" to="myHeap_addr_resp" fromId="24" toId="31">
</dataflow>
<dataflow id="109" from="_ssdm_op_SpecInterface" to="specinterface_ln0" fromId="108" toId="32">
</dataflow>
<dataflow id="110" from="myHeap" to="specinterface_ln0" fromId="42" toId="32">
</dataflow>
<dataflow id="112" from="p_str3" to="specinterface_ln0" fromId="111" toId="32">
</dataflow>
<dataflow id="113" from="StgValue_55" to="specinterface_ln0" fromId="55" toId="32">
</dataflow>
<dataflow id="114" from="StgValue_55" to="specinterface_ln0" fromId="55" toId="32">
</dataflow>
<dataflow id="116" from="p_str1" to="specinterface_ln0" fromId="115" toId="32">
</dataflow>
<dataflow id="117" from="StgValue_55" to="specinterface_ln0" fromId="55" toId="32">
</dataflow>
<dataflow id="118" from="StgValue_90" to="specinterface_ln0" fromId="90" toId="32">
</dataflow>
<dataflow id="119" from="p_str1" to="specinterface_ln0" fromId="115" toId="32">
</dataflow>
<dataflow id="121" from="p_str4" to="specinterface_ln0" fromId="120" toId="32">
</dataflow>
<dataflow id="122" from="p_str1" to="specinterface_ln0" fromId="115" toId="32">
</dataflow>
<dataflow id="124" from="StgValue_123" to="specinterface_ln0" fromId="123" toId="32">
</dataflow>
<dataflow id="125" from="StgValue_123" to="specinterface_ln0" fromId="123" toId="32">
</dataflow>
<dataflow id="126" from="StgValue_123" to="specinterface_ln0" fromId="123" toId="32">
</dataflow>
<dataflow id="127" from="StgValue_123" to="specinterface_ln0" fromId="123" toId="32">
</dataflow>
<dataflow id="128" from="p_str1" to="specinterface_ln0" fromId="115" toId="32">
</dataflow>
<dataflow id="129" from="p_str1" to="specinterface_ln0" fromId="115" toId="32">
</dataflow>
<dataflow id="130" from="_ssdm_op_WriteResp.m_axi.i32P" to="myHeap_addr_resp" fromId="99" toId="33">
</dataflow>
<dataflow id="131" from="myHeap_addr" to="myHeap_addr_resp" fromId="24" toId="33">
</dataflow>
</dataflows>


</stg>
