<stg><name>node_alloc_new</name>


<trans_list>

<trans id="18" from="1" to="2">
<condition id="-1">
<or_exp><and_exp></and_exp></or_exp>
</condition>
</trans>

<trans id="19" from="2" to="3">
<condition id="-1">
<or_exp><and_exp></and_exp></or_exp>
</condition>
</trans>

<trans id="20" from="3" to="4">
<condition id="-1">
<or_exp><and_exp></and_exp></or_exp>
</condition>
</trans>

<trans id="21" from="4" to="5">
<condition id="-1">
<or_exp><and_exp></and_exp></or_exp>
</condition>
</trans>
</trans_list>



<state_list>

<state id="1" st_id="1">

<operation id="6" st_id="1" stage="1" lat="1">
<core>NULL</core>
<MemPortIdVec></MemPortIdVec>
<condition id="-1">
<or_exp><and_exp></and_exp></or_exp>
</condition>

<Node id="7" bw="32" op_0_bw="64">
<![CDATA[
:3  %data_assign = alloca i32, align 4

]]></Node>
<StgValue><ssdm name="data_assign"/></StgValue>
</operation>

<operation id="7" st_id="1" stage="2" lat="2">
<core></core>
<MemPortIdVec></MemPortIdVec>
<condition id="-1">
<or_exp><and_exp></and_exp></or_exp>
</condition>

<Node id="9" bw="32" op_0_bw="32" op_1_bw="32">
<![CDATA[
:5  %newNodePtr = call fastcc i32 @SysMalloc(i32* %Master2SysAlloc)

]]></Node>
<StgValue><ssdm name="newNodePtr"/></StgValue>
</operation>
</state>

<state id="2" st_id="2">

<operation id="8" st_id="2" stage="1" lat="2">
<core></core>
<MemPortIdVec></MemPortIdVec>
<condition id="-1">
<or_exp><and_exp></and_exp></or_exp>
</condition>

<Node id="9" bw="32" op_0_bw="32" op_1_bw="32">
<![CDATA[
:5  %newNodePtr = call fastcc i32 @SysMalloc(i32* %Master2SysAlloc)

]]></Node>
<StgValue><ssdm name="newNodePtr"/></StgValue>
</operation>
</state>

<state id="3" st_id="3">

<operation id="9" st_id="3" stage="1" lat="1">
<core>NULL</core>
<MemPortIdVec></MemPortIdVec>
<condition id="-1">
<or_exp><and_exp></and_exp></or_exp>
</condition>

<Node id="6" bw="32" op_0_bw="32" op_1_bw="32">
<![CDATA[
:2  %data_read = call i32 @_ssdm_op_Read.ap_auto.i32(i32 %data) nounwind

]]></Node>
<StgValue><ssdm name="data_read"/></StgValue>
</operation>

<operation id="10" st_id="3" stage="1" lat="1">
<core>NULL</core>
<MemPortIdVec></MemPortIdVec>
<condition id="-1">
<or_exp><and_exp></and_exp></or_exp>
</condition>

<Node id="8" bw="0" op_0_bw="32" op_1_bw="32">
<![CDATA[
:4  store volatile i32 %data_read, i32* %data_assign, align 4

]]></Node>
<StgValue><ssdm name="store_ln0"/></StgValue>
</operation>

<operation id="11" st_id="3" stage="1" lat="1">
<core>AddSub</core>
<MemPortIdVec></MemPortIdVec>
<condition id="-1">
<or_exp><and_exp></and_exp></or_exp>
</condition>

<Node id="11" bw="32" op_0_bw="32" op_1_bw="32">
<![CDATA[
:7  %newNode_left = sub nsw i32 0, %newNodePtr

]]></Node>
<StgValue><ssdm name="newNode_left"/></StgValue>
</operation>
</state>

<state id="4" st_id="4">

<operation id="12" st_id="4" stage="1" lat="1">
<core>NULL</core>
<MemPortIdVec></MemPortIdVec>
<condition id="-1">
<or_exp><and_exp></and_exp></or_exp>
</condition>

<Node id="10" bw="32" op_0_bw="32" op_1_bw="0">
<![CDATA[
:6  %newNode_data = load volatile i32* %data_assign, align 4

]]></Node>
<StgValue><ssdm name="newNode_data"/></StgValue>
</operation>

<operation id="13" st_id="4" stage="2" lat="2">
<core></core>
<MemPortIdVec></MemPortIdVec>
<condition id="-1">
<or_exp><and_exp></and_exp></or_exp>
</condition>

<Node id="12" bw="0" op_0_bw="0" op_1_bw="32" op_2_bw="32" op_3_bw="32" op_4_bw="32">
<![CDATA[
:8  call fastcc void @node_write(i32* %myHeap, i32 %newNodePtr, i32 %newNode_left, i32 %newNode_data) nounwind

]]></Node>
<StgValue><ssdm name="call_ln24"/></StgValue>
</operation>
</state>

<state id="5" st_id="5">

<operation id="14" st_id="5" stage="1" lat="1">
<core>NULL</core>
<MemPortIdVec></MemPortIdVec>
<condition id="-1">
<or_exp><and_exp></and_exp></or_exp>
</condition>

<Node id="4" bw="0" op_0_bw="0" op_1_bw="32" op_2_bw="0" op_3_bw="32" op_4_bw="32" op_5_bw="0" op_6_bw="32" op_7_bw="32" op_8_bw="0" op_9_bw="0" op_10_bw="0" op_11_bw="32" op_12_bw="32" op_13_bw="32" op_14_bw="32" op_15_bw="0" op_16_bw="0">
<![CDATA[
:0  call void (...)* @_ssdm_op_SpecInterface(i32* %Master2SysAlloc, [6 x i8]* @p_str3, i32 0, i32 0, [1 x i8]* @p_str1, i32 0, i32 1, [1 x i8]* @p_str1, [4 x i8]* @p_str4, [1 x i8]* @p_str1, i32 16, i32 16, i32 16, i32 16, [1 x i8]* @p_str1, [1 x i8]* @p_str1) nounwind

]]></Node>
<StgValue><ssdm name="specinterface_ln0"/></StgValue>
</operation>

<operation id="15" st_id="5" stage="1" lat="1">
<core>NULL</core>
<MemPortIdVec></MemPortIdVec>
<condition id="-1">
<or_exp><and_exp></and_exp></or_exp>
</condition>

<Node id="5" bw="0" op_0_bw="0" op_1_bw="32" op_2_bw="0" op_3_bw="32" op_4_bw="32" op_5_bw="0" op_6_bw="32" op_7_bw="32" op_8_bw="0" op_9_bw="0" op_10_bw="0" op_11_bw="32" op_12_bw="32" op_13_bw="32" op_14_bw="32" op_15_bw="0" op_16_bw="0">
<![CDATA[
:1  call void (...)* @_ssdm_op_SpecInterface(i32* %myHeap, [6 x i8]* @p_str3, i32 0, i32 0, [1 x i8]* @p_str1, i32 0, i32 1, [1 x i8]* @p_str1, [4 x i8]* @p_str4, [1 x i8]* @p_str1, i32 16, i32 16, i32 16, i32 16, [1 x i8]* @p_str1, [1 x i8]* @p_str1) nounwind

]]></Node>
<StgValue><ssdm name="specinterface_ln0"/></StgValue>
</operation>

<operation id="16" st_id="5" stage="1" lat="2">
<core></core>
<MemPortIdVec></MemPortIdVec>
<condition id="-1">
<or_exp><and_exp></and_exp></or_exp>
</condition>

<Node id="12" bw="0" op_0_bw="0" op_1_bw="32" op_2_bw="32" op_3_bw="32" op_4_bw="32">
<![CDATA[
:8  call fastcc void @node_write(i32* %myHeap, i32 %newNodePtr, i32 %newNode_left, i32 %newNode_data) nounwind

]]></Node>
<StgValue><ssdm name="call_ln24"/></StgValue>
</operation>

<operation id="17" st_id="5" stage="1" lat="1">
<core>NULL</core>
<MemPortIdVec></MemPortIdVec>
<condition id="-1">
<or_exp><and_exp></and_exp></or_exp>
</condition>

<Node id="13" bw="0" op_0_bw="32">
<![CDATA[
:9  ret i32 %newNodePtr

]]></Node>
<StgValue><ssdm name="ret_ln25"/></StgValue>
</operation>
</state>
</state_list>


<ports>
<port id="22" name="myHeap" dir="1" iftype="4">
<core>NULL</core><StgValue><ssdm name="myHeap"/></StgValue>
</port>
<port id="23" name="Master2SysAlloc" dir="2" iftype="4">
<core>NULL</core><StgValue><ssdm name="Master2SysAlloc"/></StgValue>
</port>
<port id="24" name="data" dir="0" iftype="0">
<core>NULL</core><StgValue><ssdm name="data"/></StgValue>
</port>
</ports>


<dataflows>
<dataflow id="26" from="StgValue_25" to="data_assign" fromId="25" toId="6">
</dataflow>
<dataflow id="28" from="SysMalloc" to="newNodePtr" fromId="27" toId="7">
</dataflow>
<dataflow id="29" from="Master2SysAlloc" to="newNodePtr" fromId="23" toId="7">
</dataflow>
<dataflow id="30" from="SysMalloc" to="newNodePtr" fromId="27" toId="8">
</dataflow>
<dataflow id="31" from="Master2SysAlloc" to="newNodePtr" fromId="23" toId="8">
</dataflow>
<dataflow id="33" from="_ssdm_op_Read.ap_auto.i32" to="data_read" fromId="32" toId="9">
</dataflow>
<dataflow id="34" from="data" to="data_read" fromId="24" toId="9">
</dataflow>
<dataflow id="35" from="data_read" to="store_ln0" fromId="9" toId="10">
</dataflow>
<dataflow id="36" from="data_assign" to="store_ln0" fromId="6" toId="10">
</dataflow>
<dataflow id="38" from="StgValue_37" to="newNode_left" fromId="37" toId="11">
</dataflow>
<dataflow id="39" from="newNodePtr" to="newNode_left" fromId="8" toId="11">
</dataflow>
<dataflow id="40" from="data_assign" to="newNode_data" fromId="6" toId="12">
</dataflow>
<dataflow id="42" from="node_write" to="call_ln24" fromId="41" toId="13">
</dataflow>
<dataflow id="43" from="myHeap" to="call_ln24" fromId="22" toId="13">
</dataflow>
<dataflow id="44" from="newNodePtr" to="call_ln24" fromId="8" toId="13">
</dataflow>
<dataflow id="45" from="newNode_left" to="call_ln24" fromId="11" toId="13">
</dataflow>
<dataflow id="46" from="newNode_data" to="call_ln24" fromId="12" toId="13">
</dataflow>
<dataflow id="48" from="_ssdm_op_SpecInterface" to="specinterface_ln0" fromId="47" toId="14">
</dataflow>
<dataflow id="49" from="Master2SysAlloc" to="specinterface_ln0" fromId="23" toId="14">
</dataflow>
<dataflow id="51" from="p_str3" to="specinterface_ln0" fromId="50" toId="14">
</dataflow>
<dataflow id="52" from="StgValue_37" to="specinterface_ln0" fromId="37" toId="14">
</dataflow>
<dataflow id="53" from="StgValue_37" to="specinterface_ln0" fromId="37" toId="14">
</dataflow>
<dataflow id="55" from="p_str1" to="specinterface_ln0" fromId="54" toId="14">
</dataflow>
<dataflow id="56" from="StgValue_37" to="specinterface_ln0" fromId="37" toId="14">
</dataflow>
<dataflow id="58" from="StgValue_57" to="specinterface_ln0" fromId="57" toId="14">
</dataflow>
<dataflow id="59" from="p_str1" to="specinterface_ln0" fromId="54" toId="14">
</dataflow>
<dataflow id="61" from="p_str4" to="specinterface_ln0" fromId="60" toId="14">
</dataflow>
<dataflow id="62" from="p_str1" to="specinterface_ln0" fromId="54" toId="14">
</dataflow>
<dataflow id="64" from="StgValue_63" to="specinterface_ln0" fromId="63" toId="14">
</dataflow>
<dataflow id="65" from="StgValue_63" to="specinterface_ln0" fromId="63" toId="14">
</dataflow>
<dataflow id="66" from="StgValue_63" to="specinterface_ln0" fromId="63" toId="14">
</dataflow>
<dataflow id="67" from="StgValue_63" to="specinterface_ln0" fromId="63" toId="14">
</dataflow>
<dataflow id="68" from="p_str1" to="specinterface_ln0" fromId="54" toId="14">
</dataflow>
<dataflow id="69" from="p_str1" to="specinterface_ln0" fromId="54" toId="14">
</dataflow>
<dataflow id="70" from="_ssdm_op_SpecInterface" to="specinterface_ln0" fromId="47" toId="15">
</dataflow>
<dataflow id="71" from="myHeap" to="specinterface_ln0" fromId="22" toId="15">
</dataflow>
<dataflow id="72" from="p_str3" to="specinterface_ln0" fromId="50" toId="15">
</dataflow>
<dataflow id="73" from="StgValue_37" to="specinterface_ln0" fromId="37" toId="15">
</dataflow>
<dataflow id="74" from="StgValue_37" to="specinterface_ln0" fromId="37" toId="15">
</dataflow>
<dataflow id="75" from="p_str1" to="specinterface_ln0" fromId="54" toId="15">
</dataflow>
<dataflow id="76" from="StgValue_37" to="specinterface_ln0" fromId="37" toId="15">
</dataflow>
<dataflow id="77" from="StgValue_57" to="specinterface_ln0" fromId="57" toId="15">
</dataflow>
<dataflow id="78" from="p_str1" to="specinterface_ln0" fromId="54" toId="15">
</dataflow>
<dataflow id="79" from="p_str4" to="specinterface_ln0" fromId="60" toId="15">
</dataflow>
<dataflow id="80" from="p_str1" to="specinterface_ln0" fromId="54" toId="15">
</dataflow>
<dataflow id="81" from="StgValue_63" to="specinterface_ln0" fromId="63" toId="15">
</dataflow>
<dataflow id="82" from="StgValue_63" to="specinterface_ln0" fromId="63" toId="15">
</dataflow>
<dataflow id="83" from="StgValue_63" to="specinterface_ln0" fromId="63" toId="15">
</dataflow>
<dataflow id="84" from="StgValue_63" to="specinterface_ln0" fromId="63" toId="15">
</dataflow>
<dataflow id="85" from="p_str1" to="specinterface_ln0" fromId="54" toId="15">
</dataflow>
<dataflow id="86" from="p_str1" to="specinterface_ln0" fromId="54" toId="15">
</dataflow>
<dataflow id="87" from="node_write" to="call_ln24" fromId="41" toId="16">
</dataflow>
<dataflow id="88" from="myHeap" to="call_ln24" fromId="22" toId="16">
</dataflow>
<dataflow id="89" from="newNodePtr" to="call_ln24" fromId="8" toId="16">
</dataflow>
<dataflow id="90" from="newNode_left" to="call_ln24" fromId="11" toId="16">
</dataflow>
<dataflow id="91" from="newNode_data" to="call_ln24" fromId="12" toId="16">
</dataflow>
<dataflow id="92" from="newNodePtr" to="ret_ln25" fromId="8" toId="17">
</dataflow>
</dataflows>


</stg>
