<stg><name>node_read_right</name>


<trans_list>

<trans id="33" from="1" to="2">
<condition id="-1">
<or_exp><and_exp></and_exp></or_exp>
</condition>
</trans>

<trans id="34" from="2" to="3">
<condition id="-1">
<or_exp><and_exp></and_exp></or_exp>
</condition>
</trans>

<trans id="35" from="3" to="4">
<condition id="-1">
<or_exp><and_exp></and_exp></or_exp>
</condition>
</trans>

<trans id="36" from="4" to="5">
<condition id="-1">
<or_exp><and_exp></and_exp></or_exp>
</condition>
</trans>

<trans id="37" from="5" to="6">
<condition id="-1">
<or_exp><and_exp></and_exp></or_exp>
</condition>
</trans>

<trans id="38" from="6" to="7">
<condition id="-1">
<or_exp><and_exp></and_exp></or_exp>
</condition>
</trans>

<trans id="39" from="7" to="8">
<condition id="-1">
<or_exp><and_exp></and_exp></or_exp>
</condition>
</trans>

<trans id="40" from="8" to="9">
<condition id="-1">
<or_exp><and_exp></and_exp></or_exp>
</condition>
</trans>
</trans_list>



<state_list>

<state id="1" st_id="1">

<operation id="10" st_id="1" stage="1" lat="1">
<core>NULL</core>
<MemPortIdVec></MemPortIdVec>
<condition id="-1">
<or_exp><and_exp></and_exp></or_exp>
</condition>

<Node id="4" bw="32" op_0_bw="32" op_1_bw="32">
<![CDATA[
:1  %nodePtr_read = call i32 @_ssdm_op_Read.ap_auto.i32(i32 %nodePtr) nounwind

]]></Node>
<StgValue><ssdm name="nodePtr_read"/></StgValue>
</operation>

<operation id="11" st_id="1" stage="1" lat="1">
<core>NULL</core>
<MemPortIdVec></MemPortIdVec>
<condition id="-1">
<or_exp><and_exp></and_exp></or_exp>
</condition>

<Node id="5" bw="1" op_0_bw="1" op_1_bw="32" op_2_bw="32">
<![CDATA[
:2  %tmp_6 = call i1 @_ssdm_op_BitSelect.i1.i32.i32(i32 %nodePtr_read, i32 31)

]]></Node>
<StgValue><ssdm name="tmp_6"/></StgValue>
</operation>

<operation id="12" st_id="1" stage="1" lat="1">
<core>AddSub</core>
<MemPortIdVec></MemPortIdVec>
<condition id="-1">
<or_exp><and_exp></and_exp></or_exp>
</condition>

<Node id="6" bw="32" op_0_bw="32" op_1_bw="32">
<![CDATA[
:3  %sub_ln89 = sub i32 0, %nodePtr_read

]]></Node>
<StgValue><ssdm name="sub_ln89"/></StgValue>
</operation>

<operation id="13" st_id="1" stage="1" lat="1">
<core>NULL</core>
<MemPortIdVec></MemPortIdVec>
<condition id="-1">
<or_exp><and_exp></and_exp></or_exp>
</condition>

<Node id="7" bw="30" op_0_bw="30" op_1_bw="32" op_2_bw="32" op_3_bw="32">
<![CDATA[
:4  %tmp = call i30 @_ssdm_op_PartSelect.i30.i32.i32.i32(i32 %sub_ln89, i32 2, i32 31)

]]></Node>
<StgValue><ssdm name="tmp"/></StgValue>
</operation>

<operation id="14" st_id="1" stage="1" lat="1">
<core>NULL</core>
<MemPortIdVec></MemPortIdVec>
<condition id="-1">
<or_exp><and_exp></and_exp></or_exp>
</condition>

<Node id="8" bw="31" op_0_bw="30">
<![CDATA[
:5  %zext_ln89 = zext i30 %tmp to i31

]]></Node>
<StgValue><ssdm name="zext_ln89"/></StgValue>
</operation>

<operation id="15" st_id="1" stage="1" lat="1">
<core>AddSub</core>
<MemPortIdVec></MemPortIdVec>
<condition id="-1">
<or_exp><and_exp></and_exp></or_exp>
</condition>

<Node id="9" bw="31" op_0_bw="31" op_1_bw="31">
<![CDATA[
:6  %sub_ln89_1 = sub i31 0, %zext_ln89

]]></Node>
<StgValue><ssdm name="sub_ln89_1"/></StgValue>
</operation>

<operation id="16" st_id="1" stage="1" lat="1">
<core>NULL</core>
<MemPortIdVec></MemPortIdVec>
<condition id="-1">
<or_exp><and_exp></and_exp></or_exp>
</condition>

<Node id="10" bw="30" op_0_bw="30" op_1_bw="32" op_2_bw="32" op_3_bw="32">
<![CDATA[
:7  %tmp_5 = call i30 @_ssdm_op_PartSelect.i30.i32.i32.i32(i32 %nodePtr_read, i32 2, i32 31)

]]></Node>
<StgValue><ssdm name="tmp_5"/></StgValue>
</operation>

<operation id="17" st_id="1" stage="1" lat="1">
<core>NULL</core>
<MemPortIdVec></MemPortIdVec>
<condition id="-1">
<or_exp><and_exp></and_exp></or_exp>
</condition>

<Node id="11" bw="31" op_0_bw="30">
<![CDATA[
:8  %zext_ln89_1 = zext i30 %tmp_5 to i31

]]></Node>
<StgValue><ssdm name="zext_ln89_1"/></StgValue>
</operation>

<operation id="18" st_id="1" stage="1" lat="1">
<core>Sel</core>
<MemPortIdVec></MemPortIdVec>
<condition id="-1">
<or_exp><and_exp></and_exp></or_exp>
</condition>

<Node id="12" bw="31" op_0_bw="1" op_1_bw="31" op_2_bw="31">
<![CDATA[
:9  %select_ln89 = select i1 %tmp_6, i31 %sub_ln89_1, i31 %zext_ln89_1

]]></Node>
<StgValue><ssdm name="select_ln89"/></StgValue>
</operation>

<operation id="19" st_id="1" stage="1" lat="1">
<core>NULL</core>
<MemPortIdVec></MemPortIdVec>
<condition id="-1">
<or_exp><and_exp></and_exp></or_exp>
</condition>

<Node id="13" bw="32" op_0_bw="31">
<![CDATA[
:10  %sext_ln89_1 = sext i31 %select_ln89 to i32

]]></Node>
<StgValue><ssdm name="sext_ln89_1"/></StgValue>
</operation>

<operation id="20" st_id="1" stage="1" lat="1">
<core>AddSub</core>
<MemPortIdVec></MemPortIdVec>
<condition id="-1">
<or_exp><and_exp></and_exp></or_exp>
</condition>

<Node id="14" bw="32" op_0_bw="32" op_1_bw="32">
<![CDATA[
:11  %add_ln89 = add nsw i32 %sext_ln89_1, 1

]]></Node>
<StgValue><ssdm name="add_ln89"/></StgValue>
</operation>
</state>

<state id="2" st_id="2">

<operation id="21" st_id="2" stage="1" lat="1">
<core>NULL</core>
<MemPortIdVec></MemPortIdVec>
<condition id="-1">
<or_exp><and_exp></and_exp></or_exp>
</condition>

<Node id="15" bw="64" op_0_bw="32">
<![CDATA[
:12  %sext_ln89 = sext i32 %add_ln89 to i64

]]></Node>
<StgValue><ssdm name="sext_ln89"/></StgValue>
</operation>

<operation id="22" st_id="2" stage="1" lat="1">
<core>NULL</core>
<MemPortIdVec></MemPortIdVec>
<condition id="-1">
<or_exp><and_exp></and_exp></or_exp>
</condition>

<Node id="16" bw="32" op_0_bw="32" op_1_bw="64">
<![CDATA[
:13  %myHeap_addr = getelementptr inbounds i32* %myHeap, i64 %sext_ln89

]]></Node>
<StgValue><ssdm name="myHeap_addr"/></StgValue>
</operation>

<operation id="23" st_id="2" stage="7" lat="7">
<core>m_axi</core>
<MemPortIdVec></MemPortIdVec>
<condition id="-1">
<or_exp><and_exp></and_exp></or_exp>
</condition>

<Node id="17" bw="1" op_0_bw="1" op_1_bw="32" op_2_bw="32">
<![CDATA[
:14  %myHeap_load_req = call i1 @_ssdm_op_ReadReq.m_axi.i32P(i32* %myHeap_addr, i32 1) nounwind

]]></Node>
<StgValue><ssdm name="myHeap_load_req"/></StgValue>
</operation>
</state>

<state id="3" st_id="3">

<operation id="24" st_id="3" stage="6" lat="7">
<core>m_axi</core>
<MemPortIdVec></MemPortIdVec>
<condition id="-1">
<or_exp><and_exp></and_exp></or_exp>
</condition>

<Node id="17" bw="1" op_0_bw="1" op_1_bw="32" op_2_bw="32">
<![CDATA[
:14  %myHeap_load_req = call i1 @_ssdm_op_ReadReq.m_axi.i32P(i32* %myHeap_addr, i32 1) nounwind

]]></Node>
<StgValue><ssdm name="myHeap_load_req"/></StgValue>
</operation>
</state>

<state id="4" st_id="4">

<operation id="25" st_id="4" stage="5" lat="7">
<core>m_axi</core>
<MemPortIdVec></MemPortIdVec>
<condition id="-1">
<or_exp><and_exp></and_exp></or_exp>
</condition>

<Node id="17" bw="1" op_0_bw="1" op_1_bw="32" op_2_bw="32">
<![CDATA[
:14  %myHeap_load_req = call i1 @_ssdm_op_ReadReq.m_axi.i32P(i32* %myHeap_addr, i32 1) nounwind

]]></Node>
<StgValue><ssdm name="myHeap_load_req"/></StgValue>
</operation>
</state>

<state id="5" st_id="5">

<operation id="26" st_id="5" stage="4" lat="7">
<core>m_axi</core>
<MemPortIdVec></MemPortIdVec>
<condition id="-1">
<or_exp><and_exp></and_exp></or_exp>
</condition>

<Node id="17" bw="1" op_0_bw="1" op_1_bw="32" op_2_bw="32">
<![CDATA[
:14  %myHeap_load_req = call i1 @_ssdm_op_ReadReq.m_axi.i32P(i32* %myHeap_addr, i32 1) nounwind

]]></Node>
<StgValue><ssdm name="myHeap_load_req"/></StgValue>
</operation>
</state>

<state id="6" st_id="6">

<operation id="27" st_id="6" stage="3" lat="7">
<core>m_axi</core>
<MemPortIdVec></MemPortIdVec>
<condition id="-1">
<or_exp><and_exp></and_exp></or_exp>
</condition>

<Node id="17" bw="1" op_0_bw="1" op_1_bw="32" op_2_bw="32">
<![CDATA[
:14  %myHeap_load_req = call i1 @_ssdm_op_ReadReq.m_axi.i32P(i32* %myHeap_addr, i32 1) nounwind

]]></Node>
<StgValue><ssdm name="myHeap_load_req"/></StgValue>
</operation>
</state>

<state id="7" st_id="7">

<operation id="28" st_id="7" stage="2" lat="7">
<core>m_axi</core>
<MemPortIdVec></MemPortIdVec>
<condition id="-1">
<or_exp><and_exp></and_exp></or_exp>
</condition>

<Node id="17" bw="1" op_0_bw="1" op_1_bw="32" op_2_bw="32">
<![CDATA[
:14  %myHeap_load_req = call i1 @_ssdm_op_ReadReq.m_axi.i32P(i32* %myHeap_addr, i32 1) nounwind

]]></Node>
<StgValue><ssdm name="myHeap_load_req"/></StgValue>
</operation>
</state>

<state id="8" st_id="8">

<operation id="29" st_id="8" stage="1" lat="7">
<core>m_axi</core>
<MemPortIdVec></MemPortIdVec>
<condition id="-1">
<or_exp><and_exp></and_exp></or_exp>
</condition>

<Node id="17" bw="1" op_0_bw="1" op_1_bw="32" op_2_bw="32">
<![CDATA[
:14  %myHeap_load_req = call i1 @_ssdm_op_ReadReq.m_axi.i32P(i32* %myHeap_addr, i32 1) nounwind

]]></Node>
<StgValue><ssdm name="myHeap_load_req"/></StgValue>
</operation>
</state>

<state id="9" st_id="9">

<operation id="30" st_id="9" stage="1" lat="1">
<core>NULL</core>
<MemPortIdVec></MemPortIdVec>
<condition id="-1">
<or_exp><and_exp></and_exp></or_exp>
</condition>

<Node id="3" bw="0" op_0_bw="0" op_1_bw="32" op_2_bw="0" op_3_bw="32" op_4_bw="32" op_5_bw="0" op_6_bw="32" op_7_bw="32" op_8_bw="0" op_9_bw="0" op_10_bw="0" op_11_bw="32" op_12_bw="32" op_13_bw="32" op_14_bw="32" op_15_bw="0" op_16_bw="0">
<![CDATA[
:0  call void (...)* @_ssdm_op_SpecInterface(i32* %myHeap, [6 x i8]* @p_str3, i32 0, i32 0, [1 x i8]* @p_str1, i32 0, i32 1, [1 x i8]* @p_str1, [4 x i8]* @p_str4, [1 x i8]* @p_str1, i32 16, i32 16, i32 16, i32 16, [1 x i8]* @p_str1, [1 x i8]* @p_str1) nounwind

]]></Node>
<StgValue><ssdm name="specinterface_ln0"/></StgValue>
</operation>

<operation id="31" st_id="9" stage="1" lat="1">
<core>m_axi</core>
<MemPortIdVec></MemPortIdVec>
<condition id="-1">
<or_exp><and_exp></and_exp></or_exp>
</condition>

<Node id="18" bw="32" op_0_bw="32" op_1_bw="32" op_2_bw="1">
<![CDATA[
:15  %myHeap_addr_read = call i32 @_ssdm_op_Read.m_axi.volatile.i32P(i32* %myHeap_addr) nounwind

]]></Node>
<StgValue><ssdm name="myHeap_addr_read"/></StgValue>
</operation>

<operation id="32" st_id="9" stage="1" lat="1">
<core>NULL</core>
<MemPortIdVec></MemPortIdVec>
<condition id="-1">
<or_exp><and_exp></and_exp></or_exp>
</condition>

<Node id="19" bw="0" op_0_bw="32">
<![CDATA[
:16  ret i32 %myHeap_addr_read

]]></Node>
<StgValue><ssdm name="ret_ln89"/></StgValue>
</operation>
</state>
</state_list>


<ports>
</ports>


<dataflows>
</dataflows>


</stg>
