<stg><name>node_delete</name>


<trans_list>

<trans id="8" from="1" to="2">
<condition id="-1">
<or_exp><and_exp></and_exp></or_exp>
</condition>
</trans>
</trans_list>



<state_list>

<state id="1" st_id="1">

<operation id="3" st_id="1" stage="1" lat="1">
<core>NULL</core>
<MemPortIdVec></MemPortIdVec>
<condition id="-1">
<or_exp><and_exp></and_exp></or_exp>
</condition>

<Node id="4" bw="32" op_0_bw="32" op_1_bw="32">
<![CDATA[
:1  %nodePtr_read = call i32 @_ssdm_op_Read.ap_auto.i32(i32 %nodePtr) nounwind

]]></Node>
<StgValue><ssdm name="nodePtr_read"/></StgValue>
</operation>

<operation id="4" st_id="1" stage="2" lat="2">
<core></core>
<MemPortIdVec></MemPortIdVec>
<condition id="-1">
<or_exp><and_exp></and_exp></or_exp>
</condition>

<Node id="5" bw="0" op_0_bw="0" op_1_bw="32" op_2_bw="32">
<![CDATA[
:2  call fastcc void @SysFree(i32 %nodePtr_read, i32* %Master2SysAlloc)

]]></Node>
<StgValue><ssdm name="call_ln36"/></StgValue>
</operation>
</state>

<state id="2" st_id="2">

<operation id="5" st_id="2" stage="1" lat="1">
<core>NULL</core>
<MemPortIdVec></MemPortIdVec>
<condition id="-1">
<or_exp><and_exp></and_exp></or_exp>
</condition>

<Node id="3" bw="0" op_0_bw="0" op_1_bw="32" op_2_bw="0" op_3_bw="32" op_4_bw="32" op_5_bw="0" op_6_bw="32" op_7_bw="32" op_8_bw="0" op_9_bw="0" op_10_bw="0" op_11_bw="32" op_12_bw="32" op_13_bw="32" op_14_bw="32" op_15_bw="0" op_16_bw="0">
<![CDATA[
:0  call void (...)* @_ssdm_op_SpecInterface(i32* %Master2SysAlloc, [6 x i8]* @p_str3, i32 0, i32 0, [1 x i8]* @p_str1, i32 0, i32 1, [1 x i8]* @p_str1, [4 x i8]* @p_str4, [1 x i8]* @p_str1, i32 16, i32 16, i32 16, i32 16, [1 x i8]* @p_str1, [1 x i8]* @p_str1) nounwind

]]></Node>
<StgValue><ssdm name="specinterface_ln0"/></StgValue>
</operation>

<operation id="6" st_id="2" stage="1" lat="2">
<core></core>
<MemPortIdVec></MemPortIdVec>
<condition id="-1">
<or_exp><and_exp></and_exp></or_exp>
</condition>

<Node id="5" bw="0" op_0_bw="0" op_1_bw="32" op_2_bw="32">
<![CDATA[
:2  call fastcc void @SysFree(i32 %nodePtr_read, i32* %Master2SysAlloc)

]]></Node>
<StgValue><ssdm name="call_ln36"/></StgValue>
</operation>

<operation id="7" st_id="2" stage="1" lat="1">
<core>NULL</core>
<MemPortIdVec></MemPortIdVec>
<condition id="-1">
<or_exp><and_exp></and_exp></or_exp>
</condition>

<Node id="6" bw="0">
<![CDATA[
:3  ret void

]]></Node>
<StgValue><ssdm name="ret_ln37"/></StgValue>
</operation>
</state>
</state_list>


<ports>
<port id="9" name="Master2SysAlloc" dir="2" iftype="4">
<core>NULL</core><StgValue><ssdm name="Master2SysAlloc"/></StgValue>
</port>
<port id="10" name="nodePtr" dir="0" iftype="0">
<core>NULL</core><StgValue><ssdm name="nodePtr"/></StgValue>
</port>
</ports>


<dataflows>
<dataflow id="12" from="_ssdm_op_Read.ap_auto.i32" to="nodePtr_read" fromId="11" toId="3">
</dataflow>
<dataflow id="13" from="nodePtr" to="nodePtr_read" fromId="10" toId="3">
</dataflow>
<dataflow id="15" from="SysFree" to="call_ln36" fromId="14" toId="4">
</dataflow>
<dataflow id="16" from="nodePtr_read" to="call_ln36" fromId="3" toId="4">
</dataflow>
<dataflow id="17" from="Master2SysAlloc" to="call_ln36" fromId="9" toId="4">
</dataflow>
<dataflow id="19" from="_ssdm_op_SpecInterface" to="specinterface_ln0" fromId="18" toId="5">
</dataflow>
<dataflow id="20" from="Master2SysAlloc" to="specinterface_ln0" fromId="9" toId="5">
</dataflow>
<dataflow id="22" from="p_str3" to="specinterface_ln0" fromId="21" toId="5">
</dataflow>
<dataflow id="24" from="StgValue_23" to="specinterface_ln0" fromId="23" toId="5">
</dataflow>
<dataflow id="25" from="StgValue_23" to="specinterface_ln0" fromId="23" toId="5">
</dataflow>
<dataflow id="27" from="p_str1" to="specinterface_ln0" fromId="26" toId="5">
</dataflow>
<dataflow id="28" from="StgValue_23" to="specinterface_ln0" fromId="23" toId="5">
</dataflow>
<dataflow id="30" from="StgValue_29" to="specinterface_ln0" fromId="29" toId="5">
</dataflow>
<dataflow id="31" from="p_str1" to="specinterface_ln0" fromId="26" toId="5">
</dataflow>
<dataflow id="33" from="p_str4" to="specinterface_ln0" fromId="32" toId="5">
</dataflow>
<dataflow id="34" from="p_str1" to="specinterface_ln0" fromId="26" toId="5">
</dataflow>
<dataflow id="36" from="StgValue_35" to="specinterface_ln0" fromId="35" toId="5">
</dataflow>
<dataflow id="37" from="StgValue_35" to="specinterface_ln0" fromId="35" toId="5">
</dataflow>
<dataflow id="38" from="StgValue_35" to="specinterface_ln0" fromId="35" toId="5">
</dataflow>
<dataflow id="39" from="StgValue_35" to="specinterface_ln0" fromId="35" toId="5">
</dataflow>
<dataflow id="40" from="p_str1" to="specinterface_ln0" fromId="26" toId="5">
</dataflow>
<dataflow id="41" from="p_str1" to="specinterface_ln0" fromId="26" toId="5">
</dataflow>
<dataflow id="42" from="SysFree" to="call_ln36" fromId="14" toId="6">
</dataflow>
<dataflow id="43" from="nodePtr_read" to="call_ln36" fromId="3" toId="6">
</dataflow>
<dataflow id="44" from="Master2SysAlloc" to="call_ln36" fromId="9" toId="6">
</dataflow>
</dataflows>


</stg>
