<stg><name>node_write_std</name>


<trans_list>

<trans id="24" from="1" to="2">
<condition id="-1">
<or_exp><and_exp></and_exp></or_exp>
</condition>
</trans>

<trans id="25" from="2" to="3">
<condition id="-1">
<or_exp><and_exp></and_exp></or_exp>
</condition>
</trans>

<trans id="26" from="3" to="4">
<condition id="-1">
<or_exp><and_exp></and_exp></or_exp>
</condition>
</trans>

<trans id="27" from="4" to="5">
<condition id="-1">
<or_exp><and_exp></and_exp></or_exp>
</condition>
</trans>

<trans id="28" from="5" to="6">
<condition id="-1">
<or_exp><and_exp></and_exp></or_exp>
</condition>
</trans>

<trans id="29" from="6" to="7">
<condition id="-1">
<or_exp><and_exp></and_exp></or_exp>
</condition>
</trans>

<trans id="30" from="7" to="8">
<condition id="-1">
<or_exp><and_exp></and_exp></or_exp>
</condition>
</trans>
</trans_list>



<state_list>

<state id="1" st_id="1">

<operation id="9" st_id="1" stage="1" lat="1">
<core>NULL</core>
<MemPortIdVec></MemPortIdVec>
<condition id="-1">
<or_exp><and_exp></and_exp></or_exp>
</condition>

<Node id="8" bw="32" op_0_bw="32" op_1_bw="32">
<![CDATA[
:1  %nodeIn_data_read = call i32 @_ssdm_op_Read.ap_auto.i32(i32 %nodeIn_data)

]]></Node>
<StgValue><ssdm name="nodeIn_data_read"/></StgValue>
</operation>

<operation id="10" st_id="1" stage="1" lat="1">
<core>NULL</core>
<MemPortIdVec></MemPortIdVec>
<condition id="-1">
<or_exp><and_exp></and_exp></or_exp>
</condition>

<Node id="12" bw="32" op_0_bw="32" op_1_bw="32">
<![CDATA[
:5  %nodePtr_read = call i32 @_ssdm_op_Read.ap_auto.i32(i32 %nodePtr)

]]></Node>
<StgValue><ssdm name="nodePtr_read"/></StgValue>
</operation>

<operation id="11" st_id="1" stage="2" lat="2">
<core></core>
<MemPortIdVec></MemPortIdVec>
<condition id="-1">
<or_exp><and_exp></and_exp></or_exp>
</condition>

<Node id="13" bw="0" op_0_bw="0" op_1_bw="32" op_2_bw="32" op_3_bw="32">
<![CDATA[
:6  call fastcc void @node_write_data(i32* %myHeap, i32 %nodePtr_read, i32 %nodeIn_data_read)

]]></Node>
<StgValue><ssdm name="call_ln40"/></StgValue>
</operation>
</state>

<state id="2" st_id="2">

<operation id="12" st_id="2" stage="1" lat="2">
<core></core>
<MemPortIdVec></MemPortIdVec>
<condition id="-1">
<or_exp><and_exp></and_exp></or_exp>
</condition>

<Node id="13" bw="0" op_0_bw="0" op_1_bw="32" op_2_bw="32" op_3_bw="32">
<![CDATA[
:6  call fastcc void @node_write_data(i32* %myHeap, i32 %nodePtr_read, i32 %nodeIn_data_read)

]]></Node>
<StgValue><ssdm name="call_ln40"/></StgValue>
</operation>
</state>

<state id="3" st_id="3">

<operation id="13" st_id="3" stage="1" lat="1">
<core>NULL</core>
<MemPortIdVec></MemPortIdVec>
<condition id="-1">
<or_exp><and_exp></and_exp></or_exp>
</condition>

<Node id="11" bw="32" op_0_bw="32" op_1_bw="32">
<![CDATA[
:4  %nodeIn_leftPtr_read = call i32 @_ssdm_op_Read.ap_auto.i32(i32 %nodeIn_leftPtr)

]]></Node>
<StgValue><ssdm name="nodeIn_leftPtr_read"/></StgValue>
</operation>

<operation id="14" st_id="3" stage="2" lat="2">
<core></core>
<MemPortIdVec></MemPortIdVec>
<condition id="-1">
<or_exp><and_exp></and_exp></or_exp>
</condition>

<Node id="14" bw="0" op_0_bw="0" op_1_bw="32" op_2_bw="32" op_3_bw="32" op_4_bw="0" op_5_bw="0">
<![CDATA[
:7  call fastcc void @node_set_left(i32* %myHeap, i32 %nodePtr_read, i32 %nodeIn_leftPtr_read)

]]></Node>
<StgValue><ssdm name="call_ln41"/></StgValue>
</operation>
</state>

<state id="4" st_id="4">

<operation id="15" st_id="4" stage="1" lat="2">
<core></core>
<MemPortIdVec></MemPortIdVec>
<condition id="-1">
<or_exp><and_exp></and_exp></or_exp>
</condition>

<Node id="14" bw="0" op_0_bw="0" op_1_bw="32" op_2_bw="32" op_3_bw="32" op_4_bw="0" op_5_bw="0">
<![CDATA[
:7  call fastcc void @node_set_left(i32* %myHeap, i32 %nodePtr_read, i32 %nodeIn_leftPtr_read)

]]></Node>
<StgValue><ssdm name="call_ln41"/></StgValue>
</operation>
</state>

<state id="5" st_id="5">

<operation id="16" st_id="5" stage="1" lat="1">
<core>NULL</core>
<MemPortIdVec></MemPortIdVec>
<condition id="-1">
<or_exp><and_exp></and_exp></or_exp>
</condition>

<Node id="10" bw="32" op_0_bw="32" op_1_bw="32">
<![CDATA[
:3  %nodeIn_rightPtr_read = call i32 @_ssdm_op_Read.ap_auto.i32(i32 %nodeIn_rightPtr)

]]></Node>
<StgValue><ssdm name="nodeIn_rightPtr_read"/></StgValue>
</operation>

<operation id="17" st_id="5" stage="2" lat="2">
<core></core>
<MemPortIdVec></MemPortIdVec>
<condition id="-1">
<or_exp><and_exp></and_exp></or_exp>
</condition>

<Node id="15" bw="0" op_0_bw="0" op_1_bw="32" op_2_bw="32" op_3_bw="32" op_4_bw="0" op_5_bw="0">
<![CDATA[
:8  call fastcc void @node_set_right(i32* %myHeap, i32 %nodePtr_read, i32 %nodeIn_rightPtr_read)

]]></Node>
<StgValue><ssdm name="call_ln42"/></StgValue>
</operation>
</state>

<state id="6" st_id="6">

<operation id="18" st_id="6" stage="1" lat="2">
<core></core>
<MemPortIdVec></MemPortIdVec>
<condition id="-1">
<or_exp><and_exp></and_exp></or_exp>
</condition>

<Node id="15" bw="0" op_0_bw="0" op_1_bw="32" op_2_bw="32" op_3_bw="32" op_4_bw="0" op_5_bw="0">
<![CDATA[
:8  call fastcc void @node_set_right(i32* %myHeap, i32 %nodePtr_read, i32 %nodeIn_rightPtr_read)

]]></Node>
<StgValue><ssdm name="call_ln42"/></StgValue>
</operation>
</state>

<state id="7" st_id="7">

<operation id="19" st_id="7" stage="1" lat="1">
<core>NULL</core>
<MemPortIdVec></MemPortIdVec>
<condition id="-1">
<or_exp><and_exp></and_exp></or_exp>
</condition>

<Node id="9" bw="32" op_0_bw="32" op_1_bw="32">
<![CDATA[
:2  %nodeIn_height_read = call i32 @_ssdm_op_Read.ap_auto.i32(i32 %nodeIn_height)

]]></Node>
<StgValue><ssdm name="nodeIn_height_read"/></StgValue>
</operation>

<operation id="20" st_id="7" stage="2" lat="2">
<core></core>
<MemPortIdVec></MemPortIdVec>
<condition id="-1">
<or_exp><and_exp></and_exp></or_exp>
</condition>

<Node id="16" bw="0" op_0_bw="0" op_1_bw="32" op_2_bw="32" op_3_bw="32" op_4_bw="0" op_5_bw="0">
<![CDATA[
:9  call fastcc void @node_write_height(i32* %myHeap, i32 %nodePtr_read, i32 %nodeIn_height_read)

]]></Node>
<StgValue><ssdm name="call_ln43"/></StgValue>
</operation>
</state>

<state id="8" st_id="8">

<operation id="21" st_id="8" stage="1" lat="1">
<core>NULL</core>
<MemPortIdVec></MemPortIdVec>
<condition id="-1">
<or_exp><and_exp></and_exp></or_exp>
</condition>

<Node id="7" bw="0" op_0_bw="0" op_1_bw="32" op_2_bw="0" op_3_bw="32" op_4_bw="32" op_5_bw="0" op_6_bw="32" op_7_bw="32" op_8_bw="0" op_9_bw="0" op_10_bw="0" op_11_bw="32" op_12_bw="32" op_13_bw="32" op_14_bw="32" op_15_bw="0" op_16_bw="0">
<![CDATA[
:0  call void (...)* @_ssdm_op_SpecInterface(i32* %myHeap, [6 x i8]* @p_str3, i32 0, i32 0, [1 x i8]* @p_str1, i32 0, i32 1, [1 x i8]* @p_str1, [4 x i8]* @p_str4, [1 x i8]* @p_str1, i32 16, i32 16, i32 16, i32 16, [1 x i8]* @p_str1, [1 x i8]* @p_str1) nounwind

]]></Node>
<StgValue><ssdm name="specinterface_ln0"/></StgValue>
</operation>

<operation id="22" st_id="8" stage="1" lat="2">
<core></core>
<MemPortIdVec></MemPortIdVec>
<condition id="-1">
<or_exp><and_exp></and_exp></or_exp>
</condition>

<Node id="16" bw="0" op_0_bw="0" op_1_bw="32" op_2_bw="32" op_3_bw="32" op_4_bw="0" op_5_bw="0">
<![CDATA[
:9  call fastcc void @node_write_height(i32* %myHeap, i32 %nodePtr_read, i32 %nodeIn_height_read)

]]></Node>
<StgValue><ssdm name="call_ln43"/></StgValue>
</operation>

<operation id="23" st_id="8" stage="1" lat="1">
<core>NULL</core>
<MemPortIdVec></MemPortIdVec>
<condition id="-1">
<or_exp><and_exp></and_exp></or_exp>
</condition>

<Node id="17" bw="0">
<![CDATA[
:10  ret void

]]></Node>
<StgValue><ssdm name="ret_ln44"/></StgValue>
</operation>
</state>
</state_list>


<ports>
<port id="31" name="myHeap" dir="1" iftype="4">
<core>NULL</core><StgValue><ssdm name="myHeap"/></StgValue>
</port>
<port id="32" name="nodePtr" dir="0" iftype="0">
<core>NULL</core><StgValue><ssdm name="nodePtr"/></StgValue>
</port>
<port id="33" name="nodeIn_leftPtr" dir="0" iftype="0">
<core>NULL</core><StgValue><ssdm name="nodeIn_leftPtr"/></StgValue>
</port>
<port id="34" name="nodeIn_rightPtr" dir="0" iftype="0">
<core>NULL</core><StgValue><ssdm name="nodeIn_rightPtr"/></StgValue>
</port>
<port id="35" name="nodeIn_height" dir="0" iftype="0">
<core>NULL</core><StgValue><ssdm name="nodeIn_height"/></StgValue>
</port>
<port id="36" name="nodeIn_data" dir="0" iftype="0">
<core>NULL</core><StgValue><ssdm name="nodeIn_data"/></StgValue>
</port>
</ports>


<dataflows>
<dataflow id="38" from="_ssdm_op_Read.ap_auto.i32" to="nodeIn_data_read" fromId="37" toId="9">
</dataflow>
<dataflow id="39" from="nodeIn_data" to="nodeIn_data_read" fromId="36" toId="9">
</dataflow>
<dataflow id="40" from="_ssdm_op_Read.ap_auto.i32" to="nodePtr_read" fromId="37" toId="10">
</dataflow>
<dataflow id="41" from="nodePtr" to="nodePtr_read" fromId="32" toId="10">
</dataflow>
<dataflow id="43" from="node_write_data" to="call_ln40" fromId="42" toId="11">
</dataflow>
<dataflow id="44" from="myHeap" to="call_ln40" fromId="31" toId="11">
</dataflow>
<dataflow id="45" from="nodePtr_read" to="call_ln40" fromId="10" toId="11">
</dataflow>
<dataflow id="46" from="nodeIn_data_read" to="call_ln40" fromId="9" toId="11">
</dataflow>
<dataflow id="47" from="node_write_data" to="call_ln40" fromId="42" toId="12">
</dataflow>
<dataflow id="48" from="myHeap" to="call_ln40" fromId="31" toId="12">
</dataflow>
<dataflow id="49" from="nodePtr_read" to="call_ln40" fromId="10" toId="12">
</dataflow>
<dataflow id="50" from="nodeIn_data_read" to="call_ln40" fromId="9" toId="12">
</dataflow>
<dataflow id="51" from="_ssdm_op_Read.ap_auto.i32" to="nodeIn_leftPtr_read" fromId="37" toId="13">
</dataflow>
<dataflow id="52" from="nodeIn_leftPtr" to="nodeIn_leftPtr_read" fromId="33" toId="13">
</dataflow>
<dataflow id="54" from="node_set_left" to="call_ln41" fromId="53" toId="14">
</dataflow>
<dataflow id="55" from="myHeap" to="call_ln41" fromId="31" toId="14">
</dataflow>
<dataflow id="56" from="nodePtr_read" to="call_ln41" fromId="10" toId="14">
</dataflow>
<dataflow id="57" from="nodeIn_leftPtr_read" to="call_ln41" fromId="13" toId="14">
</dataflow>
<dataflow id="58" from="node_set_left" to="call_ln41" fromId="53" toId="15">
</dataflow>
<dataflow id="59" from="myHeap" to="call_ln41" fromId="31" toId="15">
</dataflow>
<dataflow id="60" from="nodePtr_read" to="call_ln41" fromId="10" toId="15">
</dataflow>
<dataflow id="61" from="nodeIn_leftPtr_read" to="call_ln41" fromId="13" toId="15">
</dataflow>
<dataflow id="62" from="_ssdm_op_Read.ap_auto.i32" to="nodeIn_rightPtr_read" fromId="37" toId="16">
</dataflow>
<dataflow id="63" from="nodeIn_rightPtr" to="nodeIn_rightPtr_read" fromId="34" toId="16">
</dataflow>
<dataflow id="65" from="node_set_right" to="call_ln42" fromId="64" toId="17">
</dataflow>
<dataflow id="66" from="myHeap" to="call_ln42" fromId="31" toId="17">
</dataflow>
<dataflow id="67" from="nodePtr_read" to="call_ln42" fromId="10" toId="17">
</dataflow>
<dataflow id="68" from="nodeIn_rightPtr_read" to="call_ln42" fromId="16" toId="17">
</dataflow>
<dataflow id="69" from="node_set_right" to="call_ln42" fromId="64" toId="18">
</dataflow>
<dataflow id="70" from="myHeap" to="call_ln42" fromId="31" toId="18">
</dataflow>
<dataflow id="71" from="nodePtr_read" to="call_ln42" fromId="10" toId="18">
</dataflow>
<dataflow id="72" from="nodeIn_rightPtr_read" to="call_ln42" fromId="16" toId="18">
</dataflow>
<dataflow id="73" from="_ssdm_op_Read.ap_auto.i32" to="nodeIn_height_read" fromId="37" toId="19">
</dataflow>
<dataflow id="74" from="nodeIn_height" to="nodeIn_height_read" fromId="35" toId="19">
</dataflow>
<dataflow id="76" from="node_write_height" to="call_ln43" fromId="75" toId="20">
</dataflow>
<dataflow id="77" from="myHeap" to="call_ln43" fromId="31" toId="20">
</dataflow>
<dataflow id="78" from="nodePtr_read" to="call_ln43" fromId="10" toId="20">
</dataflow>
<dataflow id="79" from="nodeIn_height_read" to="call_ln43" fromId="19" toId="20">
</dataflow>
<dataflow id="81" from="_ssdm_op_SpecInterface" to="specinterface_ln0" fromId="80" toId="21">
</dataflow>
<dataflow id="82" from="myHeap" to="specinterface_ln0" fromId="31" toId="21">
</dataflow>
<dataflow id="84" from="p_str3" to="specinterface_ln0" fromId="83" toId="21">
</dataflow>
<dataflow id="86" from="StgValue_85" to="specinterface_ln0" fromId="85" toId="21">
</dataflow>
<dataflow id="87" from="StgValue_85" to="specinterface_ln0" fromId="85" toId="21">
</dataflow>
<dataflow id="89" from="p_str1" to="specinterface_ln0" fromId="88" toId="21">
</dataflow>
<dataflow id="90" from="StgValue_85" to="specinterface_ln0" fromId="85" toId="21">
</dataflow>
<dataflow id="92" from="StgValue_91" to="specinterface_ln0" fromId="91" toId="21">
</dataflow>
<dataflow id="93" from="p_str1" to="specinterface_ln0" fromId="88" toId="21">
</dataflow>
<dataflow id="95" from="p_str4" to="specinterface_ln0" fromId="94" toId="21">
</dataflow>
<dataflow id="96" from="p_str1" to="specinterface_ln0" fromId="88" toId="21">
</dataflow>
<dataflow id="98" from="StgValue_97" to="specinterface_ln0" fromId="97" toId="21">
</dataflow>
<dataflow id="99" from="StgValue_97" to="specinterface_ln0" fromId="97" toId="21">
</dataflow>
<dataflow id="100" from="StgValue_97" to="specinterface_ln0" fromId="97" toId="21">
</dataflow>
<dataflow id="101" from="StgValue_97" to="specinterface_ln0" fromId="97" toId="21">
</dataflow>
<dataflow id="102" from="p_str1" to="specinterface_ln0" fromId="88" toId="21">
</dataflow>
<dataflow id="103" from="p_str1" to="specinterface_ln0" fromId="88" toId="21">
</dataflow>
<dataflow id="104" from="node_write_height" to="call_ln43" fromId="75" toId="22">
</dataflow>
<dataflow id="105" from="myHeap" to="call_ln43" fromId="31" toId="22">
</dataflow>
<dataflow id="106" from="nodePtr_read" to="call_ln43" fromId="10" toId="22">
</dataflow>
<dataflow id="107" from="nodeIn_height_read" to="call_ln43" fromId="19" toId="22">
</dataflow>
</dataflows>


</stg>
