<stg><name>node_read_left</name>


<trans_list>

<trans id="31" from="1" to="2">
<condition id="-1">
<or_exp><and_exp></and_exp></or_exp>
</condition>
</trans>

<trans id="32" from="2" to="3">
<condition id="-1">
<or_exp><and_exp></and_exp></or_exp>
</condition>
</trans>

<trans id="33" from="3" to="4">
<condition id="-1">
<or_exp><and_exp></and_exp></or_exp>
</condition>
</trans>

<trans id="34" from="4" to="5">
<condition id="-1">
<or_exp><and_exp></and_exp></or_exp>
</condition>
</trans>

<trans id="35" from="5" to="6">
<condition id="-1">
<or_exp><and_exp></and_exp></or_exp>
</condition>
</trans>

<trans id="36" from="6" to="7">
<condition id="-1">
<or_exp><and_exp></and_exp></or_exp>
</condition>
</trans>

<trans id="37" from="7" to="8">
<condition id="-1">
<or_exp><and_exp></and_exp></or_exp>
</condition>
</trans>

<trans id="38" from="8" to="9">
<condition id="-1">
<or_exp><and_exp></and_exp></or_exp>
</condition>
</trans>
</trans_list>



<state_list>

<state id="1" st_id="1">

<operation id="10" st_id="1" stage="1" lat="1">
<core>NULL</core>
<MemPortIdVec></MemPortIdVec>
<condition id="-1">
<or_exp><and_exp></and_exp></or_exp>
</condition>

<Node id="4" bw="32" op_0_bw="32" op_1_bw="32">
<![CDATA[
:1  %nodePtr_read = call i32 @_ssdm_op_Read.ap_auto.i32(i32 %nodePtr) nounwind

]]></Node>
<StgValue><ssdm name="nodePtr_read"/></StgValue>
</operation>

<operation id="11" st_id="1" stage="1" lat="1">
<core>NULL</core>
<MemPortIdVec></MemPortIdVec>
<condition id="-1">
<or_exp><and_exp></and_exp></or_exp>
</condition>

<Node id="5" bw="1" op_0_bw="1" op_1_bw="32" op_2_bw="32">
<![CDATA[
:2  %tmp_7 = call i1 @_ssdm_op_BitSelect.i1.i32.i32(i32 %nodePtr_read, i32 31)

]]></Node>
<StgValue><ssdm name="tmp_7"/></StgValue>
</operation>

<operation id="12" st_id="1" stage="1" lat="1">
<core>AddSub</core>
<MemPortIdVec></MemPortIdVec>
<condition id="-1">
<or_exp><and_exp></and_exp></or_exp>
</condition>

<Node id="6" bw="32" op_0_bw="32" op_1_bw="32">
<![CDATA[
:3  %sub_ln86 = sub i32 0, %nodePtr_read

]]></Node>
<StgValue><ssdm name="sub_ln86"/></StgValue>
</operation>

<operation id="13" st_id="1" stage="1" lat="1">
<core>NULL</core>
<MemPortIdVec></MemPortIdVec>
<condition id="-1">
<or_exp><and_exp></and_exp></or_exp>
</condition>

<Node id="7" bw="30" op_0_bw="30" op_1_bw="32" op_2_bw="32" op_3_bw="32">
<![CDATA[
:4  %tmp = call i30 @_ssdm_op_PartSelect.i30.i32.i32.i32(i32 %sub_ln86, i32 2, i32 31)

]]></Node>
<StgValue><ssdm name="tmp"/></StgValue>
</operation>

<operation id="14" st_id="1" stage="1" lat="1">
<core>NULL</core>
<MemPortIdVec></MemPortIdVec>
<condition id="-1">
<or_exp><and_exp></and_exp></or_exp>
</condition>

<Node id="8" bw="31" op_0_bw="30">
<![CDATA[
:5  %zext_ln86 = zext i30 %tmp to i31

]]></Node>
<StgValue><ssdm name="zext_ln86"/></StgValue>
</operation>

<operation id="15" st_id="1" stage="1" lat="1">
<core>AddSub</core>
<MemPortIdVec></MemPortIdVec>
<condition id="-1">
<or_exp><and_exp></and_exp></or_exp>
</condition>

<Node id="9" bw="31" op_0_bw="31" op_1_bw="31">
<![CDATA[
:6  %sub_ln86_1 = sub i31 0, %zext_ln86

]]></Node>
<StgValue><ssdm name="sub_ln86_1"/></StgValue>
</operation>

<operation id="16" st_id="1" stage="1" lat="1">
<core>NULL</core>
<MemPortIdVec></MemPortIdVec>
<condition id="-1">
<or_exp><and_exp></and_exp></or_exp>
</condition>

<Node id="10" bw="30" op_0_bw="30" op_1_bw="32" op_2_bw="32" op_3_bw="32">
<![CDATA[
:7  %tmp_6 = call i30 @_ssdm_op_PartSelect.i30.i32.i32.i32(i32 %nodePtr_read, i32 2, i32 31)

]]></Node>
<StgValue><ssdm name="tmp_6"/></StgValue>
</operation>

<operation id="17" st_id="1" stage="1" lat="1">
<core>NULL</core>
<MemPortIdVec></MemPortIdVec>
<condition id="-1">
<or_exp><and_exp></and_exp></or_exp>
</condition>

<Node id="11" bw="31" op_0_bw="30">
<![CDATA[
:8  %zext_ln86_1 = zext i30 %tmp_6 to i31

]]></Node>
<StgValue><ssdm name="zext_ln86_1"/></StgValue>
</operation>

<operation id="18" st_id="1" stage="1" lat="1">
<core>Sel</core>
<MemPortIdVec></MemPortIdVec>
<condition id="-1">
<or_exp><and_exp></and_exp></or_exp>
</condition>

<Node id="12" bw="31" op_0_bw="1" op_1_bw="31" op_2_bw="31">
<![CDATA[
:9  %select_ln86 = select i1 %tmp_7, i31 %sub_ln86_1, i31 %zext_ln86_1

]]></Node>
<StgValue><ssdm name="select_ln86"/></StgValue>
</operation>
</state>

<state id="2" st_id="2">

<operation id="19" st_id="2" stage="1" lat="1">
<core>NULL</core>
<MemPortIdVec></MemPortIdVec>
<condition id="-1">
<or_exp><and_exp></and_exp></or_exp>
</condition>

<Node id="13" bw="64" op_0_bw="31">
<![CDATA[
:10  %sext_ln86 = sext i31 %select_ln86 to i64

]]></Node>
<StgValue><ssdm name="sext_ln86"/></StgValue>
</operation>

<operation id="20" st_id="2" stage="1" lat="1">
<core>NULL</core>
<MemPortIdVec></MemPortIdVec>
<condition id="-1">
<or_exp><and_exp></and_exp></or_exp>
</condition>

<Node id="14" bw="32" op_0_bw="32" op_1_bw="64">
<![CDATA[
:11  %myHeap_addr = getelementptr inbounds i32* %myHeap, i64 %sext_ln86

]]></Node>
<StgValue><ssdm name="myHeap_addr"/></StgValue>
</operation>

<operation id="21" st_id="2" stage="7" lat="7">
<core>m_axi</core>
<MemPortIdVec></MemPortIdVec>
<condition id="-1">
<or_exp><and_exp></and_exp></or_exp>
</condition>

<Node id="15" bw="1" op_0_bw="1" op_1_bw="32" op_2_bw="32">
<![CDATA[
:12  %myHeap_load_req = call i1 @_ssdm_op_ReadReq.m_axi.i32P(i32* %myHeap_addr, i32 1) nounwind

]]></Node>
<StgValue><ssdm name="myHeap_load_req"/></StgValue>
</operation>
</state>

<state id="3" st_id="3">

<operation id="22" st_id="3" stage="6" lat="7">
<core>m_axi</core>
<MemPortIdVec></MemPortIdVec>
<condition id="-1">
<or_exp><and_exp></and_exp></or_exp>
</condition>

<Node id="15" bw="1" op_0_bw="1" op_1_bw="32" op_2_bw="32">
<![CDATA[
:12  %myHeap_load_req = call i1 @_ssdm_op_ReadReq.m_axi.i32P(i32* %myHeap_addr, i32 1) nounwind

]]></Node>
<StgValue><ssdm name="myHeap_load_req"/></StgValue>
</operation>
</state>

<state id="4" st_id="4">

<operation id="23" st_id="4" stage="5" lat="7">
<core>m_axi</core>
<MemPortIdVec></MemPortIdVec>
<condition id="-1">
<or_exp><and_exp></and_exp></or_exp>
</condition>

<Node id="15" bw="1" op_0_bw="1" op_1_bw="32" op_2_bw="32">
<![CDATA[
:12  %myHeap_load_req = call i1 @_ssdm_op_ReadReq.m_axi.i32P(i32* %myHeap_addr, i32 1) nounwind

]]></Node>
<StgValue><ssdm name="myHeap_load_req"/></StgValue>
</operation>
</state>

<state id="5" st_id="5">

<operation id="24" st_id="5" stage="4" lat="7">
<core>m_axi</core>
<MemPortIdVec></MemPortIdVec>
<condition id="-1">
<or_exp><and_exp></and_exp></or_exp>
</condition>

<Node id="15" bw="1" op_0_bw="1" op_1_bw="32" op_2_bw="32">
<![CDATA[
:12  %myHeap_load_req = call i1 @_ssdm_op_ReadReq.m_axi.i32P(i32* %myHeap_addr, i32 1) nounwind

]]></Node>
<StgValue><ssdm name="myHeap_load_req"/></StgValue>
</operation>
</state>

<state id="6" st_id="6">

<operation id="25" st_id="6" stage="3" lat="7">
<core>m_axi</core>
<MemPortIdVec></MemPortIdVec>
<condition id="-1">
<or_exp><and_exp></and_exp></or_exp>
</condition>

<Node id="15" bw="1" op_0_bw="1" op_1_bw="32" op_2_bw="32">
<![CDATA[
:12  %myHeap_load_req = call i1 @_ssdm_op_ReadReq.m_axi.i32P(i32* %myHeap_addr, i32 1) nounwind

]]></Node>
<StgValue><ssdm name="myHeap_load_req"/></StgValue>
</operation>
</state>

<state id="7" st_id="7">

<operation id="26" st_id="7" stage="2" lat="7">
<core>m_axi</core>
<MemPortIdVec></MemPortIdVec>
<condition id="-1">
<or_exp><and_exp></and_exp></or_exp>
</condition>

<Node id="15" bw="1" op_0_bw="1" op_1_bw="32" op_2_bw="32">
<![CDATA[
:12  %myHeap_load_req = call i1 @_ssdm_op_ReadReq.m_axi.i32P(i32* %myHeap_addr, i32 1) nounwind

]]></Node>
<StgValue><ssdm name="myHeap_load_req"/></StgValue>
</operation>
</state>

<state id="8" st_id="8">

<operation id="27" st_id="8" stage="1" lat="7">
<core>m_axi</core>
<MemPortIdVec></MemPortIdVec>
<condition id="-1">
<or_exp><and_exp></and_exp></or_exp>
</condition>

<Node id="15" bw="1" op_0_bw="1" op_1_bw="32" op_2_bw="32">
<![CDATA[
:12  %myHeap_load_req = call i1 @_ssdm_op_ReadReq.m_axi.i32P(i32* %myHeap_addr, i32 1) nounwind

]]></Node>
<StgValue><ssdm name="myHeap_load_req"/></StgValue>
</operation>
</state>

<state id="9" st_id="9">

<operation id="28" st_id="9" stage="1" lat="1">
<core>NULL</core>
<MemPortIdVec></MemPortIdVec>
<condition id="-1">
<or_exp><and_exp></and_exp></or_exp>
</condition>

<Node id="3" bw="0" op_0_bw="0" op_1_bw="32" op_2_bw="0" op_3_bw="32" op_4_bw="32" op_5_bw="0" op_6_bw="32" op_7_bw="32" op_8_bw="0" op_9_bw="0" op_10_bw="0" op_11_bw="32" op_12_bw="32" op_13_bw="32" op_14_bw="32" op_15_bw="0" op_16_bw="0">
<![CDATA[
:0  call void (...)* @_ssdm_op_SpecInterface(i32* %myHeap, [6 x i8]* @p_str3, i32 0, i32 0, [1 x i8]* @p_str1, i32 0, i32 1, [1 x i8]* @p_str1, [4 x i8]* @p_str4, [1 x i8]* @p_str1, i32 16, i32 16, i32 16, i32 16, [1 x i8]* @p_str1, [1 x i8]* @p_str1) nounwind

]]></Node>
<StgValue><ssdm name="specinterface_ln0"/></StgValue>
</operation>

<operation id="29" st_id="9" stage="1" lat="1">
<core>m_axi</core>
<MemPortIdVec></MemPortIdVec>
<condition id="-1">
<or_exp><and_exp></and_exp></or_exp>
</condition>

<Node id="16" bw="32" op_0_bw="32" op_1_bw="32" op_2_bw="1">
<![CDATA[
:13  %myHeap_addr_read = call i32 @_ssdm_op_Read.m_axi.volatile.i32P(i32* %myHeap_addr) nounwind

]]></Node>
<StgValue><ssdm name="myHeap_addr_read"/></StgValue>
</operation>

<operation id="30" st_id="9" stage="1" lat="1">
<core>NULL</core>
<MemPortIdVec></MemPortIdVec>
<condition id="-1">
<or_exp><and_exp></and_exp></or_exp>
</condition>

<Node id="17" bw="0" op_0_bw="32">
<![CDATA[
:14  ret i32 %myHeap_addr_read

]]></Node>
<StgValue><ssdm name="ret_ln86"/></StgValue>
</operation>
</state>
</state_list>


<ports>
<port id="39" name="myHeap" dir="0" iftype="4">
<core>NULL</core><StgValue><ssdm name="myHeap"/></StgValue>
</port>
<port id="40" name="nodePtr" dir="0" iftype="0">
<core>NULL</core><StgValue><ssdm name="nodePtr"/></StgValue>
</port>
</ports>


<dataflows>
<dataflow id="42" from="_ssdm_op_Read.ap_auto.i32" to="nodePtr_read" fromId="41" toId="10">
</dataflow>
<dataflow id="43" from="nodePtr" to="nodePtr_read" fromId="40" toId="10">
</dataflow>
<dataflow id="45" from="_ssdm_op_BitSelect.i1.i32.i32" to="tmp_7" fromId="44" toId="11">
</dataflow>
<dataflow id="46" from="nodePtr_read" to="tmp_7" fromId="10" toId="11">
</dataflow>
<dataflow id="48" from="StgValue_47" to="tmp_7" fromId="47" toId="11">
</dataflow>
<dataflow id="50" from="StgValue_49" to="sub_ln86" fromId="49" toId="12">
</dataflow>
<dataflow id="51" from="nodePtr_read" to="sub_ln86" fromId="10" toId="12">
</dataflow>
<dataflow id="53" from="_ssdm_op_PartSelect.i30.i32.i32.i32" to="tmp" fromId="52" toId="13">
</dataflow>
<dataflow id="54" from="sub_ln86" to="tmp" fromId="12" toId="13">
</dataflow>
<dataflow id="56" from="StgValue_55" to="tmp" fromId="55" toId="13">
</dataflow>
<dataflow id="57" from="StgValue_47" to="tmp" fromId="47" toId="13">
</dataflow>
<dataflow id="58" from="tmp" to="zext_ln86" fromId="13" toId="14">
</dataflow>
<dataflow id="60" from="StgValue_59" to="sub_ln86_1" fromId="59" toId="15">
</dataflow>
<dataflow id="61" from="zext_ln86" to="sub_ln86_1" fromId="14" toId="15">
</dataflow>
<dataflow id="62" from="_ssdm_op_PartSelect.i30.i32.i32.i32" to="tmp_6" fromId="52" toId="16">
</dataflow>
<dataflow id="63" from="nodePtr_read" to="tmp_6" fromId="10" toId="16">
</dataflow>
<dataflow id="64" from="StgValue_55" to="tmp_6" fromId="55" toId="16">
</dataflow>
<dataflow id="65" from="StgValue_47" to="tmp_6" fromId="47" toId="16">
</dataflow>
<dataflow id="66" from="tmp_6" to="zext_ln86_1" fromId="16" toId="17">
</dataflow>
<dataflow id="67" from="tmp_7" to="select_ln86" fromId="11" toId="18">
</dataflow>
<dataflow id="68" from="sub_ln86_1" to="select_ln86" fromId="15" toId="18">
</dataflow>
<dataflow id="69" from="zext_ln86_1" to="select_ln86" fromId="17" toId="18">
</dataflow>
<dataflow id="70" from="select_ln86" to="sext_ln86" fromId="18" toId="19">
</dataflow>
<dataflow id="71" from="myHeap" to="myHeap_addr" fromId="39" toId="20">
</dataflow>
<dataflow id="72" from="sext_ln86" to="myHeap_addr" fromId="19" toId="20">
</dataflow>
<dataflow id="74" from="_ssdm_op_ReadReq.m_axi.i32P" to="myHeap_load_req" fromId="73" toId="21">
</dataflow>
<dataflow id="75" from="myHeap_addr" to="myHeap_load_req" fromId="20" toId="21">
</dataflow>
<dataflow id="77" from="StgValue_76" to="myHeap_load_req" fromId="76" toId="21">
</dataflow>
<dataflow id="78" from="_ssdm_op_ReadReq.m_axi.i32P" to="myHeap_load_req" fromId="73" toId="22">
</dataflow>
<dataflow id="79" from="myHeap_addr" to="myHeap_load_req" fromId="20" toId="22">
</dataflow>
<dataflow id="80" from="StgValue_76" to="myHeap_load_req" fromId="76" toId="22">
</dataflow>
<dataflow id="81" from="_ssdm_op_ReadReq.m_axi.i32P" to="myHeap_load_req" fromId="73" toId="23">
</dataflow>
<dataflow id="82" from="myHeap_addr" to="myHeap_load_req" fromId="20" toId="23">
</dataflow>
<dataflow id="83" from="StgValue_76" to="myHeap_load_req" fromId="76" toId="23">
</dataflow>
<dataflow id="84" from="_ssdm_op_ReadReq.m_axi.i32P" to="myHeap_load_req" fromId="73" toId="24">
</dataflow>
<dataflow id="85" from="myHeap_addr" to="myHeap_load_req" fromId="20" toId="24">
</dataflow>
<dataflow id="86" from="StgValue_76" to="myHeap_load_req" fromId="76" toId="24">
</dataflow>
<dataflow id="87" from="_ssdm_op_ReadReq.m_axi.i32P" to="myHeap_load_req" fromId="73" toId="25">
</dataflow>
<dataflow id="88" from="myHeap_addr" to="myHeap_load_req" fromId="20" toId="25">
</dataflow>
<dataflow id="89" from="StgValue_76" to="myHeap_load_req" fromId="76" toId="25">
</dataflow>
<dataflow id="90" from="_ssdm_op_ReadReq.m_axi.i32P" to="myHeap_load_req" fromId="73" toId="26">
</dataflow>
<dataflow id="91" from="myHeap_addr" to="myHeap_load_req" fromId="20" toId="26">
</dataflow>
<dataflow id="92" from="StgValue_76" to="myHeap_load_req" fromId="76" toId="26">
</dataflow>
<dataflow id="93" from="_ssdm_op_ReadReq.m_axi.i32P" to="myHeap_load_req" fromId="73" toId="27">
</dataflow>
<dataflow id="94" from="myHeap_addr" to="myHeap_load_req" fromId="20" toId="27">
</dataflow>
<dataflow id="95" from="StgValue_76" to="myHeap_load_req" fromId="76" toId="27">
</dataflow>
<dataflow id="97" from="_ssdm_op_SpecInterface" to="specinterface_ln0" fromId="96" toId="28">
</dataflow>
<dataflow id="98" from="myHeap" to="specinterface_ln0" fromId="39" toId="28">
</dataflow>
<dataflow id="100" from="p_str3" to="specinterface_ln0" fromId="99" toId="28">
</dataflow>
<dataflow id="101" from="StgValue_49" to="specinterface_ln0" fromId="49" toId="28">
</dataflow>
<dataflow id="102" from="StgValue_49" to="specinterface_ln0" fromId="49" toId="28">
</dataflow>
<dataflow id="104" from="p_str1" to="specinterface_ln0" fromId="103" toId="28">
</dataflow>
<dataflow id="105" from="StgValue_49" to="specinterface_ln0" fromId="49" toId="28">
</dataflow>
<dataflow id="106" from="StgValue_76" to="specinterface_ln0" fromId="76" toId="28">
</dataflow>
<dataflow id="107" from="p_str1" to="specinterface_ln0" fromId="103" toId="28">
</dataflow>
<dataflow id="109" from="p_str4" to="specinterface_ln0" fromId="108" toId="28">
</dataflow>
<dataflow id="110" from="p_str1" to="specinterface_ln0" fromId="103" toId="28">
</dataflow>
<dataflow id="112" from="StgValue_111" to="specinterface_ln0" fromId="111" toId="28">
</dataflow>
<dataflow id="113" from="StgValue_111" to="specinterface_ln0" fromId="111" toId="28">
</dataflow>
<dataflow id="114" from="StgValue_111" to="specinterface_ln0" fromId="111" toId="28">
</dataflow>
<dataflow id="115" from="StgValue_111" to="specinterface_ln0" fromId="111" toId="28">
</dataflow>
<dataflow id="116" from="p_str1" to="specinterface_ln0" fromId="103" toId="28">
</dataflow>
<dataflow id="117" from="p_str1" to="specinterface_ln0" fromId="103" toId="28">
</dataflow>
<dataflow id="119" from="_ssdm_op_Read.m_axi.volatile.i32P" to="myHeap_addr_read" fromId="118" toId="29">
</dataflow>
<dataflow id="120" from="myHeap_addr" to="myHeap_addr_read" fromId="20" toId="29">
</dataflow>
<dataflow id="121" from="myHeap_addr_read" to="ret_ln86" fromId="29" toId="30">
</dataflow>
</dataflows>


</stg>
