<stg><name>node_get_left_pointe</name>


<trans_list>

<trans id="10" from="1" to="2">
<condition id="-1">
<or_exp><and_exp></and_exp></or_exp>
</condition>
</trans>

<trans id="11" from="2" to="3">
<condition id="-1">
<or_exp><and_exp></and_exp></or_exp>
</condition>
</trans>
</trans_list>



<state_list>

<state id="1" st_id="1">

<operation id="4" st_id="1" stage="1" lat="1">
<core>NULL</core>
<MemPortIdVec></MemPortIdVec>
<condition id="-1">
<or_exp><and_exp></and_exp></or_exp>
</condition>

<Node id="4" bw="32" op_0_bw="32" op_1_bw="32">
<![CDATA[
:1  %currentNodePtr_read = call i32 @_ssdm_op_Read.ap_auto.i32(i32 %currentNodePtr) nounwind

]]></Node>
<StgValue><ssdm name="currentNodePtr_read"/></StgValue>
</operation>

<operation id="5" st_id="1" stage="2" lat="2">
<core></core>
<MemPortIdVec></MemPortIdVec>
<condition id="-1">
<or_exp><and_exp></and_exp></or_exp>
</condition>

<Node id="5" bw="32" op_0_bw="32" op_1_bw="32" op_2_bw="32">
<![CDATA[
:2  %offset = call fastcc i32 @node_read_left(i32* %myHeap, i32 %currentNodePtr_read)

]]></Node>
<StgValue><ssdm name="offset"/></StgValue>
</operation>
</state>

<state id="2" st_id="2">

<operation id="6" st_id="2" stage="1" lat="2">
<core></core>
<MemPortIdVec></MemPortIdVec>
<condition id="-1">
<or_exp><and_exp></and_exp></or_exp>
</condition>

<Node id="5" bw="32" op_0_bw="32" op_1_bw="32" op_2_bw="32">
<![CDATA[
:2  %offset = call fastcc i32 @node_read_left(i32* %myHeap, i32 %currentNodePtr_read)

]]></Node>
<StgValue><ssdm name="offset"/></StgValue>
</operation>
</state>

<state id="3" st_id="3">

<operation id="7" st_id="3" stage="1" lat="1">
<core>NULL</core>
<MemPortIdVec></MemPortIdVec>
<condition id="-1">
<or_exp><and_exp></and_exp></or_exp>
</condition>

<Node id="3" bw="0" op_0_bw="0" op_1_bw="32" op_2_bw="0" op_3_bw="32" op_4_bw="32" op_5_bw="0" op_6_bw="32" op_7_bw="32" op_8_bw="0" op_9_bw="0" op_10_bw="0" op_11_bw="32" op_12_bw="32" op_13_bw="32" op_14_bw="32" op_15_bw="0" op_16_bw="0">
<![CDATA[
:0  call void (...)* @_ssdm_op_SpecInterface(i32* %myHeap, [6 x i8]* @p_str3, i32 0, i32 0, [1 x i8]* @p_str1, i32 0, i32 1, [1 x i8]* @p_str1, [4 x i8]* @p_str4, [1 x i8]* @p_str1, i32 16, i32 16, i32 16, i32 16, [1 x i8]* @p_str1, [1 x i8]* @p_str1) nounwind

]]></Node>
<StgValue><ssdm name="specinterface_ln0"/></StgValue>
</operation>

<operation id="8" st_id="3" stage="1" lat="1">
<core>AddSub</core>
<MemPortIdVec></MemPortIdVec>
<condition id="-1">
<or_exp><and_exp></and_exp></or_exp>
</condition>

<Node id="6" bw="32" op_0_bw="32" op_1_bw="32">
<![CDATA[
:3  %add_ln29 = add nsw i32 %offset, %currentNodePtr_read

]]></Node>
<StgValue><ssdm name="add_ln29"/></StgValue>
</operation>

<operation id="9" st_id="3" stage="1" lat="1">
<core>NULL</core>
<MemPortIdVec></MemPortIdVec>
<condition id="-1">
<or_exp><and_exp></and_exp></or_exp>
</condition>

<Node id="7" bw="0" op_0_bw="32">
<![CDATA[
:4  ret i32 %add_ln29

]]></Node>
<StgValue><ssdm name="ret_ln29"/></StgValue>
</operation>
</state>
</state_list>


<ports>
<port id="12" name="myHeap" dir="0" iftype="4">
<core>NULL</core><StgValue><ssdm name="myHeap"/></StgValue>
</port>
<port id="13" name="currentNodePtr" dir="0" iftype="0">
<core>NULL</core><StgValue><ssdm name="currentNodePtr"/></StgValue>
</port>
</ports>


<dataflows>
<dataflow id="15" from="_ssdm_op_Read.ap_auto.i32" to="currentNodePtr_read" fromId="14" toId="4">
</dataflow>
<dataflow id="16" from="currentNodePtr" to="currentNodePtr_read" fromId="13" toId="4">
</dataflow>
<dataflow id="18" from="node_read_left" to="offset" fromId="17" toId="5">
</dataflow>
<dataflow id="19" from="myHeap" to="offset" fromId="12" toId="5">
</dataflow>
<dataflow id="20" from="currentNodePtr_read" to="offset" fromId="4" toId="5">
</dataflow>
<dataflow id="21" from="node_read_left" to="offset" fromId="17" toId="6">
</dataflow>
<dataflow id="22" from="myHeap" to="offset" fromId="12" toId="6">
</dataflow>
<dataflow id="23" from="currentNodePtr_read" to="offset" fromId="4" toId="6">
</dataflow>
<dataflow id="25" from="_ssdm_op_SpecInterface" to="specinterface_ln0" fromId="24" toId="7">
</dataflow>
<dataflow id="26" from="myHeap" to="specinterface_ln0" fromId="12" toId="7">
</dataflow>
<dataflow id="28" from="p_str3" to="specinterface_ln0" fromId="27" toId="7">
</dataflow>
<dataflow id="30" from="StgValue_29" to="specinterface_ln0" fromId="29" toId="7">
</dataflow>
<dataflow id="31" from="StgValue_29" to="specinterface_ln0" fromId="29" toId="7">
</dataflow>
<dataflow id="33" from="p_str1" to="specinterface_ln0" fromId="32" toId="7">
</dataflow>
<dataflow id="34" from="StgValue_29" to="specinterface_ln0" fromId="29" toId="7">
</dataflow>
<dataflow id="36" from="StgValue_35" to="specinterface_ln0" fromId="35" toId="7">
</dataflow>
<dataflow id="37" from="p_str1" to="specinterface_ln0" fromId="32" toId="7">
</dataflow>
<dataflow id="39" from="p_str4" to="specinterface_ln0" fromId="38" toId="7">
</dataflow>
<dataflow id="40" from="p_str1" to="specinterface_ln0" fromId="32" toId="7">
</dataflow>
<dataflow id="42" from="StgValue_41" to="specinterface_ln0" fromId="41" toId="7">
</dataflow>
<dataflow id="43" from="StgValue_41" to="specinterface_ln0" fromId="41" toId="7">
</dataflow>
<dataflow id="44" from="StgValue_41" to="specinterface_ln0" fromId="41" toId="7">
</dataflow>
<dataflow id="45" from="StgValue_41" to="specinterface_ln0" fromId="41" toId="7">
</dataflow>
<dataflow id="46" from="p_str1" to="specinterface_ln0" fromId="32" toId="7">
</dataflow>
<dataflow id="47" from="p_str1" to="specinterface_ln0" fromId="32" toId="7">
</dataflow>
<dataflow id="48" from="offset" to="add_ln29" fromId="6" toId="8">
</dataflow>
<dataflow id="49" from="currentNodePtr_read" to="add_ln29" fromId="4" toId="8">
</dataflow>
<dataflow id="50" from="add_ln29" to="ret_ln29" fromId="8" toId="9">
</dataflow>
</dataflows>


</stg>
