<stg><name>node_write_right</name>


<trans_list>

<trans id="32" from="1" to="2">
<condition id="-1">
<or_exp><and_exp></and_exp></or_exp>
</condition>
</trans>

<trans id="33" from="2" to="3">
<condition id="-1">
<or_exp><and_exp></and_exp></or_exp>
</condition>
</trans>

<trans id="34" from="3" to="4">
<condition id="-1">
<or_exp><and_exp></and_exp></or_exp>
</condition>
</trans>

<trans id="35" from="4" to="5">
<condition id="-1">
<or_exp><and_exp></and_exp></or_exp>
</condition>
</trans>

<trans id="36" from="5" to="6">
<condition id="-1">
<or_exp><and_exp></and_exp></or_exp>
</condition>
</trans>

<trans id="37" from="6" to="7">
<condition id="-1">
<or_exp><and_exp></and_exp></or_exp>
</condition>
</trans>

<trans id="38" from="7" to="8">
<condition id="-1">
<or_exp><and_exp></and_exp></or_exp>
</condition>
</trans>
</trans_list>



<state_list>

<state id="1" st_id="1">

<operation id="9" st_id="1" stage="1" lat="1">
<core>NULL</core>
<MemPortIdVec></MemPortIdVec>
<condition id="-1">
<or_exp><and_exp></and_exp></or_exp>
</condition>

<Node id="6" bw="32" op_0_bw="32" op_1_bw="32">
<![CDATA[
:2  %nodePtr_read = call i32 @_ssdm_op_Read.ap_auto.i32(i32 %nodePtr) nounwind

]]></Node>
<StgValue><ssdm name="nodePtr_read"/></StgValue>
</operation>

<operation id="10" st_id="1" stage="1" lat="1">
<core>NULL</core>
<MemPortIdVec></MemPortIdVec>
<condition id="-1">
<or_exp><and_exp></and_exp></or_exp>
</condition>

<Node id="7" bw="1" op_0_bw="1" op_1_bw="32" op_2_bw="32">
<![CDATA[
:3  %tmp_2 = call i1 @_ssdm_op_BitSelect.i1.i32.i32(i32 %nodePtr_read, i32 31)

]]></Node>
<StgValue><ssdm name="tmp_2"/></StgValue>
</operation>

<operation id="11" st_id="1" stage="1" lat="1">
<core>AddSub</core>
<MemPortIdVec></MemPortIdVec>
<condition id="-1">
<or_exp><and_exp></and_exp></or_exp>
</condition>

<Node id="8" bw="32" op_0_bw="32" op_1_bw="32">
<![CDATA[
:4  %sub_ln75 = sub i32 0, %nodePtr_read

]]></Node>
<StgValue><ssdm name="sub_ln75"/></StgValue>
</operation>

<operation id="12" st_id="1" stage="1" lat="1">
<core>NULL</core>
<MemPortIdVec></MemPortIdVec>
<condition id="-1">
<or_exp><and_exp></and_exp></or_exp>
</condition>

<Node id="9" bw="30" op_0_bw="30" op_1_bw="32" op_2_bw="32" op_3_bw="32">
<![CDATA[
:5  %tmp = call i30 @_ssdm_op_PartSelect.i30.i32.i32.i32(i32 %sub_ln75, i32 2, i32 31)

]]></Node>
<StgValue><ssdm name="tmp"/></StgValue>
</operation>

<operation id="13" st_id="1" stage="1" lat="1">
<core>NULL</core>
<MemPortIdVec></MemPortIdVec>
<condition id="-1">
<or_exp><and_exp></and_exp></or_exp>
</condition>

<Node id="10" bw="31" op_0_bw="30">
<![CDATA[
:6  %zext_ln75 = zext i30 %tmp to i31

]]></Node>
<StgValue><ssdm name="zext_ln75"/></StgValue>
</operation>

<operation id="14" st_id="1" stage="1" lat="1">
<core>AddSub</core>
<MemPortIdVec></MemPortIdVec>
<condition id="-1">
<or_exp><and_exp></and_exp></or_exp>
</condition>

<Node id="11" bw="31" op_0_bw="31" op_1_bw="31">
<![CDATA[
:7  %sub_ln75_1 = sub i31 0, %zext_ln75

]]></Node>
<StgValue><ssdm name="sub_ln75_1"/></StgValue>
</operation>

<operation id="15" st_id="1" stage="1" lat="1">
<core>NULL</core>
<MemPortIdVec></MemPortIdVec>
<condition id="-1">
<or_exp><and_exp></and_exp></or_exp>
</condition>

<Node id="12" bw="30" op_0_bw="30" op_1_bw="32" op_2_bw="32" op_3_bw="32">
<![CDATA[
:8  %tmp_1 = call i30 @_ssdm_op_PartSelect.i30.i32.i32.i32(i32 %nodePtr_read, i32 2, i32 31)

]]></Node>
<StgValue><ssdm name="tmp_1"/></StgValue>
</operation>

<operation id="16" st_id="1" stage="1" lat="1">
<core>NULL</core>
<MemPortIdVec></MemPortIdVec>
<condition id="-1">
<or_exp><and_exp></and_exp></or_exp>
</condition>

<Node id="13" bw="31" op_0_bw="30">
<![CDATA[
:9  %zext_ln75_1 = zext i30 %tmp_1 to i31

]]></Node>
<StgValue><ssdm name="zext_ln75_1"/></StgValue>
</operation>

<operation id="17" st_id="1" stage="1" lat="1">
<core>Sel</core>
<MemPortIdVec></MemPortIdVec>
<condition id="-1">
<or_exp><and_exp></and_exp></or_exp>
</condition>

<Node id="14" bw="31" op_0_bw="1" op_1_bw="31" op_2_bw="31">
<![CDATA[
:10  %select_ln75 = select i1 %tmp_2, i31 %sub_ln75_1, i31 %zext_ln75_1

]]></Node>
<StgValue><ssdm name="select_ln75"/></StgValue>
</operation>

<operation id="18" st_id="1" stage="1" lat="1">
<core>NULL</core>
<MemPortIdVec></MemPortIdVec>
<condition id="-1">
<or_exp><and_exp></and_exp></or_exp>
</condition>

<Node id="15" bw="32" op_0_bw="31">
<![CDATA[
:11  %sext_ln75_1 = sext i31 %select_ln75 to i32

]]></Node>
<StgValue><ssdm name="sext_ln75_1"/></StgValue>
</operation>

<operation id="19" st_id="1" stage="1" lat="1">
<core>AddSub</core>
<MemPortIdVec></MemPortIdVec>
<condition id="-1">
<or_exp><and_exp></and_exp></or_exp>
</condition>

<Node id="16" bw="32" op_0_bw="32" op_1_bw="32">
<![CDATA[
:12  %add_ln75 = add nsw i32 %sext_ln75_1, 1

]]></Node>
<StgValue><ssdm name="add_ln75"/></StgValue>
</operation>
</state>

<state id="2" st_id="2">

<operation id="20" st_id="2" stage="1" lat="1">
<core>NULL</core>
<MemPortIdVec></MemPortIdVec>
<condition id="-1">
<or_exp><and_exp></and_exp></or_exp>
</condition>

<Node id="17" bw="64" op_0_bw="32">
<![CDATA[
:13  %sext_ln75 = sext i32 %add_ln75 to i64

]]></Node>
<StgValue><ssdm name="sext_ln75"/></StgValue>
</operation>

<operation id="21" st_id="2" stage="1" lat="1">
<core>NULL</core>
<MemPortIdVec></MemPortIdVec>
<condition id="-1">
<or_exp><and_exp></and_exp></or_exp>
</condition>

<Node id="18" bw="32" op_0_bw="32" op_1_bw="32">
<![CDATA[
:14  %myHeap_addr = getelementptr inbounds i32* %myHeap, i64 %sext_ln75

]]></Node>
<StgValue><ssdm name="myHeap_addr"/></StgValue>
</operation>

<operation id="22" st_id="2" stage="1" lat="1">
<core>m_axi</core>
<MemPortIdVec></MemPortIdVec>
<condition id="-1">
<or_exp><and_exp></and_exp></or_exp>
</condition>

<Node id="19" bw="1" op_0_bw="1" op_1_bw="32" op_2_bw="32">
<![CDATA[
:15  %myHeap_addr_req = call i1 @_ssdm_op_WriteReq.m_axi.i32P(i32* %myHeap_addr, i32 1) nounwind

]]></Node>
<StgValue><ssdm name="myHeap_addr_req"/></StgValue>
</operation>
</state>

<state id="3" st_id="3">

<operation id="23" st_id="3" stage="1" lat="1">
<core>NULL</core>
<MemPortIdVec></MemPortIdVec>
<condition id="-1">
<or_exp><and_exp></and_exp></or_exp>
</condition>

<Node id="5" bw="32" op_0_bw="32" op_1_bw="32">
<![CDATA[
:1  %offset_read = call i32 @_ssdm_op_Read.ap_auto.i32(i32 %offset) nounwind

]]></Node>
<StgValue><ssdm name="offset_read"/></StgValue>
</operation>

<operation id="24" st_id="3" stage="1" lat="1">
<core>m_axi</core>
<MemPortIdVec></MemPortIdVec>
<condition id="-1">
<or_exp><and_exp></and_exp></or_exp>
</condition>

<Node id="20" bw="0" op_0_bw="0" op_1_bw="32" op_2_bw="32" op_3_bw="4" op_4_bw="1">
<![CDATA[
:16  call void @_ssdm_op_Write.m_axi.volatile.i32P(i32* %myHeap_addr, i32 %offset_read, i4 -1) nounwind

]]></Node>
<StgValue><ssdm name="write_ln75"/></StgValue>
</operation>
</state>

<state id="4" st_id="4">

<operation id="25" st_id="4" stage="5" lat="5">
<core>m_axi</core>
<MemPortIdVec></MemPortIdVec>
<condition id="-1">
<or_exp><and_exp></and_exp></or_exp>
</condition>

<Node id="21" bw="1" op_0_bw="1" op_1_bw="32" op_2_bw="0">
<![CDATA[
:17  %myHeap_addr_resp = call i1 @_ssdm_op_WriteResp.m_axi.i32P(i32* %myHeap_addr) nounwind

]]></Node>
<StgValue><ssdm name="myHeap_addr_resp"/></StgValue>
</operation>
</state>

<state id="5" st_id="5">

<operation id="26" st_id="5" stage="4" lat="5">
<core>m_axi</core>
<MemPortIdVec></MemPortIdVec>
<condition id="-1">
<or_exp><and_exp></and_exp></or_exp>
</condition>

<Node id="21" bw="1" op_0_bw="1" op_1_bw="32" op_2_bw="0">
<![CDATA[
:17  %myHeap_addr_resp = call i1 @_ssdm_op_WriteResp.m_axi.i32P(i32* %myHeap_addr) nounwind

]]></Node>
<StgValue><ssdm name="myHeap_addr_resp"/></StgValue>
</operation>
</state>

<state id="6" st_id="6">

<operation id="27" st_id="6" stage="3" lat="5">
<core>m_axi</core>
<MemPortIdVec></MemPortIdVec>
<condition id="-1">
<or_exp><and_exp></and_exp></or_exp>
</condition>

<Node id="21" bw="1" op_0_bw="1" op_1_bw="32" op_2_bw="0">
<![CDATA[
:17  %myHeap_addr_resp = call i1 @_ssdm_op_WriteResp.m_axi.i32P(i32* %myHeap_addr) nounwind

]]></Node>
<StgValue><ssdm name="myHeap_addr_resp"/></StgValue>
</operation>
</state>

<state id="7" st_id="7">

<operation id="28" st_id="7" stage="2" lat="5">
<core>m_axi</core>
<MemPortIdVec></MemPortIdVec>
<condition id="-1">
<or_exp><and_exp></and_exp></or_exp>
</condition>

<Node id="21" bw="1" op_0_bw="1" op_1_bw="32" op_2_bw="0">
<![CDATA[
:17  %myHeap_addr_resp = call i1 @_ssdm_op_WriteResp.m_axi.i32P(i32* %myHeap_addr) nounwind

]]></Node>
<StgValue><ssdm name="myHeap_addr_resp"/></StgValue>
</operation>
</state>

<state id="8" st_id="8">

<operation id="29" st_id="8" stage="1" lat="1">
<core>NULL</core>
<MemPortIdVec></MemPortIdVec>
<condition id="-1">
<or_exp><and_exp></and_exp></or_exp>
</condition>

<Node id="4" bw="0" op_0_bw="0" op_1_bw="32" op_2_bw="0" op_3_bw="32" op_4_bw="32" op_5_bw="0" op_6_bw="32" op_7_bw="32" op_8_bw="0" op_9_bw="0" op_10_bw="0" op_11_bw="32" op_12_bw="32" op_13_bw="32" op_14_bw="32" op_15_bw="0" op_16_bw="0">
<![CDATA[
:0  call void (...)* @_ssdm_op_SpecInterface(i32* %myHeap, [6 x i8]* @p_str3, i32 0, i32 0, [1 x i8]* @p_str1, i32 0, i32 1, [1 x i8]* @p_str1, [4 x i8]* @p_str4, [1 x i8]* @p_str1, i32 16, i32 16, i32 16, i32 16, [1 x i8]* @p_str1, [1 x i8]* @p_str1) nounwind

]]></Node>
<StgValue><ssdm name="specinterface_ln0"/></StgValue>
</operation>

<operation id="30" st_id="8" stage="1" lat="5">
<core>m_axi</core>
<MemPortIdVec></MemPortIdVec>
<condition id="-1">
<or_exp><and_exp></and_exp></or_exp>
</condition>

<Node id="21" bw="1" op_0_bw="1" op_1_bw="32" op_2_bw="0">
<![CDATA[
:17  %myHeap_addr_resp = call i1 @_ssdm_op_WriteResp.m_axi.i32P(i32* %myHeap_addr) nounwind

]]></Node>
<StgValue><ssdm name="myHeap_addr_resp"/></StgValue>
</operation>

<operation id="31" st_id="8" stage="1" lat="1">
<core>NULL</core>
<MemPortIdVec></MemPortIdVec>
<condition id="-1">
<or_exp><and_exp></and_exp></or_exp>
</condition>

<Node id="22" bw="0">
<![CDATA[
:18  ret void

]]></Node>
<StgValue><ssdm name="ret_ln76"/></StgValue>
</operation>
</state>
</state_list>


<ports>
<port id="39" name="myHeap" dir="1" iftype="4">
<core>NULL</core><StgValue><ssdm name="myHeap"/></StgValue>
</port>
<port id="40" name="nodePtr" dir="0" iftype="0">
<core>NULL</core><StgValue><ssdm name="nodePtr"/></StgValue>
</port>
<port id="41" name="offset" dir="0" iftype="0">
<core>NULL</core><StgValue><ssdm name="offset"/></StgValue>
</port>
</ports>


<dataflows>
<dataflow id="43" from="_ssdm_op_Read.ap_auto.i32" to="nodePtr_read" fromId="42" toId="9">
</dataflow>
<dataflow id="44" from="nodePtr" to="nodePtr_read" fromId="40" toId="9">
</dataflow>
<dataflow id="46" from="_ssdm_op_BitSelect.i1.i32.i32" to="tmp_2" fromId="45" toId="10">
</dataflow>
<dataflow id="47" from="nodePtr_read" to="tmp_2" fromId="9" toId="10">
</dataflow>
<dataflow id="49" from="StgValue_48" to="tmp_2" fromId="48" toId="10">
</dataflow>
<dataflow id="51" from="StgValue_50" to="sub_ln75" fromId="50" toId="11">
</dataflow>
<dataflow id="52" from="nodePtr_read" to="sub_ln75" fromId="9" toId="11">
</dataflow>
<dataflow id="54" from="_ssdm_op_PartSelect.i30.i32.i32.i32" to="tmp" fromId="53" toId="12">
</dataflow>
<dataflow id="55" from="sub_ln75" to="tmp" fromId="11" toId="12">
</dataflow>
<dataflow id="57" from="StgValue_56" to="tmp" fromId="56" toId="12">
</dataflow>
<dataflow id="58" from="StgValue_48" to="tmp" fromId="48" toId="12">
</dataflow>
<dataflow id="59" from="tmp" to="zext_ln75" fromId="12" toId="13">
</dataflow>
<dataflow id="61" from="StgValue_60" to="sub_ln75_1" fromId="60" toId="14">
</dataflow>
<dataflow id="62" from="zext_ln75" to="sub_ln75_1" fromId="13" toId="14">
</dataflow>
<dataflow id="63" from="_ssdm_op_PartSelect.i30.i32.i32.i32" to="tmp_1" fromId="53" toId="15">
</dataflow>
<dataflow id="64" from="nodePtr_read" to="tmp_1" fromId="9" toId="15">
</dataflow>
<dataflow id="65" from="StgValue_56" to="tmp_1" fromId="56" toId="15">
</dataflow>
<dataflow id="66" from="StgValue_48" to="tmp_1" fromId="48" toId="15">
</dataflow>
<dataflow id="67" from="tmp_1" to="zext_ln75_1" fromId="15" toId="16">
</dataflow>
<dataflow id="68" from="tmp_2" to="select_ln75" fromId="10" toId="17">
</dataflow>
<dataflow id="69" from="sub_ln75_1" to="select_ln75" fromId="14" toId="17">
</dataflow>
<dataflow id="70" from="zext_ln75_1" to="select_ln75" fromId="16" toId="17">
</dataflow>
<dataflow id="71" from="select_ln75" to="sext_ln75_1" fromId="17" toId="18">
</dataflow>
<dataflow id="72" from="sext_ln75_1" to="add_ln75" fromId="18" toId="19">
</dataflow>
<dataflow id="74" from="StgValue_73" to="add_ln75" fromId="73" toId="19">
</dataflow>
<dataflow id="75" from="add_ln75" to="sext_ln75" fromId="19" toId="20">
</dataflow>
<dataflow id="76" from="myHeap" to="myHeap_addr" fromId="39" toId="21">
</dataflow>
<dataflow id="77" from="sext_ln75" to="myHeap_addr" fromId="20" toId="21">
</dataflow>
<dataflow id="79" from="_ssdm_op_WriteReq.m_axi.i32P" to="myHeap_addr_req" fromId="78" toId="22">
</dataflow>
<dataflow id="80" from="myHeap_addr" to="myHeap_addr_req" fromId="21" toId="22">
</dataflow>
<dataflow id="81" from="StgValue_73" to="myHeap_addr_req" fromId="73" toId="22">
</dataflow>
<dataflow id="82" from="_ssdm_op_Read.ap_auto.i32" to="offset_read" fromId="42" toId="23">
</dataflow>
<dataflow id="83" from="offset" to="offset_read" fromId="41" toId="23">
</dataflow>
<dataflow id="85" from="_ssdm_op_Write.m_axi.volatile.i32P" to="write_ln75" fromId="84" toId="24">
</dataflow>
<dataflow id="86" from="myHeap_addr" to="write_ln75" fromId="21" toId="24">
</dataflow>
<dataflow id="87" from="offset_read" to="write_ln75" fromId="23" toId="24">
</dataflow>
<dataflow id="89" from="StgValue_88" to="write_ln75" fromId="88" toId="24">
</dataflow>
<dataflow id="91" from="_ssdm_op_WriteResp.m_axi.i32P" to="myHeap_addr_resp" fromId="90" toId="25">
</dataflow>
<dataflow id="92" from="myHeap_addr" to="myHeap_addr_resp" fromId="21" toId="25">
</dataflow>
<dataflow id="93" from="_ssdm_op_WriteResp.m_axi.i32P" to="myHeap_addr_resp" fromId="90" toId="26">
</dataflow>
<dataflow id="94" from="myHeap_addr" to="myHeap_addr_resp" fromId="21" toId="26">
</dataflow>
<dataflow id="95" from="_ssdm_op_WriteResp.m_axi.i32P" to="myHeap_addr_resp" fromId="90" toId="27">
</dataflow>
<dataflow id="96" from="myHeap_addr" to="myHeap_addr_resp" fromId="21" toId="27">
</dataflow>
<dataflow id="97" from="_ssdm_op_WriteResp.m_axi.i32P" to="myHeap_addr_resp" fromId="90" toId="28">
</dataflow>
<dataflow id="98" from="myHeap_addr" to="myHeap_addr_resp" fromId="21" toId="28">
</dataflow>
<dataflow id="100" from="_ssdm_op_SpecInterface" to="specinterface_ln0" fromId="99" toId="29">
</dataflow>
<dataflow id="101" from="myHeap" to="specinterface_ln0" fromId="39" toId="29">
</dataflow>
<dataflow id="103" from="p_str3" to="specinterface_ln0" fromId="102" toId="29">
</dataflow>
<dataflow id="104" from="StgValue_50" to="specinterface_ln0" fromId="50" toId="29">
</dataflow>
<dataflow id="105" from="StgValue_50" to="specinterface_ln0" fromId="50" toId="29">
</dataflow>
<dataflow id="107" from="p_str1" to="specinterface_ln0" fromId="106" toId="29">
</dataflow>
<dataflow id="108" from="StgValue_50" to="specinterface_ln0" fromId="50" toId="29">
</dataflow>
<dataflow id="109" from="StgValue_73" to="specinterface_ln0" fromId="73" toId="29">
</dataflow>
<dataflow id="110" from="p_str1" to="specinterface_ln0" fromId="106" toId="29">
</dataflow>
<dataflow id="112" from="p_str4" to="specinterface_ln0" fromId="111" toId="29">
</dataflow>
<dataflow id="113" from="p_str1" to="specinterface_ln0" fromId="106" toId="29">
</dataflow>
<dataflow id="115" from="StgValue_114" to="specinterface_ln0" fromId="114" toId="29">
</dataflow>
<dataflow id="116" from="StgValue_114" to="specinterface_ln0" fromId="114" toId="29">
</dataflow>
<dataflow id="117" from="StgValue_114" to="specinterface_ln0" fromId="114" toId="29">
</dataflow>
<dataflow id="118" from="StgValue_114" to="specinterface_ln0" fromId="114" toId="29">
</dataflow>
<dataflow id="119" from="p_str1" to="specinterface_ln0" fromId="106" toId="29">
</dataflow>
<dataflow id="120" from="p_str1" to="specinterface_ln0" fromId="106" toId="29">
</dataflow>
<dataflow id="121" from="_ssdm_op_WriteResp.m_axi.i32P" to="myHeap_addr_resp" fromId="90" toId="30">
</dataflow>
<dataflow id="122" from="myHeap_addr" to="myHeap_addr_resp" fromId="21" toId="30">
</dataflow>
</dataflows>


</stg>
