<stg><name>node_set_left</name>


<trans_list>

<trans id="11" from="1" to="2">
<condition id="-1">
<or_exp><and_exp></and_exp></or_exp>
</condition>
</trans>

<trans id="12" from="2" to="3">
<condition id="-1">
<or_exp><and_exp></and_exp></or_exp>
</condition>
</trans>
</trans_list>



<state_list>

<state id="1" st_id="1">

<operation id="4" st_id="1" stage="1" lat="1">
<core>NULL</core>
<MemPortIdVec></MemPortIdVec>
<condition id="-1">
<or_exp><and_exp></and_exp></or_exp>
</condition>

<Node id="5" bw="32" op_0_bw="32" op_1_bw="32">
<![CDATA[
:1  %nextPtr_read = call i32 @_ssdm_op_Read.ap_auto.i32(i32 %nextPtr) nounwind

]]></Node>
<StgValue><ssdm name="nextPtr_read"/></StgValue>
</operation>

<operation id="5" st_id="1" stage="1" lat="1">
<core>NULL</core>
<MemPortIdVec></MemPortIdVec>
<condition id="-1">
<or_exp><and_exp></and_exp></or_exp>
</condition>

<Node id="6" bw="32" op_0_bw="32" op_1_bw="32">
<![CDATA[
:2  %currentPtr_read = call i32 @_ssdm_op_Read.ap_auto.i32(i32 %currentPtr) nounwind

]]></Node>
<StgValue><ssdm name="currentPtr_read"/></StgValue>
</operation>

<operation id="6" st_id="1" stage="1" lat="1">
<core>AddSub</core>
<MemPortIdVec></MemPortIdVec>
<condition id="-1">
<or_exp><and_exp></and_exp></or_exp>
</condition>

<Node id="7" bw="32" op_0_bw="32" op_1_bw="32">
<![CDATA[
:3  %offset = sub nsw i32 %nextPtr_read, %currentPtr_read

]]></Node>
<StgValue><ssdm name="offset"/></StgValue>
</operation>
</state>

<state id="2" st_id="2">

<operation id="7" st_id="2" stage="2" lat="2">
<core></core>
<MemPortIdVec></MemPortIdVec>
<condition id="-1">
<or_exp><and_exp></and_exp></or_exp>
</condition>

<Node id="8" bw="0" op_0_bw="0" op_1_bw="32" op_2_bw="32" op_3_bw="32">
<![CDATA[
:4  call fastcc void @node_write_left(i32* %myHeap, i32 %currentPtr_read, i32 %offset)

]]></Node>
<StgValue><ssdm name="call_ln6"/></StgValue>
</operation>
</state>

<state id="3" st_id="3">

<operation id="8" st_id="3" stage="1" lat="1">
<core>NULL</core>
<MemPortIdVec></MemPortIdVec>
<condition id="-1">
<or_exp><and_exp></and_exp></or_exp>
</condition>

<Node id="4" bw="0" op_0_bw="0" op_1_bw="32" op_2_bw="0" op_3_bw="32" op_4_bw="32" op_5_bw="0" op_6_bw="32" op_7_bw="32" op_8_bw="0" op_9_bw="0" op_10_bw="0" op_11_bw="32" op_12_bw="32" op_13_bw="32" op_14_bw="32" op_15_bw="0" op_16_bw="0">
<![CDATA[
:0  call void (...)* @_ssdm_op_SpecInterface(i32* %myHeap, [6 x i8]* @p_str3, i32 0, i32 0, [1 x i8]* @p_str1, i32 0, i32 1, [1 x i8]* @p_str1, [4 x i8]* @p_str4, [1 x i8]* @p_str1, i32 16, i32 16, i32 16, i32 16, [1 x i8]* @p_str1, [1 x i8]* @p_str1) nounwind

]]></Node>
<StgValue><ssdm name="specinterface_ln0"/></StgValue>
</operation>

<operation id="9" st_id="3" stage="1" lat="2">
<core></core>
<MemPortIdVec></MemPortIdVec>
<condition id="-1">
<or_exp><and_exp></and_exp></or_exp>
</condition>

<Node id="8" bw="0" op_0_bw="0" op_1_bw="32" op_2_bw="32" op_3_bw="32">
<![CDATA[
:4  call fastcc void @node_write_left(i32* %myHeap, i32 %currentPtr_read, i32 %offset)

]]></Node>
<StgValue><ssdm name="call_ln6"/></StgValue>
</operation>

<operation id="10" st_id="3" stage="1" lat="1">
<core>NULL</core>
<MemPortIdVec></MemPortIdVec>
<condition id="-1">
<or_exp><and_exp></and_exp></or_exp>
</condition>

<Node id="9" bw="0">
<![CDATA[
:5  ret void

]]></Node>
<StgValue><ssdm name="ret_ln7"/></StgValue>
</operation>
</state>
</state_list>


<ports>
<port id="13" name="myHeap" dir="1" iftype="4">
<core>NULL</core><StgValue><ssdm name="myHeap"/></StgValue>
</port>
<port id="14" name="currentPtr" dir="0" iftype="0">
<core>NULL</core><StgValue><ssdm name="currentPtr"/></StgValue>
</port>
<port id="15" name="nextPtr" dir="0" iftype="0">
<core>NULL</core><StgValue><ssdm name="nextPtr"/></StgValue>
</port>
</ports>


<dataflows>
<dataflow id="17" from="_ssdm_op_Read.ap_auto.i32" to="nextPtr_read" fromId="16" toId="4">
</dataflow>
<dataflow id="18" from="nextPtr" to="nextPtr_read" fromId="15" toId="4">
</dataflow>
<dataflow id="19" from="_ssdm_op_Read.ap_auto.i32" to="currentPtr_read" fromId="16" toId="5">
</dataflow>
<dataflow id="20" from="currentPtr" to="currentPtr_read" fromId="14" toId="5">
</dataflow>
<dataflow id="21" from="nextPtr_read" to="offset" fromId="4" toId="6">
</dataflow>
<dataflow id="22" from="currentPtr_read" to="offset" fromId="5" toId="6">
</dataflow>
<dataflow id="24" from="node_write_left" to="call_ln6" fromId="23" toId="7">
</dataflow>
<dataflow id="25" from="myHeap" to="call_ln6" fromId="13" toId="7">
</dataflow>
<dataflow id="26" from="currentPtr_read" to="call_ln6" fromId="5" toId="7">
</dataflow>
<dataflow id="27" from="offset" to="call_ln6" fromId="6" toId="7">
</dataflow>
<dataflow id="29" from="_ssdm_op_SpecInterface" to="specinterface_ln0" fromId="28" toId="8">
</dataflow>
<dataflow id="30" from="myHeap" to="specinterface_ln0" fromId="13" toId="8">
</dataflow>
<dataflow id="32" from="p_str3" to="specinterface_ln0" fromId="31" toId="8">
</dataflow>
<dataflow id="34" from="StgValue_33" to="specinterface_ln0" fromId="33" toId="8">
</dataflow>
<dataflow id="35" from="StgValue_33" to="specinterface_ln0" fromId="33" toId="8">
</dataflow>
<dataflow id="37" from="p_str1" to="specinterface_ln0" fromId="36" toId="8">
</dataflow>
<dataflow id="38" from="StgValue_33" to="specinterface_ln0" fromId="33" toId="8">
</dataflow>
<dataflow id="40" from="StgValue_39" to="specinterface_ln0" fromId="39" toId="8">
</dataflow>
<dataflow id="41" from="p_str1" to="specinterface_ln0" fromId="36" toId="8">
</dataflow>
<dataflow id="43" from="p_str4" to="specinterface_ln0" fromId="42" toId="8">
</dataflow>
<dataflow id="44" from="p_str1" to="specinterface_ln0" fromId="36" toId="8">
</dataflow>
<dataflow id="46" from="StgValue_45" to="specinterface_ln0" fromId="45" toId="8">
</dataflow>
<dataflow id="47" from="StgValue_45" to="specinterface_ln0" fromId="45" toId="8">
</dataflow>
<dataflow id="48" from="StgValue_45" to="specinterface_ln0" fromId="45" toId="8">
</dataflow>
<dataflow id="49" from="StgValue_45" to="specinterface_ln0" fromId="45" toId="8">
</dataflow>
<dataflow id="50" from="p_str1" to="specinterface_ln0" fromId="36" toId="8">
</dataflow>
<dataflow id="51" from="p_str1" to="specinterface_ln0" fromId="36" toId="8">
</dataflow>
<dataflow id="52" from="node_write_left" to="call_ln6" fromId="23" toId="9">
</dataflow>
<dataflow id="53" from="myHeap" to="call_ln6" fromId="13" toId="9">
</dataflow>
<dataflow id="54" from="currentPtr_read" to="call_ln6" fromId="5" toId="9">
</dataflow>
<dataflow id="55" from="offset" to="call_ln6" fromId="6" toId="9">
</dataflow>
</dataflows>


</stg>
