<stg><name>PM_1_INSERTION</name>


<trans_list>

<trans id="79" from="1" to="2">
<condition id="-1">
<or_exp><and_exp><literal name="icmp_ln6" val="0"/>
</and_exp></or_exp>
</condition>
</trans>

<trans id="84" from="1" to="4">
<condition id="-1">
<or_exp><and_exp><literal name="icmp_ln6" val="1"/>
</and_exp></or_exp>
</condition>
</trans>

<trans id="80" from="2" to="3">
<condition id="-1">
<or_exp><and_exp><literal name="icmp_ln22" val="1"/>
</and_exp></or_exp>
</condition>
</trans>

<trans id="83" from="2" to="7">
<condition id="-1">
<or_exp><and_exp><literal name="icmp_ln22" val="0"/>
</and_exp></or_exp>
</condition>
</trans>

<trans id="82" from="3" to="2">
<condition id="-1">
<or_exp><and_exp></and_exp></or_exp>
</condition>
</trans>

<trans id="85" from="4" to="5">
<condition id="-1">
<or_exp><and_exp><literal name="icmp_ln10" val="1"/>
</and_exp></or_exp>
</condition>
</trans>

<trans id="90" from="4" to="7">
<condition id="-1">
<or_exp><and_exp><literal name="icmp_ln10" val="0"/>
</and_exp></or_exp>
</condition>
</trans>

<trans id="86" from="5" to="6">
<condition id="-1">
<or_exp><and_exp><literal name="icmp_ln12" val="0"/>
</and_exp></or_exp>
</condition>
</trans>

<trans id="87" from="5" to="5">
<condition id="-1">
<or_exp><and_exp><literal name="icmp_ln12" val="1"/>
</and_exp></or_exp>
</condition>
</trans>

<trans id="89" from="6" to="4">
<condition id="-1">
<or_exp><and_exp></and_exp></or_exp>
</condition>
</trans>
</trans_list>



<state_list>

<state id="1" st_id="1">

<operation id="8" st_id="1" stage="1" lat="1">
<core>NULL</core>
<MemPortIdVec></MemPortIdVec>
<condition id="-1">
<or_exp><and_exp></and_exp></or_exp>
</condition>

<Node id="9" bw="0" op_0_bw="0" op_1_bw="32" op_2_bw="0" op_3_bw="32" op_4_bw="32" op_5_bw="0" op_6_bw="32" op_7_bw="32" op_8_bw="0" op_9_bw="0" op_10_bw="0" op_11_bw="32" op_12_bw="32" op_13_bw="32" op_14_bw="32" op_15_bw="0" op_16_bw="0">
<![CDATA[
:0  call void (...)* @_ssdm_op_SpecInterface(i32* %Master2SysAlloc, [6 x i8]* @p_str3, i32 0, i32 0, [1 x i8]* @p_str1, i32 0, i32 1, [1 x i8]* @p_str1, [4 x i8]* @p_str4, [1 x i8]* @p_str1, i32 16, i32 16, i32 16, i32 16, [1 x i8]* @p_str1, [1 x i8]* @p_str1) nounwind

]]></Node>
<StgValue><ssdm name="specinterface_ln0"/></StgValue>
</operation>

<operation id="9" st_id="1" stage="1" lat="1">
<core>NULL</core>
<MemPortIdVec></MemPortIdVec>
<condition id="-1">
<or_exp><and_exp></and_exp></or_exp>
</condition>

<Node id="10" bw="0" op_0_bw="0" op_1_bw="32" op_2_bw="0" op_3_bw="32" op_4_bw="32" op_5_bw="0" op_6_bw="32" op_7_bw="32" op_8_bw="0" op_9_bw="0" op_10_bw="0" op_11_bw="32" op_12_bw="32" op_13_bw="32" op_14_bw="32" op_15_bw="0" op_16_bw="0">
<![CDATA[
:1  call void (...)* @_ssdm_op_SpecInterface(i32* %myHeap, [6 x i8]* @p_str3, i32 0, i32 0, [1 x i8]* @p_str1, i32 0, i32 1, [1 x i8]* @p_str1, [4 x i8]* @p_str4, [1 x i8]* @p_str1, i32 16, i32 16, i32 16, i32 16, [1 x i8]* @p_str1, [1 x i8]* @p_str1) nounwind

]]></Node>
<StgValue><ssdm name="specinterface_ln0"/></StgValue>
</operation>

<operation id="10" st_id="1" stage="1" lat="1">
<core>NULL</core>
<MemPortIdVec></MemPortIdVec>
<condition id="-1">
<or_exp><and_exp></and_exp></or_exp>
</condition>

<Node id="11" bw="32" op_0_bw="32" op_1_bw="32">
<![CDATA[
:2  %log2_tree_size_read = call i32 @_ssdm_op_Read.ap_auto.i32(i32 %log2_tree_size)

]]></Node>
<StgValue><ssdm name="log2_tree_size_read"/></StgValue>
</operation>

<operation id="11" st_id="1" stage="1" lat="1">
<core>NULL</core>
<MemPortIdVec></MemPortIdVec>
<condition id="-1">
<or_exp><and_exp></and_exp></or_exp>
</condition>

<Node id="12" bw="32" op_0_bw="32">
<![CDATA[
:3  %TestCase_load = load i32* @TestCase, align 4

]]></Node>
<StgValue><ssdm name="TestCase_load"/></StgValue>
</operation>

<operation id="12" st_id="1" stage="1" lat="1">
<core>Cmp</core>
<MemPortIdVec></MemPortIdVec>
<condition id="-1">
<or_exp><and_exp></and_exp></or_exp>
</condition>

<Node id="13" bw="1" op_0_bw="32" op_1_bw="32">
<![CDATA[
:4  %icmp_ln6 = icmp eq i32 %TestCase_load, 1

]]></Node>
<StgValue><ssdm name="icmp_ln6"/></StgValue>
</operation>

<operation id="13" st_id="1" stage="1" lat="1">
<core>AddSub</core>
<MemPortIdVec></MemPortIdVec>
<condition id="-1">
<or_exp><and_exp></and_exp></or_exp>
</condition>

<Node id="14" bw="32" op_0_bw="32" op_1_bw="32">
<![CDATA[
:5  %log2_RNG_num_range = add nsw i32 %log2_tree_size_read, -1

]]></Node>
<StgValue><ssdm name="log2_RNG_num_range"/></StgValue>
</operation>

<operation id="14" st_id="1" stage="1" lat="1">
<core>Shift</core>
<MemPortIdVec></MemPortIdVec>
<condition id="-1">
<or_exp><and_exp></and_exp></or_exp>
</condition>

<Node id="15" bw="32" op_0_bw="32" op_1_bw="32">
<![CDATA[
:6  %iter = shl i32 1, %log2_RNG_num_range

]]></Node>
<StgValue><ssdm name="iter"/></StgValue>
</operation>

<operation id="15" st_id="1" stage="1" lat="1">
<core>NULL</core>
<MemPortIdVec></MemPortIdVec>
<condition id="-1">
<or_exp><and_exp></and_exp></or_exp>
</condition>

<Node id="16" bw="32" op_0_bw="32">
<![CDATA[
:7  %temp_nodePtr_2 = alloca i32

]]></Node>
<StgValue><ssdm name="temp_nodePtr_2"/></StgValue>
</operation>

<operation id="16" st_id="1" stage="1" lat="1">
<core>NULL</core>
<MemPortIdVec></MemPortIdVec>
<condition id="-1">
<or_exp><and_exp></and_exp></or_exp>
</condition>

<Node id="17" bw="0" op_0_bw="1" op_1_bw="0" op_2_bw="0">
<![CDATA[
:8  br i1 %icmp_ln6, label %.preheader12.preheader, label %.preheader.preheader

]]></Node>
<StgValue><ssdm name="br_ln6"/></StgValue>
</operation>

<operation id="17" st_id="1" stage="1" lat="1">
<core>NULL</core>
<MemPortIdVec></MemPortIdVec>
<condition id="-1">
<or_exp><and_exp><literal name="icmp_ln6" val="0"/>
</and_exp></or_exp>
</condition>

<Node id="19" bw="0" op_0_bw="0">
<![CDATA[
.preheader.preheader:0  br label %.preheader

]]></Node>
<StgValue><ssdm name="br_ln22"/></StgValue>
</operation>

<operation id="18" st_id="1" stage="1" lat="1">
<core>NULL</core>
<MemPortIdVec></MemPortIdVec>
<condition id="-1">
<or_exp><and_exp><literal name="icmp_ln6" val="1"/>
</and_exp></or_exp>
</condition>

<Node id="40" bw="0" op_0_bw="0">
<![CDATA[
.preheader12.preheader:0  br label %.preheader12

]]></Node>
<StgValue><ssdm name="br_ln10"/></StgValue>
</operation>
</state>

<state id="2" st_id="2">

<operation id="19" st_id="2" stage="1" lat="1">
<core>NULL</core>
<MemPortIdVec></MemPortIdVec>
<condition id="-1">
<or_exp><and_exp></and_exp></or_exp>
</condition>

<Node id="21" bw="32" op_0_bw="32" op_1_bw="0" op_2_bw="32" op_3_bw="0">
<![CDATA[
.preheader:0  %root_1 = phi i32 [ %temp_root_2, %2 ], [ 0, %.preheader.preheader ]

]]></Node>
<StgValue><ssdm name="root_1"/></StgValue>
</operation>

<operation id="20" st_id="2" stage="1" lat="1">
<core>NULL</core>
<MemPortIdVec></MemPortIdVec>
<condition id="-1">
<or_exp><and_exp></and_exp></or_exp>
</condition>

<Node id="22" bw="31" op_0_bw="31" op_1_bw="0" op_2_bw="31" op_3_bw="0">
<![CDATA[
.preheader:1  %i1_0 = phi i31 [ %i, %2 ], [ 0, %.preheader.preheader ]

]]></Node>
<StgValue><ssdm name="i1_0"/></StgValue>
</operation>

<operation id="21" st_id="2" stage="1" lat="1">
<core>NULL</core>
<MemPortIdVec></MemPortIdVec>
<condition id="-1">
<or_exp><and_exp></and_exp></or_exp>
</condition>

<Node id="23" bw="32" op_0_bw="31">
<![CDATA[
.preheader:2  %zext_ln22 = zext i31 %i1_0 to i32

]]></Node>
<StgValue><ssdm name="zext_ln22"/></StgValue>
</operation>

<operation id="22" st_id="2" stage="1" lat="1">
<core>Cmp</core>
<MemPortIdVec></MemPortIdVec>
<condition id="-1">
<or_exp><and_exp></and_exp></or_exp>
</condition>

<Node id="24" bw="1" op_0_bw="32" op_1_bw="32">
<![CDATA[
.preheader:3  %icmp_ln22 = icmp slt i32 %zext_ln22, %iter

]]></Node>
<StgValue><ssdm name="icmp_ln22"/></StgValue>
</operation>

<operation id="23" st_id="2" stage="1" lat="1">
<core>AddSub</core>
<MemPortIdVec></MemPortIdVec>
<condition id="-1">
<or_exp><and_exp></and_exp></or_exp>
</condition>

<Node id="25" bw="31" op_0_bw="31" op_1_bw="31">
<![CDATA[
.preheader:4  %i = add i31 %i1_0, 1

]]></Node>
<StgValue><ssdm name="i"/></StgValue>
</operation>

<operation id="24" st_id="2" stage="1" lat="1">
<core>NULL</core>
<MemPortIdVec></MemPortIdVec>
<condition id="-1">
<or_exp><and_exp></and_exp></or_exp>
</condition>

<Node id="26" bw="0" op_0_bw="1" op_1_bw="0" op_2_bw="0">
<![CDATA[
.preheader:5  br i1 %icmp_ln22, label %2, label %.loopexit.loopexit

]]></Node>
<StgValue><ssdm name="br_ln22"/></StgValue>
</operation>

<operation id="25" st_id="2" stage="1" lat="1">
<core>NULL</core>
<MemPortIdVec></MemPortIdVec>
<condition id="-1">
<or_exp><and_exp><literal name="icmp_ln22" val="1"/>
</and_exp></or_exp>
</condition>

<Node id="28" bw="32" op_0_bw="32">
<![CDATA[
:0  %temp_nodePtr_2_load = load i32* %temp_nodePtr_2

]]></Node>
<StgValue><ssdm name="temp_nodePtr_2_load"/></StgValue>
</operation>

<operation id="26" st_id="2" stage="1" lat="1">
<core>NULL</core>
<MemPortIdVec></MemPortIdVec>
<condition id="-1">
<or_exp><and_exp><literal name="icmp_ln22" val="1"/>
</and_exp></or_exp>
</condition>

<Node id="29" bw="28" op_0_bw="31">
<![CDATA[
:1  %trunc_ln23 = trunc i31 %i1_0 to i28

]]></Node>
<StgValue><ssdm name="trunc_ln23"/></StgValue>
</operation>

<operation id="27" st_id="2" stage="1" lat="1">
<core>NULL</core>
<MemPortIdVec></MemPortIdVec>
<condition id="-1">
<or_exp><and_exp><literal name="icmp_ln22" val="1"/>
</and_exp></or_exp>
</condition>

<Node id="30" bw="32" op_0_bw="32" op_1_bw="28" op_2_bw="4">
<![CDATA[
:2  %shl_ln = call i32 @_ssdm_op_BitConcatenate.i32.i28.i4(i28 %trunc_ln23, i4 0)

]]></Node>
<StgValue><ssdm name="shl_ln"/></StgValue>
</operation>

<operation id="28" st_id="2" stage="1" lat="1">
<core>AddSub</core>
<MemPortIdVec></MemPortIdVec>
<condition id="-1">
<or_exp><and_exp><literal name="icmp_ln22" val="1"/>
</and_exp></or_exp>
</condition>

<Node id="31" bw="32" op_0_bw="32" op_1_bw="32">
<![CDATA[
:3  %key = add i32 16, %shl_ln

]]></Node>
<StgValue><ssdm name="key"/></StgValue>
</operation>

<operation id="29" st_id="2" stage="2" lat="2">
<core></core>
<MemPortIdVec></MemPortIdVec>
<condition id="-1">
<or_exp><and_exp><literal name="icmp_ln22" val="1"/>
</and_exp></or_exp>
</condition>

<Node id="32" bw="64" op_0_bw="64" op_1_bw="32" op_2_bw="32" op_3_bw="32" op_4_bw="32" op_5_bw="32" op_6_bw="32" op_7_bw="32">
<![CDATA[
:4  %Insert_ret4 = call fastcc { i32, i32 } @Insert(i32 %root_1, i32 %temp_nodePtr_2_load, i32* %myHeap, i32* %Master2SysAlloc, [40 x i32]* %fixedStack, i32 %root_1, i32 %key)

]]></Node>
<StgValue><ssdm name="Insert_ret4"/></StgValue>
</operation>

<operation id="30" st_id="2" stage="1" lat="1">
<core>NULL</core>
<MemPortIdVec></MemPortIdVec>
<condition id="-1">
<or_exp><and_exp><literal name="icmp_ln22" val="0"/>
</and_exp></or_exp>
</condition>

<Node id="38" bw="0" op_0_bw="0">
<![CDATA[
.loopexit.loopexit:0  br label %.loopexit

]]></Node>
<StgValue><ssdm name="br_ln0"/></StgValue>
</operation>
</state>

<state id="3" st_id="3">

<operation id="31" st_id="3" stage="1" lat="2">
<core></core>
<MemPortIdVec></MemPortIdVec>
<condition id="-1">
<or_exp><and_exp></and_exp></or_exp>
</condition>

<Node id="32" bw="64" op_0_bw="64" op_1_bw="32" op_2_bw="32" op_3_bw="32" op_4_bw="32" op_5_bw="32" op_6_bw="32" op_7_bw="32">
<![CDATA[
:4  %Insert_ret4 = call fastcc { i32, i32 } @Insert(i32 %root_1, i32 %temp_nodePtr_2_load, i32* %myHeap, i32* %Master2SysAlloc, [40 x i32]* %fixedStack, i32 %root_1, i32 %key)

]]></Node>
<StgValue><ssdm name="Insert_ret4"/></StgValue>
</operation>

<operation id="32" st_id="3" stage="1" lat="1">
<core>NULL</core>
<MemPortIdVec></MemPortIdVec>
<condition id="-1">
<or_exp><and_exp></and_exp></or_exp>
</condition>

<Node id="33" bw="32" op_0_bw="64">
<![CDATA[
:5  %temp_root_2 = extractvalue { i32, i32 } %Insert_ret4, 0

]]></Node>
<StgValue><ssdm name="temp_root_2"/></StgValue>
</operation>

<operation id="33" st_id="3" stage="1" lat="1">
<core>NULL</core>
<MemPortIdVec></MemPortIdVec>
<condition id="-1">
<or_exp><and_exp></and_exp></or_exp>
</condition>

<Node id="34" bw="32" op_0_bw="64">
<![CDATA[
:6  %temp_nodePtr_1 = extractvalue { i32, i32 } %Insert_ret4, 1

]]></Node>
<StgValue><ssdm name="temp_nodePtr_1"/></StgValue>
</operation>

<operation id="34" st_id="3" stage="1" lat="1">
<core>NULL</core>
<MemPortIdVec></MemPortIdVec>
<condition id="-1">
<or_exp><and_exp></and_exp></or_exp>
</condition>

<Node id="35" bw="0" op_0_bw="32" op_1_bw="32" op_2_bw="32">
<![CDATA[
:7  store i32 %temp_nodePtr_1, i32* %temp_nodePtr_2

]]></Node>
<StgValue><ssdm name="store_ln22"/></StgValue>
</operation>

<operation id="35" st_id="3" stage="1" lat="1">
<core>NULL</core>
<MemPortIdVec></MemPortIdVec>
<condition id="-1">
<or_exp><and_exp></and_exp></or_exp>
</condition>

<Node id="36" bw="0" op_0_bw="0">
<![CDATA[
:8  br label %.preheader

]]></Node>
<StgValue><ssdm name="br_ln22"/></StgValue>
</operation>
</state>

<state id="4" st_id="4">

<operation id="36" st_id="4" stage="1" lat="1">
<core>NULL</core>
<MemPortIdVec></MemPortIdVec>
<condition id="-1">
<or_exp><and_exp></and_exp></or_exp>
</condition>

<Node id="42" bw="32" op_0_bw="32" op_1_bw="0" op_2_bw="32" op_3_bw="0">
<![CDATA[
.preheader12:0  %root_0 = phi i32 [ %temp_root, %RandGen.exit ], [ 0, %.preheader12.preheader ]

]]></Node>
<StgValue><ssdm name="root_0"/></StgValue>
</operation>

<operation id="37" st_id="4" stage="1" lat="1">
<core>NULL</core>
<MemPortIdVec></MemPortIdVec>
<condition id="-1">
<or_exp><and_exp></and_exp></or_exp>
</condition>

<Node id="43" bw="31" op_0_bw="31" op_1_bw="0" op_2_bw="31" op_3_bw="0">
<![CDATA[
.preheader12:1  %i_0 = phi i31 [ %i_4, %RandGen.exit ], [ 0, %.preheader12.preheader ]

]]></Node>
<StgValue><ssdm name="i_0"/></StgValue>
</operation>

<operation id="38" st_id="4" stage="1" lat="1">
<core>NULL</core>
<MemPortIdVec></MemPortIdVec>
<condition id="-1">
<or_exp><and_exp></and_exp></or_exp>
</condition>

<Node id="44" bw="32" op_0_bw="31">
<![CDATA[
.preheader12:2  %zext_ln10 = zext i31 %i_0 to i32

]]></Node>
<StgValue><ssdm name="zext_ln10"/></StgValue>
</operation>

<operation id="39" st_id="4" stage="1" lat="1">
<core>Cmp</core>
<MemPortIdVec></MemPortIdVec>
<condition id="-1">
<or_exp><and_exp></and_exp></or_exp>
</condition>

<Node id="45" bw="1" op_0_bw="32" op_1_bw="32">
<![CDATA[
.preheader12:3  %icmp_ln10 = icmp slt i32 %zext_ln10, %iter

]]></Node>
<StgValue><ssdm name="icmp_ln10"/></StgValue>
</operation>

<operation id="40" st_id="4" stage="1" lat="1">
<core>AddSub</core>
<MemPortIdVec></MemPortIdVec>
<condition id="-1">
<or_exp><and_exp></and_exp></or_exp>
</condition>

<Node id="46" bw="31" op_0_bw="31" op_1_bw="31">
<![CDATA[
.preheader12:4  %i_4 = add i31 %i_0, 1

]]></Node>
<StgValue><ssdm name="i_4"/></StgValue>
</operation>

<operation id="41" st_id="4" stage="1" lat="1">
<core>NULL</core>
<MemPortIdVec></MemPortIdVec>
<condition id="-1">
<or_exp><and_exp></and_exp></or_exp>
</condition>

<Node id="47" bw="0" op_0_bw="1" op_1_bw="0" op_2_bw="0">
<![CDATA[
.preheader12:5  br i1 %icmp_ln10, label %.preheader16.preheader, label %.loopexit.loopexit5

]]></Node>
<StgValue><ssdm name="br_ln10"/></StgValue>
</operation>

<operation id="42" st_id="4" stage="1" lat="1">
<core>NULL</core>
<MemPortIdVec></MemPortIdVec>
<condition id="-1">
<or_exp><and_exp><literal name="icmp_ln10" val="1"/>
</and_exp></or_exp>
</condition>

<Node id="49" bw="0" op_0_bw="0">
<![CDATA[
.preheader16.preheader:0  br label %.preheader16

]]></Node>
<StgValue><ssdm name="br_ln12"/></StgValue>
</operation>

<operation id="43" st_id="4" stage="1" lat="1">
<core>NULL</core>
<MemPortIdVec></MemPortIdVec>
<condition id="-1">
<or_exp><and_exp><literal name="icmp_ln10" val="0"/>
</and_exp></or_exp>
</condition>

<Node id="85" bw="0" op_0_bw="0">
<![CDATA[
.loopexit.loopexit5:0  br label %.loopexit

]]></Node>
<StgValue><ssdm name="br_ln0"/></StgValue>
</operation>
</state>

<state id="5" st_id="5">

<operation id="44" st_id="5" stage="1" lat="1">
<core>NULL</core>
<MemPortIdVec></MemPortIdVec>
<condition id="-1">
<or_exp><and_exp></and_exp></or_exp>
</condition>

<Node id="51" bw="32" op_0_bw="32" op_1_bw="0" op_2_bw="32" op_3_bw="0">
<![CDATA[
.preheader16:0  %mask_2 = phi i32 [ %mask, %1 ], [ 0, %.preheader16.preheader ]

]]></Node>
<StgValue><ssdm name="mask_2"/></StgValue>
</operation>

<operation id="45" st_id="5" stage="1" lat="1">
<core>NULL</core>
<MemPortIdVec></MemPortIdVec>
<condition id="-1">
<or_exp><and_exp></and_exp></or_exp>
</condition>

<Node id="52" bw="31" op_0_bw="31" op_1_bw="0" op_2_bw="31" op_3_bw="0">
<![CDATA[
.preheader16:1  %i_0_i_i = phi i31 [ %i_3, %1 ], [ 0, %.preheader16.preheader ]

]]></Node>
<StgValue><ssdm name="i_0_i_i"/></StgValue>
</operation>

<operation id="46" st_id="5" stage="1" lat="1">
<core>NULL</core>
<MemPortIdVec></MemPortIdVec>
<condition id="-1">
<or_exp><and_exp></and_exp></or_exp>
</condition>

<Node id="53" bw="32" op_0_bw="31">
<![CDATA[
.preheader16:2  %zext_ln12 = zext i31 %i_0_i_i to i32

]]></Node>
<StgValue><ssdm name="zext_ln12"/></StgValue>
</operation>

<operation id="47" st_id="5" stage="1" lat="1">
<core>Cmp</core>
<MemPortIdVec></MemPortIdVec>
<condition id="-1">
<or_exp><and_exp></and_exp></or_exp>
</condition>

<Node id="54" bw="1" op_0_bw="32" op_1_bw="32">
<![CDATA[
.preheader16:3  %icmp_ln12 = icmp slt i32 %zext_ln12, %log2_RNG_num_range

]]></Node>
<StgValue><ssdm name="icmp_ln12"/></StgValue>
</operation>

<operation id="48" st_id="5" stage="1" lat="1">
<core>AddSub</core>
<MemPortIdVec></MemPortIdVec>
<condition id="-1">
<or_exp><and_exp></and_exp></or_exp>
</condition>

<Node id="55" bw="31" op_0_bw="31" op_1_bw="31">
<![CDATA[
.preheader16:4  %i_3 = add i31 %i_0_i_i, 1

]]></Node>
<StgValue><ssdm name="i_3"/></StgValue>
</operation>

<operation id="49" st_id="5" stage="1" lat="1">
<core>NULL</core>
<MemPortIdVec></MemPortIdVec>
<condition id="-1">
<or_exp><and_exp></and_exp></or_exp>
</condition>

<Node id="56" bw="0" op_0_bw="1" op_1_bw="0" op_2_bw="0">
<![CDATA[
.preheader16:5  br i1 %icmp_ln12, label %1, label %RandGen.exit

]]></Node>
<StgValue><ssdm name="br_ln12"/></StgValue>
</operation>

<operation id="50" st_id="5" stage="1" lat="1">
<core>Shift</core>
<MemPortIdVec></MemPortIdVec>
<condition id="-1">
<or_exp><and_exp><literal name="icmp_ln12" val="1"/>
</and_exp></or_exp>
</condition>

<Node id="58" bw="32" op_0_bw="32" op_1_bw="32">
<![CDATA[
:0  %shl_ln13 = shl i32 1, %zext_ln12

]]></Node>
<StgValue><ssdm name="shl_ln13"/></StgValue>
</operation>

<operation id="51" st_id="5" stage="1" lat="1">
<core>LogicGate</core>
<MemPortIdVec></MemPortIdVec>
<condition id="-1">
<or_exp><and_exp><literal name="icmp_ln12" val="1"/>
</and_exp></or_exp>
</condition>

<Node id="59" bw="32" op_0_bw="32" op_1_bw="32">
<![CDATA[
:1  %mask = or i32 %shl_ln13, %mask_2

]]></Node>
<StgValue><ssdm name="mask"/></StgValue>
</operation>

<operation id="52" st_id="5" stage="1" lat="1">
<core>NULL</core>
<MemPortIdVec></MemPortIdVec>
<condition id="-1">
<or_exp><and_exp><literal name="icmp_ln12" val="1"/>
</and_exp></or_exp>
</condition>

<Node id="60" bw="0" op_0_bw="0">
<![CDATA[
:2  br label %.preheader16

]]></Node>
<StgValue><ssdm name="br_ln12"/></StgValue>
</operation>

<operation id="53" st_id="5" stage="1" lat="1">
<core>NULL</core>
<MemPortIdVec></MemPortIdVec>
<condition id="-1">
<or_exp><and_exp><literal name="icmp_ln12" val="0"/>
</and_exp></or_exp>
</condition>

<Node id="62" bw="32" op_0_bw="32">
<![CDATA[
RandGen.exit:0  %temp_nodePtr_2_load_1 = load i32* %temp_nodePtr_2

]]></Node>
<StgValue><ssdm name="temp_nodePtr_2_load_1"/></StgValue>
</operation>

<operation id="54" st_id="5" stage="1" lat="1">
<core>NULL</core>
<MemPortIdVec></MemPortIdVec>
<condition id="-1">
<or_exp><and_exp><literal name="icmp_ln12" val="0"/>
</and_exp></or_exp>
</condition>

<Node id="63" bw="32" op_0_bw="32">
<![CDATA[
RandGen.exit:1  %seed_x_load = load i32* @seed_x, align 4

]]></Node>
<StgValue><ssdm name="seed_x_load"/></StgValue>
</operation>

<operation id="55" st_id="5" stage="1" lat="1">
<core>NULL</core>
<MemPortIdVec></MemPortIdVec>
<condition id="-1">
<or_exp><and_exp><literal name="icmp_ln12" val="0"/>
</and_exp></or_exp>
</condition>

<Node id="64" bw="32" op_0_bw="32" op_1_bw="32">
<![CDATA[
RandGen.exit:2  %shl_ln19 = shl i32 %seed_x_load, 2

]]></Node>
<StgValue><ssdm name="shl_ln19"/></StgValue>
</operation>

<operation id="56" st_id="5" stage="1" lat="1">
<core>LogicGate</core>
<MemPortIdVec></MemPortIdVec>
<condition id="-1">
<or_exp><and_exp><literal name="icmp_ln12" val="0"/>
</and_exp></or_exp>
</condition>

<Node id="65" bw="32" op_0_bw="32" op_1_bw="32">
<![CDATA[
RandGen.exit:3  %t = xor i32 %seed_x_load, %shl_ln19

]]></Node>
<StgValue><ssdm name="t"/></StgValue>
</operation>

<operation id="57" st_id="5" stage="1" lat="1">
<core>NULL</core>
<MemPortIdVec></MemPortIdVec>
<condition id="-1">
<or_exp><and_exp><literal name="icmp_ln12" val="0"/>
</and_exp></or_exp>
</condition>

<Node id="66" bw="32" op_0_bw="32">
<![CDATA[
RandGen.exit:4  %seed_y_load = load i32* @seed_y, align 4

]]></Node>
<StgValue><ssdm name="seed_y_load"/></StgValue>
</operation>

<operation id="58" st_id="5" stage="1" lat="1">
<core>NULL</core>
<MemPortIdVec></MemPortIdVec>
<condition id="-1">
<or_exp><and_exp><literal name="icmp_ln12" val="0"/>
</and_exp></or_exp>
</condition>

<Node id="67" bw="0" op_0_bw="32" op_1_bw="32" op_2_bw="32">
<![CDATA[
RandGen.exit:5  store i32 %seed_y_load, i32* @seed_x, align 4

]]></Node>
<StgValue><ssdm name="store_ln20"/></StgValue>
</operation>

<operation id="59" st_id="5" stage="1" lat="1">
<core>NULL</core>
<MemPortIdVec></MemPortIdVec>
<condition id="-1">
<or_exp><and_exp><literal name="icmp_ln12" val="0"/>
</and_exp></or_exp>
</condition>

<Node id="68" bw="32" op_0_bw="32">
<![CDATA[
RandGen.exit:6  %seed_w_load = load i32* @seed_w, align 4

]]></Node>
<StgValue><ssdm name="seed_w_load"/></StgValue>
</operation>

<operation id="60" st_id="5" stage="1" lat="1">
<core>NULL</core>
<MemPortIdVec></MemPortIdVec>
<condition id="-1">
<or_exp><and_exp><literal name="icmp_ln12" val="0"/>
</and_exp></or_exp>
</condition>

<Node id="69" bw="0" op_0_bw="32" op_1_bw="32" op_2_bw="32">
<![CDATA[
RandGen.exit:7  store i32 %seed_w_load, i32* @seed_y, align 4

]]></Node>
<StgValue><ssdm name="store_ln21"/></StgValue>
</operation>

<operation id="61" st_id="5" stage="1" lat="1">
<core>NULL</core>
<MemPortIdVec></MemPortIdVec>
<condition id="-1">
<or_exp><and_exp><literal name="icmp_ln12" val="0"/>
</and_exp></or_exp>
</condition>

<Node id="70" bw="19" op_0_bw="19" op_1_bw="32" op_2_bw="32" op_3_bw="32">
<![CDATA[
RandGen.exit:8  %trunc_ln = call i19 @_ssdm_op_PartSelect.i19.i32.i32.i32(i32 %seed_w_load, i32 13, i32 31)

]]></Node>
<StgValue><ssdm name="trunc_ln"/></StgValue>
</operation>

<operation id="62" st_id="5" stage="1" lat="1">
<core>NULL</core>
<MemPortIdVec></MemPortIdVec>
<condition id="-1">
<or_exp><and_exp><literal name="icmp_ln12" val="0"/>
</and_exp></or_exp>
</condition>

<Node id="71" bw="9" op_0_bw="9" op_1_bw="32" op_2_bw="32" op_3_bw="32">
<![CDATA[
RandGen.exit:9  %trunc_ln23_2 = call i9 @_ssdm_op_PartSelect.i9.i32.i32.i32(i32 %t, i32 23, i32 31)

]]></Node>
<StgValue><ssdm name="trunc_ln23_2"/></StgValue>
</operation>

<operation id="63" st_id="5" stage="1" lat="1">
<core>NULL</core>
<MemPortIdVec></MemPortIdVec>
<condition id="-1">
<or_exp><and_exp><literal name="icmp_ln12" val="0"/>
</and_exp></or_exp>
</condition>

<Node id="72" bw="19" op_0_bw="9">
<![CDATA[
RandGen.exit:10  %sext_ln23 = sext i9 %trunc_ln23_2 to i19

]]></Node>
<StgValue><ssdm name="sext_ln23"/></StgValue>
</operation>

<operation id="64" st_id="5" stage="1" lat="1">
<core>LogicGate</core>
<MemPortIdVec></MemPortIdVec>
<condition id="-1">
<or_exp><and_exp><literal name="icmp_ln12" val="0"/>
</and_exp></or_exp>
</condition>

<Node id="73" bw="32" op_0_bw="32" op_1_bw="32">
<![CDATA[
RandGen.exit:11  %xor_ln23 = xor i32 %seed_w_load, %t

]]></Node>
<StgValue><ssdm name="xor_ln23"/></StgValue>
</operation>

<operation id="65" st_id="5" stage="1" lat="1">
<core>LogicGate</core>
<MemPortIdVec></MemPortIdVec>
<condition id="-1">
<or_exp><and_exp><literal name="icmp_ln12" val="0"/>
</and_exp></or_exp>
</condition>

<Node id="74" bw="19" op_0_bw="19" op_1_bw="19">
<![CDATA[
RandGen.exit:12  %xor_ln23_3 = xor i19 %trunc_ln, %sext_ln23

]]></Node>
<StgValue><ssdm name="xor_ln23_3"/></StgValue>
</operation>

<operation id="66" st_id="5" stage="1" lat="1">
<core>NULL</core>
<MemPortIdVec></MemPortIdVec>
<condition id="-1">
<or_exp><and_exp><literal name="icmp_ln12" val="0"/>
</and_exp></or_exp>
</condition>

<Node id="75" bw="32" op_0_bw="19">
<![CDATA[
RandGen.exit:13  %sext_ln23_2 = sext i19 %xor_ln23_3 to i32

]]></Node>
<StgValue><ssdm name="sext_ln23_2"/></StgValue>
</operation>

<operation id="67" st_id="5" stage="1" lat="1">
<core>LogicGate</core>
<MemPortIdVec></MemPortIdVec>
<condition id="-1">
<or_exp><and_exp><literal name="icmp_ln12" val="0"/>
</and_exp></or_exp>
</condition>

<Node id="76" bw="32" op_0_bw="32" op_1_bw="32">
<![CDATA[
RandGen.exit:14  %xor_ln23_4 = xor i32 %sext_ln23_2, %xor_ln23

]]></Node>
<StgValue><ssdm name="xor_ln23_4"/></StgValue>
</operation>

<operation id="68" st_id="5" stage="1" lat="1">
<core>NULL</core>
<MemPortIdVec></MemPortIdVec>
<condition id="-1">
<or_exp><and_exp><literal name="icmp_ln12" val="0"/>
</and_exp></or_exp>
</condition>

<Node id="77" bw="0" op_0_bw="32" op_1_bw="32" op_2_bw="32">
<![CDATA[
RandGen.exit:15  store i32 %xor_ln23_4, i32* @seed_w, align 4

]]></Node>
<StgValue><ssdm name="store_ln23"/></StgValue>
</operation>

<operation id="69" st_id="5" stage="1" lat="1">
<core>LogicGate</core>
<MemPortIdVec></MemPortIdVec>
<condition id="-1">
<or_exp><and_exp><literal name="icmp_ln12" val="0"/>
</and_exp></or_exp>
</condition>

<Node id="78" bw="32" op_0_bw="32" op_1_bw="32">
<![CDATA[
RandGen.exit:16  %key_2 = and i32 %xor_ln23_4, %mask_2

]]></Node>
<StgValue><ssdm name="key_2"/></StgValue>
</operation>

<operation id="70" st_id="5" stage="2" lat="2">
<core></core>
<MemPortIdVec></MemPortIdVec>
<condition id="-1">
<or_exp><and_exp><literal name="icmp_ln12" val="0"/>
</and_exp></or_exp>
</condition>

<Node id="79" bw="64" op_0_bw="64" op_1_bw="32" op_2_bw="32" op_3_bw="32" op_4_bw="32" op_5_bw="32" op_6_bw="32" op_7_bw="32">
<![CDATA[
RandGen.exit:17  %Insert_ret = call fastcc { i32, i32 } @Insert(i32 %root_0, i32 %temp_nodePtr_2_load_1, i32* %myHeap, i32* %Master2SysAlloc, [40 x i32]* %fixedStack, i32 %root_0, i32 %key_2)

]]></Node>
<StgValue><ssdm name="Insert_ret"/></StgValue>
</operation>
</state>

<state id="6" st_id="6">

<operation id="71" st_id="6" stage="1" lat="2">
<core></core>
<MemPortIdVec></MemPortIdVec>
<condition id="-1">
<or_exp><and_exp></and_exp></or_exp>
</condition>

<Node id="79" bw="64" op_0_bw="64" op_1_bw="32" op_2_bw="32" op_3_bw="32" op_4_bw="32" op_5_bw="32" op_6_bw="32" op_7_bw="32">
<![CDATA[
RandGen.exit:17  %Insert_ret = call fastcc { i32, i32 } @Insert(i32 %root_0, i32 %temp_nodePtr_2_load_1, i32* %myHeap, i32* %Master2SysAlloc, [40 x i32]* %fixedStack, i32 %root_0, i32 %key_2)

]]></Node>
<StgValue><ssdm name="Insert_ret"/></StgValue>
</operation>

<operation id="72" st_id="6" stage="1" lat="1">
<core>NULL</core>
<MemPortIdVec></MemPortIdVec>
<condition id="-1">
<or_exp><and_exp></and_exp></or_exp>
</condition>

<Node id="80" bw="32" op_0_bw="64">
<![CDATA[
RandGen.exit:18  %temp_root = extractvalue { i32, i32 } %Insert_ret, 0

]]></Node>
<StgValue><ssdm name="temp_root"/></StgValue>
</operation>

<operation id="73" st_id="6" stage="1" lat="1">
<core>NULL</core>
<MemPortIdVec></MemPortIdVec>
<condition id="-1">
<or_exp><and_exp></and_exp></or_exp>
</condition>

<Node id="81" bw="32" op_0_bw="64">
<![CDATA[
RandGen.exit:19  %temp_nodePtr = extractvalue { i32, i32 } %Insert_ret, 1

]]></Node>
<StgValue><ssdm name="temp_nodePtr"/></StgValue>
</operation>

<operation id="74" st_id="6" stage="1" lat="1">
<core>NULL</core>
<MemPortIdVec></MemPortIdVec>
<condition id="-1">
<or_exp><and_exp></and_exp></or_exp>
</condition>

<Node id="82" bw="0" op_0_bw="32" op_1_bw="32" op_2_bw="32">
<![CDATA[
RandGen.exit:20  store i32 %temp_nodePtr, i32* %temp_nodePtr_2

]]></Node>
<StgValue><ssdm name="store_ln10"/></StgValue>
</operation>

<operation id="75" st_id="6" stage="1" lat="1">
<core>NULL</core>
<MemPortIdVec></MemPortIdVec>
<condition id="-1">
<or_exp><and_exp></and_exp></or_exp>
</condition>

<Node id="83" bw="0" op_0_bw="0">
<![CDATA[
RandGen.exit:21  br label %.preheader12

]]></Node>
<StgValue><ssdm name="br_ln10"/></StgValue>
</operation>
</state>

<state id="7" st_id="7">

<operation id="76" st_id="7" stage="1" lat="1">
<core>NULL</core>
<MemPortIdVec></MemPortIdVec>
<condition id="-1">
<or_exp><and_exp></and_exp></or_exp>
</condition>

<Node id="87" bw="32" op_0_bw="32" op_1_bw="0" op_2_bw="32" op_3_bw="0">
<![CDATA[
.loopexit:0  %root_2 = phi i32 [ %root_1, %.loopexit.loopexit ], [ %root_0, %.loopexit.loopexit5 ]

]]></Node>
<StgValue><ssdm name="root_2"/></StgValue>
</operation>

<operation id="77" st_id="7" stage="1" lat="1">
<core>AddSub</core>
<MemPortIdVec></MemPortIdVec>
<condition id="-1">
<or_exp><and_exp></and_exp></or_exp>
</condition>

<Node id="88" bw="32" op_0_bw="32" op_1_bw="32">
<![CDATA[
.loopexit:1  %root_3 = add nsw i32 %root_2, 1

]]></Node>
<StgValue><ssdm name="root_3"/></StgValue>
</operation>

<operation id="78" st_id="7" stage="1" lat="1">
<core>NULL</core>
<MemPortIdVec></MemPortIdVec>
<condition id="-1">
<or_exp><and_exp></and_exp></or_exp>
</condition>

<Node id="89" bw="0" op_0_bw="32">
<![CDATA[
.loopexit:2  ret i32 %root_3

]]></Node>
<StgValue><ssdm name="ret_ln30"/></StgValue>
</operation>
</state>
</state_list>


<ports>
<port id="91" name="myHeap" dir="2" iftype="4">
<core>NULL</core><StgValue><ssdm name="myHeap"/></StgValue>
</port>
<port id="92" name="Master2SysAlloc" dir="2" iftype="4">
<core>NULL</core><StgValue><ssdm name="Master2SysAlloc"/></StgValue>
</port>
<port id="93" name="fixedStack" dir="2" iftype="1">
<core>RAM</core><StgValue><ssdm name="fixedStack"/><MemPortTyVec>2 3 </MemPortTyVec>
</StgValue>
</port>
<port id="94" name="log2_tree_size" dir="0" iftype="0">
<core>NULL</core><StgValue><ssdm name="log2_tree_size"/></StgValue>
</port>
<port id="95" name="TestCase" dir="0" iftype="0">
<core>NULL</core><StgValue><ssdm name="TestCase"/></StgValue>
</port>
<port id="96" name="seed_x" dir="2" iftype="0">
<core>NULL</core><StgValue><ssdm name="seed_x"/></StgValue>
</port>
<port id="97" name="seed_y" dir="2" iftype="0">
<core>NULL</core><StgValue><ssdm name="seed_y"/></StgValue>
</port>
<port id="98" name="seed_w" dir="2" iftype="0">
<core>NULL</core><StgValue><ssdm name="seed_w"/></StgValue>
</port>
</ports>


<dataflows>
<dataflow id="100" from="_ssdm_op_SpecInterface" to="specinterface_ln0" fromId="99" toId="8">
</dataflow>
<dataflow id="101" from="Master2SysAlloc" to="specinterface_ln0" fromId="92" toId="8">
</dataflow>
<dataflow id="103" from="p_str3" to="specinterface_ln0" fromId="102" toId="8">
</dataflow>
<dataflow id="105" from="StgValue_104" to="specinterface_ln0" fromId="104" toId="8">
</dataflow>
<dataflow id="106" from="StgValue_104" to="specinterface_ln0" fromId="104" toId="8">
</dataflow>
<dataflow id="108" from="p_str1" to="specinterface_ln0" fromId="107" toId="8">
</dataflow>
<dataflow id="109" from="StgValue_104" to="specinterface_ln0" fromId="104" toId="8">
</dataflow>
<dataflow id="111" from="StgValue_110" to="specinterface_ln0" fromId="110" toId="8">
</dataflow>
<dataflow id="112" from="p_str1" to="specinterface_ln0" fromId="107" toId="8">
</dataflow>
<dataflow id="114" from="p_str4" to="specinterface_ln0" fromId="113" toId="8">
</dataflow>
<dataflow id="115" from="p_str1" to="specinterface_ln0" fromId="107" toId="8">
</dataflow>
<dataflow id="117" from="StgValue_116" to="specinterface_ln0" fromId="116" toId="8">
</dataflow>
<dataflow id="118" from="StgValue_116" to="specinterface_ln0" fromId="116" toId="8">
</dataflow>
<dataflow id="119" from="StgValue_116" to="specinterface_ln0" fromId="116" toId="8">
</dataflow>
<dataflow id="120" from="StgValue_116" to="specinterface_ln0" fromId="116" toId="8">
</dataflow>
<dataflow id="121" from="p_str1" to="specinterface_ln0" fromId="107" toId="8">
</dataflow>
<dataflow id="122" from="p_str1" to="specinterface_ln0" fromId="107" toId="8">
</dataflow>
<dataflow id="123" from="_ssdm_op_SpecInterface" to="specinterface_ln0" fromId="99" toId="9">
</dataflow>
<dataflow id="124" from="myHeap" to="specinterface_ln0" fromId="91" toId="9">
</dataflow>
<dataflow id="125" from="p_str3" to="specinterface_ln0" fromId="102" toId="9">
</dataflow>
<dataflow id="126" from="StgValue_104" to="specinterface_ln0" fromId="104" toId="9">
</dataflow>
<dataflow id="127" from="StgValue_104" to="specinterface_ln0" fromId="104" toId="9">
</dataflow>
<dataflow id="128" from="p_str1" to="specinterface_ln0" fromId="107" toId="9">
</dataflow>
<dataflow id="129" from="StgValue_104" to="specinterface_ln0" fromId="104" toId="9">
</dataflow>
<dataflow id="130" from="StgValue_110" to="specinterface_ln0" fromId="110" toId="9">
</dataflow>
<dataflow id="131" from="p_str1" to="specinterface_ln0" fromId="107" toId="9">
</dataflow>
<dataflow id="132" from="p_str4" to="specinterface_ln0" fromId="113" toId="9">
</dataflow>
<dataflow id="133" from="p_str1" to="specinterface_ln0" fromId="107" toId="9">
</dataflow>
<dataflow id="134" from="StgValue_116" to="specinterface_ln0" fromId="116" toId="9">
</dataflow>
<dataflow id="135" from="StgValue_116" to="specinterface_ln0" fromId="116" toId="9">
</dataflow>
<dataflow id="136" from="StgValue_116" to="specinterface_ln0" fromId="116" toId="9">
</dataflow>
<dataflow id="137" from="StgValue_116" to="specinterface_ln0" fromId="116" toId="9">
</dataflow>
<dataflow id="138" from="p_str1" to="specinterface_ln0" fromId="107" toId="9">
</dataflow>
<dataflow id="139" from="p_str1" to="specinterface_ln0" fromId="107" toId="9">
</dataflow>
<dataflow id="141" from="_ssdm_op_Read.ap_auto.i32" to="log2_tree_size_read" fromId="140" toId="10">
</dataflow>
<dataflow id="142" from="log2_tree_size" to="log2_tree_size_read" fromId="94" toId="10">
</dataflow>
<dataflow id="143" from="TestCase" to="TestCase_load" fromId="95" toId="11">
</dataflow>
<dataflow id="144" from="TestCase_load" to="icmp_ln6" fromId="11" toId="12">
</dataflow>
<dataflow id="145" from="StgValue_110" to="icmp_ln6" fromId="110" toId="12">
</dataflow>
<dataflow id="146" from="log2_tree_size_read" to="log2_RNG_num_range" fromId="10" toId="13">
</dataflow>
<dataflow id="148" from="StgValue_147" to="log2_RNG_num_range" fromId="147" toId="13">
</dataflow>
<dataflow id="149" from="StgValue_110" to="iter" fromId="110" toId="14">
</dataflow>
<dataflow id="150" from="log2_RNG_num_range" to="iter" fromId="13" toId="14">
</dataflow>
<dataflow id="151" from="StgValue_110" to="temp_nodePtr_2" fromId="110" toId="15">
</dataflow>
<dataflow id="152" from="icmp_ln6" to="br_ln6" fromId="12" toId="16">
</dataflow>
<dataflow id="153" from="temp_root_2" to="root_1" fromId="32" toId="19">
<BackEdge/>
<condition id="-1">
<or_exp><and_exp></and_exp></or_exp>
</condition>
</dataflow>
<dataflow id="154" from="br_ln22" to="root_1" fromId="35" toId="19">
<BackEdge/>
</dataflow>
<dataflow id="155" from="StgValue_104" to="root_1" fromId="104" toId="19">
<condition id="-1">
<or_exp><and_exp><literal name="icmp_ln6" val="0"/>
</and_exp></or_exp>
</condition>
</dataflow>
<dataflow id="156" from="br_ln22" to="root_1" fromId="17" toId="19">
</dataflow>
<dataflow id="157" from="i" to="i1_0" fromId="23" toId="20">
<BackEdge/>
<condition id="-1">
<or_exp><and_exp></and_exp></or_exp>
</condition>
</dataflow>
<dataflow id="158" from="br_ln22" to="i1_0" fromId="35" toId="20">
<BackEdge/>
</dataflow>
<dataflow id="160" from="StgValue_159" to="i1_0" fromId="159" toId="20">
<condition id="-1">
<or_exp><and_exp><literal name="icmp_ln6" val="0"/>
</and_exp></or_exp>
</condition>
</dataflow>
<dataflow id="161" from="br_ln22" to="i1_0" fromId="17" toId="20">
</dataflow>
<dataflow id="162" from="i1_0" to="zext_ln22" fromId="20" toId="21">
</dataflow>
<dataflow id="163" from="zext_ln22" to="icmp_ln22" fromId="21" toId="22">
</dataflow>
<dataflow id="164" from="iter" to="icmp_ln22" fromId="14" toId="22">
</dataflow>
<dataflow id="165" from="i1_0" to="i" fromId="20" toId="23">
</dataflow>
<dataflow id="167" from="StgValue_166" to="i" fromId="166" toId="23">
</dataflow>
<dataflow id="168" from="icmp_ln22" to="br_ln22" fromId="22" toId="24">
</dataflow>
<dataflow id="169" from="temp_nodePtr_2" to="temp_nodePtr_2_load" fromId="15" toId="25">
</dataflow>
<dataflow id="170" from="i1_0" to="trunc_ln23" fromId="20" toId="26">
</dataflow>
<dataflow id="172" from="_ssdm_op_BitConcatenate.i32.i28.i4" to="shl_ln" fromId="171" toId="27">
</dataflow>
<dataflow id="173" from="trunc_ln23" to="shl_ln" fromId="26" toId="27">
</dataflow>
<dataflow id="175" from="StgValue_174" to="shl_ln" fromId="174" toId="27">
</dataflow>
<dataflow id="176" from="StgValue_116" to="key" fromId="116" toId="28">
</dataflow>
<dataflow id="177" from="shl_ln" to="key" fromId="27" toId="28">
</dataflow>
<dataflow id="179" from="Insert" to="Insert_ret4" fromId="178" toId="29">
</dataflow>
<dataflow id="180" from="root_1" to="Insert_ret4" fromId="19" toId="29">
</dataflow>
<dataflow id="181" from="temp_nodePtr_2_load" to="Insert_ret4" fromId="25" toId="29">
</dataflow>
<dataflow id="182" from="myHeap" to="Insert_ret4" fromId="91" toId="29">
</dataflow>
<dataflow id="183" from="Master2SysAlloc" to="Insert_ret4" fromId="92" toId="29">
</dataflow>
<dataflow id="184" from="fixedStack" to="Insert_ret4" fromId="93" toId="29">
</dataflow>
<dataflow id="185" from="root_1" to="Insert_ret4" fromId="19" toId="29">
</dataflow>
<dataflow id="186" from="key" to="Insert_ret4" fromId="28" toId="29">
</dataflow>
<dataflow id="187" from="Insert" to="Insert_ret4" fromId="178" toId="31">
</dataflow>
<dataflow id="188" from="root_1" to="Insert_ret4" fromId="19" toId="31">
</dataflow>
<dataflow id="189" from="temp_nodePtr_2_load" to="Insert_ret4" fromId="25" toId="31">
</dataflow>
<dataflow id="190" from="myHeap" to="Insert_ret4" fromId="91" toId="31">
</dataflow>
<dataflow id="191" from="Master2SysAlloc" to="Insert_ret4" fromId="92" toId="31">
</dataflow>
<dataflow id="192" from="fixedStack" to="Insert_ret4" fromId="93" toId="31">
</dataflow>
<dataflow id="193" from="root_1" to="Insert_ret4" fromId="19" toId="31">
</dataflow>
<dataflow id="194" from="key" to="Insert_ret4" fromId="28" toId="31">
</dataflow>
<dataflow id="195" from="Insert_ret4" to="temp_root_2" fromId="31" toId="32">
</dataflow>
<dataflow id="196" from="Insert_ret4" to="temp_nodePtr_1" fromId="31" toId="33">
</dataflow>
<dataflow id="197" from="temp_nodePtr_1" to="store_ln22" fromId="33" toId="34">
</dataflow>
<dataflow id="198" from="temp_nodePtr_2" to="store_ln22" fromId="15" toId="34">
</dataflow>
<dataflow id="199" from="temp_root" to="root_0" fromId="72" toId="36">
<BackEdge/>
<condition id="-1">
<or_exp><and_exp></and_exp></or_exp>
</condition>
</dataflow>
<dataflow id="200" from="br_ln10" to="root_0" fromId="75" toId="36">
<BackEdge/>
</dataflow>
<dataflow id="201" from="StgValue_104" to="root_0" fromId="104" toId="36">
<condition id="-1">
<or_exp><and_exp><literal name="icmp_ln6" val="1"/>
</and_exp></or_exp>
</condition>
</dataflow>
<dataflow id="202" from="br_ln10" to="root_0" fromId="18" toId="36">
</dataflow>
<dataflow id="203" from="i_4" to="i_0" fromId="40" toId="37">
<BackEdge/>
<condition id="-1">
<or_exp><and_exp></and_exp></or_exp>
</condition>
</dataflow>
<dataflow id="204" from="br_ln10" to="i_0" fromId="75" toId="37">
<BackEdge/>
</dataflow>
<dataflow id="205" from="StgValue_159" to="i_0" fromId="159" toId="37">
<condition id="-1">
<or_exp><and_exp><literal name="icmp_ln6" val="1"/>
</and_exp></or_exp>
</condition>
</dataflow>
<dataflow id="206" from="br_ln10" to="i_0" fromId="18" toId="37">
</dataflow>
<dataflow id="207" from="i_0" to="zext_ln10" fromId="37" toId="38">
</dataflow>
<dataflow id="208" from="zext_ln10" to="icmp_ln10" fromId="38" toId="39">
</dataflow>
<dataflow id="209" from="iter" to="icmp_ln10" fromId="14" toId="39">
</dataflow>
<dataflow id="210" from="i_0" to="i_4" fromId="37" toId="40">
</dataflow>
<dataflow id="211" from="StgValue_166" to="i_4" fromId="166" toId="40">
</dataflow>
<dataflow id="212" from="icmp_ln10" to="br_ln10" fromId="39" toId="41">
</dataflow>
<dataflow id="213" from="mask" to="mask_2" fromId="51" toId="44">
<BackEdge/>
<condition id="-1">
<or_exp><and_exp><literal name="icmp_ln12" val="1"/>
</and_exp></or_exp>
</condition>
</dataflow>
<dataflow id="214" from="br_ln12" to="mask_2" fromId="52" toId="44">
<BackEdge/>
</dataflow>
<dataflow id="215" from="StgValue_104" to="mask_2" fromId="104" toId="44">
<condition id="-1">
<or_exp><and_exp><literal name="icmp_ln10" val="1"/>
</and_exp></or_exp>
</condition>
</dataflow>
<dataflow id="216" from="br_ln12" to="mask_2" fromId="42" toId="44">
</dataflow>
<dataflow id="217" from="i_3" to="i_0_i_i" fromId="48" toId="45">
<BackEdge/>
<condition id="-1">
<or_exp><and_exp><literal name="icmp_ln12" val="1"/>
</and_exp></or_exp>
</condition>
</dataflow>
<dataflow id="218" from="br_ln12" to="i_0_i_i" fromId="52" toId="45">
<BackEdge/>
</dataflow>
<dataflow id="219" from="StgValue_159" to="i_0_i_i" fromId="159" toId="45">
<condition id="-1">
<or_exp><and_exp><literal name="icmp_ln10" val="1"/>
</and_exp></or_exp>
</condition>
</dataflow>
<dataflow id="220" from="br_ln12" to="i_0_i_i" fromId="42" toId="45">
</dataflow>
<dataflow id="221" from="i_0_i_i" to="zext_ln12" fromId="45" toId="46">
</dataflow>
<dataflow id="222" from="zext_ln12" to="icmp_ln12" fromId="46" toId="47">
</dataflow>
<dataflow id="223" from="log2_RNG_num_range" to="icmp_ln12" fromId="13" toId="47">
</dataflow>
<dataflow id="224" from="i_0_i_i" to="i_3" fromId="45" toId="48">
</dataflow>
<dataflow id="225" from="StgValue_166" to="i_3" fromId="166" toId="48">
</dataflow>
<dataflow id="226" from="icmp_ln12" to="br_ln12" fromId="47" toId="49">
</dataflow>
<dataflow id="227" from="StgValue_110" to="shl_ln13" fromId="110" toId="50">
</dataflow>
<dataflow id="228" from="zext_ln12" to="shl_ln13" fromId="46" toId="50">
</dataflow>
<dataflow id="229" from="shl_ln13" to="mask" fromId="50" toId="51">
</dataflow>
<dataflow id="230" from="mask_2" to="mask" fromId="44" toId="51">
</dataflow>
<dataflow id="231" from="temp_nodePtr_2" to="temp_nodePtr_2_load_1" fromId="15" toId="53">
</dataflow>
<dataflow id="232" from="seed_x" to="seed_x_load" fromId="96" toId="54">
</dataflow>
<dataflow id="233" from="seed_x_load" to="shl_ln19" fromId="54" toId="55">
</dataflow>
<dataflow id="235" from="StgValue_234" to="shl_ln19" fromId="234" toId="55">
</dataflow>
<dataflow id="236" from="seed_x_load" to="t" fromId="54" toId="56">
</dataflow>
<dataflow id="237" from="shl_ln19" to="t" fromId="55" toId="56">
</dataflow>
<dataflow id="238" from="seed_y" to="seed_y_load" fromId="97" toId="57">
</dataflow>
<dataflow id="239" from="seed_y_load" to="store_ln20" fromId="57" toId="58">
</dataflow>
<dataflow id="240" from="seed_x" to="store_ln20" fromId="96" toId="58">
</dataflow>
<dataflow id="241" from="seed_w" to="seed_w_load" fromId="98" toId="59">
</dataflow>
<dataflow id="242" from="seed_w_load" to="store_ln21" fromId="59" toId="60">
</dataflow>
<dataflow id="243" from="seed_y" to="store_ln21" fromId="97" toId="60">
</dataflow>
<dataflow id="245" from="_ssdm_op_PartSelect.i19.i32.i32.i32" to="trunc_ln" fromId="244" toId="61">
</dataflow>
<dataflow id="246" from="seed_w_load" to="trunc_ln" fromId="59" toId="61">
</dataflow>
<dataflow id="248" from="StgValue_247" to="trunc_ln" fromId="247" toId="61">
</dataflow>
<dataflow id="250" from="StgValue_249" to="trunc_ln" fromId="249" toId="61">
</dataflow>
<dataflow id="252" from="_ssdm_op_PartSelect.i9.i32.i32.i32" to="trunc_ln23_2" fromId="251" toId="62">
</dataflow>
<dataflow id="253" from="t" to="trunc_ln23_2" fromId="56" toId="62">
</dataflow>
<dataflow id="255" from="StgValue_254" to="trunc_ln23_2" fromId="254" toId="62">
</dataflow>
<dataflow id="256" from="StgValue_249" to="trunc_ln23_2" fromId="249" toId="62">
</dataflow>
<dataflow id="257" from="trunc_ln23_2" to="sext_ln23" fromId="62" toId="63">
</dataflow>
<dataflow id="258" from="seed_w_load" to="xor_ln23" fromId="59" toId="64">
</dataflow>
<dataflow id="259" from="t" to="xor_ln23" fromId="56" toId="64">
</dataflow>
<dataflow id="260" from="trunc_ln" to="xor_ln23_3" fromId="61" toId="65">
</dataflow>
<dataflow id="261" from="sext_ln23" to="xor_ln23_3" fromId="63" toId="65">
</dataflow>
<dataflow id="262" from="xor_ln23_3" to="sext_ln23_2" fromId="65" toId="66">
</dataflow>
<dataflow id="263" from="sext_ln23_2" to="xor_ln23_4" fromId="66" toId="67">
</dataflow>
<dataflow id="264" from="xor_ln23" to="xor_ln23_4" fromId="64" toId="67">
</dataflow>
<dataflow id="265" from="xor_ln23_4" to="store_ln23" fromId="67" toId="68">
</dataflow>
<dataflow id="266" from="seed_w" to="store_ln23" fromId="98" toId="68">
</dataflow>
<dataflow id="267" from="xor_ln23_4" to="key_2" fromId="67" toId="69">
</dataflow>
<dataflow id="268" from="mask_2" to="key_2" fromId="44" toId="69">
</dataflow>
<dataflow id="269" from="Insert" to="Insert_ret" fromId="178" toId="70">
</dataflow>
<dataflow id="270" from="root_0" to="Insert_ret" fromId="36" toId="70">
</dataflow>
<dataflow id="271" from="temp_nodePtr_2_load_1" to="Insert_ret" fromId="53" toId="70">
</dataflow>
<dataflow id="272" from="myHeap" to="Insert_ret" fromId="91" toId="70">
</dataflow>
<dataflow id="273" from="Master2SysAlloc" to="Insert_ret" fromId="92" toId="70">
</dataflow>
<dataflow id="274" from="fixedStack" to="Insert_ret" fromId="93" toId="70">
</dataflow>
<dataflow id="275" from="root_0" to="Insert_ret" fromId="36" toId="70">
</dataflow>
<dataflow id="276" from="key_2" to="Insert_ret" fromId="69" toId="70">
</dataflow>
<dataflow id="277" from="Insert" to="Insert_ret" fromId="178" toId="71">
</dataflow>
<dataflow id="278" from="root_0" to="Insert_ret" fromId="36" toId="71">
</dataflow>
<dataflow id="279" from="temp_nodePtr_2_load_1" to="Insert_ret" fromId="53" toId="71">
</dataflow>
<dataflow id="280" from="myHeap" to="Insert_ret" fromId="91" toId="71">
</dataflow>
<dataflow id="281" from="Master2SysAlloc" to="Insert_ret" fromId="92" toId="71">
</dataflow>
<dataflow id="282" from="fixedStack" to="Insert_ret" fromId="93" toId="71">
</dataflow>
<dataflow id="283" from="root_0" to="Insert_ret" fromId="36" toId="71">
</dataflow>
<dataflow id="284" from="key_2" to="Insert_ret" fromId="69" toId="71">
</dataflow>
<dataflow id="285" from="Insert_ret" to="temp_root" fromId="71" toId="72">
</dataflow>
<dataflow id="286" from="Insert_ret" to="temp_nodePtr" fromId="71" toId="73">
</dataflow>
<dataflow id="287" from="temp_nodePtr" to="store_ln10" fromId="73" toId="74">
</dataflow>
<dataflow id="288" from="temp_nodePtr_2" to="store_ln10" fromId="15" toId="74">
</dataflow>
<dataflow id="289" from="root_1" to="root_2" fromId="19" toId="76">
<condition id="-1">
<or_exp><and_exp><literal name="icmp_ln22" val="0"/>
</and_exp></or_exp>
</condition>
</dataflow>
<dataflow id="290" from="br_ln0" to="root_2" fromId="30" toId="76">
</dataflow>
<dataflow id="291" from="root_0" to="root_2" fromId="36" toId="76">
<condition id="-1">
<or_exp><and_exp><literal name="icmp_ln10" val="0"/>
</and_exp></or_exp>
</condition>
</dataflow>
<dataflow id="292" from="br_ln0" to="root_2" fromId="43" toId="76">
</dataflow>
<dataflow id="293" from="root_2" to="root_3" fromId="76" toId="77">
</dataflow>
<dataflow id="294" from="StgValue_110" to="root_3" fromId="110" toId="77">
</dataflow>
<dataflow id="295" from="root_3" to="ret_ln30" fromId="77" toId="78">
</dataflow>
<dataflow id="296" from="icmp_ln6" to="StgValue_1" fromId="12" toId="1">
</dataflow>
<dataflow id="297" from="icmp_ln22" to="StgValue_2" fromId="22" toId="2">
</dataflow>
<dataflow id="298" from="icmp_ln10" to="StgValue_4" fromId="39" toId="4">
</dataflow>
<dataflow id="299" from="icmp_ln12" to="StgValue_5" fromId="47" toId="5">
</dataflow>
</dataflows>


</stg>
