<stg><name>PM_2_CHECK_INSERTION</name>


<trans_list>

<trans id="50" from="1" to="2">
<condition id="-1">
<or_exp><and_exp><literal name="icmp_ln34" val="0"/>
</and_exp></or_exp>
</condition>
</trans>

<trans id="57" from="1" to="6">
<condition id="-1">
<or_exp><and_exp><literal name="icmp_ln34" val="1"/>
</and_exp></or_exp>
</condition>
</trans>

<trans id="51" from="2" to="3">
<condition id="-1">
<or_exp><and_exp><literal name="icmp_ln46" val="1"/>
</and_exp></or_exp>
</condition>
</trans>

<trans id="56" from="2" to="10">
<condition id="-1">
<or_exp><and_exp><literal name="icmp_ln46" val="0"/>
</and_exp></or_exp>
</condition>
</trans>

<trans id="53" from="3" to="4">
<condition id="-1">
<or_exp><and_exp></and_exp></or_exp>
</condition>
</trans>

<trans id="54" from="4" to="5">
<condition id="-1">
<or_exp><and_exp></and_exp></or_exp>
</condition>
</trans>

<trans id="55" from="5" to="2">
<condition id="-1">
<or_exp><and_exp></and_exp></or_exp>
</condition>
</trans>

<trans id="58" from="6" to="7">
<condition id="-1">
<or_exp><and_exp><literal name="icmp_ln38" val="1"/>
</and_exp></or_exp>
</condition>
</trans>

<trans id="63" from="6" to="10">
<condition id="-1">
<or_exp><and_exp><literal name="icmp_ln38" val="0"/>
</and_exp></or_exp>
</condition>
</trans>

<trans id="60" from="7" to="8">
<condition id="-1">
<or_exp><and_exp></and_exp></or_exp>
</condition>
</trans>

<trans id="61" from="8" to="9">
<condition id="-1">
<or_exp><and_exp></and_exp></or_exp>
</condition>
</trans>

<trans id="62" from="9" to="6">
<condition id="-1">
<or_exp><and_exp></and_exp></or_exp>
</condition>
</trans>
</trans_list>



<state_list>

<state id="1" st_id="1">

<operation id="11" st_id="1" stage="1" lat="1">
<core>NULL</core>
<MemPortIdVec></MemPortIdVec>
<condition id="-1">
<or_exp><and_exp></and_exp></or_exp>
</condition>

<Node id="10" bw="0" op_0_bw="0" op_1_bw="32" op_2_bw="0" op_3_bw="32" op_4_bw="32" op_5_bw="0" op_6_bw="32" op_7_bw="32" op_8_bw="0" op_9_bw="0" op_10_bw="0" op_11_bw="32" op_12_bw="32" op_13_bw="32" op_14_bw="32" op_15_bw="0" op_16_bw="0">
<![CDATA[
:0  call void (...)* @_ssdm_op_SpecInterface(i32* %Master2SysAlloc, [6 x i8]* @p_str3, i32 0, i32 0, [1 x i8]* @p_str1, i32 0, i32 1, [1 x i8]* @p_str1, [4 x i8]* @p_str4, [1 x i8]* @p_str1, i32 16, i32 16, i32 16, i32 16, [1 x i8]* @p_str1, [1 x i8]* @p_str1) nounwind

]]></Node>
<StgValue><ssdm name="specinterface_ln0"/></StgValue>
</operation>

<operation id="12" st_id="1" stage="1" lat="1">
<core>NULL</core>
<MemPortIdVec></MemPortIdVec>
<condition id="-1">
<or_exp><and_exp></and_exp></or_exp>
</condition>

<Node id="11" bw="0" op_0_bw="0" op_1_bw="32" op_2_bw="0" op_3_bw="32" op_4_bw="32" op_5_bw="0" op_6_bw="32" op_7_bw="32" op_8_bw="0" op_9_bw="0" op_10_bw="0" op_11_bw="32" op_12_bw="32" op_13_bw="32" op_14_bw="32" op_15_bw="0" op_16_bw="0">
<![CDATA[
:1  call void (...)* @_ssdm_op_SpecInterface(i32* %myHeap, [6 x i8]* @p_str3, i32 0, i32 0, [1 x i8]* @p_str1, i32 0, i32 1, [1 x i8]* @p_str1, [4 x i8]* @p_str4, [1 x i8]* @p_str1, i32 16, i32 16, i32 16, i32 16, [1 x i8]* @p_str1, [1 x i8]* @p_str1) nounwind

]]></Node>
<StgValue><ssdm name="specinterface_ln0"/></StgValue>
</operation>

<operation id="13" st_id="1" stage="1" lat="1">
<core>NULL</core>
<MemPortIdVec></MemPortIdVec>
<condition id="-1">
<or_exp><and_exp></and_exp></or_exp>
</condition>

<Node id="12" bw="32" op_0_bw="32" op_1_bw="32">
<![CDATA[
:2  %log2_tree_size_read = call i32 @_ssdm_op_Read.ap_auto.i32(i32 %log2_tree_size)

]]></Node>
<StgValue><ssdm name="log2_tree_size_read"/></StgValue>
</operation>

<operation id="14" st_id="1" stage="1" lat="1">
<core>NULL</core>
<MemPortIdVec></MemPortIdVec>
<condition id="-1">
<or_exp><and_exp></and_exp></or_exp>
</condition>

<Node id="13" bw="32" op_0_bw="32" op_1_bw="32">
<![CDATA[
:3  %root_read = call i32 @_ssdm_op_Read.ap_auto.i32(i32 %root)

]]></Node>
<StgValue><ssdm name="root_read"/></StgValue>
</operation>

<operation id="15" st_id="1" stage="1" lat="1">
<core>NULL</core>
<MemPortIdVec></MemPortIdVec>
<condition id="-1">
<or_exp><and_exp></and_exp></or_exp>
</condition>

<Node id="14" bw="32" op_0_bw="32">
<![CDATA[
:4  %TestCase_load = load i32* @TestCase, align 4

]]></Node>
<StgValue><ssdm name="TestCase_load"/></StgValue>
</operation>

<operation id="16" st_id="1" stage="1" lat="1">
<core>Cmp</core>
<MemPortIdVec></MemPortIdVec>
<condition id="-1">
<or_exp><and_exp></and_exp></or_exp>
</condition>

<Node id="15" bw="1" op_0_bw="32" op_1_bw="32">
<![CDATA[
:5  %icmp_ln34 = icmp eq i32 %TestCase_load, 2

]]></Node>
<StgValue><ssdm name="icmp_ln34"/></StgValue>
</operation>

<operation id="17" st_id="1" stage="1" lat="1">
<core>AddSub</core>
<MemPortIdVec></MemPortIdVec>
<condition id="-1">
<or_exp><and_exp></and_exp></or_exp>
</condition>

<Node id="16" bw="32" op_0_bw="32" op_1_bw="32">
<![CDATA[
:6  %m = add nsw i32 %log2_tree_size_read, -1

]]></Node>
<StgValue><ssdm name="m"/></StgValue>
</operation>

<operation id="18" st_id="1" stage="1" lat="1">
<core>Shift</core>
<MemPortIdVec></MemPortIdVec>
<condition id="-1">
<or_exp><and_exp></and_exp></or_exp>
</condition>

<Node id="17" bw="32" op_0_bw="32" op_1_bw="32">
<![CDATA[
:7  %IterationRange = shl i32 1, %m

]]></Node>
<StgValue><ssdm name="IterationRange"/></StgValue>
</operation>

<operation id="19" st_id="1" stage="1" lat="1">
<core>NULL</core>
<MemPortIdVec></MemPortIdVec>
<condition id="-1">
<or_exp><and_exp></and_exp></or_exp>
</condition>

<Node id="18" bw="0" op_0_bw="1" op_1_bw="0" op_2_bw="0">
<![CDATA[
:8  br i1 %icmp_ln34, label %1, label %.preheader.preheader

]]></Node>
<StgValue><ssdm name="br_ln34"/></StgValue>
</operation>

<operation id="20" st_id="1" stage="1" lat="1">
<core>NULL</core>
<MemPortIdVec></MemPortIdVec>
<condition id="-1">
<or_exp><and_exp><literal name="icmp_ln34" val="0"/>
</and_exp></or_exp>
</condition>

<Node id="20" bw="0" op_0_bw="0">
<![CDATA[
.preheader.preheader:0  br label %.preheader

]]></Node>
<StgValue><ssdm name="br_ln46"/></StgValue>
</operation>

<operation id="21" st_id="1" stage="1" lat="1">
<core>AddSub</core>
<MemPortIdVec></MemPortIdVec>
<condition id="-1">
<or_exp><and_exp><literal name="icmp_ln34" val="1"/>
</and_exp></or_exp>
</condition>

<Node id="35" bw="32" op_0_bw="32" op_1_bw="32">
<![CDATA[
:0  %add_ln39 = add nsw i32 %log2_tree_size_read, 2

]]></Node>
<StgValue><ssdm name="add_ln39"/></StgValue>
</operation>

<operation id="22" st_id="1" stage="1" lat="1">
<core>NULL</core>
<MemPortIdVec></MemPortIdVec>
<condition id="-1">
<or_exp><and_exp><literal name="icmp_ln34" val="1"/>
</and_exp></or_exp>
</condition>

<Node id="36" bw="0" op_0_bw="0">
<![CDATA[
:1  br label %2

]]></Node>
<StgValue><ssdm name="br_ln38"/></StgValue>
</operation>
</state>

<state id="2" st_id="2">

<operation id="23" st_id="2" stage="1" lat="1">
<core>NULL</core>
<MemPortIdVec></MemPortIdVec>
<condition id="-1">
<or_exp><and_exp></and_exp></or_exp>
</condition>

<Node id="22" bw="32" op_0_bw="32" op_1_bw="0" op_2_bw="32" op_3_bw="0">
<![CDATA[
.preheader:0  %p_1 = phi i32 [ %root_assign, %4 ], [ %root_read, %.preheader.preheader ]

]]></Node>
<StgValue><ssdm name="p_1"/></StgValue>
</operation>

<operation id="24" st_id="2" stage="1" lat="1">
<core>NULL</core>
<MemPortIdVec></MemPortIdVec>
<condition id="-1">
<or_exp><and_exp></and_exp></or_exp>
</condition>

<Node id="23" bw="31" op_0_bw="31" op_1_bw="0" op_2_bw="31" op_3_bw="0">
<![CDATA[
.preheader:1  %i1_0 = phi i31 [ %i_2, %4 ], [ 0, %.preheader.preheader ]

]]></Node>
<StgValue><ssdm name="i1_0"/></StgValue>
</operation>

<operation id="25" st_id="2" stage="1" lat="1">
<core>NULL</core>
<MemPortIdVec></MemPortIdVec>
<condition id="-1">
<or_exp><and_exp></and_exp></or_exp>
</condition>

<Node id="24" bw="32" op_0_bw="31">
<![CDATA[
.preheader:2  %zext_ln46 = zext i31 %i1_0 to i32

]]></Node>
<StgValue><ssdm name="zext_ln46"/></StgValue>
</operation>

<operation id="26" st_id="2" stage="1" lat="1">
<core>Cmp</core>
<MemPortIdVec></MemPortIdVec>
<condition id="-1">
<or_exp><and_exp></and_exp></or_exp>
</condition>

<Node id="25" bw="1" op_0_bw="32" op_1_bw="32">
<![CDATA[
.preheader:3  %icmp_ln46 = icmp slt i32 %zext_ln46, %IterationRange

]]></Node>
<StgValue><ssdm name="icmp_ln46"/></StgValue>
</operation>

<operation id="27" st_id="2" stage="1" lat="1">
<core>AddSub</core>
<MemPortIdVec></MemPortIdVec>
<condition id="-1">
<or_exp><and_exp></and_exp></or_exp>
</condition>

<Node id="26" bw="31" op_0_bw="31" op_1_bw="31">
<![CDATA[
.preheader:4  %i_2 = add i31 %i1_0, 1

]]></Node>
<StgValue><ssdm name="i_2"/></StgValue>
</operation>

<operation id="28" st_id="2" stage="1" lat="1">
<core>NULL</core>
<MemPortIdVec></MemPortIdVec>
<condition id="-1">
<or_exp><and_exp></and_exp></or_exp>
</condition>

<Node id="27" bw="0" op_0_bw="1" op_1_bw="0" op_2_bw="0">
<![CDATA[
.preheader:5  br i1 %icmp_ln46, label %4, label %.loopexit.loopexit

]]></Node>
<StgValue><ssdm name="br_ln46"/></StgValue>
</operation>

<operation id="29" st_id="2" stage="2" lat="2">
<core></core>
<MemPortIdVec></MemPortIdVec>
<condition id="-1">
<or_exp><and_exp><literal name="icmp_ln46" val="1"/>
</and_exp></or_exp>
</condition>

<Node id="29" bw="32" op_0_bw="32" op_1_bw="32" op_2_bw="32" op_3_bw="32" op_4_bw="32">
<![CDATA[
:0  %key_1 = call fastcc i32 @RandGen(i32 %log2_tree_size_read)

]]></Node>
<StgValue><ssdm name="key_1"/></StgValue>
</operation>

<operation id="30" st_id="2" stage="1" lat="1">
<core>NULL</core>
<MemPortIdVec></MemPortIdVec>
<condition id="-1">
<or_exp><and_exp><literal name="icmp_ln46" val="0"/>
</and_exp></or_exp>
</condition>

<Node id="33" bw="0" op_0_bw="0">
<![CDATA[
.loopexit.loopexit:0  br label %.loopexit

]]></Node>
<StgValue><ssdm name="br_ln0"/></StgValue>
</operation>
</state>

<state id="3" st_id="3">

<operation id="31" st_id="3" stage="1" lat="2">
<core></core>
<MemPortIdVec></MemPortIdVec>
<condition id="-1">
<or_exp><and_exp></and_exp></or_exp>
</condition>

<Node id="29" bw="32" op_0_bw="32" op_1_bw="32" op_2_bw="32" op_3_bw="32" op_4_bw="32">
<![CDATA[
:0  %key_1 = call fastcc i32 @RandGen(i32 %log2_tree_size_read)

]]></Node>
<StgValue><ssdm name="key_1"/></StgValue>
</operation>
</state>

<state id="4" st_id="4">

<operation id="32" st_id="4" stage="2" lat="2">
<core></core>
<MemPortIdVec></MemPortIdVec>
<condition id="-1">
<or_exp><and_exp></and_exp></or_exp>
</condition>

<Node id="30" bw="32" op_0_bw="32" op_1_bw="32" op_2_bw="32" op_3_bw="32" op_4_bw="32" op_5_bw="32">
<![CDATA[
:1  %root_assign = call fastcc i32 @Check_thenInsert(i32* %myHeap, i32* %Master2SysAlloc, [40 x i32]* %fixedStack, i32 %p_1, i32 %key_1)

]]></Node>
<StgValue><ssdm name="root_assign"/></StgValue>
</operation>
</state>

<state id="5" st_id="5">

<operation id="33" st_id="5" stage="1" lat="2">
<core></core>
<MemPortIdVec></MemPortIdVec>
<condition id="-1">
<or_exp><and_exp></and_exp></or_exp>
</condition>

<Node id="30" bw="32" op_0_bw="32" op_1_bw="32" op_2_bw="32" op_3_bw="32" op_4_bw="32" op_5_bw="32">
<![CDATA[
:1  %root_assign = call fastcc i32 @Check_thenInsert(i32* %myHeap, i32* %Master2SysAlloc, [40 x i32]* %fixedStack, i32 %p_1, i32 %key_1)

]]></Node>
<StgValue><ssdm name="root_assign"/></StgValue>
</operation>

<operation id="34" st_id="5" stage="1" lat="1">
<core>NULL</core>
<MemPortIdVec></MemPortIdVec>
<condition id="-1">
<or_exp><and_exp></and_exp></or_exp>
</condition>

<Node id="31" bw="0" op_0_bw="0">
<![CDATA[
:2  br label %.preheader

]]></Node>
<StgValue><ssdm name="br_ln46"/></StgValue>
</operation>
</state>

<state id="6" st_id="6">

<operation id="35" st_id="6" stage="1" lat="1">
<core>NULL</core>
<MemPortIdVec></MemPortIdVec>
<condition id="-1">
<or_exp><and_exp></and_exp></or_exp>
</condition>

<Node id="38" bw="32" op_0_bw="32" op_1_bw="0" op_2_bw="32" op_3_bw="0">
<![CDATA[
:0  %p_0 = phi i32 [ %root_read, %1 ], [ %root_assign_2, %3 ]

]]></Node>
<StgValue><ssdm name="p_0"/></StgValue>
</operation>

<operation id="36" st_id="6" stage="1" lat="1">
<core>NULL</core>
<MemPortIdVec></MemPortIdVec>
<condition id="-1">
<or_exp><and_exp></and_exp></or_exp>
</condition>

<Node id="39" bw="31" op_0_bw="31" op_1_bw="0" op_2_bw="31" op_3_bw="0">
<![CDATA[
:1  %i_0 = phi i31 [ 0, %1 ], [ %i, %3 ]

]]></Node>
<StgValue><ssdm name="i_0"/></StgValue>
</operation>

<operation id="37" st_id="6" stage="1" lat="1">
<core>NULL</core>
<MemPortIdVec></MemPortIdVec>
<condition id="-1">
<or_exp><and_exp></and_exp></or_exp>
</condition>

<Node id="40" bw="32" op_0_bw="31">
<![CDATA[
:2  %zext_ln38 = zext i31 %i_0 to i32

]]></Node>
<StgValue><ssdm name="zext_ln38"/></StgValue>
</operation>

<operation id="38" st_id="6" stage="1" lat="1">
<core>Cmp</core>
<MemPortIdVec></MemPortIdVec>
<condition id="-1">
<or_exp><and_exp></and_exp></or_exp>
</condition>

<Node id="41" bw="1" op_0_bw="32" op_1_bw="32">
<![CDATA[
:3  %icmp_ln38 = icmp slt i32 %zext_ln38, %IterationRange

]]></Node>
<StgValue><ssdm name="icmp_ln38"/></StgValue>
</operation>

<operation id="39" st_id="6" stage="1" lat="1">
<core>AddSub</core>
<MemPortIdVec></MemPortIdVec>
<condition id="-1">
<or_exp><and_exp></and_exp></or_exp>
</condition>

<Node id="42" bw="31" op_0_bw="31" op_1_bw="31">
<![CDATA[
:4  %i = add i31 %i_0, 1

]]></Node>
<StgValue><ssdm name="i"/></StgValue>
</operation>

<operation id="40" st_id="6" stage="1" lat="1">
<core>NULL</core>
<MemPortIdVec></MemPortIdVec>
<condition id="-1">
<or_exp><and_exp></and_exp></or_exp>
</condition>

<Node id="43" bw="0" op_0_bw="1" op_1_bw="0" op_2_bw="0">
<![CDATA[
:5  br i1 %icmp_ln38, label %3, label %.loopexit.loopexit6

]]></Node>
<StgValue><ssdm name="br_ln38"/></StgValue>
</operation>

<operation id="41" st_id="6" stage="2" lat="2">
<core></core>
<MemPortIdVec></MemPortIdVec>
<condition id="-1">
<or_exp><and_exp><literal name="icmp_ln38" val="1"/>
</and_exp></or_exp>
</condition>

<Node id="45" bw="32" op_0_bw="32" op_1_bw="32" op_2_bw="32" op_3_bw="32" op_4_bw="32">
<![CDATA[
:0  %key = call fastcc i32 @RandGen(i32 %add_ln39)

]]></Node>
<StgValue><ssdm name="key"/></StgValue>
</operation>

<operation id="42" st_id="6" stage="1" lat="1">
<core>NULL</core>
<MemPortIdVec></MemPortIdVec>
<condition id="-1">
<or_exp><and_exp><literal name="icmp_ln38" val="0"/>
</and_exp></or_exp>
</condition>

<Node id="49" bw="0" op_0_bw="0">
<![CDATA[
.loopexit.loopexit6:0  br label %.loopexit

]]></Node>
<StgValue><ssdm name="br_ln0"/></StgValue>
</operation>
</state>

<state id="7" st_id="7">

<operation id="43" st_id="7" stage="1" lat="2">
<core></core>
<MemPortIdVec></MemPortIdVec>
<condition id="-1">
<or_exp><and_exp></and_exp></or_exp>
</condition>

<Node id="45" bw="32" op_0_bw="32" op_1_bw="32" op_2_bw="32" op_3_bw="32" op_4_bw="32">
<![CDATA[
:0  %key = call fastcc i32 @RandGen(i32 %add_ln39)

]]></Node>
<StgValue><ssdm name="key"/></StgValue>
</operation>
</state>

<state id="8" st_id="8">

<operation id="44" st_id="8" stage="2" lat="2">
<core></core>
<MemPortIdVec></MemPortIdVec>
<condition id="-1">
<or_exp><and_exp></and_exp></or_exp>
</condition>

<Node id="46" bw="32" op_0_bw="32" op_1_bw="32" op_2_bw="32" op_3_bw="32" op_4_bw="32" op_5_bw="32">
<![CDATA[
:1  %root_assign_2 = call fastcc i32 @Check_thenInsert(i32* %myHeap, i32* %Master2SysAlloc, [40 x i32]* %fixedStack, i32 %p_0, i32 %key)

]]></Node>
<StgValue><ssdm name="root_assign_2"/></StgValue>
</operation>
</state>

<state id="9" st_id="9">

<operation id="45" st_id="9" stage="1" lat="2">
<core></core>
<MemPortIdVec></MemPortIdVec>
<condition id="-1">
<or_exp><and_exp></and_exp></or_exp>
</condition>

<Node id="46" bw="32" op_0_bw="32" op_1_bw="32" op_2_bw="32" op_3_bw="32" op_4_bw="32" op_5_bw="32">
<![CDATA[
:1  %root_assign_2 = call fastcc i32 @Check_thenInsert(i32* %myHeap, i32* %Master2SysAlloc, [40 x i32]* %fixedStack, i32 %p_0, i32 %key)

]]></Node>
<StgValue><ssdm name="root_assign_2"/></StgValue>
</operation>

<operation id="46" st_id="9" stage="1" lat="1">
<core>NULL</core>
<MemPortIdVec></MemPortIdVec>
<condition id="-1">
<or_exp><and_exp></and_exp></or_exp>
</condition>

<Node id="47" bw="0" op_0_bw="0">
<![CDATA[
:2  br label %2

]]></Node>
<StgValue><ssdm name="br_ln38"/></StgValue>
</operation>
</state>

<state id="10" st_id="10">

<operation id="47" st_id="10" stage="1" lat="1">
<core>NULL</core>
<MemPortIdVec></MemPortIdVec>
<condition id="-1">
<or_exp><and_exp></and_exp></or_exp>
</condition>

<Node id="51" bw="32" op_0_bw="32" op_1_bw="0" op_2_bw="32" op_3_bw="0">
<![CDATA[
.loopexit:0  %p_2 = phi i32 [ %p_1, %.loopexit.loopexit ], [ %p_0, %.loopexit.loopexit6 ]

]]></Node>
<StgValue><ssdm name="p_2"/></StgValue>
</operation>

<operation id="48" st_id="10" stage="1" lat="1">
<core>AddSub</core>
<MemPortIdVec></MemPortIdVec>
<condition id="-1">
<or_exp><and_exp></and_exp></or_exp>
</condition>

<Node id="52" bw="32" op_0_bw="32" op_1_bw="32">
<![CDATA[
.loopexit:1  %add_ln51 = add nsw i32 %p_2, 1

]]></Node>
<StgValue><ssdm name="add_ln51"/></StgValue>
</operation>

<operation id="49" st_id="10" stage="1" lat="1">
<core>NULL</core>
<MemPortIdVec></MemPortIdVec>
<condition id="-1">
<or_exp><and_exp></and_exp></or_exp>
</condition>

<Node id="53" bw="0" op_0_bw="32">
<![CDATA[
.loopexit:2  ret i32 %add_ln51

]]></Node>
<StgValue><ssdm name="ret_ln51"/></StgValue>
</operation>
</state>
</state_list>


<ports>
</ports>


<dataflows>
</dataflows>


</stg>
