<stg><name>PM_2_CHECK_INSERTION</name>


<trans_list>

<trans id="50" from="1" to="2">
<condition id="-1">
<or_exp><and_exp><literal name="icmp_ln34" val="0"/>
</and_exp></or_exp>
</condition>
</trans>

<trans id="57" from="1" to="6">
<condition id="-1">
<or_exp><and_exp><literal name="icmp_ln34" val="1"/>
</and_exp></or_exp>
</condition>
</trans>

<trans id="51" from="2" to="3">
<condition id="-1">
<or_exp><and_exp><literal name="icmp_ln46" val="1"/>
</and_exp></or_exp>
</condition>
</trans>

<trans id="56" from="2" to="10">
<condition id="-1">
<or_exp><and_exp><literal name="icmp_ln46" val="0"/>
</and_exp></or_exp>
</condition>
</trans>

<trans id="53" from="3" to="4">
<condition id="-1">
<or_exp><and_exp></and_exp></or_exp>
</condition>
</trans>

<trans id="54" from="4" to="5">
<condition id="-1">
<or_exp><and_exp></and_exp></or_exp>
</condition>
</trans>

<trans id="55" from="5" to="2">
<condition id="-1">
<or_exp><and_exp></and_exp></or_exp>
</condition>
</trans>

<trans id="58" from="6" to="7">
<condition id="-1">
<or_exp><and_exp><literal name="icmp_ln38" val="1"/>
</and_exp></or_exp>
</condition>
</trans>

<trans id="63" from="6" to="10">
<condition id="-1">
<or_exp><and_exp><literal name="icmp_ln38" val="0"/>
</and_exp></or_exp>
</condition>
</trans>

<trans id="60" from="7" to="8">
<condition id="-1">
<or_exp><and_exp></and_exp></or_exp>
</condition>
</trans>

<trans id="61" from="8" to="9">
<condition id="-1">
<or_exp><and_exp></and_exp></or_exp>
</condition>
</trans>

<trans id="62" from="9" to="6">
<condition id="-1">
<or_exp><and_exp></and_exp></or_exp>
</condition>
</trans>
</trans_list>



<state_list>

<state id="1" st_id="1">

<operation id="11" st_id="1" stage="1" lat="1">
<core>NULL</core>
<MemPortIdVec></MemPortIdVec>
<condition id="-1">
<or_exp><and_exp></and_exp></or_exp>
</condition>

<Node id="10" bw="0" op_0_bw="0" op_1_bw="32" op_2_bw="0" op_3_bw="32" op_4_bw="32" op_5_bw="0" op_6_bw="32" op_7_bw="32" op_8_bw="0" op_9_bw="0" op_10_bw="0" op_11_bw="32" op_12_bw="32" op_13_bw="32" op_14_bw="32" op_15_bw="0" op_16_bw="0">
<![CDATA[
:0  call void (...)* @_ssdm_op_SpecInterface(i32* %Master2SysAlloc, [6 x i8]* @p_str3, i32 0, i32 0, [1 x i8]* @p_str1, i32 0, i32 1, [1 x i8]* @p_str1, [4 x i8]* @p_str4, [1 x i8]* @p_str1, i32 16, i32 16, i32 16, i32 16, [1 x i8]* @p_str1, [1 x i8]* @p_str1) nounwind

]]></Node>
<StgValue><ssdm name="specinterface_ln0"/></StgValue>
</operation>

<operation id="12" st_id="1" stage="1" lat="1">
<core>NULL</core>
<MemPortIdVec></MemPortIdVec>
<condition id="-1">
<or_exp><and_exp></and_exp></or_exp>
</condition>

<Node id="11" bw="0" op_0_bw="0" op_1_bw="32" op_2_bw="0" op_3_bw="32" op_4_bw="32" op_5_bw="0" op_6_bw="32" op_7_bw="32" op_8_bw="0" op_9_bw="0" op_10_bw="0" op_11_bw="32" op_12_bw="32" op_13_bw="32" op_14_bw="32" op_15_bw="0" op_16_bw="0">
<![CDATA[
:1  call void (...)* @_ssdm_op_SpecInterface(i32* %myHeap, [6 x i8]* @p_str3, i32 0, i32 0, [1 x i8]* @p_str1, i32 0, i32 1, [1 x i8]* @p_str1, [4 x i8]* @p_str4, [1 x i8]* @p_str1, i32 16, i32 16, i32 16, i32 16, [1 x i8]* @p_str1, [1 x i8]* @p_str1) nounwind

]]></Node>
<StgValue><ssdm name="specinterface_ln0"/></StgValue>
</operation>

<operation id="13" st_id="1" stage="1" lat="1">
<core>NULL</core>
<MemPortIdVec></MemPortIdVec>
<condition id="-1">
<or_exp><and_exp></and_exp></or_exp>
</condition>

<Node id="12" bw="32" op_0_bw="32" op_1_bw="32">
<![CDATA[
:2  %log2_tree_size_read = call i32 @_ssdm_op_Read.ap_auto.i32(i32 %log2_tree_size)

]]></Node>
<StgValue><ssdm name="log2_tree_size_read"/></StgValue>
</operation>

<operation id="14" st_id="1" stage="1" lat="1">
<core>NULL</core>
<MemPortIdVec></MemPortIdVec>
<condition id="-1">
<or_exp><and_exp></and_exp></or_exp>
</condition>

<Node id="13" bw="32" op_0_bw="32" op_1_bw="32">
<![CDATA[
:3  %root_read = call i32 @_ssdm_op_Read.ap_auto.i32(i32 %root)

]]></Node>
<StgValue><ssdm name="root_read"/></StgValue>
</operation>

<operation id="15" st_id="1" stage="1" lat="1">
<core>NULL</core>
<MemPortIdVec></MemPortIdVec>
<condition id="-1">
<or_exp><and_exp></and_exp></or_exp>
</condition>

<Node id="14" bw="32" op_0_bw="32">
<![CDATA[
:4  %TestCase_load = load i32* @TestCase, align 4

]]></Node>
<StgValue><ssdm name="TestCase_load"/></StgValue>
</operation>

<operation id="16" st_id="1" stage="1" lat="1">
<core>Cmp</core>
<MemPortIdVec></MemPortIdVec>
<condition id="-1">
<or_exp><and_exp></and_exp></or_exp>
</condition>

<Node id="15" bw="1" op_0_bw="32" op_1_bw="32">
<![CDATA[
:5  %icmp_ln34 = icmp eq i32 %TestCase_load, 2

]]></Node>
<StgValue><ssdm name="icmp_ln34"/></StgValue>
</operation>

<operation id="17" st_id="1" stage="1" lat="1">
<core>AddSub</core>
<MemPortIdVec></MemPortIdVec>
<condition id="-1">
<or_exp><and_exp></and_exp></or_exp>
</condition>

<Node id="16" bw="32" op_0_bw="32" op_1_bw="32">
<![CDATA[
:6  %m = add nsw i32 %log2_tree_size_read, -1

]]></Node>
<StgValue><ssdm name="m"/></StgValue>
</operation>

<operation id="18" st_id="1" stage="1" lat="1">
<core>Shift</core>
<MemPortIdVec></MemPortIdVec>
<condition id="-1">
<or_exp><and_exp></and_exp></or_exp>
</condition>

<Node id="17" bw="32" op_0_bw="32" op_1_bw="32">
<![CDATA[
:7  %IterationRange = shl i32 1, %m

]]></Node>
<StgValue><ssdm name="IterationRange"/></StgValue>
</operation>

<operation id="19" st_id="1" stage="1" lat="1">
<core>NULL</core>
<MemPortIdVec></MemPortIdVec>
<condition id="-1">
<or_exp><and_exp></and_exp></or_exp>
</condition>

<Node id="18" bw="0" op_0_bw="1" op_1_bw="0" op_2_bw="0">
<![CDATA[
:8  br i1 %icmp_ln34, label %1, label %.preheader.preheader

]]></Node>
<StgValue><ssdm name="br_ln34"/></StgValue>
</operation>

<operation id="20" st_id="1" stage="1" lat="1">
<core>NULL</core>
<MemPortIdVec></MemPortIdVec>
<condition id="-1">
<or_exp><and_exp><literal name="icmp_ln34" val="0"/>
</and_exp></or_exp>
</condition>

<Node id="20" bw="0" op_0_bw="0">
<![CDATA[
.preheader.preheader:0  br label %.preheader

]]></Node>
<StgValue><ssdm name="br_ln46"/></StgValue>
</operation>

<operation id="21" st_id="1" stage="1" lat="1">
<core>AddSub</core>
<MemPortIdVec></MemPortIdVec>
<condition id="-1">
<or_exp><and_exp><literal name="icmp_ln34" val="1"/>
</and_exp></or_exp>
</condition>

<Node id="35" bw="32" op_0_bw="32" op_1_bw="32">
<![CDATA[
:0  %add_ln39 = add nsw i32 %log2_tree_size_read, 2

]]></Node>
<StgValue><ssdm name="add_ln39"/></StgValue>
</operation>

<operation id="22" st_id="1" stage="1" lat="1">
<core>NULL</core>
<MemPortIdVec></MemPortIdVec>
<condition id="-1">
<or_exp><and_exp><literal name="icmp_ln34" val="1"/>
</and_exp></or_exp>
</condition>

<Node id="36" bw="0" op_0_bw="0">
<![CDATA[
:1  br label %2

]]></Node>
<StgValue><ssdm name="br_ln38"/></StgValue>
</operation>
</state>

<state id="2" st_id="2">

<operation id="23" st_id="2" stage="1" lat="1">
<core>NULL</core>
<MemPortIdVec></MemPortIdVec>
<condition id="-1">
<or_exp><and_exp></and_exp></or_exp>
</condition>

<Node id="22" bw="32" op_0_bw="32" op_1_bw="0" op_2_bw="32" op_3_bw="0">
<![CDATA[
.preheader:0  %p_1 = phi i32 [ %root_assign, %4 ], [ %root_read, %.preheader.preheader ]

]]></Node>
<StgValue><ssdm name="p_1"/></StgValue>
</operation>

<operation id="24" st_id="2" stage="1" lat="1">
<core>NULL</core>
<MemPortIdVec></MemPortIdVec>
<condition id="-1">
<or_exp><and_exp></and_exp></or_exp>
</condition>

<Node id="23" bw="31" op_0_bw="31" op_1_bw="0" op_2_bw="31" op_3_bw="0">
<![CDATA[
.preheader:1  %i1_0 = phi i31 [ %i_2, %4 ], [ 0, %.preheader.preheader ]

]]></Node>
<StgValue><ssdm name="i1_0"/></StgValue>
</operation>

<operation id="25" st_id="2" stage="1" lat="1">
<core>NULL</core>
<MemPortIdVec></MemPortIdVec>
<condition id="-1">
<or_exp><and_exp></and_exp></or_exp>
</condition>

<Node id="24" bw="32" op_0_bw="31">
<![CDATA[
.preheader:2  %zext_ln46 = zext i31 %i1_0 to i32

]]></Node>
<StgValue><ssdm name="zext_ln46"/></StgValue>
</operation>

<operation id="26" st_id="2" stage="1" lat="1">
<core>Cmp</core>
<MemPortIdVec></MemPortIdVec>
<condition id="-1">
<or_exp><and_exp></and_exp></or_exp>
</condition>

<Node id="25" bw="1" op_0_bw="32" op_1_bw="32">
<![CDATA[
.preheader:3  %icmp_ln46 = icmp slt i32 %zext_ln46, %IterationRange

]]></Node>
<StgValue><ssdm name="icmp_ln46"/></StgValue>
</operation>

<operation id="27" st_id="2" stage="1" lat="1">
<core>AddSub</core>
<MemPortIdVec></MemPortIdVec>
<condition id="-1">
<or_exp><and_exp></and_exp></or_exp>
</condition>

<Node id="26" bw="31" op_0_bw="31" op_1_bw="31">
<![CDATA[
.preheader:4  %i_2 = add i31 %i1_0, 1

]]></Node>
<StgValue><ssdm name="i_2"/></StgValue>
</operation>

<operation id="28" st_id="2" stage="1" lat="1">
<core>NULL</core>
<MemPortIdVec></MemPortIdVec>
<condition id="-1">
<or_exp><and_exp></and_exp></or_exp>
</condition>

<Node id="27" bw="0" op_0_bw="1" op_1_bw="0" op_2_bw="0">
<![CDATA[
.preheader:5  br i1 %icmp_ln46, label %4, label %.loopexit.loopexit

]]></Node>
<StgValue><ssdm name="br_ln46"/></StgValue>
</operation>

<operation id="29" st_id="2" stage="2" lat="2">
<core></core>
<MemPortIdVec></MemPortIdVec>
<condition id="-1">
<or_exp><and_exp><literal name="icmp_ln46" val="1"/>
</and_exp></or_exp>
</condition>

<Node id="29" bw="32" op_0_bw="32" op_1_bw="32" op_2_bw="32" op_3_bw="32" op_4_bw="32">
<![CDATA[
:0  %key_1 = call fastcc i32 @RandGen(i32 %log2_tree_size_read)

]]></Node>
<StgValue><ssdm name="key_1"/></StgValue>
</operation>

<operation id="30" st_id="2" stage="1" lat="1">
<core>NULL</core>
<MemPortIdVec></MemPortIdVec>
<condition id="-1">
<or_exp><and_exp><literal name="icmp_ln46" val="0"/>
</and_exp></or_exp>
</condition>

<Node id="33" bw="0" op_0_bw="0">
<![CDATA[
.loopexit.loopexit:0  br label %.loopexit

]]></Node>
<StgValue><ssdm name="br_ln0"/></StgValue>
</operation>
</state>

<state id="3" st_id="3">

<operation id="31" st_id="3" stage="1" lat="2">
<core></core>
<MemPortIdVec></MemPortIdVec>
<condition id="-1">
<or_exp><and_exp></and_exp></or_exp>
</condition>

<Node id="29" bw="32" op_0_bw="32" op_1_bw="32" op_2_bw="32" op_3_bw="32" op_4_bw="32">
<![CDATA[
:0  %key_1 = call fastcc i32 @RandGen(i32 %log2_tree_size_read)

]]></Node>
<StgValue><ssdm name="key_1"/></StgValue>
</operation>
</state>

<state id="4" st_id="4">

<operation id="32" st_id="4" stage="2" lat="2">
<core></core>
<MemPortIdVec></MemPortIdVec>
<condition id="-1">
<or_exp><and_exp></and_exp></or_exp>
</condition>

<Node id="30" bw="32" op_0_bw="32" op_1_bw="32" op_2_bw="32" op_3_bw="32" op_4_bw="32" op_5_bw="32">
<![CDATA[
:1  %root_assign = call fastcc i32 @Check_thenInsert(i32* %myHeap, i32* %Master2SysAlloc, [40 x i32]* %fixedStack, i32 %p_1, i32 %key_1)

]]></Node>
<StgValue><ssdm name="root_assign"/></StgValue>
</operation>
</state>

<state id="5" st_id="5">

<operation id="33" st_id="5" stage="1" lat="2">
<core></core>
<MemPortIdVec></MemPortIdVec>
<condition id="-1">
<or_exp><and_exp></and_exp></or_exp>
</condition>

<Node id="30" bw="32" op_0_bw="32" op_1_bw="32" op_2_bw="32" op_3_bw="32" op_4_bw="32" op_5_bw="32">
<![CDATA[
:1  %root_assign = call fastcc i32 @Check_thenInsert(i32* %myHeap, i32* %Master2SysAlloc, [40 x i32]* %fixedStack, i32 %p_1, i32 %key_1)

]]></Node>
<StgValue><ssdm name="root_assign"/></StgValue>
</operation>

<operation id="34" st_id="5" stage="1" lat="1">
<core>NULL</core>
<MemPortIdVec></MemPortIdVec>
<condition id="-1">
<or_exp><and_exp></and_exp></or_exp>
</condition>

<Node id="31" bw="0" op_0_bw="0">
<![CDATA[
:2  br label %.preheader

]]></Node>
<StgValue><ssdm name="br_ln46"/></StgValue>
</operation>
</state>

<state id="6" st_id="6">

<operation id="35" st_id="6" stage="1" lat="1">
<core>NULL</core>
<MemPortIdVec></MemPortIdVec>
<condition id="-1">
<or_exp><and_exp></and_exp></or_exp>
</condition>

<Node id="38" bw="32" op_0_bw="32" op_1_bw="0" op_2_bw="32" op_3_bw="0">
<![CDATA[
:0  %p_0 = phi i32 [ %root_read, %1 ], [ %root_assign_2, %3 ]

]]></Node>
<StgValue><ssdm name="p_0"/></StgValue>
</operation>

<operation id="36" st_id="6" stage="1" lat="1">
<core>NULL</core>
<MemPortIdVec></MemPortIdVec>
<condition id="-1">
<or_exp><and_exp></and_exp></or_exp>
</condition>

<Node id="39" bw="31" op_0_bw="31" op_1_bw="0" op_2_bw="31" op_3_bw="0">
<![CDATA[
:1  %i_0 = phi i31 [ 0, %1 ], [ %i, %3 ]

]]></Node>
<StgValue><ssdm name="i_0"/></StgValue>
</operation>

<operation id="37" st_id="6" stage="1" lat="1">
<core>NULL</core>
<MemPortIdVec></MemPortIdVec>
<condition id="-1">
<or_exp><and_exp></and_exp></or_exp>
</condition>

<Node id="40" bw="32" op_0_bw="31">
<![CDATA[
:2  %zext_ln38 = zext i31 %i_0 to i32

]]></Node>
<StgValue><ssdm name="zext_ln38"/></StgValue>
</operation>

<operation id="38" st_id="6" stage="1" lat="1">
<core>Cmp</core>
<MemPortIdVec></MemPortIdVec>
<condition id="-1">
<or_exp><and_exp></and_exp></or_exp>
</condition>

<Node id="41" bw="1" op_0_bw="32" op_1_bw="32">
<![CDATA[
:3  %icmp_ln38 = icmp slt i32 %zext_ln38, %IterationRange

]]></Node>
<StgValue><ssdm name="icmp_ln38"/></StgValue>
</operation>

<operation id="39" st_id="6" stage="1" lat="1">
<core>AddSub</core>
<MemPortIdVec></MemPortIdVec>
<condition id="-1">
<or_exp><and_exp></and_exp></or_exp>
</condition>

<Node id="42" bw="31" op_0_bw="31" op_1_bw="31">
<![CDATA[
:4  %i = add i31 %i_0, 1

]]></Node>
<StgValue><ssdm name="i"/></StgValue>
</operation>

<operation id="40" st_id="6" stage="1" lat="1">
<core>NULL</core>
<MemPortIdVec></MemPortIdVec>
<condition id="-1">
<or_exp><and_exp></and_exp></or_exp>
</condition>

<Node id="43" bw="0" op_0_bw="1" op_1_bw="0" op_2_bw="0">
<![CDATA[
:5  br i1 %icmp_ln38, label %3, label %.loopexit.loopexit6

]]></Node>
<StgValue><ssdm name="br_ln38"/></StgValue>
</operation>

<operation id="41" st_id="6" stage="2" lat="2">
<core></core>
<MemPortIdVec></MemPortIdVec>
<condition id="-1">
<or_exp><and_exp><literal name="icmp_ln38" val="1"/>
</and_exp></or_exp>
</condition>

<Node id="45" bw="32" op_0_bw="32" op_1_bw="32" op_2_bw="32" op_3_bw="32" op_4_bw="32">
<![CDATA[
:0  %key = call fastcc i32 @RandGen(i32 %add_ln39)

]]></Node>
<StgValue><ssdm name="key"/></StgValue>
</operation>

<operation id="42" st_id="6" stage="1" lat="1">
<core>NULL</core>
<MemPortIdVec></MemPortIdVec>
<condition id="-1">
<or_exp><and_exp><literal name="icmp_ln38" val="0"/>
</and_exp></or_exp>
</condition>

<Node id="49" bw="0" op_0_bw="0">
<![CDATA[
.loopexit.loopexit6:0  br label %.loopexit

]]></Node>
<StgValue><ssdm name="br_ln0"/></StgValue>
</operation>
</state>

<state id="7" st_id="7">

<operation id="43" st_id="7" stage="1" lat="2">
<core></core>
<MemPortIdVec></MemPortIdVec>
<condition id="-1">
<or_exp><and_exp></and_exp></or_exp>
</condition>

<Node id="45" bw="32" op_0_bw="32" op_1_bw="32" op_2_bw="32" op_3_bw="32" op_4_bw="32">
<![CDATA[
:0  %key = call fastcc i32 @RandGen(i32 %add_ln39)

]]></Node>
<StgValue><ssdm name="key"/></StgValue>
</operation>
</state>

<state id="8" st_id="8">

<operation id="44" st_id="8" stage="2" lat="2">
<core></core>
<MemPortIdVec></MemPortIdVec>
<condition id="-1">
<or_exp><and_exp></and_exp></or_exp>
</condition>

<Node id="46" bw="32" op_0_bw="32" op_1_bw="32" op_2_bw="32" op_3_bw="32" op_4_bw="32" op_5_bw="32">
<![CDATA[
:1  %root_assign_2 = call fastcc i32 @Check_thenInsert(i32* %myHeap, i32* %Master2SysAlloc, [40 x i32]* %fixedStack, i32 %p_0, i32 %key)

]]></Node>
<StgValue><ssdm name="root_assign_2"/></StgValue>
</operation>
</state>

<state id="9" st_id="9">

<operation id="45" st_id="9" stage="1" lat="2">
<core></core>
<MemPortIdVec></MemPortIdVec>
<condition id="-1">
<or_exp><and_exp></and_exp></or_exp>
</condition>

<Node id="46" bw="32" op_0_bw="32" op_1_bw="32" op_2_bw="32" op_3_bw="32" op_4_bw="32" op_5_bw="32">
<![CDATA[
:1  %root_assign_2 = call fastcc i32 @Check_thenInsert(i32* %myHeap, i32* %Master2SysAlloc, [40 x i32]* %fixedStack, i32 %p_0, i32 %key)

]]></Node>
<StgValue><ssdm name="root_assign_2"/></StgValue>
</operation>

<operation id="46" st_id="9" stage="1" lat="1">
<core>NULL</core>
<MemPortIdVec></MemPortIdVec>
<condition id="-1">
<or_exp><and_exp></and_exp></or_exp>
</condition>

<Node id="47" bw="0" op_0_bw="0">
<![CDATA[
:2  br label %2

]]></Node>
<StgValue><ssdm name="br_ln38"/></StgValue>
</operation>
</state>

<state id="10" st_id="10">

<operation id="47" st_id="10" stage="1" lat="1">
<core>NULL</core>
<MemPortIdVec></MemPortIdVec>
<condition id="-1">
<or_exp><and_exp></and_exp></or_exp>
</condition>

<Node id="51" bw="32" op_0_bw="32" op_1_bw="0" op_2_bw="32" op_3_bw="0">
<![CDATA[
.loopexit:0  %p_2 = phi i32 [ %p_1, %.loopexit.loopexit ], [ %p_0, %.loopexit.loopexit6 ]

]]></Node>
<StgValue><ssdm name="p_2"/></StgValue>
</operation>

<operation id="48" st_id="10" stage="1" lat="1">
<core>AddSub</core>
<MemPortIdVec></MemPortIdVec>
<condition id="-1">
<or_exp><and_exp></and_exp></or_exp>
</condition>

<Node id="52" bw="32" op_0_bw="32" op_1_bw="32">
<![CDATA[
.loopexit:1  %add_ln51 = add nsw i32 %p_2, 1

]]></Node>
<StgValue><ssdm name="add_ln51"/></StgValue>
</operation>

<operation id="49" st_id="10" stage="1" lat="1">
<core>NULL</core>
<MemPortIdVec></MemPortIdVec>
<condition id="-1">
<or_exp><and_exp></and_exp></or_exp>
</condition>

<Node id="53" bw="0" op_0_bw="32">
<![CDATA[
.loopexit:2  ret i32 %add_ln51

]]></Node>
<StgValue><ssdm name="ret_ln51"/></StgValue>
</operation>
</state>
</state_list>


<ports>
<port id="64" name="myHeap" dir="2" iftype="4">
<core>NULL</core><StgValue><ssdm name="myHeap"/></StgValue>
</port>
<port id="65" name="Master2SysAlloc" dir="2" iftype="4">
<core>NULL</core><StgValue><ssdm name="Master2SysAlloc"/></StgValue>
</port>
<port id="66" name="fixedStack" dir="2" iftype="1">
<core>RAM</core><StgValue><ssdm name="fixedStack"/><MemPortTyVec>2 3 </MemPortTyVec>
</StgValue>
</port>
<port id="67" name="root" dir="0" iftype="0">
<core>NULL</core><StgValue><ssdm name="root"/></StgValue>
</port>
<port id="68" name="log2_tree_size" dir="0" iftype="0">
<core>NULL</core><StgValue><ssdm name="log2_tree_size"/></StgValue>
</port>
<port id="69" name="TestCase" dir="0" iftype="0">
<core>NULL</core><StgValue><ssdm name="TestCase"/></StgValue>
</port>
<port id="70" name="seed_x" dir="2" iftype="0">
<core>NULL</core><StgValue><ssdm name="seed_x"/></StgValue>
</port>
<port id="71" name="seed_y" dir="2" iftype="0">
<core>NULL</core><StgValue><ssdm name="seed_y"/></StgValue>
</port>
<port id="72" name="seed_w" dir="2" iftype="0">
<core>NULL</core><StgValue><ssdm name="seed_w"/></StgValue>
</port>
</ports>


<dataflows>
<dataflow id="74" from="_ssdm_op_SpecInterface" to="specinterface_ln0" fromId="73" toId="11">
</dataflow>
<dataflow id="75" from="Master2SysAlloc" to="specinterface_ln0" fromId="65" toId="11">
</dataflow>
<dataflow id="77" from="p_str3" to="specinterface_ln0" fromId="76" toId="11">
</dataflow>
<dataflow id="79" from="StgValue_78" to="specinterface_ln0" fromId="78" toId="11">
</dataflow>
<dataflow id="80" from="StgValue_78" to="specinterface_ln0" fromId="78" toId="11">
</dataflow>
<dataflow id="82" from="p_str1" to="specinterface_ln0" fromId="81" toId="11">
</dataflow>
<dataflow id="83" from="StgValue_78" to="specinterface_ln0" fromId="78" toId="11">
</dataflow>
<dataflow id="85" from="StgValue_84" to="specinterface_ln0" fromId="84" toId="11">
</dataflow>
<dataflow id="86" from="p_str1" to="specinterface_ln0" fromId="81" toId="11">
</dataflow>
<dataflow id="88" from="p_str4" to="specinterface_ln0" fromId="87" toId="11">
</dataflow>
<dataflow id="89" from="p_str1" to="specinterface_ln0" fromId="81" toId="11">
</dataflow>
<dataflow id="91" from="StgValue_90" to="specinterface_ln0" fromId="90" toId="11">
</dataflow>
<dataflow id="92" from="StgValue_90" to="specinterface_ln0" fromId="90" toId="11">
</dataflow>
<dataflow id="93" from="StgValue_90" to="specinterface_ln0" fromId="90" toId="11">
</dataflow>
<dataflow id="94" from="StgValue_90" to="specinterface_ln0" fromId="90" toId="11">
</dataflow>
<dataflow id="95" from="p_str1" to="specinterface_ln0" fromId="81" toId="11">
</dataflow>
<dataflow id="96" from="p_str1" to="specinterface_ln0" fromId="81" toId="11">
</dataflow>
<dataflow id="97" from="_ssdm_op_SpecInterface" to="specinterface_ln0" fromId="73" toId="12">
</dataflow>
<dataflow id="98" from="myHeap" to="specinterface_ln0" fromId="64" toId="12">
</dataflow>
<dataflow id="99" from="p_str3" to="specinterface_ln0" fromId="76" toId="12">
</dataflow>
<dataflow id="100" from="StgValue_78" to="specinterface_ln0" fromId="78" toId="12">
</dataflow>
<dataflow id="101" from="StgValue_78" to="specinterface_ln0" fromId="78" toId="12">
</dataflow>
<dataflow id="102" from="p_str1" to="specinterface_ln0" fromId="81" toId="12">
</dataflow>
<dataflow id="103" from="StgValue_78" to="specinterface_ln0" fromId="78" toId="12">
</dataflow>
<dataflow id="104" from="StgValue_84" to="specinterface_ln0" fromId="84" toId="12">
</dataflow>
<dataflow id="105" from="p_str1" to="specinterface_ln0" fromId="81" toId="12">
</dataflow>
<dataflow id="106" from="p_str4" to="specinterface_ln0" fromId="87" toId="12">
</dataflow>
<dataflow id="107" from="p_str1" to="specinterface_ln0" fromId="81" toId="12">
</dataflow>
<dataflow id="108" from="StgValue_90" to="specinterface_ln0" fromId="90" toId="12">
</dataflow>
<dataflow id="109" from="StgValue_90" to="specinterface_ln0" fromId="90" toId="12">
</dataflow>
<dataflow id="110" from="StgValue_90" to="specinterface_ln0" fromId="90" toId="12">
</dataflow>
<dataflow id="111" from="StgValue_90" to="specinterface_ln0" fromId="90" toId="12">
</dataflow>
<dataflow id="112" from="p_str1" to="specinterface_ln0" fromId="81" toId="12">
</dataflow>
<dataflow id="113" from="p_str1" to="specinterface_ln0" fromId="81" toId="12">
</dataflow>
<dataflow id="115" from="_ssdm_op_Read.ap_auto.i32" to="log2_tree_size_read" fromId="114" toId="13">
</dataflow>
<dataflow id="116" from="log2_tree_size" to="log2_tree_size_read" fromId="68" toId="13">
</dataflow>
<dataflow id="117" from="_ssdm_op_Read.ap_auto.i32" to="root_read" fromId="114" toId="14">
</dataflow>
<dataflow id="118" from="root" to="root_read" fromId="67" toId="14">
</dataflow>
<dataflow id="119" from="TestCase" to="TestCase_load" fromId="69" toId="15">
</dataflow>
<dataflow id="120" from="TestCase_load" to="icmp_ln34" fromId="15" toId="16">
</dataflow>
<dataflow id="122" from="StgValue_121" to="icmp_ln34" fromId="121" toId="16">
</dataflow>
<dataflow id="123" from="log2_tree_size_read" to="m" fromId="13" toId="17">
</dataflow>
<dataflow id="125" from="StgValue_124" to="m" fromId="124" toId="17">
</dataflow>
<dataflow id="126" from="StgValue_84" to="IterationRange" fromId="84" toId="18">
</dataflow>
<dataflow id="127" from="m" to="IterationRange" fromId="17" toId="18">
</dataflow>
<dataflow id="128" from="icmp_ln34" to="br_ln34" fromId="16" toId="19">
</dataflow>
<dataflow id="129" from="log2_tree_size_read" to="add_ln39" fromId="13" toId="21">
</dataflow>
<dataflow id="130" from="StgValue_121" to="add_ln39" fromId="121" toId="21">
</dataflow>
<dataflow id="131" from="root_assign" to="p_1" fromId="33" toId="23">
<BackEdge/>
<condition id="-1">
<or_exp><and_exp></and_exp></or_exp>
</condition>
</dataflow>
<dataflow id="132" from="br_ln46" to="p_1" fromId="34" toId="23">
<BackEdge/>
</dataflow>
<dataflow id="133" from="root_read" to="p_1" fromId="14" toId="23">
<condition id="-1">
<or_exp><and_exp><literal name="icmp_ln34" val="0"/>
</and_exp></or_exp>
</condition>
</dataflow>
<dataflow id="134" from="br_ln46" to="p_1" fromId="20" toId="23">
</dataflow>
<dataflow id="135" from="i_2" to="i1_0" fromId="27" toId="24">
<BackEdge/>
<condition id="-1">
<or_exp><and_exp></and_exp></or_exp>
</condition>
</dataflow>
<dataflow id="136" from="br_ln46" to="i1_0" fromId="34" toId="24">
<BackEdge/>
</dataflow>
<dataflow id="138" from="StgValue_137" to="i1_0" fromId="137" toId="24">
<condition id="-1">
<or_exp><and_exp><literal name="icmp_ln34" val="0"/>
</and_exp></or_exp>
</condition>
</dataflow>
<dataflow id="139" from="br_ln46" to="i1_0" fromId="20" toId="24">
</dataflow>
<dataflow id="140" from="i1_0" to="zext_ln46" fromId="24" toId="25">
</dataflow>
<dataflow id="141" from="zext_ln46" to="icmp_ln46" fromId="25" toId="26">
</dataflow>
<dataflow id="142" from="IterationRange" to="icmp_ln46" fromId="18" toId="26">
</dataflow>
<dataflow id="143" from="i1_0" to="i_2" fromId="24" toId="27">
</dataflow>
<dataflow id="145" from="StgValue_144" to="i_2" fromId="144" toId="27">
</dataflow>
<dataflow id="146" from="icmp_ln46" to="br_ln46" fromId="26" toId="28">
</dataflow>
<dataflow id="148" from="RandGen" to="key_1" fromId="147" toId="29">
</dataflow>
<dataflow id="149" from="log2_tree_size_read" to="key_1" fromId="13" toId="29">
</dataflow>
<dataflow id="150" from="seed_x" to="key_1" fromId="70" toId="29">
</dataflow>
<dataflow id="151" from="seed_y" to="key_1" fromId="71" toId="29">
</dataflow>
<dataflow id="152" from="seed_w" to="key_1" fromId="72" toId="29">
</dataflow>
<dataflow id="153" from="RandGen" to="key_1" fromId="147" toId="31">
</dataflow>
<dataflow id="154" from="log2_tree_size_read" to="key_1" fromId="13" toId="31">
</dataflow>
<dataflow id="155" from="seed_x" to="key_1" fromId="70" toId="31">
</dataflow>
<dataflow id="156" from="seed_y" to="key_1" fromId="71" toId="31">
</dataflow>
<dataflow id="157" from="seed_w" to="key_1" fromId="72" toId="31">
</dataflow>
<dataflow id="159" from="Check_thenInsert" to="root_assign" fromId="158" toId="32">
</dataflow>
<dataflow id="160" from="myHeap" to="root_assign" fromId="64" toId="32">
</dataflow>
<dataflow id="161" from="Master2SysAlloc" to="root_assign" fromId="65" toId="32">
</dataflow>
<dataflow id="162" from="fixedStack" to="root_assign" fromId="66" toId="32">
</dataflow>
<dataflow id="163" from="p_1" to="root_assign" fromId="23" toId="32">
</dataflow>
<dataflow id="164" from="key_1" to="root_assign" fromId="31" toId="32">
</dataflow>
<dataflow id="165" from="Check_thenInsert" to="root_assign" fromId="158" toId="33">
</dataflow>
<dataflow id="166" from="myHeap" to="root_assign" fromId="64" toId="33">
</dataflow>
<dataflow id="167" from="Master2SysAlloc" to="root_assign" fromId="65" toId="33">
</dataflow>
<dataflow id="168" from="fixedStack" to="root_assign" fromId="66" toId="33">
</dataflow>
<dataflow id="169" from="p_1" to="root_assign" fromId="23" toId="33">
</dataflow>
<dataflow id="170" from="key_1" to="root_assign" fromId="31" toId="33">
</dataflow>
<dataflow id="171" from="root_read" to="p_0" fromId="14" toId="35">
<condition id="-1">
<or_exp><and_exp><literal name="icmp_ln34" val="1"/>
</and_exp></or_exp>
</condition>
</dataflow>
<dataflow id="172" from="br_ln38" to="p_0" fromId="22" toId="35">
</dataflow>
<dataflow id="173" from="root_assign_2" to="p_0" fromId="45" toId="35">
<BackEdge/>
<condition id="-1">
<or_exp><and_exp></and_exp></or_exp>
</condition>
</dataflow>
<dataflow id="174" from="br_ln38" to="p_0" fromId="46" toId="35">
<BackEdge/>
</dataflow>
<dataflow id="175" from="StgValue_137" to="i_0" fromId="137" toId="36">
<condition id="-1">
<or_exp><and_exp><literal name="icmp_ln34" val="1"/>
</and_exp></or_exp>
</condition>
</dataflow>
<dataflow id="176" from="br_ln38" to="i_0" fromId="22" toId="36">
</dataflow>
<dataflow id="177" from="i" to="i_0" fromId="39" toId="36">
<BackEdge/>
<condition id="-1">
<or_exp><and_exp></and_exp></or_exp>
</condition>
</dataflow>
<dataflow id="178" from="br_ln38" to="i_0" fromId="46" toId="36">
<BackEdge/>
</dataflow>
<dataflow id="179" from="i_0" to="zext_ln38" fromId="36" toId="37">
</dataflow>
<dataflow id="180" from="zext_ln38" to="icmp_ln38" fromId="37" toId="38">
</dataflow>
<dataflow id="181" from="IterationRange" to="icmp_ln38" fromId="18" toId="38">
</dataflow>
<dataflow id="182" from="i_0" to="i" fromId="36" toId="39">
</dataflow>
<dataflow id="183" from="StgValue_144" to="i" fromId="144" toId="39">
</dataflow>
<dataflow id="184" from="icmp_ln38" to="br_ln38" fromId="38" toId="40">
</dataflow>
<dataflow id="185" from="RandGen" to="key" fromId="147" toId="41">
</dataflow>
<dataflow id="186" from="add_ln39" to="key" fromId="21" toId="41">
</dataflow>
<dataflow id="187" from="seed_x" to="key" fromId="70" toId="41">
</dataflow>
<dataflow id="188" from="seed_y" to="key" fromId="71" toId="41">
</dataflow>
<dataflow id="189" from="seed_w" to="key" fromId="72" toId="41">
</dataflow>
<dataflow id="190" from="RandGen" to="key" fromId="147" toId="43">
</dataflow>
<dataflow id="191" from="add_ln39" to="key" fromId="21" toId="43">
</dataflow>
<dataflow id="192" from="seed_x" to="key" fromId="70" toId="43">
</dataflow>
<dataflow id="193" from="seed_y" to="key" fromId="71" toId="43">
</dataflow>
<dataflow id="194" from="seed_w" to="key" fromId="72" toId="43">
</dataflow>
<dataflow id="195" from="Check_thenInsert" to="root_assign_2" fromId="158" toId="44">
</dataflow>
<dataflow id="196" from="myHeap" to="root_assign_2" fromId="64" toId="44">
</dataflow>
<dataflow id="197" from="Master2SysAlloc" to="root_assign_2" fromId="65" toId="44">
</dataflow>
<dataflow id="198" from="fixedStack" to="root_assign_2" fromId="66" toId="44">
</dataflow>
<dataflow id="199" from="p_0" to="root_assign_2" fromId="35" toId="44">
</dataflow>
<dataflow id="200" from="key" to="root_assign_2" fromId="43" toId="44">
</dataflow>
<dataflow id="201" from="Check_thenInsert" to="root_assign_2" fromId="158" toId="45">
</dataflow>
<dataflow id="202" from="myHeap" to="root_assign_2" fromId="64" toId="45">
</dataflow>
<dataflow id="203" from="Master2SysAlloc" to="root_assign_2" fromId="65" toId="45">
</dataflow>
<dataflow id="204" from="fixedStack" to="root_assign_2" fromId="66" toId="45">
</dataflow>
<dataflow id="205" from="p_0" to="root_assign_2" fromId="35" toId="45">
</dataflow>
<dataflow id="206" from="key" to="root_assign_2" fromId="43" toId="45">
</dataflow>
<dataflow id="207" from="p_1" to="p_2" fromId="23" toId="47">
<condition id="-1">
<or_exp><and_exp><literal name="icmp_ln46" val="0"/>
</and_exp></or_exp>
</condition>
</dataflow>
<dataflow id="208" from="br_ln0" to="p_2" fromId="30" toId="47">
</dataflow>
<dataflow id="209" from="p_0" to="p_2" fromId="35" toId="47">
<condition id="-1">
<or_exp><and_exp><literal name="icmp_ln38" val="0"/>
</and_exp></or_exp>
</condition>
</dataflow>
<dataflow id="210" from="br_ln0" to="p_2" fromId="42" toId="47">
</dataflow>
<dataflow id="211" from="p_2" to="add_ln51" fromId="47" toId="48">
</dataflow>
<dataflow id="212" from="StgValue_84" to="add_ln51" fromId="84" toId="48">
</dataflow>
<dataflow id="213" from="add_ln51" to="ret_ln51" fromId="48" toId="49">
</dataflow>
<dataflow id="214" from="icmp_ln34" to="StgValue_1" fromId="16" toId="1">
</dataflow>
<dataflow id="215" from="icmp_ln46" to="StgValue_2" fromId="26" toId="2">
</dataflow>
<dataflow id="216" from="icmp_ln38" to="StgValue_6" fromId="38" toId="6">
</dataflow>
</dataflows>


</stg>
