<profile>

<section name = "Vivado HLS Report for 'PM_3_UPDATE'" level="0">
<item name = "Date">Mon Sep 20 14:58:55 2021
</item>
<item name = "Version">2019.1 (Build 2552052 on Fri May 24 15:28:33 MDT 2019)</item>
<item name = "Project">avltreefint</item>
<item name = "Solution">solution1</item>
<item name = "Product family">virtex7</item>
<item name = "Target device">xc7vx485t-ffg1157-1</item>
</section>

<section name = "Performance Estimates" level="0">
<item name = "Timing (ns)">
<section name = "" level="1">
<item name = "Summary"><table name="" hasTotal="0">
<keys size="4">Clock, Target, Estimated, Uncertainty</keys>
<column name="ap_clk">10.00, 8.750, 1.25</column>
</table>
</item>
</section>
</item>
<item name = "Latency (clock cycles)">
<section name = "" level="1">
<item name = "Summary"><table name="" hasTotal="0">
<keys size="6">, min, max, min, max, Type</keys>
<column name="">?, ?, ?, ?, none</column>
</table>
</item>
<item name = "Detail">
<section name = "" level="1">
<item name = "Instance"><table name="" hasTotal="0">
<keys size="7">Instance, Module, min, max, min, max, Type</keys>
<column name="grp_UpdateNode_fu_115">UpdateNode, ?, ?, ?, ?, none</column>
<column name="grp_RandGen_fu_132">RandGen, ?, ?, ?, ?, none</column>
</table>
</item>
<item name = "Loop"><table name="" hasTotal="0">
<keys size="8">Loop Name, min, max, Latency, achieved, target, Count, Pipelined</keys>
<column name="- Loop 1">?, ?, ?, -, -, ?, no</column>
<column name="- Loop 2">?, ?, ?, -, -, ?, no</column>
</table>
</item>
</section>
</item>
</section>
</item>
</section>

<section name = "Utilization Estimates" level="0">
<item name = "Summary"><table name="" hasTotal="1">
<keys size="6">Name, BRAM_18K, DSP48E, FF, LUT, URAM</keys>
<column name="DSP">-, -, -, -, -</column>
<column name="Expression">-, -, 0, 371, -</column>
<column name="FIFO">-, -, -, -, -</column>
<column name="Instance">-, -, 19482, 68973, -</column>
<column name="Memory">-, -, -, -, -</column>
<column name="Multiplexer">-, -, -, 332, -</column>
<column name="Register">-, -, 458, -, -</column>
<specialColumn name="Available">2060, 2800, 607200, 303600, 0</specialColumn>
<specialColumn name="Utilization (%)">0, 0, 3, 22, 0</specialColumn>
</table>
</item>
<item name = "Detail">
<section name = "" level="1">
<item name = "Instance"><table name="" hasTotal="1">
<keys size="7">Instance, Module, BRAM_18K, DSP48E, FF, LUT, URAM</keys>
<column name="grp_RandGen_fu_132">RandGen, 0, 0, 97, 389, 0</column>
<column name="grp_UpdateNode_fu_115">UpdateNode, 0, 0, 19385, 68584, 0</column>
</table>
</item>
<item name = "DSP48E"><table name="" hasTotal="0">
<keys size="3">Instance, Module, Expression</keys>
</table>
</item>
<item name = "Memory"><table name="" hasTotal="1">
<keys size="10">Memory, Module, BRAM_18K, FF, LUT, URAM, Words, Bits, Banks, W*Bits*Banks</keys>
</table>
</item>
<item name = "FIFO"><table name="" hasTotal="1">
<keys size="8">Name, BRAM_18K, FF, LUT, URAM, Depth, Bits, Size:D*B</keys>
</table>
</item>
<item name = "Expression"><table name="" hasTotal="1">
<keys size="7">Variable Name, Operation, DSP48E, FF, LUT, Bitwidth P0, Bitwidth P1</keys>
<column name="add_ln61_fu_176_p2">+, 0, 0, 39, 32, 2</column>
<column name="add_ln62_fu_182_p2">+, 0, 0, 39, 32, 2</column>
<column name="add_ln74_fu_218_p2">+, 0, 0, 39, 32, 1</column>
<column name="i_1_fu_197_p2">+, 0, 0, 38, 31, 1</column>
<column name="i_fu_212_p2">+, 0, 0, 38, 31, 1</column>
<column name="m_fu_164_p2">+, 0, 0, 39, 32, 2</column>
<column name="icmp_ln56_fu_158_p2">icmp, 0, 0, 18, 32, 2</column>
<column name="icmp_ln60_fu_207_p2">icmp, 0, 0, 18, 32, 32</column>
<column name="icmp_ln68_fu_192_p2">icmp, 0, 0, 18, 32, 32</column>
<column name="IterationRange_fu_170_p2">shl, 0, 0, 85, 1, 32</column>
</table>
</item>
<item name = "Multiplexer"><table name="" hasTotal="1">
<keys size="5">Name, LUT, Input Size, Bits, Total Bits</keys>
<column name="ap_NS_fsm">56, 13, 1, 13</column>
<column name="ap_return">9, 2, 32, 64</column>
<column name="fixedStack_ce0">9, 2, 1, 2</column>
<column name="fixedStack_we0">9, 2, 1, 2</column>
<column name="grp_RandGen_fu_132_log2_num_range">27, 5, 32, 160</column>
<column name="grp_UpdateNode_fu_115_rootPtr">15, 3, 32, 96</column>
<column name="i1_0_reg_72">9, 2, 31, 62</column>
<column name="i_0_reg_93">9, 2, 31, 62</column>
<column name="m_axi_Master2SysAlloc_ARVALID">9, 2, 1, 2</column>
<column name="m_axi_Master2SysAlloc_AWVALID">9, 2, 1, 2</column>
<column name="m_axi_Master2SysAlloc_BREADY">9, 2, 1, 2</column>
<column name="m_axi_Master2SysAlloc_RREADY">9, 2, 1, 2</column>
<column name="m_axi_Master2SysAlloc_WVALID">9, 2, 1, 2</column>
<column name="m_axi_myHeap_ARVALID">9, 2, 1, 2</column>
<column name="m_axi_myHeap_AWVALID">9, 2, 1, 2</column>
<column name="m_axi_myHeap_BREADY">9, 2, 1, 2</column>
<column name="m_axi_myHeap_RREADY">9, 2, 1, 2</column>
<column name="m_axi_myHeap_WVALID">9, 2, 1, 2</column>
<column name="p_0_reg_83">9, 2, 32, 64</column>
<column name="p_1_reg_62">9, 2, 32, 64</column>
<column name="p_2_reg_104">9, 2, 32, 64</column>
<column name="secondStack_ce0">9, 2, 1, 2</column>
<column name="secondStack_we0">9, 2, 1, 2</column>
<column name="seed_w_o">9, 2, 32, 64</column>
<column name="seed_w_o_ap_vld">9, 2, 1, 2</column>
<column name="seed_x_o">9, 2, 32, 64</column>
<column name="seed_x_o_ap_vld">9, 2, 1, 2</column>
<column name="seed_y_o">9, 2, 32, 64</column>
<column name="seed_y_o_ap_vld">9, 2, 1, 2</column>
</table>
</item>
<item name = "Register"><table name="" hasTotal="1">
<keys size="5">Name, FF, LUT, Bits, Const Bits</keys>
<column name="IterationRange_reg_243">32, 0, 32, 0</column>
<column name="add_ln61_reg_249">32, 0, 32, 0</column>
<column name="add_ln62_reg_254">32, 0, 32, 0</column>
<column name="ap_CS_fsm">12, 0, 12, 0</column>
<column name="ap_return_preg">32, 0, 32, 0</column>
<column name="grp_RandGen_fu_132_ap_start_reg">1, 0, 1, 0</column>
<column name="grp_UpdateNode_fu_115_ap_start_reg">1, 0, 1, 0</column>
<column name="i1_0_reg_72">31, 0, 31, 0</column>
<column name="i_0_reg_93">31, 0, 31, 0</column>
<column name="i_1_reg_262">31, 0, 31, 0</column>
<column name="i_reg_275">31, 0, 31, 0</column>
<column name="m_reg_238">32, 0, 32, 0</column>
<column name="p_0_reg_83">32, 0, 32, 0</column>
<column name="p_1_reg_62">32, 0, 32, 0</column>
<column name="p_2_reg_104">32, 0, 32, 0</column>
<column name="reg_144">32, 0, 32, 0</column>
<column name="reg_149">32, 0, 32, 0</column>
</table>
</item>
</section>
</item>
</section>

<section name = "Interface" level="0">
<item name = "Summary"><table name="" hasTotal="0">
<keys size="6">RTL Ports, Dir, Bits, Protocol, Source Object, C Type</keys>
<column name="ap_clk">in, 1, ap_ctrl_hs, PM_3_UPDATE, return value</column>
<column name="ap_rst">in, 1, ap_ctrl_hs, PM_3_UPDATE, return value</column>
<column name="ap_start">in, 1, ap_ctrl_hs, PM_3_UPDATE, return value</column>
<column name="ap_done">out, 1, ap_ctrl_hs, PM_3_UPDATE, return value</column>
<column name="ap_idle">out, 1, ap_ctrl_hs, PM_3_UPDATE, return value</column>
<column name="ap_ready">out, 1, ap_ctrl_hs, PM_3_UPDATE, return value</column>
<column name="ap_return">out, 32, ap_ctrl_hs, PM_3_UPDATE, return value</column>
<column name="m_axi_myHeap_AWVALID">out, 1, m_axi, myHeap, pointer</column>
<column name="m_axi_myHeap_AWREADY">in, 1, m_axi, myHeap, pointer</column>
<column name="m_axi_myHeap_AWADDR">out, 32, m_axi, myHeap, pointer</column>
<column name="m_axi_myHeap_AWID">out, 1, m_axi, myHeap, pointer</column>
<column name="m_axi_myHeap_AWLEN">out, 32, m_axi, myHeap, pointer</column>
<column name="m_axi_myHeap_AWSIZE">out, 3, m_axi, myHeap, pointer</column>
<column name="m_axi_myHeap_AWBURST">out, 2, m_axi, myHeap, pointer</column>
<column name="m_axi_myHeap_AWLOCK">out, 2, m_axi, myHeap, pointer</column>
<column name="m_axi_myHeap_AWCACHE">out, 4, m_axi, myHeap, pointer</column>
<column name="m_axi_myHeap_AWPROT">out, 3, m_axi, myHeap, pointer</column>
<column name="m_axi_myHeap_AWQOS">out, 4, m_axi, myHeap, pointer</column>
<column name="m_axi_myHeap_AWREGION">out, 4, m_axi, myHeap, pointer</column>
<column name="m_axi_myHeap_AWUSER">out, 1, m_axi, myHeap, pointer</column>
<column name="m_axi_myHeap_WVALID">out, 1, m_axi, myHeap, pointer</column>
<column name="m_axi_myHeap_WREADY">in, 1, m_axi, myHeap, pointer</column>
<column name="m_axi_myHeap_WDATA">out, 32, m_axi, myHeap, pointer</column>
<column name="m_axi_myHeap_WSTRB">out, 4, m_axi, myHeap, pointer</column>
<column name="m_axi_myHeap_WLAST">out, 1, m_axi, myHeap, pointer</column>
<column name="m_axi_myHeap_WID">out, 1, m_axi, myHeap, pointer</column>
<column name="m_axi_myHeap_WUSER">out, 1, m_axi, myHeap, pointer</column>
<column name="m_axi_myHeap_ARVALID">out, 1, m_axi, myHeap, pointer</column>
<column name="m_axi_myHeap_ARREADY">in, 1, m_axi, myHeap, pointer</column>
<column name="m_axi_myHeap_ARADDR">out, 32, m_axi, myHeap, pointer</column>
<column name="m_axi_myHeap_ARID">out, 1, m_axi, myHeap, pointer</column>
<column name="m_axi_myHeap_ARLEN">out, 32, m_axi, myHeap, pointer</column>
<column name="m_axi_myHeap_ARSIZE">out, 3, m_axi, myHeap, pointer</column>
<column name="m_axi_myHeap_ARBURST">out, 2, m_axi, myHeap, pointer</column>
<column name="m_axi_myHeap_ARLOCK">out, 2, m_axi, myHeap, pointer</column>
<column name="m_axi_myHeap_ARCACHE">out, 4, m_axi, myHeap, pointer</column>
<column name="m_axi_myHeap_ARPROT">out, 3, m_axi, myHeap, pointer</column>
<column name="m_axi_myHeap_ARQOS">out, 4, m_axi, myHeap, pointer</column>
<column name="m_axi_myHeap_ARREGION">out, 4, m_axi, myHeap, pointer</column>
<column name="m_axi_myHeap_ARUSER">out, 1, m_axi, myHeap, pointer</column>
<column name="m_axi_myHeap_RVALID">in, 1, m_axi, myHeap, pointer</column>
<column name="m_axi_myHeap_RREADY">out, 1, m_axi, myHeap, pointer</column>
<column name="m_axi_myHeap_RDATA">in, 32, m_axi, myHeap, pointer</column>
<column name="m_axi_myHeap_RLAST">in, 1, m_axi, myHeap, pointer</column>
<column name="m_axi_myHeap_RID">in, 1, m_axi, myHeap, pointer</column>
<column name="m_axi_myHeap_RUSER">in, 1, m_axi, myHeap, pointer</column>
<column name="m_axi_myHeap_RRESP">in, 2, m_axi, myHeap, pointer</column>
<column name="m_axi_myHeap_BVALID">in, 1, m_axi, myHeap, pointer</column>
<column name="m_axi_myHeap_BREADY">out, 1, m_axi, myHeap, pointer</column>
<column name="m_axi_myHeap_BRESP">in, 2, m_axi, myHeap, pointer</column>
<column name="m_axi_myHeap_BID">in, 1, m_axi, myHeap, pointer</column>
<column name="m_axi_myHeap_BUSER">in, 1, m_axi, myHeap, pointer</column>
<column name="m_axi_Master2SysAlloc_AWVALID">out, 1, m_axi, Master2SysAlloc, pointer</column>
<column name="m_axi_Master2SysAlloc_AWREADY">in, 1, m_axi, Master2SysAlloc, pointer</column>
<column name="m_axi_Master2SysAlloc_AWADDR">out, 32, m_axi, Master2SysAlloc, pointer</column>
<column name="m_axi_Master2SysAlloc_AWID">out, 1, m_axi, Master2SysAlloc, pointer</column>
<column name="m_axi_Master2SysAlloc_AWLEN">out, 32, m_axi, Master2SysAlloc, pointer</column>
<column name="m_axi_Master2SysAlloc_AWSIZE">out, 3, m_axi, Master2SysAlloc, pointer</column>
<column name="m_axi_Master2SysAlloc_AWBURST">out, 2, m_axi, Master2SysAlloc, pointer</column>
<column name="m_axi_Master2SysAlloc_AWLOCK">out, 2, m_axi, Master2SysAlloc, pointer</column>
<column name="m_axi_Master2SysAlloc_AWCACHE">out, 4, m_axi, Master2SysAlloc, pointer</column>
<column name="m_axi_Master2SysAlloc_AWPROT">out, 3, m_axi, Master2SysAlloc, pointer</column>
<column name="m_axi_Master2SysAlloc_AWQOS">out, 4, m_axi, Master2SysAlloc, pointer</column>
<column name="m_axi_Master2SysAlloc_AWREGION">out, 4, m_axi, Master2SysAlloc, pointer</column>
<column name="m_axi_Master2SysAlloc_AWUSER">out, 1, m_axi, Master2SysAlloc, pointer</column>
<column name="m_axi_Master2SysAlloc_WVALID">out, 1, m_axi, Master2SysAlloc, pointer</column>
<column name="m_axi_Master2SysAlloc_WREADY">in, 1, m_axi, Master2SysAlloc, pointer</column>
<column name="m_axi_Master2SysAlloc_WDATA">out, 32, m_axi, Master2SysAlloc, pointer</column>
<column name="m_axi_Master2SysAlloc_WSTRB">out, 4, m_axi, Master2SysAlloc, pointer</column>
<column name="m_axi_Master2SysAlloc_WLAST">out, 1, m_axi, Master2SysAlloc, pointer</column>
<column name="m_axi_Master2SysAlloc_WID">out, 1, m_axi, Master2SysAlloc, pointer</column>
<column name="m_axi_Master2SysAlloc_WUSER">out, 1, m_axi, Master2SysAlloc, pointer</column>
<column name="m_axi_Master2SysAlloc_ARVALID">out, 1, m_axi, Master2SysAlloc, pointer</column>
<column name="m_axi_Master2SysAlloc_ARREADY">in, 1, m_axi, Master2SysAlloc, pointer</column>
<column name="m_axi_Master2SysAlloc_ARADDR">out, 32, m_axi, Master2SysAlloc, pointer</column>
<column name="m_axi_Master2SysAlloc_ARID">out, 1, m_axi, Master2SysAlloc, pointer</column>
<column name="m_axi_Master2SysAlloc_ARLEN">out, 32, m_axi, Master2SysAlloc, pointer</column>
<column name="m_axi_Master2SysAlloc_ARSIZE">out, 3, m_axi, Master2SysAlloc, pointer</column>
<column name="m_axi_Master2SysAlloc_ARBURST">out, 2, m_axi, Master2SysAlloc, pointer</column>
<column name="m_axi_Master2SysAlloc_ARLOCK">out, 2, m_axi, Master2SysAlloc, pointer</column>
<column name="m_axi_Master2SysAlloc_ARCACHE">out, 4, m_axi, Master2SysAlloc, pointer</column>
<column name="m_axi_Master2SysAlloc_ARPROT">out, 3, m_axi, Master2SysAlloc, pointer</column>
<column name="m_axi_Master2SysAlloc_ARQOS">out, 4, m_axi, Master2SysAlloc, pointer</column>
<column name="m_axi_Master2SysAlloc_ARREGION">out, 4, m_axi, Master2SysAlloc, pointer</column>
<column name="m_axi_Master2SysAlloc_ARUSER">out, 1, m_axi, Master2SysAlloc, pointer</column>
<column name="m_axi_Master2SysAlloc_RVALID">in, 1, m_axi, Master2SysAlloc, pointer</column>
<column name="m_axi_Master2SysAlloc_RREADY">out, 1, m_axi, Master2SysAlloc, pointer</column>
<column name="m_axi_Master2SysAlloc_RDATA">in, 32, m_axi, Master2SysAlloc, pointer</column>
<column name="m_axi_Master2SysAlloc_RLAST">in, 1, m_axi, Master2SysAlloc, pointer</column>
<column name="m_axi_Master2SysAlloc_RID">in, 1, m_axi, Master2SysAlloc, pointer</column>
<column name="m_axi_Master2SysAlloc_RUSER">in, 1, m_axi, Master2SysAlloc, pointer</column>
<column name="m_axi_Master2SysAlloc_RRESP">in, 2, m_axi, Master2SysAlloc, pointer</column>
<column name="m_axi_Master2SysAlloc_BVALID">in, 1, m_axi, Master2SysAlloc, pointer</column>
<column name="m_axi_Master2SysAlloc_BREADY">out, 1, m_axi, Master2SysAlloc, pointer</column>
<column name="m_axi_Master2SysAlloc_BRESP">in, 2, m_axi, Master2SysAlloc, pointer</column>
<column name="m_axi_Master2SysAlloc_BID">in, 1, m_axi, Master2SysAlloc, pointer</column>
<column name="m_axi_Master2SysAlloc_BUSER">in, 1, m_axi, Master2SysAlloc, pointer</column>
<column name="fixedStack_address0">out, 6, ap_memory, fixedStack, array</column>
<column name="fixedStack_ce0">out, 1, ap_memory, fixedStack, array</column>
<column name="fixedStack_we0">out, 1, ap_memory, fixedStack, array</column>
<column name="fixedStack_d0">out, 32, ap_memory, fixedStack, array</column>
<column name="fixedStack_q0">in, 32, ap_memory, fixedStack, array</column>
<column name="secondStack_address0">out, 6, ap_memory, secondStack, array</column>
<column name="secondStack_ce0">out, 1, ap_memory, secondStack, array</column>
<column name="secondStack_we0">out, 1, ap_memory, secondStack, array</column>
<column name="secondStack_d0">out, 32, ap_memory, secondStack, array</column>
<column name="secondStack_q0">in, 32, ap_memory, secondStack, array</column>
<column name="root">in, 32, ap_none, root, scalar</column>
<column name="log2_tree_size">in, 32, ap_none, log2_tree_size, scalar</column>
<column name="TestCase">in, 32, ap_none, TestCase, pointer</column>
<column name="seed_x_i">in, 32, ap_ovld, seed_x, pointer</column>
<column name="seed_x_o">out, 32, ap_ovld, seed_x, pointer</column>
<column name="seed_x_o_ap_vld">out, 1, ap_ovld, seed_x, pointer</column>
<column name="seed_y_i">in, 32, ap_ovld, seed_y, pointer</column>
<column name="seed_y_o">out, 32, ap_ovld, seed_y, pointer</column>
<column name="seed_y_o_ap_vld">out, 1, ap_ovld, seed_y, pointer</column>
<column name="seed_w_i">in, 32, ap_ovld, seed_w, pointer</column>
<column name="seed_w_o">out, 32, ap_ovld, seed_w, pointer</column>
<column name="seed_w_o_ap_vld">out, 1, ap_ovld, seed_w, pointer</column>
</table>
</item>
</section>
</profile>
