<stg><name>PM_3_UPDATE</name>


<trans_list>

<trans id="57" from="1" to="2">
<condition id="-1">
<or_exp><and_exp><literal name="icmp_ln56" val="0"/>
</and_exp></or_exp>
</condition>
</trans>

<trans id="65" from="1" to="7">
<condition id="-1">
<or_exp><and_exp><literal name="icmp_ln56" val="1"/>
</and_exp></or_exp>
</condition>
</trans>

<trans id="58" from="2" to="3">
<condition id="-1">
<or_exp><and_exp><literal name="icmp_ln68" val="1"/>
</and_exp></or_exp>
</condition>
</trans>

<trans id="64" from="2" to="12">
<condition id="-1">
<or_exp><and_exp><literal name="icmp_ln68" val="0"/>
</and_exp></or_exp>
</condition>
</trans>

<trans id="60" from="3" to="4">
<condition id="-1">
<or_exp><and_exp></and_exp></or_exp>
</condition>
</trans>

<trans id="61" from="4" to="5">
<condition id="-1">
<or_exp><and_exp></and_exp></or_exp>
</condition>
</trans>

<trans id="62" from="5" to="6">
<condition id="-1">
<or_exp><and_exp></and_exp></or_exp>
</condition>
</trans>

<trans id="63" from="6" to="2">
<condition id="-1">
<or_exp><and_exp></and_exp></or_exp>
</condition>
</trans>

<trans id="66" from="7" to="8">
<condition id="-1">
<or_exp><and_exp><literal name="icmp_ln60" val="1"/>
</and_exp></or_exp>
</condition>
</trans>

<trans id="72" from="7" to="12">
<condition id="-1">
<or_exp><and_exp><literal name="icmp_ln60" val="0"/>
</and_exp></or_exp>
</condition>
</trans>

<trans id="68" from="8" to="9">
<condition id="-1">
<or_exp><and_exp></and_exp></or_exp>
</condition>
</trans>

<trans id="69" from="9" to="10">
<condition id="-1">
<or_exp><and_exp></and_exp></or_exp>
</condition>
</trans>

<trans id="70" from="10" to="11">
<condition id="-1">
<or_exp><and_exp></and_exp></or_exp>
</condition>
</trans>

<trans id="71" from="11" to="7">
<condition id="-1">
<or_exp><and_exp></and_exp></or_exp>
</condition>
</trans>
</trans_list>



<state_list>

<state id="1" st_id="1">

<operation id="13" st_id="1" stage="1" lat="1">
<core>NULL</core>
<MemPortIdVec></MemPortIdVec>
<condition id="-1">
<or_exp><and_exp></and_exp></or_exp>
</condition>

<Node id="11" bw="0" op_0_bw="0" op_1_bw="32" op_2_bw="0" op_3_bw="32" op_4_bw="32" op_5_bw="0" op_6_bw="32" op_7_bw="32" op_8_bw="0" op_9_bw="0" op_10_bw="0" op_11_bw="32" op_12_bw="32" op_13_bw="32" op_14_bw="32" op_15_bw="0" op_16_bw="0">
<![CDATA[
:0  call void (...)* @_ssdm_op_SpecInterface(i32* %Master2SysAlloc, [6 x i8]* @p_str3, i32 0, i32 0, [1 x i8]* @p_str1, i32 0, i32 1, [1 x i8]* @p_str1, [4 x i8]* @p_str4, [1 x i8]* @p_str1, i32 16, i32 16, i32 16, i32 16, [1 x i8]* @p_str1, [1 x i8]* @p_str1) nounwind

]]></Node>
<StgValue><ssdm name="specinterface_ln0"/></StgValue>
</operation>

<operation id="14" st_id="1" stage="1" lat="1">
<core>NULL</core>
<MemPortIdVec></MemPortIdVec>
<condition id="-1">
<or_exp><and_exp></and_exp></or_exp>
</condition>

<Node id="12" bw="0" op_0_bw="0" op_1_bw="32" op_2_bw="0" op_3_bw="32" op_4_bw="32" op_5_bw="0" op_6_bw="32" op_7_bw="32" op_8_bw="0" op_9_bw="0" op_10_bw="0" op_11_bw="32" op_12_bw="32" op_13_bw="32" op_14_bw="32" op_15_bw="0" op_16_bw="0">
<![CDATA[
:1  call void (...)* @_ssdm_op_SpecInterface(i32* %myHeap, [6 x i8]* @p_str3, i32 0, i32 0, [1 x i8]* @p_str1, i32 0, i32 1, [1 x i8]* @p_str1, [4 x i8]* @p_str4, [1 x i8]* @p_str1, i32 16, i32 16, i32 16, i32 16, [1 x i8]* @p_str1, [1 x i8]* @p_str1) nounwind

]]></Node>
<StgValue><ssdm name="specinterface_ln0"/></StgValue>
</operation>

<operation id="15" st_id="1" stage="1" lat="1">
<core>NULL</core>
<MemPortIdVec></MemPortIdVec>
<condition id="-1">
<or_exp><and_exp></and_exp></or_exp>
</condition>

<Node id="13" bw="32" op_0_bw="32" op_1_bw="32">
<![CDATA[
:2  %log2_tree_size_read = call i32 @_ssdm_op_Read.ap_auto.i32(i32 %log2_tree_size)

]]></Node>
<StgValue><ssdm name="log2_tree_size_read"/></StgValue>
</operation>

<operation id="16" st_id="1" stage="1" lat="1">
<core>NULL</core>
<MemPortIdVec></MemPortIdVec>
<condition id="-1">
<or_exp><and_exp></and_exp></or_exp>
</condition>

<Node id="14" bw="32" op_0_bw="32" op_1_bw="32">
<![CDATA[
:3  %root_read = call i32 @_ssdm_op_Read.ap_auto.i32(i32 %root)

]]></Node>
<StgValue><ssdm name="root_read"/></StgValue>
</operation>

<operation id="17" st_id="1" stage="1" lat="1">
<core>NULL</core>
<MemPortIdVec></MemPortIdVec>
<condition id="-1">
<or_exp><and_exp></and_exp></or_exp>
</condition>

<Node id="15" bw="32" op_0_bw="32">
<![CDATA[
:4  %TestCase_load = load i32* @TestCase, align 4

]]></Node>
<StgValue><ssdm name="TestCase_load"/></StgValue>
</operation>

<operation id="18" st_id="1" stage="1" lat="1">
<core>Cmp</core>
<MemPortIdVec></MemPortIdVec>
<condition id="-1">
<or_exp><and_exp></and_exp></or_exp>
</condition>

<Node id="16" bw="1" op_0_bw="32" op_1_bw="32">
<![CDATA[
:5  %icmp_ln56 = icmp eq i32 %TestCase_load, 2

]]></Node>
<StgValue><ssdm name="icmp_ln56"/></StgValue>
</operation>

<operation id="19" st_id="1" stage="1" lat="1">
<core>AddSub</core>
<MemPortIdVec></MemPortIdVec>
<condition id="-1">
<or_exp><and_exp></and_exp></or_exp>
</condition>

<Node id="17" bw="32" op_0_bw="32" op_1_bw="32">
<![CDATA[
:6  %m = add nsw i32 %log2_tree_size_read, -1

]]></Node>
<StgValue><ssdm name="m"/></StgValue>
</operation>

<operation id="20" st_id="1" stage="1" lat="1">
<core>Shift</core>
<MemPortIdVec></MemPortIdVec>
<condition id="-1">
<or_exp><and_exp></and_exp></or_exp>
</condition>

<Node id="18" bw="32" op_0_bw="32" op_1_bw="32">
<![CDATA[
:7  %IterationRange = shl i32 1, %m

]]></Node>
<StgValue><ssdm name="IterationRange"/></StgValue>
</operation>

<operation id="21" st_id="1" stage="1" lat="1">
<core>NULL</core>
<MemPortIdVec></MemPortIdVec>
<condition id="-1">
<or_exp><and_exp></and_exp></or_exp>
</condition>

<Node id="19" bw="0" op_0_bw="1" op_1_bw="0" op_2_bw="0">
<![CDATA[
:8  br i1 %icmp_ln56, label %1, label %.preheader.preheader

]]></Node>
<StgValue><ssdm name="br_ln56"/></StgValue>
</operation>

<operation id="22" st_id="1" stage="1" lat="1">
<core>NULL</core>
<MemPortIdVec></MemPortIdVec>
<condition id="-1">
<or_exp><and_exp><literal name="icmp_ln56" val="0"/>
</and_exp></or_exp>
</condition>

<Node id="21" bw="0" op_0_bw="0">
<![CDATA[
.preheader.preheader:0  br label %.preheader

]]></Node>
<StgValue><ssdm name="br_ln68"/></StgValue>
</operation>

<operation id="23" st_id="1" stage="1" lat="1">
<core>AddSub</core>
<MemPortIdVec></MemPortIdVec>
<condition id="-1">
<or_exp><and_exp><literal name="icmp_ln56" val="1"/>
</and_exp></or_exp>
</condition>

<Node id="37" bw="32" op_0_bw="32" op_1_bw="32">
<![CDATA[
:0  %add_ln61 = add nsw i32 %log2_tree_size_read, 2

]]></Node>
<StgValue><ssdm name="add_ln61"/></StgValue>
</operation>

<operation id="24" st_id="1" stage="1" lat="1">
<core>AddSub</core>
<MemPortIdVec></MemPortIdVec>
<condition id="-1">
<or_exp><and_exp><literal name="icmp_ln56" val="1"/>
</and_exp></or_exp>
</condition>

<Node id="38" bw="32" op_0_bw="32" op_1_bw="32">
<![CDATA[
:1  %add_ln62 = add nsw i32 %log2_tree_size_read, 3

]]></Node>
<StgValue><ssdm name="add_ln62"/></StgValue>
</operation>

<operation id="25" st_id="1" stage="1" lat="1">
<core>NULL</core>
<MemPortIdVec></MemPortIdVec>
<condition id="-1">
<or_exp><and_exp><literal name="icmp_ln56" val="1"/>
</and_exp></or_exp>
</condition>

<Node id="39" bw="0" op_0_bw="0">
<![CDATA[
:2  br label %2

]]></Node>
<StgValue><ssdm name="br_ln60"/></StgValue>
</operation>
</state>

<state id="2" st_id="2">

<operation id="26" st_id="2" stage="1" lat="1">
<core>NULL</core>
<MemPortIdVec></MemPortIdVec>
<condition id="-1">
<or_exp><and_exp></and_exp></or_exp>
</condition>

<Node id="23" bw="32" op_0_bw="32" op_1_bw="0" op_2_bw="32" op_3_bw="0">
<![CDATA[
.preheader:0  %p_1 = phi i32 [ %root_assign, %4 ], [ %root_read, %.preheader.preheader ]

]]></Node>
<StgValue><ssdm name="p_1"/></StgValue>
</operation>

<operation id="27" st_id="2" stage="1" lat="1">
<core>NULL</core>
<MemPortIdVec></MemPortIdVec>
<condition id="-1">
<or_exp><and_exp></and_exp></or_exp>
</condition>

<Node id="24" bw="31" op_0_bw="31" op_1_bw="0" op_2_bw="31" op_3_bw="0">
<![CDATA[
.preheader:1  %i1_0 = phi i31 [ %i_1, %4 ], [ 0, %.preheader.preheader ]

]]></Node>
<StgValue><ssdm name="i1_0"/></StgValue>
</operation>

<operation id="28" st_id="2" stage="1" lat="1">
<core>NULL</core>
<MemPortIdVec></MemPortIdVec>
<condition id="-1">
<or_exp><and_exp></and_exp></or_exp>
</condition>

<Node id="25" bw="32" op_0_bw="31">
<![CDATA[
.preheader:2  %zext_ln68 = zext i31 %i1_0 to i32

]]></Node>
<StgValue><ssdm name="zext_ln68"/></StgValue>
</operation>

<operation id="29" st_id="2" stage="1" lat="1">
<core>Cmp</core>
<MemPortIdVec></MemPortIdVec>
<condition id="-1">
<or_exp><and_exp></and_exp></or_exp>
</condition>

<Node id="26" bw="1" op_0_bw="32" op_1_bw="32">
<![CDATA[
.preheader:3  %icmp_ln68 = icmp slt i32 %zext_ln68, %IterationRange

]]></Node>
<StgValue><ssdm name="icmp_ln68"/></StgValue>
</operation>

<operation id="30" st_id="2" stage="1" lat="1">
<core>AddSub</core>
<MemPortIdVec></MemPortIdVec>
<condition id="-1">
<or_exp><and_exp></and_exp></or_exp>
</condition>

<Node id="27" bw="31" op_0_bw="31" op_1_bw="31">
<![CDATA[
.preheader:4  %i_1 = add i31 %i1_0, 1

]]></Node>
<StgValue><ssdm name="i_1"/></StgValue>
</operation>

<operation id="31" st_id="2" stage="1" lat="1">
<core>NULL</core>
<MemPortIdVec></MemPortIdVec>
<condition id="-1">
<or_exp><and_exp></and_exp></or_exp>
</condition>

<Node id="28" bw="0" op_0_bw="1" op_1_bw="0" op_2_bw="0">
<![CDATA[
.preheader:5  br i1 %icmp_ln68, label %4, label %.loopexit.loopexit

]]></Node>
<StgValue><ssdm name="br_ln68"/></StgValue>
</operation>

<operation id="32" st_id="2" stage="2" lat="2">
<core></core>
<MemPortIdVec></MemPortIdVec>
<condition id="-1">
<or_exp><and_exp><literal name="icmp_ln68" val="1"/>
</and_exp></or_exp>
</condition>

<Node id="30" bw="32" op_0_bw="32" op_1_bw="32" op_2_bw="32" op_3_bw="32" op_4_bw="32">
<![CDATA[
:0  %oldKey_1 = call fastcc i32 @RandGen(i32 %m)

]]></Node>
<StgValue><ssdm name="oldKey_1"/></StgValue>
</operation>

<operation id="33" st_id="2" stage="1" lat="1">
<core>NULL</core>
<MemPortIdVec></MemPortIdVec>
<condition id="-1">
<or_exp><and_exp><literal name="icmp_ln68" val="0"/>
</and_exp></or_exp>
</condition>

<Node id="35" bw="0" op_0_bw="0">
<![CDATA[
.loopexit.loopexit:0  br label %.loopexit

]]></Node>
<StgValue><ssdm name="br_ln0"/></StgValue>
</operation>
</state>

<state id="3" st_id="3">

<operation id="34" st_id="3" stage="1" lat="2">
<core></core>
<MemPortIdVec></MemPortIdVec>
<condition id="-1">
<or_exp><and_exp></and_exp></or_exp>
</condition>

<Node id="30" bw="32" op_0_bw="32" op_1_bw="32" op_2_bw="32" op_3_bw="32" op_4_bw="32">
<![CDATA[
:0  %oldKey_1 = call fastcc i32 @RandGen(i32 %m)

]]></Node>
<StgValue><ssdm name="oldKey_1"/></StgValue>
</operation>
</state>

<state id="4" st_id="4">

<operation id="35" st_id="4" stage="2" lat="2">
<core></core>
<MemPortIdVec></MemPortIdVec>
<condition id="-1">
<or_exp><and_exp></and_exp></or_exp>
</condition>

<Node id="31" bw="32" op_0_bw="32" op_1_bw="32" op_2_bw="32" op_3_bw="32" op_4_bw="32" op_5_bw="32" op_6_bw="32">
<![CDATA[
:1  %newKey_1 = call fastcc i32 @RandGen(i32 %log2_tree_size_read)

]]></Node>
<StgValue><ssdm name="newKey_1"/></StgValue>
</operation>
</state>

<state id="5" st_id="5">

<operation id="36" st_id="5" stage="1" lat="2">
<core></core>
<MemPortIdVec></MemPortIdVec>
<condition id="-1">
<or_exp><and_exp></and_exp></or_exp>
</condition>

<Node id="31" bw="32" op_0_bw="32" op_1_bw="32" op_2_bw="32" op_3_bw="32" op_4_bw="32" op_5_bw="32" op_6_bw="32">
<![CDATA[
:1  %newKey_1 = call fastcc i32 @RandGen(i32 %log2_tree_size_read)

]]></Node>
<StgValue><ssdm name="newKey_1"/></StgValue>
</operation>

<operation id="37" st_id="5" stage="2" lat="2">
<core></core>
<MemPortIdVec></MemPortIdVec>
<condition id="-1">
<or_exp><and_exp></and_exp></or_exp>
</condition>

<Node id="32" bw="32" op_0_bw="32" op_1_bw="32" op_2_bw="32" op_3_bw="32" op_4_bw="32" op_5_bw="32" op_6_bw="32" op_7_bw="32">
<![CDATA[
:2  %root_assign = call fastcc i32 @UpdateNode(i32* %myHeap, i32* %Master2SysAlloc, [40 x i32]* %fixedStack, [40 x i32]* %secondStack, i32 %p_1, i32 %oldKey_1, i32 %newKey_1)

]]></Node>
<StgValue><ssdm name="root_assign"/></StgValue>
</operation>
</state>

<state id="6" st_id="6">

<operation id="38" st_id="6" stage="1" lat="2">
<core></core>
<MemPortIdVec></MemPortIdVec>
<condition id="-1">
<or_exp><and_exp></and_exp></or_exp>
</condition>

<Node id="32" bw="32" op_0_bw="32" op_1_bw="32" op_2_bw="32" op_3_bw="32" op_4_bw="32" op_5_bw="32" op_6_bw="32" op_7_bw="32">
<![CDATA[
:2  %root_assign = call fastcc i32 @UpdateNode(i32* %myHeap, i32* %Master2SysAlloc, [40 x i32]* %fixedStack, [40 x i32]* %secondStack, i32 %p_1, i32 %oldKey_1, i32 %newKey_1)

]]></Node>
<StgValue><ssdm name="root_assign"/></StgValue>
</operation>

<operation id="39" st_id="6" stage="1" lat="1">
<core>NULL</core>
<MemPortIdVec></MemPortIdVec>
<condition id="-1">
<or_exp><and_exp></and_exp></or_exp>
</condition>

<Node id="33" bw="0" op_0_bw="0">
<![CDATA[
:3  br label %.preheader

]]></Node>
<StgValue><ssdm name="br_ln68"/></StgValue>
</operation>
</state>

<state id="7" st_id="7">

<operation id="40" st_id="7" stage="1" lat="1">
<core>NULL</core>
<MemPortIdVec></MemPortIdVec>
<condition id="-1">
<or_exp><and_exp></and_exp></or_exp>
</condition>

<Node id="41" bw="32" op_0_bw="32" op_1_bw="0" op_2_bw="32" op_3_bw="0">
<![CDATA[
:0  %p_0 = phi i32 [ %root_read, %1 ], [ %root_assign_1, %3 ]

]]></Node>
<StgValue><ssdm name="p_0"/></StgValue>
</operation>

<operation id="41" st_id="7" stage="1" lat="1">
<core>NULL</core>
<MemPortIdVec></MemPortIdVec>
<condition id="-1">
<or_exp><and_exp></and_exp></or_exp>
</condition>

<Node id="42" bw="31" op_0_bw="31" op_1_bw="0" op_2_bw="31" op_3_bw="0">
<![CDATA[
:1  %i_0 = phi i31 [ 0, %1 ], [ %i, %3 ]

]]></Node>
<StgValue><ssdm name="i_0"/></StgValue>
</operation>

<operation id="42" st_id="7" stage="1" lat="1">
<core>NULL</core>
<MemPortIdVec></MemPortIdVec>
<condition id="-1">
<or_exp><and_exp></and_exp></or_exp>
</condition>

<Node id="43" bw="32" op_0_bw="31">
<![CDATA[
:2  %zext_ln60 = zext i31 %i_0 to i32

]]></Node>
<StgValue><ssdm name="zext_ln60"/></StgValue>
</operation>

<operation id="43" st_id="7" stage="1" lat="1">
<core>Cmp</core>
<MemPortIdVec></MemPortIdVec>
<condition id="-1">
<or_exp><and_exp></and_exp></or_exp>
</condition>

<Node id="44" bw="1" op_0_bw="32" op_1_bw="32">
<![CDATA[
:3  %icmp_ln60 = icmp slt i32 %zext_ln60, %IterationRange

]]></Node>
<StgValue><ssdm name="icmp_ln60"/></StgValue>
</operation>

<operation id="44" st_id="7" stage="1" lat="1">
<core>AddSub</core>
<MemPortIdVec></MemPortIdVec>
<condition id="-1">
<or_exp><and_exp></and_exp></or_exp>
</condition>

<Node id="45" bw="31" op_0_bw="31" op_1_bw="31">
<![CDATA[
:4  %i = add i31 %i_0, 1

]]></Node>
<StgValue><ssdm name="i"/></StgValue>
</operation>

<operation id="45" st_id="7" stage="1" lat="1">
<core>NULL</core>
<MemPortIdVec></MemPortIdVec>
<condition id="-1">
<or_exp><and_exp></and_exp></or_exp>
</condition>

<Node id="46" bw="0" op_0_bw="1" op_1_bw="0" op_2_bw="0">
<![CDATA[
:5  br i1 %icmp_ln60, label %3, label %.loopexit.loopexit6

]]></Node>
<StgValue><ssdm name="br_ln60"/></StgValue>
</operation>

<operation id="46" st_id="7" stage="2" lat="2">
<core></core>
<MemPortIdVec></MemPortIdVec>
<condition id="-1">
<or_exp><and_exp><literal name="icmp_ln60" val="1"/>
</and_exp></or_exp>
</condition>

<Node id="48" bw="32" op_0_bw="32" op_1_bw="32" op_2_bw="32" op_3_bw="32" op_4_bw="32">
<![CDATA[
:0  %oldKey = call fastcc i32 @RandGen(i32 %add_ln61)

]]></Node>
<StgValue><ssdm name="oldKey"/></StgValue>
</operation>

<operation id="47" st_id="7" stage="1" lat="1">
<core>NULL</core>
<MemPortIdVec></MemPortIdVec>
<condition id="-1">
<or_exp><and_exp><literal name="icmp_ln60" val="0"/>
</and_exp></or_exp>
</condition>

<Node id="53" bw="0" op_0_bw="0">
<![CDATA[
.loopexit.loopexit6:0  br label %.loopexit

]]></Node>
<StgValue><ssdm name="br_ln0"/></StgValue>
</operation>
</state>

<state id="8" st_id="8">

<operation id="48" st_id="8" stage="1" lat="2">
<core></core>
<MemPortIdVec></MemPortIdVec>
<condition id="-1">
<or_exp><and_exp></and_exp></or_exp>
</condition>

<Node id="48" bw="32" op_0_bw="32" op_1_bw="32" op_2_bw="32" op_3_bw="32" op_4_bw="32">
<![CDATA[
:0  %oldKey = call fastcc i32 @RandGen(i32 %add_ln61)

]]></Node>
<StgValue><ssdm name="oldKey"/></StgValue>
</operation>
</state>

<state id="9" st_id="9">

<operation id="49" st_id="9" stage="2" lat="2">
<core></core>
<MemPortIdVec></MemPortIdVec>
<condition id="-1">
<or_exp><and_exp></and_exp></or_exp>
</condition>

<Node id="49" bw="32" op_0_bw="32" op_1_bw="32" op_2_bw="32" op_3_bw="32" op_4_bw="32" op_5_bw="32" op_6_bw="32">
<![CDATA[
:1  %newKey = call fastcc i32 @RandGen(i32 %add_ln62)

]]></Node>
<StgValue><ssdm name="newKey"/></StgValue>
</operation>
</state>

<state id="10" st_id="10">

<operation id="50" st_id="10" stage="1" lat="2">
<core></core>
<MemPortIdVec></MemPortIdVec>
<condition id="-1">
<or_exp><and_exp></and_exp></or_exp>
</condition>

<Node id="49" bw="32" op_0_bw="32" op_1_bw="32" op_2_bw="32" op_3_bw="32" op_4_bw="32" op_5_bw="32" op_6_bw="32">
<![CDATA[
:1  %newKey = call fastcc i32 @RandGen(i32 %add_ln62)

]]></Node>
<StgValue><ssdm name="newKey"/></StgValue>
</operation>

<operation id="51" st_id="10" stage="2" lat="2">
<core></core>
<MemPortIdVec></MemPortIdVec>
<condition id="-1">
<or_exp><and_exp></and_exp></or_exp>
</condition>

<Node id="50" bw="32" op_0_bw="32" op_1_bw="32" op_2_bw="32" op_3_bw="32" op_4_bw="32" op_5_bw="32" op_6_bw="32" op_7_bw="32">
<![CDATA[
:2  %root_assign_1 = call fastcc i32 @UpdateNode(i32* %myHeap, i32* %Master2SysAlloc, [40 x i32]* %fixedStack, [40 x i32]* %secondStack, i32 %p_0, i32 %oldKey, i32 %newKey)

]]></Node>
<StgValue><ssdm name="root_assign_1"/></StgValue>
</operation>
</state>

<state id="11" st_id="11">

<operation id="52" st_id="11" stage="1" lat="2">
<core></core>
<MemPortIdVec></MemPortIdVec>
<condition id="-1">
<or_exp><and_exp></and_exp></or_exp>
</condition>

<Node id="50" bw="32" op_0_bw="32" op_1_bw="32" op_2_bw="32" op_3_bw="32" op_4_bw="32" op_5_bw="32" op_6_bw="32" op_7_bw="32">
<![CDATA[
:2  %root_assign_1 = call fastcc i32 @UpdateNode(i32* %myHeap, i32* %Master2SysAlloc, [40 x i32]* %fixedStack, [40 x i32]* %secondStack, i32 %p_0, i32 %oldKey, i32 %newKey)

]]></Node>
<StgValue><ssdm name="root_assign_1"/></StgValue>
</operation>

<operation id="53" st_id="11" stage="1" lat="1">
<core>NULL</core>
<MemPortIdVec></MemPortIdVec>
<condition id="-1">
<or_exp><and_exp></and_exp></or_exp>
</condition>

<Node id="51" bw="0" op_0_bw="0">
<![CDATA[
:3  br label %2

]]></Node>
<StgValue><ssdm name="br_ln60"/></StgValue>
</operation>
</state>

<state id="12" st_id="12">

<operation id="54" st_id="12" stage="1" lat="1">
<core>NULL</core>
<MemPortIdVec></MemPortIdVec>
<condition id="-1">
<or_exp><and_exp></and_exp></or_exp>
</condition>

<Node id="55" bw="32" op_0_bw="32" op_1_bw="0" op_2_bw="32" op_3_bw="0">
<![CDATA[
.loopexit:0  %p_2 = phi i32 [ %p_1, %.loopexit.loopexit ], [ %p_0, %.loopexit.loopexit6 ]

]]></Node>
<StgValue><ssdm name="p_2"/></StgValue>
</operation>

<operation id="55" st_id="12" stage="1" lat="1">
<core>AddSub</core>
<MemPortIdVec></MemPortIdVec>
<condition id="-1">
<or_exp><and_exp></and_exp></or_exp>
</condition>

<Node id="56" bw="32" op_0_bw="32" op_1_bw="32">
<![CDATA[
.loopexit:1  %add_ln74 = add nsw i32 %p_2, 1

]]></Node>
<StgValue><ssdm name="add_ln74"/></StgValue>
</operation>

<operation id="56" st_id="12" stage="1" lat="1">
<core>NULL</core>
<MemPortIdVec></MemPortIdVec>
<condition id="-1">
<or_exp><and_exp></and_exp></or_exp>
</condition>

<Node id="57" bw="0" op_0_bw="32">
<![CDATA[
.loopexit:2  ret i32 %add_ln74

]]></Node>
<StgValue><ssdm name="ret_ln74"/></StgValue>
</operation>
</state>
</state_list>


<ports>
<port id="73" name="myHeap" dir="2" iftype="4">
<core>NULL</core><StgValue><ssdm name="myHeap"/></StgValue>
</port>
<port id="74" name="Master2SysAlloc" dir="2" iftype="4">
<core>NULL</core><StgValue><ssdm name="Master2SysAlloc"/></StgValue>
</port>
<port id="75" name="fixedStack" dir="2" iftype="1">
<core>RAM</core><StgValue><ssdm name="fixedStack"/><MemPortTyVec>2 3 </MemPortTyVec>
</StgValue>
</port>
<port id="76" name="secondStack" dir="2" iftype="1">
<core>RAM</core><StgValue><ssdm name="secondStack"/><MemPortTyVec>2 3 </MemPortTyVec>
</StgValue>
</port>
<port id="77" name="root" dir="0" iftype="0">
<core>NULL</core><StgValue><ssdm name="root"/></StgValue>
</port>
<port id="78" name="log2_tree_size" dir="0" iftype="0">
<core>NULL</core><StgValue><ssdm name="log2_tree_size"/></StgValue>
</port>
<port id="79" name="TestCase" dir="0" iftype="0">
<core>NULL</core><StgValue><ssdm name="TestCase"/></StgValue>
</port>
<port id="80" name="seed_x" dir="2" iftype="0">
<core>NULL</core><StgValue><ssdm name="seed_x"/></StgValue>
</port>
<port id="81" name="seed_y" dir="2" iftype="0">
<core>NULL</core><StgValue><ssdm name="seed_y"/></StgValue>
</port>
<port id="82" name="seed_w" dir="2" iftype="0">
<core>NULL</core><StgValue><ssdm name="seed_w"/></StgValue>
</port>
</ports>


<dataflows>
<dataflow id="84" from="_ssdm_op_SpecInterface" to="specinterface_ln0" fromId="83" toId="13">
</dataflow>
<dataflow id="85" from="Master2SysAlloc" to="specinterface_ln0" fromId="74" toId="13">
</dataflow>
<dataflow id="87" from="p_str3" to="specinterface_ln0" fromId="86" toId="13">
</dataflow>
<dataflow id="89" from="StgValue_88" to="specinterface_ln0" fromId="88" toId="13">
</dataflow>
<dataflow id="90" from="StgValue_88" to="specinterface_ln0" fromId="88" toId="13">
</dataflow>
<dataflow id="92" from="p_str1" to="specinterface_ln0" fromId="91" toId="13">
</dataflow>
<dataflow id="93" from="StgValue_88" to="specinterface_ln0" fromId="88" toId="13">
</dataflow>
<dataflow id="95" from="StgValue_94" to="specinterface_ln0" fromId="94" toId="13">
</dataflow>
<dataflow id="96" from="p_str1" to="specinterface_ln0" fromId="91" toId="13">
</dataflow>
<dataflow id="98" from="p_str4" to="specinterface_ln0" fromId="97" toId="13">
</dataflow>
<dataflow id="99" from="p_str1" to="specinterface_ln0" fromId="91" toId="13">
</dataflow>
<dataflow id="101" from="StgValue_100" to="specinterface_ln0" fromId="100" toId="13">
</dataflow>
<dataflow id="102" from="StgValue_100" to="specinterface_ln0" fromId="100" toId="13">
</dataflow>
<dataflow id="103" from="StgValue_100" to="specinterface_ln0" fromId="100" toId="13">
</dataflow>
<dataflow id="104" from="StgValue_100" to="specinterface_ln0" fromId="100" toId="13">
</dataflow>
<dataflow id="105" from="p_str1" to="specinterface_ln0" fromId="91" toId="13">
</dataflow>
<dataflow id="106" from="p_str1" to="specinterface_ln0" fromId="91" toId="13">
</dataflow>
<dataflow id="107" from="_ssdm_op_SpecInterface" to="specinterface_ln0" fromId="83" toId="14">
</dataflow>
<dataflow id="108" from="myHeap" to="specinterface_ln0" fromId="73" toId="14">
</dataflow>
<dataflow id="109" from="p_str3" to="specinterface_ln0" fromId="86" toId="14">
</dataflow>
<dataflow id="110" from="StgValue_88" to="specinterface_ln0" fromId="88" toId="14">
</dataflow>
<dataflow id="111" from="StgValue_88" to="specinterface_ln0" fromId="88" toId="14">
</dataflow>
<dataflow id="112" from="p_str1" to="specinterface_ln0" fromId="91" toId="14">
</dataflow>
<dataflow id="113" from="StgValue_88" to="specinterface_ln0" fromId="88" toId="14">
</dataflow>
<dataflow id="114" from="StgValue_94" to="specinterface_ln0" fromId="94" toId="14">
</dataflow>
<dataflow id="115" from="p_str1" to="specinterface_ln0" fromId="91" toId="14">
</dataflow>
<dataflow id="116" from="p_str4" to="specinterface_ln0" fromId="97" toId="14">
</dataflow>
<dataflow id="117" from="p_str1" to="specinterface_ln0" fromId="91" toId="14">
</dataflow>
<dataflow id="118" from="StgValue_100" to="specinterface_ln0" fromId="100" toId="14">
</dataflow>
<dataflow id="119" from="StgValue_100" to="specinterface_ln0" fromId="100" toId="14">
</dataflow>
<dataflow id="120" from="StgValue_100" to="specinterface_ln0" fromId="100" toId="14">
</dataflow>
<dataflow id="121" from="StgValue_100" to="specinterface_ln0" fromId="100" toId="14">
</dataflow>
<dataflow id="122" from="p_str1" to="specinterface_ln0" fromId="91" toId="14">
</dataflow>
<dataflow id="123" from="p_str1" to="specinterface_ln0" fromId="91" toId="14">
</dataflow>
<dataflow id="125" from="_ssdm_op_Read.ap_auto.i32" to="log2_tree_size_read" fromId="124" toId="15">
</dataflow>
<dataflow id="126" from="log2_tree_size" to="log2_tree_size_read" fromId="78" toId="15">
</dataflow>
<dataflow id="127" from="_ssdm_op_Read.ap_auto.i32" to="root_read" fromId="124" toId="16">
</dataflow>
<dataflow id="128" from="root" to="root_read" fromId="77" toId="16">
</dataflow>
<dataflow id="129" from="TestCase" to="TestCase_load" fromId="79" toId="17">
</dataflow>
<dataflow id="130" from="TestCase_load" to="icmp_ln56" fromId="17" toId="18">
</dataflow>
<dataflow id="132" from="StgValue_131" to="icmp_ln56" fromId="131" toId="18">
</dataflow>
<dataflow id="133" from="log2_tree_size_read" to="m" fromId="15" toId="19">
</dataflow>
<dataflow id="135" from="StgValue_134" to="m" fromId="134" toId="19">
</dataflow>
<dataflow id="136" from="StgValue_94" to="IterationRange" fromId="94" toId="20">
</dataflow>
<dataflow id="137" from="m" to="IterationRange" fromId="19" toId="20">
</dataflow>
<dataflow id="138" from="icmp_ln56" to="br_ln56" fromId="18" toId="21">
</dataflow>
<dataflow id="139" from="log2_tree_size_read" to="add_ln61" fromId="15" toId="23">
</dataflow>
<dataflow id="140" from="StgValue_131" to="add_ln61" fromId="131" toId="23">
</dataflow>
<dataflow id="141" from="log2_tree_size_read" to="add_ln62" fromId="15" toId="24">
</dataflow>
<dataflow id="143" from="StgValue_142" to="add_ln62" fromId="142" toId="24">
</dataflow>
<dataflow id="144" from="root_assign" to="p_1" fromId="38" toId="26">
<BackEdge/>
<condition id="-1">
<or_exp><and_exp></and_exp></or_exp>
</condition>
</dataflow>
<dataflow id="145" from="br_ln68" to="p_1" fromId="39" toId="26">
<BackEdge/>
</dataflow>
<dataflow id="146" from="root_read" to="p_1" fromId="16" toId="26">
<condition id="-1">
<or_exp><and_exp><literal name="icmp_ln56" val="0"/>
</and_exp></or_exp>
</condition>
</dataflow>
<dataflow id="147" from="br_ln68" to="p_1" fromId="22" toId="26">
</dataflow>
<dataflow id="148" from="i_1" to="i1_0" fromId="30" toId="27">
<BackEdge/>
<condition id="-1">
<or_exp><and_exp></and_exp></or_exp>
</condition>
</dataflow>
<dataflow id="149" from="br_ln68" to="i1_0" fromId="39" toId="27">
<BackEdge/>
</dataflow>
<dataflow id="151" from="StgValue_150" to="i1_0" fromId="150" toId="27">
<condition id="-1">
<or_exp><and_exp><literal name="icmp_ln56" val="0"/>
</and_exp></or_exp>
</condition>
</dataflow>
<dataflow id="152" from="br_ln68" to="i1_0" fromId="22" toId="27">
</dataflow>
<dataflow id="153" from="i1_0" to="zext_ln68" fromId="27" toId="28">
</dataflow>
<dataflow id="154" from="zext_ln68" to="icmp_ln68" fromId="28" toId="29">
</dataflow>
<dataflow id="155" from="IterationRange" to="icmp_ln68" fromId="20" toId="29">
</dataflow>
<dataflow id="156" from="i1_0" to="i_1" fromId="27" toId="30">
</dataflow>
<dataflow id="158" from="StgValue_157" to="i_1" fromId="157" toId="30">
</dataflow>
<dataflow id="159" from="icmp_ln68" to="br_ln68" fromId="29" toId="31">
</dataflow>
<dataflow id="161" from="RandGen" to="oldKey_1" fromId="160" toId="32">
</dataflow>
<dataflow id="162" from="m" to="oldKey_1" fromId="19" toId="32">
</dataflow>
<dataflow id="163" from="seed_x" to="oldKey_1" fromId="80" toId="32">
</dataflow>
<dataflow id="164" from="seed_y" to="oldKey_1" fromId="81" toId="32">
</dataflow>
<dataflow id="165" from="seed_w" to="oldKey_1" fromId="82" toId="32">
</dataflow>
<dataflow id="166" from="RandGen" to="oldKey_1" fromId="160" toId="34">
</dataflow>
<dataflow id="167" from="m" to="oldKey_1" fromId="19" toId="34">
</dataflow>
<dataflow id="168" from="seed_x" to="oldKey_1" fromId="80" toId="34">
</dataflow>
<dataflow id="169" from="seed_y" to="oldKey_1" fromId="81" toId="34">
</dataflow>
<dataflow id="170" from="seed_w" to="oldKey_1" fromId="82" toId="34">
</dataflow>
<dataflow id="171" from="RandGen" to="newKey_1" fromId="160" toId="35">
</dataflow>
<dataflow id="172" from="log2_tree_size_read" to="newKey_1" fromId="15" toId="35">
</dataflow>
<dataflow id="173" from="seed_x" to="newKey_1" fromId="80" toId="35">
</dataflow>
<dataflow id="174" from="seed_y" to="newKey_1" fromId="81" toId="35">
</dataflow>
<dataflow id="175" from="seed_w" to="newKey_1" fromId="82" toId="35">
</dataflow>
<dataflow id="176" from="RandGen" to="newKey_1" fromId="160" toId="36">
</dataflow>
<dataflow id="177" from="log2_tree_size_read" to="newKey_1" fromId="15" toId="36">
</dataflow>
<dataflow id="178" from="seed_x" to="newKey_1" fromId="80" toId="36">
</dataflow>
<dataflow id="179" from="seed_y" to="newKey_1" fromId="81" toId="36">
</dataflow>
<dataflow id="180" from="seed_w" to="newKey_1" fromId="82" toId="36">
</dataflow>
<dataflow id="182" from="UpdateNode" to="root_assign" fromId="181" toId="37">
</dataflow>
<dataflow id="183" from="myHeap" to="root_assign" fromId="73" toId="37">
</dataflow>
<dataflow id="184" from="Master2SysAlloc" to="root_assign" fromId="74" toId="37">
</dataflow>
<dataflow id="185" from="fixedStack" to="root_assign" fromId="75" toId="37">
</dataflow>
<dataflow id="186" from="secondStack" to="root_assign" fromId="76" toId="37">
</dataflow>
<dataflow id="187" from="p_1" to="root_assign" fromId="26" toId="37">
</dataflow>
<dataflow id="188" from="oldKey_1" to="root_assign" fromId="34" toId="37">
</dataflow>
<dataflow id="189" from="newKey_1" to="root_assign" fromId="36" toId="37">
</dataflow>
<dataflow id="190" from="UpdateNode" to="root_assign" fromId="181" toId="38">
</dataflow>
<dataflow id="191" from="myHeap" to="root_assign" fromId="73" toId="38">
</dataflow>
<dataflow id="192" from="Master2SysAlloc" to="root_assign" fromId="74" toId="38">
</dataflow>
<dataflow id="193" from="fixedStack" to="root_assign" fromId="75" toId="38">
</dataflow>
<dataflow id="194" from="secondStack" to="root_assign" fromId="76" toId="38">
</dataflow>
<dataflow id="195" from="p_1" to="root_assign" fromId="26" toId="38">
</dataflow>
<dataflow id="196" from="oldKey_1" to="root_assign" fromId="34" toId="38">
</dataflow>
<dataflow id="197" from="newKey_1" to="root_assign" fromId="36" toId="38">
</dataflow>
<dataflow id="198" from="root_read" to="p_0" fromId="16" toId="40">
<condition id="-1">
<or_exp><and_exp><literal name="icmp_ln56" val="1"/>
</and_exp></or_exp>
</condition>
</dataflow>
<dataflow id="199" from="br_ln60" to="p_0" fromId="25" toId="40">
</dataflow>
<dataflow id="200" from="root_assign_1" to="p_0" fromId="52" toId="40">
<BackEdge/>
<condition id="-1">
<or_exp><and_exp></and_exp></or_exp>
</condition>
</dataflow>
<dataflow id="201" from="br_ln60" to="p_0" fromId="53" toId="40">
<BackEdge/>
</dataflow>
<dataflow id="202" from="StgValue_150" to="i_0" fromId="150" toId="41">
<condition id="-1">
<or_exp><and_exp><literal name="icmp_ln56" val="1"/>
</and_exp></or_exp>
</condition>
</dataflow>
<dataflow id="203" from="br_ln60" to="i_0" fromId="25" toId="41">
</dataflow>
<dataflow id="204" from="i" to="i_0" fromId="44" toId="41">
<BackEdge/>
<condition id="-1">
<or_exp><and_exp></and_exp></or_exp>
</condition>
</dataflow>
<dataflow id="205" from="br_ln60" to="i_0" fromId="53" toId="41">
<BackEdge/>
</dataflow>
<dataflow id="206" from="i_0" to="zext_ln60" fromId="41" toId="42">
</dataflow>
<dataflow id="207" from="zext_ln60" to="icmp_ln60" fromId="42" toId="43">
</dataflow>
<dataflow id="208" from="IterationRange" to="icmp_ln60" fromId="20" toId="43">
</dataflow>
<dataflow id="209" from="i_0" to="i" fromId="41" toId="44">
</dataflow>
<dataflow id="210" from="StgValue_157" to="i" fromId="157" toId="44">
</dataflow>
<dataflow id="211" from="icmp_ln60" to="br_ln60" fromId="43" toId="45">
</dataflow>
<dataflow id="212" from="RandGen" to="oldKey" fromId="160" toId="46">
</dataflow>
<dataflow id="213" from="add_ln61" to="oldKey" fromId="23" toId="46">
</dataflow>
<dataflow id="214" from="seed_x" to="oldKey" fromId="80" toId="46">
</dataflow>
<dataflow id="215" from="seed_y" to="oldKey" fromId="81" toId="46">
</dataflow>
<dataflow id="216" from="seed_w" to="oldKey" fromId="82" toId="46">
</dataflow>
<dataflow id="217" from="RandGen" to="oldKey" fromId="160" toId="48">
</dataflow>
<dataflow id="218" from="add_ln61" to="oldKey" fromId="23" toId="48">
</dataflow>
<dataflow id="219" from="seed_x" to="oldKey" fromId="80" toId="48">
</dataflow>
<dataflow id="220" from="seed_y" to="oldKey" fromId="81" toId="48">
</dataflow>
<dataflow id="221" from="seed_w" to="oldKey" fromId="82" toId="48">
</dataflow>
<dataflow id="222" from="RandGen" to="newKey" fromId="160" toId="49">
</dataflow>
<dataflow id="223" from="add_ln62" to="newKey" fromId="24" toId="49">
</dataflow>
<dataflow id="224" from="seed_x" to="newKey" fromId="80" toId="49">
</dataflow>
<dataflow id="225" from="seed_y" to="newKey" fromId="81" toId="49">
</dataflow>
<dataflow id="226" from="seed_w" to="newKey" fromId="82" toId="49">
</dataflow>
<dataflow id="227" from="RandGen" to="newKey" fromId="160" toId="50">
</dataflow>
<dataflow id="228" from="add_ln62" to="newKey" fromId="24" toId="50">
</dataflow>
<dataflow id="229" from="seed_x" to="newKey" fromId="80" toId="50">
</dataflow>
<dataflow id="230" from="seed_y" to="newKey" fromId="81" toId="50">
</dataflow>
<dataflow id="231" from="seed_w" to="newKey" fromId="82" toId="50">
</dataflow>
<dataflow id="232" from="UpdateNode" to="root_assign_1" fromId="181" toId="51">
</dataflow>
<dataflow id="233" from="myHeap" to="root_assign_1" fromId="73" toId="51">
</dataflow>
<dataflow id="234" from="Master2SysAlloc" to="root_assign_1" fromId="74" toId="51">
</dataflow>
<dataflow id="235" from="fixedStack" to="root_assign_1" fromId="75" toId="51">
</dataflow>
<dataflow id="236" from="secondStack" to="root_assign_1" fromId="76" toId="51">
</dataflow>
<dataflow id="237" from="p_0" to="root_assign_1" fromId="40" toId="51">
</dataflow>
<dataflow id="238" from="oldKey" to="root_assign_1" fromId="48" toId="51">
</dataflow>
<dataflow id="239" from="newKey" to="root_assign_1" fromId="50" toId="51">
</dataflow>
<dataflow id="240" from="UpdateNode" to="root_assign_1" fromId="181" toId="52">
</dataflow>
<dataflow id="241" from="myHeap" to="root_assign_1" fromId="73" toId="52">
</dataflow>
<dataflow id="242" from="Master2SysAlloc" to="root_assign_1" fromId="74" toId="52">
</dataflow>
<dataflow id="243" from="fixedStack" to="root_assign_1" fromId="75" toId="52">
</dataflow>
<dataflow id="244" from="secondStack" to="root_assign_1" fromId="76" toId="52">
</dataflow>
<dataflow id="245" from="p_0" to="root_assign_1" fromId="40" toId="52">
</dataflow>
<dataflow id="246" from="oldKey" to="root_assign_1" fromId="48" toId="52">
</dataflow>
<dataflow id="247" from="newKey" to="root_assign_1" fromId="50" toId="52">
</dataflow>
<dataflow id="248" from="p_1" to="p_2" fromId="26" toId="54">
<condition id="-1">
<or_exp><and_exp><literal name="icmp_ln68" val="0"/>
</and_exp></or_exp>
</condition>
</dataflow>
<dataflow id="249" from="br_ln0" to="p_2" fromId="33" toId="54">
</dataflow>
<dataflow id="250" from="p_0" to="p_2" fromId="40" toId="54">
<condition id="-1">
<or_exp><and_exp><literal name="icmp_ln60" val="0"/>
</and_exp></or_exp>
</condition>
</dataflow>
<dataflow id="251" from="br_ln0" to="p_2" fromId="47" toId="54">
</dataflow>
<dataflow id="252" from="p_2" to="add_ln74" fromId="54" toId="55">
</dataflow>
<dataflow id="253" from="StgValue_94" to="add_ln74" fromId="94" toId="55">
</dataflow>
<dataflow id="254" from="add_ln74" to="ret_ln74" fromId="55" toId="56">
</dataflow>
<dataflow id="255" from="icmp_ln56" to="StgValue_1" fromId="18" toId="1">
</dataflow>
<dataflow id="256" from="icmp_ln68" to="StgValue_2" fromId="29" toId="2">
</dataflow>
<dataflow id="257" from="icmp_ln60" to="StgValue_7" fromId="43" toId="7">
</dataflow>
</dataflows>


</stg>
