<stg><name>PM_4_DELETION</name>


<trans_list>

<trans id="10" from="1" to="2">
<condition id="-1">
<or_exp><and_exp></and_exp></or_exp>
</condition>
</trans>
</trans_list>



<state_list>

<state id="1" st_id="1">

<operation id="3" st_id="1" stage="1" lat="1">
<core>NULL</core>
<MemPortIdVec></MemPortIdVec>
<condition id="-1">
<or_exp><and_exp></and_exp></or_exp>
</condition>

<Node id="7" bw="32" op_0_bw="32" op_1_bw="32">
<![CDATA[
:2  %root_read = call i32 @_ssdm_op_Read.ap_auto.i32(i32 %root)

]]></Node>
<StgValue><ssdm name="root_read"/></StgValue>
</operation>

<operation id="4" st_id="1" stage="2" lat="2">
<core></core>
<MemPortIdVec></MemPortIdVec>
<condition id="-1">
<or_exp><and_exp></and_exp></or_exp>
</condition>

<Node id="8" bw="32" op_0_bw="32" op_1_bw="32" op_2_bw="32" op_3_bw="32" op_4_bw="32">
<![CDATA[
:3  %root_assign = call fastcc i32 @DeleteTree(i32* %myHeap, i32* %Master2SysAlloc, [40 x i32]* %fixedStack, i32 %root_read)

]]></Node>
<StgValue><ssdm name="root_assign"/></StgValue>
</operation>
</state>

<state id="2" st_id="2">

<operation id="5" st_id="2" stage="1" lat="1">
<core>NULL</core>
<MemPortIdVec></MemPortIdVec>
<condition id="-1">
<or_exp><and_exp></and_exp></or_exp>
</condition>

<Node id="5" bw="0" op_0_bw="0" op_1_bw="32" op_2_bw="0" op_3_bw="32" op_4_bw="32" op_5_bw="0" op_6_bw="32" op_7_bw="32" op_8_bw="0" op_9_bw="0" op_10_bw="0" op_11_bw="32" op_12_bw="32" op_13_bw="32" op_14_bw="32" op_15_bw="0" op_16_bw="0">
<![CDATA[
:0  call void (...)* @_ssdm_op_SpecInterface(i32* %Master2SysAlloc, [6 x i8]* @p_str3, i32 0, i32 0, [1 x i8]* @p_str1, i32 0, i32 1, [1 x i8]* @p_str1, [4 x i8]* @p_str4, [1 x i8]* @p_str1, i32 16, i32 16, i32 16, i32 16, [1 x i8]* @p_str1, [1 x i8]* @p_str1) nounwind

]]></Node>
<StgValue><ssdm name="specinterface_ln0"/></StgValue>
</operation>

<operation id="6" st_id="2" stage="1" lat="1">
<core>NULL</core>
<MemPortIdVec></MemPortIdVec>
<condition id="-1">
<or_exp><and_exp></and_exp></or_exp>
</condition>

<Node id="6" bw="0" op_0_bw="0" op_1_bw="32" op_2_bw="0" op_3_bw="32" op_4_bw="32" op_5_bw="0" op_6_bw="32" op_7_bw="32" op_8_bw="0" op_9_bw="0" op_10_bw="0" op_11_bw="32" op_12_bw="32" op_13_bw="32" op_14_bw="32" op_15_bw="0" op_16_bw="0">
<![CDATA[
:1  call void (...)* @_ssdm_op_SpecInterface(i32* %myHeap, [6 x i8]* @p_str3, i32 0, i32 0, [1 x i8]* @p_str1, i32 0, i32 1, [1 x i8]* @p_str1, [4 x i8]* @p_str4, [1 x i8]* @p_str1, i32 16, i32 16, i32 16, i32 16, [1 x i8]* @p_str1, [1 x i8]* @p_str1) nounwind

]]></Node>
<StgValue><ssdm name="specinterface_ln0"/></StgValue>
</operation>

<operation id="7" st_id="2" stage="1" lat="2">
<core></core>
<MemPortIdVec></MemPortIdVec>
<condition id="-1">
<or_exp><and_exp></and_exp></or_exp>
</condition>

<Node id="8" bw="32" op_0_bw="32" op_1_bw="32" op_2_bw="32" op_3_bw="32" op_4_bw="32">
<![CDATA[
:3  %root_assign = call fastcc i32 @DeleteTree(i32* %myHeap, i32* %Master2SysAlloc, [40 x i32]* %fixedStack, i32 %root_read)

]]></Node>
<StgValue><ssdm name="root_assign"/></StgValue>
</operation>

<operation id="8" st_id="2" stage="1" lat="1">
<core>AddSub</core>
<MemPortIdVec></MemPortIdVec>
<condition id="-1">
<or_exp><and_exp></and_exp></or_exp>
</condition>

<Node id="9" bw="32" op_0_bw="32" op_1_bw="32">
<![CDATA[
:4  %add_ln79 = add nsw i32 %root_assign, 1

]]></Node>
<StgValue><ssdm name="add_ln79"/></StgValue>
</operation>

<operation id="9" st_id="2" stage="1" lat="1">
<core>NULL</core>
<MemPortIdVec></MemPortIdVec>
<condition id="-1">
<or_exp><and_exp></and_exp></or_exp>
</condition>

<Node id="10" bw="0" op_0_bw="32">
<![CDATA[
:5  ret i32 %add_ln79

]]></Node>
<StgValue><ssdm name="ret_ln79"/></StgValue>
</operation>
</state>
</state_list>


<ports>
<port id="11" name="myHeap" dir="2" iftype="4">
<core>NULL</core><StgValue><ssdm name="myHeap"/></StgValue>
</port>
<port id="12" name="Master2SysAlloc" dir="2" iftype="4">
<core>NULL</core><StgValue><ssdm name="Master2SysAlloc"/></StgValue>
</port>
<port id="13" name="fixedStack" dir="2" iftype="1">
<core>RAM</core><StgValue><ssdm name="fixedStack"/><MemPortTyVec>2 3 </MemPortTyVec>
</StgValue>
</port>
<port id="14" name="root" dir="0" iftype="0">
<core>NULL</core><StgValue><ssdm name="root"/></StgValue>
</port>
</ports>


<dataflows>
<dataflow id="16" from="_ssdm_op_Read.ap_auto.i32" to="root_read" fromId="15" toId="3">
</dataflow>
<dataflow id="17" from="root" to="root_read" fromId="14" toId="3">
</dataflow>
<dataflow id="19" from="DeleteTree" to="root_assign" fromId="18" toId="4">
</dataflow>
<dataflow id="20" from="myHeap" to="root_assign" fromId="11" toId="4">
</dataflow>
<dataflow id="21" from="Master2SysAlloc" to="root_assign" fromId="12" toId="4">
</dataflow>
<dataflow id="22" from="fixedStack" to="root_assign" fromId="13" toId="4">
</dataflow>
<dataflow id="23" from="root_read" to="root_assign" fromId="3" toId="4">
</dataflow>
<dataflow id="25" from="_ssdm_op_SpecInterface" to="specinterface_ln0" fromId="24" toId="5">
</dataflow>
<dataflow id="26" from="Master2SysAlloc" to="specinterface_ln0" fromId="12" toId="5">
</dataflow>
<dataflow id="28" from="p_str3" to="specinterface_ln0" fromId="27" toId="5">
</dataflow>
<dataflow id="30" from="StgValue_29" to="specinterface_ln0" fromId="29" toId="5">
</dataflow>
<dataflow id="31" from="StgValue_29" to="specinterface_ln0" fromId="29" toId="5">
</dataflow>
<dataflow id="33" from="p_str1" to="specinterface_ln0" fromId="32" toId="5">
</dataflow>
<dataflow id="34" from="StgValue_29" to="specinterface_ln0" fromId="29" toId="5">
</dataflow>
<dataflow id="36" from="StgValue_35" to="specinterface_ln0" fromId="35" toId="5">
</dataflow>
<dataflow id="37" from="p_str1" to="specinterface_ln0" fromId="32" toId="5">
</dataflow>
<dataflow id="39" from="p_str4" to="specinterface_ln0" fromId="38" toId="5">
</dataflow>
<dataflow id="40" from="p_str1" to="specinterface_ln0" fromId="32" toId="5">
</dataflow>
<dataflow id="42" from="StgValue_41" to="specinterface_ln0" fromId="41" toId="5">
</dataflow>
<dataflow id="43" from="StgValue_41" to="specinterface_ln0" fromId="41" toId="5">
</dataflow>
<dataflow id="44" from="StgValue_41" to="specinterface_ln0" fromId="41" toId="5">
</dataflow>
<dataflow id="45" from="StgValue_41" to="specinterface_ln0" fromId="41" toId="5">
</dataflow>
<dataflow id="46" from="p_str1" to="specinterface_ln0" fromId="32" toId="5">
</dataflow>
<dataflow id="47" from="p_str1" to="specinterface_ln0" fromId="32" toId="5">
</dataflow>
<dataflow id="48" from="_ssdm_op_SpecInterface" to="specinterface_ln0" fromId="24" toId="6">
</dataflow>
<dataflow id="49" from="myHeap" to="specinterface_ln0" fromId="11" toId="6">
</dataflow>
<dataflow id="50" from="p_str3" to="specinterface_ln0" fromId="27" toId="6">
</dataflow>
<dataflow id="51" from="StgValue_29" to="specinterface_ln0" fromId="29" toId="6">
</dataflow>
<dataflow id="52" from="StgValue_29" to="specinterface_ln0" fromId="29" toId="6">
</dataflow>
<dataflow id="53" from="p_str1" to="specinterface_ln0" fromId="32" toId="6">
</dataflow>
<dataflow id="54" from="StgValue_29" to="specinterface_ln0" fromId="29" toId="6">
</dataflow>
<dataflow id="55" from="StgValue_35" to="specinterface_ln0" fromId="35" toId="6">
</dataflow>
<dataflow id="56" from="p_str1" to="specinterface_ln0" fromId="32" toId="6">
</dataflow>
<dataflow id="57" from="p_str4" to="specinterface_ln0" fromId="38" toId="6">
</dataflow>
<dataflow id="58" from="p_str1" to="specinterface_ln0" fromId="32" toId="6">
</dataflow>
<dataflow id="59" from="StgValue_41" to="specinterface_ln0" fromId="41" toId="6">
</dataflow>
<dataflow id="60" from="StgValue_41" to="specinterface_ln0" fromId="41" toId="6">
</dataflow>
<dataflow id="61" from="StgValue_41" to="specinterface_ln0" fromId="41" toId="6">
</dataflow>
<dataflow id="62" from="StgValue_41" to="specinterface_ln0" fromId="41" toId="6">
</dataflow>
<dataflow id="63" from="p_str1" to="specinterface_ln0" fromId="32" toId="6">
</dataflow>
<dataflow id="64" from="p_str1" to="specinterface_ln0" fromId="32" toId="6">
</dataflow>
<dataflow id="65" from="DeleteTree" to="root_assign" fromId="18" toId="7">
</dataflow>
<dataflow id="66" from="myHeap" to="root_assign" fromId="11" toId="7">
</dataflow>
<dataflow id="67" from="Master2SysAlloc" to="root_assign" fromId="12" toId="7">
</dataflow>
<dataflow id="68" from="fixedStack" to="root_assign" fromId="13" toId="7">
</dataflow>
<dataflow id="69" from="root_read" to="root_assign" fromId="3" toId="7">
</dataflow>
<dataflow id="70" from="root_assign" to="add_ln79" fromId="7" toId="8">
</dataflow>
<dataflow id="71" from="StgValue_35" to="add_ln79" fromId="35" toId="8">
</dataflow>
<dataflow id="72" from="add_ln79" to="ret_ln79" fromId="8" toId="9">
</dataflow>
</dataflows>


</stg>
