<stg><name>ProcessNodeInsertion</name>


<trans_list>

<trans id="84" from="1" to="2">
<condition id="-1">
<or_exp><and_exp></and_exp></or_exp>
</condition>
</trans>

<trans id="85" from="2" to="3">
<condition id="-1">
<or_exp><and_exp></and_exp></or_exp>
</condition>
</trans>

<trans id="86" from="3" to="4">
<condition id="-1">
<or_exp><and_exp></and_exp></or_exp>
</condition>
</trans>

<trans id="87" from="4" to="5">
<condition id="-1">
<or_exp><and_exp></and_exp></or_exp>
</condition>
</trans>

<trans id="88" from="5" to="6">
<condition id="-1">
<or_exp><and_exp></and_exp></or_exp>
</condition>
</trans>

<trans id="89" from="6" to="7">
<condition id="-1">
<or_exp><and_exp></and_exp></or_exp>
</condition>
</trans>

<trans id="90" from="7" to="8">
<condition id="-1">
<or_exp><and_exp></and_exp></or_exp>
</condition>
</trans>

<trans id="91" from="8" to="9">
<condition id="-1">
<or_exp><and_exp></and_exp></or_exp>
</condition>
</trans>

<trans id="92" from="9" to="10">
<condition id="-1">
<or_exp><and_exp></and_exp></or_exp>
</condition>
</trans>

<trans id="93" from="10" to="11">
<condition id="-1">
<or_exp><and_exp></and_exp></or_exp>
</condition>
</trans>

<trans id="94" from="11" to="12">
<condition id="-1">
<or_exp><and_exp></and_exp></or_exp>
</condition>
</trans>

<trans id="95" from="12" to="13">
<condition id="-1">
<or_exp><and_exp></and_exp></or_exp>
</condition>
</trans>

<trans id="96" from="13" to="14">
<condition id="-1">
<or_exp><and_exp></and_exp></or_exp>
</condition>
</trans>

<trans id="97" from="14" to="28">
<condition id="-1">
<or_exp><and_exp><literal name="and_ln143" val="1"/>
</and_exp></or_exp>
</condition>
</trans>

<trans id="98" from="14" to="26">
<condition id="-1">
<or_exp><and_exp><literal name="and_ln143" val="0"/>
<literal name="and_ln145" val="1"/>
</and_exp></or_exp>
</condition>
</trans>

<trans id="99" from="14" to="21">
<condition id="-1">
<or_exp><and_exp><literal name="and_ln143" val="0"/>
<literal name="and_ln145" val="0"/>
<literal name="and_ln147" val="1"/>
</and_exp></or_exp>
</condition>
</trans>

<trans id="100" from="14" to="15">
<condition id="-1">
<or_exp><and_exp><literal name="and_ln143" val="0"/>
<literal name="and_ln145" val="0"/>
<literal name="and_ln147" val="0"/>
<literal name="and_ln150" val="1"/>
</and_exp></or_exp>
</condition>
</trans>

<trans id="101" from="14" to="20">
<condition id="-1">
<or_exp><and_exp><literal name="and_ln143" val="0"/>
<literal name="and_ln145" val="0"/>
<literal name="and_ln147" val="0"/>
<literal name="and_ln150" val="0"/>
</and_exp></or_exp>
</condition>
</trans>

<trans id="102" from="15" to="16">
<condition id="-1">
<or_exp><and_exp></and_exp></or_exp>
</condition>
</trans>

<trans id="103" from="16" to="17">
<condition id="-1">
<or_exp><and_exp></and_exp></or_exp>
</condition>
</trans>

<trans id="104" from="17" to="18">
<condition id="-1">
<or_exp><and_exp></and_exp></or_exp>
</condition>
</trans>

<trans id="105" from="18" to="19">
<condition id="-1">
<or_exp><and_exp></and_exp></or_exp>
</condition>
</trans>

<trans id="106" from="19" to="20">
<condition id="-1">
<or_exp><and_exp></and_exp></or_exp>
</condition>
</trans>

<trans id="107" from="21" to="22">
<condition id="-1">
<or_exp><and_exp></and_exp></or_exp>
</condition>
</trans>

<trans id="108" from="22" to="23">
<condition id="-1">
<or_exp><and_exp></and_exp></or_exp>
</condition>
</trans>

<trans id="109" from="23" to="24">
<condition id="-1">
<or_exp><and_exp></and_exp></or_exp>
</condition>
</trans>

<trans id="110" from="24" to="25">
<condition id="-1">
<or_exp><and_exp></and_exp></or_exp>
</condition>
</trans>

<trans id="111" from="25" to="20">
<condition id="-1">
<or_exp><and_exp></and_exp></or_exp>
</condition>
</trans>

<trans id="112" from="26" to="27">
<condition id="-1">
<or_exp><and_exp></and_exp></or_exp>
</condition>
</trans>

<trans id="113" from="27" to="20">
<condition id="-1">
<or_exp><and_exp></and_exp></or_exp>
</condition>
</trans>

<trans id="114" from="28" to="29">
<condition id="-1">
<or_exp><and_exp></and_exp></or_exp>
</condition>
</trans>

<trans id="115" from="29" to="20">
<condition id="-1">
<or_exp><and_exp></and_exp></or_exp>
</condition>
</trans>
</trans_list>



<state_list>

<state id="1" st_id="1">

<operation id="30" st_id="1" stage="1" lat="1">
<core>NULL</core>
<MemPortIdVec></MemPortIdVec>
<condition id="-1">
<or_exp><and_exp></and_exp></or_exp>
</condition>

<Node id="6" bw="32" op_0_bw="32" op_1_bw="32">
<![CDATA[
:2  %nowPtr_read = call i32 @_ssdm_op_Read.ap_auto.i32(i32 %nowPtr) nounwind

]]></Node>
<StgValue><ssdm name="nowPtr_read"/></StgValue>
</operation>

<operation id="31" st_id="1" stage="2" lat="2">
<core></core>
<MemPortIdVec></MemPortIdVec>
<condition id="-1">
<or_exp><and_exp></and_exp></or_exp>
</condition>

<Node id="7" bw="32" op_0_bw="32" op_1_bw="32" op_2_bw="32">
<![CDATA[
:3  %leftPtr = call fastcc i32 @node_get_left_pointe(i32* %myHeap, i32 %nowPtr_read)

]]></Node>
<StgValue><ssdm name="leftPtr"/></StgValue>
</operation>
</state>

<state id="2" st_id="2">

<operation id="32" st_id="2" stage="1" lat="2">
<core></core>
<MemPortIdVec></MemPortIdVec>
<condition id="-1">
<or_exp><and_exp></and_exp></or_exp>
</condition>

<Node id="7" bw="32" op_0_bw="32" op_1_bw="32" op_2_bw="32">
<![CDATA[
:3  %leftPtr = call fastcc i32 @node_get_left_pointe(i32* %myHeap, i32 %nowPtr_read)

]]></Node>
<StgValue><ssdm name="leftPtr"/></StgValue>
</operation>
</state>

<state id="3" st_id="3">

<operation id="33" st_id="3" stage="2" lat="2">
<core></core>
<MemPortIdVec></MemPortIdVec>
<condition id="-1">
<or_exp><and_exp></and_exp></or_exp>
</condition>

<Node id="8" bw="32" op_0_bw="32" op_1_bw="32" op_2_bw="32" op_3_bw="32" op_4_bw="32">
<![CDATA[
:4  %rightPtr = call fastcc i32 @node_get_right_point(i32* %myHeap, i32 %nowPtr_read)

]]></Node>
<StgValue><ssdm name="rightPtr"/></StgValue>
</operation>
</state>

<state id="4" st_id="4">

<operation id="34" st_id="4" stage="1" lat="2">
<core></core>
<MemPortIdVec></MemPortIdVec>
<condition id="-1">
<or_exp><and_exp></and_exp></or_exp>
</condition>

<Node id="8" bw="32" op_0_bw="32" op_1_bw="32" op_2_bw="32" op_3_bw="32" op_4_bw="32">
<![CDATA[
:4  %rightPtr = call fastcc i32 @node_get_right_point(i32* %myHeap, i32 %nowPtr_read)

]]></Node>
<StgValue><ssdm name="rightPtr"/></StgValue>
</operation>
</state>

<state id="5" st_id="5">

<operation id="35" st_id="5" stage="2" lat="2">
<core></core>
<MemPortIdVec></MemPortIdVec>
<condition id="-1">
<or_exp><and_exp></and_exp></or_exp>
</condition>

<Node id="9" bw="32" op_0_bw="32" op_1_bw="32" op_2_bw="32" op_3_bw="32" op_4_bw="32">
<![CDATA[
:5  %leftKey = call fastcc i32 @node_read_data(i32* %myHeap, i32 %leftPtr)

]]></Node>
<StgValue><ssdm name="leftKey"/></StgValue>
</operation>
</state>

<state id="6" st_id="6">

<operation id="36" st_id="6" stage="1" lat="2">
<core></core>
<MemPortIdVec></MemPortIdVec>
<condition id="-1">
<or_exp><and_exp></and_exp></or_exp>
</condition>

<Node id="9" bw="32" op_0_bw="32" op_1_bw="32" op_2_bw="32" op_3_bw="32" op_4_bw="32">
<![CDATA[
:5  %leftKey = call fastcc i32 @node_read_data(i32* %myHeap, i32 %leftPtr)

]]></Node>
<StgValue><ssdm name="leftKey"/></StgValue>
</operation>
</state>

<state id="7" st_id="7">

<operation id="37" st_id="7" stage="2" lat="2">
<core></core>
<MemPortIdVec></MemPortIdVec>
<condition id="-1">
<or_exp><and_exp></and_exp></or_exp>
</condition>

<Node id="10" bw="32" op_0_bw="32" op_1_bw="32" op_2_bw="32" op_3_bw="32" op_4_bw="32">
<![CDATA[
:6  %rightKey = call fastcc i32 @node_read_data(i32* %myHeap, i32 %rightPtr)

]]></Node>
<StgValue><ssdm name="rightKey"/></StgValue>
</operation>
</state>

<state id="8" st_id="8">

<operation id="38" st_id="8" stage="1" lat="2">
<core></core>
<MemPortIdVec></MemPortIdVec>
<condition id="-1">
<or_exp><and_exp></and_exp></or_exp>
</condition>

<Node id="10" bw="32" op_0_bw="32" op_1_bw="32" op_2_bw="32" op_3_bw="32" op_4_bw="32">
<![CDATA[
:6  %rightKey = call fastcc i32 @node_read_data(i32* %myHeap, i32 %rightPtr)

]]></Node>
<StgValue><ssdm name="rightKey"/></StgValue>
</operation>
</state>

<state id="9" st_id="9">

<operation id="39" st_id="9" stage="2" lat="2">
<core></core>
<MemPortIdVec></MemPortIdVec>
<condition id="-1">
<or_exp><and_exp></and_exp></or_exp>
</condition>

<Node id="11" bw="32" op_0_bw="32" op_1_bw="32" op_2_bw="32" op_3_bw="32" op_4_bw="32">
<![CDATA[
:7  %newHeight = call fastcc i32 @CalculateNodeHeight(i32* %myHeap, i32 %nowPtr_read)

]]></Node>
<StgValue><ssdm name="newHeight"/></StgValue>
</operation>
</state>

<state id="10" st_id="10">

<operation id="40" st_id="10" stage="1" lat="2">
<core></core>
<MemPortIdVec></MemPortIdVec>
<condition id="-1">
<or_exp><and_exp></and_exp></or_exp>
</condition>

<Node id="11" bw="32" op_0_bw="32" op_1_bw="32" op_2_bw="32" op_3_bw="32" op_4_bw="32">
<![CDATA[
:7  %newHeight = call fastcc i32 @CalculateNodeHeight(i32* %myHeap, i32 %nowPtr_read)

]]></Node>
<StgValue><ssdm name="newHeight"/></StgValue>
</operation>
</state>

<state id="11" st_id="11">

<operation id="41" st_id="11" stage="2" lat="2">
<core></core>
<MemPortIdVec></MemPortIdVec>
<condition id="-1">
<or_exp><and_exp></and_exp></or_exp>
</condition>

<Node id="12" bw="0" op_0_bw="0" op_1_bw="32" op_2_bw="32" op_3_bw="32" op_4_bw="32" op_5_bw="32">
<![CDATA[
:8  call fastcc void @node_set_height(i32* %myHeap, i32 %nowPtr_read, i32 %newHeight)

]]></Node>
<StgValue><ssdm name="call_ln136"/></StgValue>
</operation>
</state>

<state id="12" st_id="12">

<operation id="42" st_id="12" stage="1" lat="2">
<core></core>
<MemPortIdVec></MemPortIdVec>
<condition id="-1">
<or_exp><and_exp></and_exp></or_exp>
</condition>

<Node id="12" bw="0" op_0_bw="0" op_1_bw="32" op_2_bw="32" op_3_bw="32" op_4_bw="32" op_5_bw="32">
<![CDATA[
:8  call fastcc void @node_set_height(i32* %myHeap, i32 %nowPtr_read, i32 %newHeight)

]]></Node>
<StgValue><ssdm name="call_ln136"/></StgValue>
</operation>
</state>

<state id="13" st_id="13">

<operation id="43" st_id="13" stage="2" lat="2">
<core></core>
<MemPortIdVec></MemPortIdVec>
<condition id="-1">
<or_exp><and_exp></and_exp></or_exp>
</condition>

<Node id="13" bw="32" op_0_bw="32" op_1_bw="32" op_2_bw="32" op_3_bw="0" op_4_bw="0">
<![CDATA[
:9  %balanceFactor = call fastcc i32 @GetBalance(i32* %myHeap, i32 %nowPtr_read)

]]></Node>
<StgValue><ssdm name="balanceFactor"/></StgValue>
</operation>
</state>

<state id="14" st_id="14">

<operation id="44" st_id="14" stage="1" lat="1">
<core>NULL</core>
<MemPortIdVec></MemPortIdVec>
<condition id="-1">
<or_exp><and_exp></and_exp></or_exp>
</condition>

<Node id="4" bw="0" op_0_bw="0" op_1_bw="32" op_2_bw="0" op_3_bw="32" op_4_bw="32" op_5_bw="0" op_6_bw="32" op_7_bw="32" op_8_bw="0" op_9_bw="0" op_10_bw="0" op_11_bw="32" op_12_bw="32" op_13_bw="32" op_14_bw="32" op_15_bw="0" op_16_bw="0">
<![CDATA[
:0  call void (...)* @_ssdm_op_SpecInterface(i32* %myHeap, [6 x i8]* @p_str3, i32 0, i32 0, [1 x i8]* @p_str1, i32 0, i32 1, [1 x i8]* @p_str1, [4 x i8]* @p_str4, [1 x i8]* @p_str1, i32 16, i32 16, i32 16, i32 16, [1 x i8]* @p_str1, [1 x i8]* @p_str1) nounwind

]]></Node>
<StgValue><ssdm name="specinterface_ln0"/></StgValue>
</operation>

<operation id="45" st_id="14" stage="1" lat="1">
<core>NULL</core>
<MemPortIdVec></MemPortIdVec>
<condition id="-1">
<or_exp><and_exp></and_exp></or_exp>
</condition>

<Node id="5" bw="32" op_0_bw="32" op_1_bw="32">
<![CDATA[
:1  %key_read = call i32 @_ssdm_op_Read.ap_auto.i32(i32 %key) nounwind

]]></Node>
<StgValue><ssdm name="key_read"/></StgValue>
</operation>

<operation id="46" st_id="14" stage="1" lat="2">
<core></core>
<MemPortIdVec></MemPortIdVec>
<condition id="-1">
<or_exp><and_exp></and_exp></or_exp>
</condition>

<Node id="13" bw="32" op_0_bw="32" op_1_bw="32" op_2_bw="32" op_3_bw="0" op_4_bw="0">
<![CDATA[
:9  %balanceFactor = call fastcc i32 @GetBalance(i32* %myHeap, i32 %nowPtr_read)

]]></Node>
<StgValue><ssdm name="balanceFactor"/></StgValue>
</operation>

<operation id="47" st_id="14" stage="1" lat="1">
<core>NULL</core>
<MemPortIdVec></MemPortIdVec>
<condition id="-1">
<or_exp><and_exp></and_exp></or_exp>
</condition>

<Node id="14" bw="31" op_0_bw="31" op_1_bw="32" op_2_bw="32" op_3_bw="32">
<![CDATA[
:10  %tmp_10 = call i31 @_ssdm_op_PartSelect.i31.i32.i32.i32(i32 %balanceFactor, i32 1, i32 31)

]]></Node>
<StgValue><ssdm name="tmp_10"/></StgValue>
</operation>

<operation id="48" st_id="14" stage="1" lat="1">
<core>Cmp</core>
<MemPortIdVec></MemPortIdVec>
<condition id="-1">
<or_exp><and_exp></and_exp></or_exp>
</condition>

<Node id="15" bw="1" op_0_bw="31" op_1_bw="31">
<![CDATA[
:11  %icmp_ln143 = icmp sgt i31 %tmp_10, 0

]]></Node>
<StgValue><ssdm name="icmp_ln143"/></StgValue>
</operation>

<operation id="49" st_id="14" stage="1" lat="1">
<core>Cmp</core>
<MemPortIdVec></MemPortIdVec>
<condition id="-1">
<or_exp><and_exp></and_exp></or_exp>
</condition>

<Node id="16" bw="1" op_0_bw="32" op_1_bw="32">
<![CDATA[
:12  %icmp_ln143_1 = icmp sgt i32 %leftKey, %key_read

]]></Node>
<StgValue><ssdm name="icmp_ln143_1"/></StgValue>
</operation>

<operation id="50" st_id="14" stage="1" lat="1">
<core>LogicGate</core>
<MemPortIdVec></MemPortIdVec>
<condition id="-1">
<or_exp><and_exp></and_exp></or_exp>
</condition>

<Node id="17" bw="1" op_0_bw="1" op_1_bw="1">
<![CDATA[
:13  %and_ln143 = and i1 %icmp_ln143, %icmp_ln143_1

]]></Node>
<StgValue><ssdm name="and_ln143"/></StgValue>
</operation>

<operation id="51" st_id="14" stage="1" lat="1">
<core>NULL</core>
<MemPortIdVec></MemPortIdVec>
<condition id="-1">
<or_exp><and_exp></and_exp></or_exp>
</condition>

<Node id="18" bw="0" op_0_bw="1" op_1_bw="0" op_2_bw="0">
<![CDATA[
:14  br i1 %and_ln143, label %1, label %2

]]></Node>
<StgValue><ssdm name="br_ln143"/></StgValue>
</operation>

<operation id="52" st_id="14" stage="1" lat="1">
<core>Cmp</core>
<MemPortIdVec></MemPortIdVec>
<condition id="-1">
<or_exp><and_exp><literal name="and_ln143" val="0"/>
</and_exp></or_exp>
</condition>

<Node id="20" bw="1" op_0_bw="32" op_1_bw="32">
<![CDATA[
:0  %icmp_ln145 = icmp slt i32 %balanceFactor, -1

]]></Node>
<StgValue><ssdm name="icmp_ln145"/></StgValue>
</operation>

<operation id="53" st_id="14" stage="1" lat="1">
<core>Cmp</core>
<MemPortIdVec></MemPortIdVec>
<condition id="-1">
<or_exp><and_exp><literal name="and_ln143" val="0"/>
</and_exp></or_exp>
</condition>

<Node id="21" bw="1" op_0_bw="32" op_1_bw="32">
<![CDATA[
:1  %icmp_ln145_1 = icmp slt i32 %rightKey, %key_read

]]></Node>
<StgValue><ssdm name="icmp_ln145_1"/></StgValue>
</operation>

<operation id="54" st_id="14" stage="1" lat="1">
<core>LogicGate</core>
<MemPortIdVec></MemPortIdVec>
<condition id="-1">
<or_exp><and_exp><literal name="and_ln143" val="0"/>
</and_exp></or_exp>
</condition>

<Node id="22" bw="1" op_0_bw="1" op_1_bw="1">
<![CDATA[
:2  %and_ln145 = and i1 %icmp_ln145, %icmp_ln145_1

]]></Node>
<StgValue><ssdm name="and_ln145"/></StgValue>
</operation>

<operation id="55" st_id="14" stage="1" lat="1">
<core>NULL</core>
<MemPortIdVec></MemPortIdVec>
<condition id="-1">
<or_exp><and_exp><literal name="and_ln143" val="0"/>
</and_exp></or_exp>
</condition>

<Node id="23" bw="0" op_0_bw="1" op_1_bw="0" op_2_bw="0">
<![CDATA[
:3  br i1 %and_ln145, label %3, label %4

]]></Node>
<StgValue><ssdm name="br_ln145"/></StgValue>
</operation>

<operation id="56" st_id="14" stage="1" lat="1">
<core>Cmp</core>
<MemPortIdVec></MemPortIdVec>
<condition id="-1">
<or_exp><and_exp><literal name="and_ln143" val="0"/>
<literal name="and_ln145" val="0"/>
</and_exp></or_exp>
</condition>

<Node id="25" bw="1" op_0_bw="32" op_1_bw="32">
<![CDATA[
:0  %icmp_ln147 = icmp slt i32 %leftKey, %key_read

]]></Node>
<StgValue><ssdm name="icmp_ln147"/></StgValue>
</operation>

<operation id="57" st_id="14" stage="1" lat="1">
<core>LogicGate</core>
<MemPortIdVec></MemPortIdVec>
<condition id="-1">
<or_exp><and_exp><literal name="and_ln143" val="0"/>
<literal name="and_ln145" val="0"/>
</and_exp></or_exp>
</condition>

<Node id="26" bw="1" op_0_bw="1" op_1_bw="1">
<![CDATA[
:1  %and_ln147 = and i1 %icmp_ln143, %icmp_ln147

]]></Node>
<StgValue><ssdm name="and_ln147"/></StgValue>
</operation>

<operation id="58" st_id="14" stage="1" lat="1">
<core>NULL</core>
<MemPortIdVec></MemPortIdVec>
<condition id="-1">
<or_exp><and_exp><literal name="and_ln143" val="0"/>
<literal name="and_ln145" val="0"/>
</and_exp></or_exp>
</condition>

<Node id="27" bw="0" op_0_bw="1" op_1_bw="0" op_2_bw="0">
<![CDATA[
:2  br i1 %and_ln147, label %5, label %6

]]></Node>
<StgValue><ssdm name="br_ln147"/></StgValue>
</operation>

<operation id="59" st_id="14" stage="1" lat="1">
<core>Cmp</core>
<MemPortIdVec></MemPortIdVec>
<condition id="-1">
<or_exp><and_exp><literal name="and_ln143" val="0"/>
<literal name="and_ln145" val="0"/>
<literal name="and_ln147" val="0"/>
</and_exp></or_exp>
</condition>

<Node id="29" bw="1" op_0_bw="32" op_1_bw="32">
<![CDATA[
:0  %icmp_ln150 = icmp sgt i32 %rightKey, %key_read

]]></Node>
<StgValue><ssdm name="icmp_ln150"/></StgValue>
</operation>

<operation id="60" st_id="14" stage="1" lat="1">
<core>LogicGate</core>
<MemPortIdVec></MemPortIdVec>
<condition id="-1">
<or_exp><and_exp><literal name="and_ln143" val="0"/>
<literal name="and_ln145" val="0"/>
<literal name="and_ln147" val="0"/>
</and_exp></or_exp>
</condition>

<Node id="30" bw="1" op_0_bw="1" op_1_bw="1">
<![CDATA[
:1  %and_ln150 = and i1 %icmp_ln145, %icmp_ln150

]]></Node>
<StgValue><ssdm name="and_ln150"/></StgValue>
</operation>

<operation id="61" st_id="14" stage="1" lat="1">
<core>NULL</core>
<MemPortIdVec></MemPortIdVec>
<condition id="-1">
<or_exp><and_exp><literal name="and_ln143" val="0"/>
<literal name="and_ln145" val="0"/>
<literal name="and_ln147" val="0"/>
</and_exp></or_exp>
</condition>

<Node id="31" bw="0" op_0_bw="1" op_1_bw="0" op_2_bw="0">
<![CDATA[
:2  br i1 %and_ln150, label %7, label %._crit_edge

]]></Node>
<StgValue><ssdm name="br_ln150"/></StgValue>
</operation>
</state>

<state id="15" st_id="15">

<operation id="62" st_id="15" stage="2" lat="2">
<core></core>
<MemPortIdVec></MemPortIdVec>
<condition id="-1">
<or_exp><and_exp></and_exp></or_exp>
</condition>

<Node id="33" bw="32" op_0_bw="32" op_1_bw="32" op_2_bw="32" op_3_bw="32" op_4_bw="32" op_5_bw="32" op_6_bw="32" op_7_bw="32" op_8_bw="0" op_9_bw="32" op_10_bw="32" op_11_bw="32" op_12_bw="32" op_13_bw="32" op_14_bw="32" op_15_bw="0" op_16_bw="32">
<![CDATA[
:0  %tmp_3 = call fastcc i32 @RightRotate(i32* %myHeap, i32 %rightPtr)

]]></Node>
<StgValue><ssdm name="tmp_3"/></StgValue>
</operation>
</state>

<state id="16" st_id="16">

<operation id="63" st_id="16" stage="1" lat="2">
<core></core>
<MemPortIdVec></MemPortIdVec>
<condition id="-1">
<or_exp><and_exp></and_exp></or_exp>
</condition>

<Node id="33" bw="32" op_0_bw="32" op_1_bw="32" op_2_bw="32" op_3_bw="32" op_4_bw="32" op_5_bw="32" op_6_bw="32" op_7_bw="32" op_8_bw="0" op_9_bw="32" op_10_bw="32" op_11_bw="32" op_12_bw="32" op_13_bw="32" op_14_bw="32" op_15_bw="0" op_16_bw="32">
<![CDATA[
:0  %tmp_3 = call fastcc i32 @RightRotate(i32* %myHeap, i32 %rightPtr)

]]></Node>
<StgValue><ssdm name="tmp_3"/></StgValue>
</operation>
</state>

<state id="17" st_id="17">

<operation id="64" st_id="17" stage="2" lat="2">
<core></core>
<MemPortIdVec></MemPortIdVec>
<condition id="-1">
<or_exp><and_exp></and_exp></or_exp>
</condition>

<Node id="34" bw="0" op_0_bw="0" op_1_bw="32" op_2_bw="32" op_3_bw="32" op_4_bw="32" op_5_bw="32" op_6_bw="32" op_7_bw="32" op_8_bw="32" op_9_bw="32" op_10_bw="0" op_11_bw="32" op_12_bw="32" op_13_bw="32" op_14_bw="32" op_15_bw="32" op_16_bw="32" op_17_bw="32" op_18_bw="0" op_19_bw="32">
<![CDATA[
:1  call fastcc void @node_set_right(i32* %myHeap, i32 %nowPtr_read, i32 %tmp_3)

]]></Node>
<StgValue><ssdm name="call_ln151"/></StgValue>
</operation>
</state>

<state id="18" st_id="18">

<operation id="65" st_id="18" stage="1" lat="2">
<core></core>
<MemPortIdVec></MemPortIdVec>
<condition id="-1">
<or_exp><and_exp></and_exp></or_exp>
</condition>

<Node id="34" bw="0" op_0_bw="0" op_1_bw="32" op_2_bw="32" op_3_bw="32" op_4_bw="32" op_5_bw="32" op_6_bw="32" op_7_bw="32" op_8_bw="32" op_9_bw="32" op_10_bw="0" op_11_bw="32" op_12_bw="32" op_13_bw="32" op_14_bw="32" op_15_bw="32" op_16_bw="32" op_17_bw="32" op_18_bw="0" op_19_bw="32">
<![CDATA[
:1  call fastcc void @node_set_right(i32* %myHeap, i32 %nowPtr_read, i32 %tmp_3)

]]></Node>
<StgValue><ssdm name="call_ln151"/></StgValue>
</operation>
</state>

<state id="19" st_id="19">

<operation id="66" st_id="19" stage="2" lat="2">
<core></core>
<MemPortIdVec></MemPortIdVec>
<condition id="-1">
<or_exp><and_exp></and_exp></or_exp>
</condition>

<Node id="35" bw="32" op_0_bw="32" op_1_bw="32" op_2_bw="32" op_3_bw="0" op_4_bw="32" op_5_bw="32" op_6_bw="32" op_7_bw="32" op_8_bw="32" op_9_bw="0" op_10_bw="32" op_11_bw="0" op_12_bw="32" op_13_bw="32" op_14_bw="32" op_15_bw="32" op_16_bw="32" op_17_bw="0" op_18_bw="32">
<![CDATA[
:2  %outputPtr_4 = call fastcc i32 @LeftRotate(i32* %myHeap, i32 %nowPtr_read)

]]></Node>
<StgValue><ssdm name="outputPtr_4"/></StgValue>
</operation>
</state>

<state id="20" st_id="20">

<operation id="67" st_id="20" stage="1" lat="2">
<core></core>
<MemPortIdVec></MemPortIdVec>
<condition id="-1">
<or_exp><and_exp><literal name="and_ln143" val="0"/>
<literal name="and_ln145" val="0"/>
<literal name="and_ln147" val="0"/>
<literal name="and_ln150" val="1"/>
</and_exp></or_exp>
</condition>

<Node id="35" bw="32" op_0_bw="32" op_1_bw="32" op_2_bw="32" op_3_bw="0" op_4_bw="32" op_5_bw="32" op_6_bw="32" op_7_bw="32" op_8_bw="32" op_9_bw="0" op_10_bw="32" op_11_bw="0" op_12_bw="32" op_13_bw="32" op_14_bw="32" op_15_bw="32" op_16_bw="32" op_17_bw="0" op_18_bw="32">
<![CDATA[
:2  %outputPtr_4 = call fastcc i32 @LeftRotate(i32* %myHeap, i32 %nowPtr_read)

]]></Node>
<StgValue><ssdm name="outputPtr_4"/></StgValue>
</operation>

<operation id="68" st_id="20" stage="1" lat="1">
<core>NULL</core>
<MemPortIdVec></MemPortIdVec>
<condition id="-1">
<or_exp><and_exp><literal name="and_ln143" val="0"/>
<literal name="and_ln145" val="0"/>
<literal name="and_ln147" val="0"/>
<literal name="and_ln150" val="1"/>
</and_exp></or_exp>
</condition>

<Node id="36" bw="0" op_0_bw="0">
<![CDATA[
:3  br label %._crit_edge

]]></Node>
<StgValue><ssdm name="br_ln153"/></StgValue>
</operation>

<operation id="69" st_id="20" stage="1" lat="2">
<core></core>
<MemPortIdVec></MemPortIdVec>
<condition id="-1">
<or_exp><and_exp><literal name="and_ln143" val="0"/>
<literal name="and_ln145" val="0"/>
<literal name="and_ln147" val="1"/>
</and_exp></or_exp>
</condition>

<Node id="40" bw="32" op_0_bw="32" op_1_bw="32" op_2_bw="32" op_3_bw="0" op_4_bw="32" op_5_bw="32" op_6_bw="32" op_7_bw="32" op_8_bw="32" op_9_bw="0" op_10_bw="32" op_11_bw="0" op_12_bw="32" op_13_bw="32" op_14_bw="32" op_15_bw="32" op_16_bw="32" op_17_bw="0" op_18_bw="32">
<![CDATA[
:2  %outputPtr_2 = call fastcc i32 @RightRotate(i32* %myHeap, i32 %nowPtr_read)

]]></Node>
<StgValue><ssdm name="outputPtr_2"/></StgValue>
</operation>

<operation id="70" st_id="20" stage="1" lat="1">
<core>NULL</core>
<MemPortIdVec></MemPortIdVec>
<condition id="-1">
<or_exp><and_exp><literal name="and_ln143" val="0"/>
<literal name="and_ln145" val="0"/>
<literal name="and_ln147" val="1"/>
</and_exp></or_exp>
</condition>

<Node id="41" bw="0" op_0_bw="0">
<![CDATA[
:3  br label %._crit_edge

]]></Node>
<StgValue><ssdm name="br_ln150"/></StgValue>
</operation>

<operation id="71" st_id="20" stage="1" lat="1">
<core>NULL</core>
<MemPortIdVec></MemPortIdVec>
<condition id="-1">
<or_exp><and_exp></and_exp></or_exp>
</condition>

<Node id="49" bw="32" op_0_bw="32" op_1_bw="0" op_2_bw="32" op_3_bw="0" op_4_bw="32" op_5_bw="0" op_6_bw="32" op_7_bw="0" op_8_bw="32" op_9_bw="0">
<![CDATA[
._crit_edge:0  %outputPtr_3 = phi i32 [ %outputPtr, %1 ], [ %outputPtr_1, %3 ], [ %outputPtr_2, %5 ], [ %outputPtr_4, %7 ], [ %nowPtr_read, %6 ]

]]></Node>
<StgValue><ssdm name="outputPtr_3"/></StgValue>
</operation>

<operation id="72" st_id="20" stage="1" lat="1">
<core>NULL</core>
<MemPortIdVec></MemPortIdVec>
<condition id="-1">
<or_exp><and_exp></and_exp></or_exp>
</condition>

<Node id="50" bw="0" op_0_bw="32">
<![CDATA[
._crit_edge:1  ret i32 %outputPtr_3

]]></Node>
<StgValue><ssdm name="ret_ln157"/></StgValue>
</operation>
</state>

<state id="21" st_id="21">

<operation id="73" st_id="21" stage="2" lat="2">
<core></core>
<MemPortIdVec></MemPortIdVec>
<condition id="-1">
<or_exp><and_exp></and_exp></or_exp>
</condition>

<Node id="38" bw="32" op_0_bw="32" op_1_bw="32" op_2_bw="32" op_3_bw="32" op_4_bw="32" op_5_bw="32" op_6_bw="32" op_7_bw="32" op_8_bw="0" op_9_bw="32" op_10_bw="32" op_11_bw="32" op_12_bw="32" op_13_bw="32" op_14_bw="32" op_15_bw="0" op_16_bw="32">
<![CDATA[
:0  %tmp = call fastcc i32 @LeftRotate(i32* %myHeap, i32 %leftPtr)

]]></Node>
<StgValue><ssdm name="tmp"/></StgValue>
</operation>
</state>

<state id="22" st_id="22">

<operation id="74" st_id="22" stage="1" lat="2">
<core></core>
<MemPortIdVec></MemPortIdVec>
<condition id="-1">
<or_exp><and_exp></and_exp></or_exp>
</condition>

<Node id="38" bw="32" op_0_bw="32" op_1_bw="32" op_2_bw="32" op_3_bw="32" op_4_bw="32" op_5_bw="32" op_6_bw="32" op_7_bw="32" op_8_bw="0" op_9_bw="32" op_10_bw="32" op_11_bw="32" op_12_bw="32" op_13_bw="32" op_14_bw="32" op_15_bw="0" op_16_bw="32">
<![CDATA[
:0  %tmp = call fastcc i32 @LeftRotate(i32* %myHeap, i32 %leftPtr)

]]></Node>
<StgValue><ssdm name="tmp"/></StgValue>
</operation>
</state>

<state id="23" st_id="23">

<operation id="75" st_id="23" stage="2" lat="2">
<core></core>
<MemPortIdVec></MemPortIdVec>
<condition id="-1">
<or_exp><and_exp></and_exp></or_exp>
</condition>

<Node id="39" bw="0" op_0_bw="0" op_1_bw="32" op_2_bw="32" op_3_bw="32" op_4_bw="32" op_5_bw="32" op_6_bw="32" op_7_bw="32" op_8_bw="32" op_9_bw="32" op_10_bw="0" op_11_bw="32" op_12_bw="32" op_13_bw="32" op_14_bw="32" op_15_bw="32" op_16_bw="32" op_17_bw="32" op_18_bw="0" op_19_bw="32">
<![CDATA[
:1  call fastcc void @node_set_left(i32* %myHeap, i32 %nowPtr_read, i32 %tmp)

]]></Node>
<StgValue><ssdm name="call_ln148"/></StgValue>
</operation>
</state>

<state id="24" st_id="24">

<operation id="76" st_id="24" stage="1" lat="2">
<core></core>
<MemPortIdVec></MemPortIdVec>
<condition id="-1">
<or_exp><and_exp></and_exp></or_exp>
</condition>

<Node id="39" bw="0" op_0_bw="0" op_1_bw="32" op_2_bw="32" op_3_bw="32" op_4_bw="32" op_5_bw="32" op_6_bw="32" op_7_bw="32" op_8_bw="32" op_9_bw="32" op_10_bw="0" op_11_bw="32" op_12_bw="32" op_13_bw="32" op_14_bw="32" op_15_bw="32" op_16_bw="32" op_17_bw="32" op_18_bw="0" op_19_bw="32">
<![CDATA[
:1  call fastcc void @node_set_left(i32* %myHeap, i32 %nowPtr_read, i32 %tmp)

]]></Node>
<StgValue><ssdm name="call_ln148"/></StgValue>
</operation>
</state>

<state id="25" st_id="25">

<operation id="77" st_id="25" stage="2" lat="2">
<core></core>
<MemPortIdVec></MemPortIdVec>
<condition id="-1">
<or_exp><and_exp></and_exp></or_exp>
</condition>

<Node id="40" bw="32" op_0_bw="32" op_1_bw="32" op_2_bw="32" op_3_bw="0" op_4_bw="32" op_5_bw="32" op_6_bw="32" op_7_bw="32" op_8_bw="32" op_9_bw="0" op_10_bw="32" op_11_bw="0" op_12_bw="32" op_13_bw="32" op_14_bw="32" op_15_bw="32" op_16_bw="32" op_17_bw="0" op_18_bw="32">
<![CDATA[
:2  %outputPtr_2 = call fastcc i32 @RightRotate(i32* %myHeap, i32 %nowPtr_read)

]]></Node>
<StgValue><ssdm name="outputPtr_2"/></StgValue>
</operation>
</state>

<state id="26" st_id="26">

<operation id="78" st_id="26" stage="2" lat="2">
<core></core>
<MemPortIdVec></MemPortIdVec>
<condition id="-1">
<or_exp><and_exp></and_exp></or_exp>
</condition>

<Node id="43" bw="32" op_0_bw="32" op_1_bw="32" op_2_bw="32" op_3_bw="32" op_4_bw="32" op_5_bw="32" op_6_bw="32" op_7_bw="32" op_8_bw="0" op_9_bw="32" op_10_bw="32" op_11_bw="32" op_12_bw="32" op_13_bw="32" op_14_bw="32" op_15_bw="0" op_16_bw="32">
<![CDATA[
:0  %outputPtr_1 = call fastcc i32 @LeftRotate(i32* %myHeap, i32 %nowPtr_read)

]]></Node>
<StgValue><ssdm name="outputPtr_1"/></StgValue>
</operation>
</state>

<state id="27" st_id="27">

<operation id="79" st_id="27" stage="1" lat="2">
<core></core>
<MemPortIdVec></MemPortIdVec>
<condition id="-1">
<or_exp><and_exp></and_exp></or_exp>
</condition>

<Node id="43" bw="32" op_0_bw="32" op_1_bw="32" op_2_bw="32" op_3_bw="32" op_4_bw="32" op_5_bw="32" op_6_bw="32" op_7_bw="32" op_8_bw="0" op_9_bw="32" op_10_bw="32" op_11_bw="32" op_12_bw="32" op_13_bw="32" op_14_bw="32" op_15_bw="0" op_16_bw="32">
<![CDATA[
:0  %outputPtr_1 = call fastcc i32 @LeftRotate(i32* %myHeap, i32 %nowPtr_read)

]]></Node>
<StgValue><ssdm name="outputPtr_1"/></StgValue>
</operation>

<operation id="80" st_id="27" stage="1" lat="1">
<core>NULL</core>
<MemPortIdVec></MemPortIdVec>
<condition id="-1">
<or_exp><and_exp></and_exp></or_exp>
</condition>

<Node id="44" bw="0" op_0_bw="0">
<![CDATA[
:1  br label %._crit_edge

]]></Node>
<StgValue><ssdm name="br_ln147"/></StgValue>
</operation>
</state>

<state id="28" st_id="28">

<operation id="81" st_id="28" stage="2" lat="2">
<core></core>
<MemPortIdVec></MemPortIdVec>
<condition id="-1">
<or_exp><and_exp></and_exp></or_exp>
</condition>

<Node id="46" bw="32" op_0_bw="32" op_1_bw="32" op_2_bw="32" op_3_bw="32" op_4_bw="32" op_5_bw="32" op_6_bw="32" op_7_bw="32" op_8_bw="0" op_9_bw="32" op_10_bw="32" op_11_bw="32" op_12_bw="32" op_13_bw="32" op_14_bw="32" op_15_bw="0" op_16_bw="32">
<![CDATA[
:0  %outputPtr = call fastcc i32 @RightRotate(i32* %myHeap, i32 %nowPtr_read)

]]></Node>
<StgValue><ssdm name="outputPtr"/></StgValue>
</operation>
</state>

<state id="29" st_id="29">

<operation id="82" st_id="29" stage="1" lat="2">
<core></core>
<MemPortIdVec></MemPortIdVec>
<condition id="-1">
<or_exp><and_exp></and_exp></or_exp>
</condition>

<Node id="46" bw="32" op_0_bw="32" op_1_bw="32" op_2_bw="32" op_3_bw="32" op_4_bw="32" op_5_bw="32" op_6_bw="32" op_7_bw="32" op_8_bw="0" op_9_bw="32" op_10_bw="32" op_11_bw="32" op_12_bw="32" op_13_bw="32" op_14_bw="32" op_15_bw="0" op_16_bw="32">
<![CDATA[
:0  %outputPtr = call fastcc i32 @RightRotate(i32* %myHeap, i32 %nowPtr_read)

]]></Node>
<StgValue><ssdm name="outputPtr"/></StgValue>
</operation>

<operation id="83" st_id="29" stage="1" lat="1">
<core>NULL</core>
<MemPortIdVec></MemPortIdVec>
<condition id="-1">
<or_exp><and_exp></and_exp></or_exp>
</condition>

<Node id="47" bw="0" op_0_bw="0">
<![CDATA[
:1  br label %._crit_edge

]]></Node>
<StgValue><ssdm name="br_ln145"/></StgValue>
</operation>
</state>
</state_list>


<ports>
<port id="116" name="myHeap" dir="2" iftype="4">
<core>NULL</core><StgValue><ssdm name="myHeap"/></StgValue>
</port>
<port id="117" name="nowPtr" dir="0" iftype="0">
<core>NULL</core><StgValue><ssdm name="nowPtr"/></StgValue>
</port>
<port id="118" name="key" dir="0" iftype="0">
<core>NULL</core><StgValue><ssdm name="key"/></StgValue>
</port>
</ports>


<dataflows>
<dataflow id="120" from="_ssdm_op_Read.ap_auto.i32" to="nowPtr_read" fromId="119" toId="30">
</dataflow>
<dataflow id="121" from="nowPtr" to="nowPtr_read" fromId="117" toId="30">
</dataflow>
<dataflow id="123" from="node_get_left_pointe" to="leftPtr" fromId="122" toId="31">
</dataflow>
<dataflow id="124" from="myHeap" to="leftPtr" fromId="116" toId="31">
</dataflow>
<dataflow id="125" from="nowPtr_read" to="leftPtr" fromId="30" toId="31">
</dataflow>
<dataflow id="126" from="node_get_left_pointe" to="leftPtr" fromId="122" toId="32">
</dataflow>
<dataflow id="127" from="myHeap" to="leftPtr" fromId="116" toId="32">
</dataflow>
<dataflow id="128" from="nowPtr_read" to="leftPtr" fromId="30" toId="32">
</dataflow>
<dataflow id="130" from="node_get_right_point" to="rightPtr" fromId="129" toId="33">
</dataflow>
<dataflow id="131" from="myHeap" to="rightPtr" fromId="116" toId="33">
</dataflow>
<dataflow id="132" from="nowPtr_read" to="rightPtr" fromId="30" toId="33">
</dataflow>
<dataflow id="133" from="node_get_right_point" to="rightPtr" fromId="129" toId="34">
</dataflow>
<dataflow id="134" from="myHeap" to="rightPtr" fromId="116" toId="34">
</dataflow>
<dataflow id="135" from="nowPtr_read" to="rightPtr" fromId="30" toId="34">
</dataflow>
<dataflow id="137" from="node_read_data" to="leftKey" fromId="136" toId="35">
</dataflow>
<dataflow id="138" from="myHeap" to="leftKey" fromId="116" toId="35">
</dataflow>
<dataflow id="139" from="leftPtr" to="leftKey" fromId="32" toId="35">
</dataflow>
<dataflow id="140" from="node_read_data" to="leftKey" fromId="136" toId="36">
</dataflow>
<dataflow id="141" from="myHeap" to="leftKey" fromId="116" toId="36">
</dataflow>
<dataflow id="142" from="leftPtr" to="leftKey" fromId="32" toId="36">
</dataflow>
<dataflow id="143" from="node_read_data" to="rightKey" fromId="136" toId="37">
</dataflow>
<dataflow id="144" from="myHeap" to="rightKey" fromId="116" toId="37">
</dataflow>
<dataflow id="145" from="rightPtr" to="rightKey" fromId="34" toId="37">
</dataflow>
<dataflow id="146" from="node_read_data" to="rightKey" fromId="136" toId="38">
</dataflow>
<dataflow id="147" from="myHeap" to="rightKey" fromId="116" toId="38">
</dataflow>
<dataflow id="148" from="rightPtr" to="rightKey" fromId="34" toId="38">
</dataflow>
<dataflow id="150" from="CalculateNodeHeight" to="newHeight" fromId="149" toId="39">
</dataflow>
<dataflow id="151" from="myHeap" to="newHeight" fromId="116" toId="39">
</dataflow>
<dataflow id="152" from="nowPtr_read" to="newHeight" fromId="30" toId="39">
</dataflow>
<dataflow id="153" from="CalculateNodeHeight" to="newHeight" fromId="149" toId="40">
</dataflow>
<dataflow id="154" from="myHeap" to="newHeight" fromId="116" toId="40">
</dataflow>
<dataflow id="155" from="nowPtr_read" to="newHeight" fromId="30" toId="40">
</dataflow>
<dataflow id="157" from="node_set_height" to="call_ln136" fromId="156" toId="41">
</dataflow>
<dataflow id="158" from="myHeap" to="call_ln136" fromId="116" toId="41">
</dataflow>
<dataflow id="159" from="nowPtr_read" to="call_ln136" fromId="30" toId="41">
</dataflow>
<dataflow id="160" from="newHeight" to="call_ln136" fromId="40" toId="41">
</dataflow>
<dataflow id="161" from="node_set_height" to="call_ln136" fromId="156" toId="42">
</dataflow>
<dataflow id="162" from="myHeap" to="call_ln136" fromId="116" toId="42">
</dataflow>
<dataflow id="163" from="nowPtr_read" to="call_ln136" fromId="30" toId="42">
</dataflow>
<dataflow id="164" from="newHeight" to="call_ln136" fromId="40" toId="42">
</dataflow>
<dataflow id="166" from="GetBalance" to="balanceFactor" fromId="165" toId="43">
</dataflow>
<dataflow id="167" from="myHeap" to="balanceFactor" fromId="116" toId="43">
</dataflow>
<dataflow id="168" from="nowPtr_read" to="balanceFactor" fromId="30" toId="43">
</dataflow>
<dataflow id="170" from="_ssdm_op_SpecInterface" to="specinterface_ln0" fromId="169" toId="44">
</dataflow>
<dataflow id="171" from="myHeap" to="specinterface_ln0" fromId="116" toId="44">
</dataflow>
<dataflow id="173" from="p_str3" to="specinterface_ln0" fromId="172" toId="44">
</dataflow>
<dataflow id="175" from="StgValue_174" to="specinterface_ln0" fromId="174" toId="44">
</dataflow>
<dataflow id="176" from="StgValue_174" to="specinterface_ln0" fromId="174" toId="44">
</dataflow>
<dataflow id="178" from="p_str1" to="specinterface_ln0" fromId="177" toId="44">
</dataflow>
<dataflow id="179" from="StgValue_174" to="specinterface_ln0" fromId="174" toId="44">
</dataflow>
<dataflow id="181" from="StgValue_180" to="specinterface_ln0" fromId="180" toId="44">
</dataflow>
<dataflow id="182" from="p_str1" to="specinterface_ln0" fromId="177" toId="44">
</dataflow>
<dataflow id="184" from="p_str4" to="specinterface_ln0" fromId="183" toId="44">
</dataflow>
<dataflow id="185" from="p_str1" to="specinterface_ln0" fromId="177" toId="44">
</dataflow>
<dataflow id="187" from="StgValue_186" to="specinterface_ln0" fromId="186" toId="44">
</dataflow>
<dataflow id="188" from="StgValue_186" to="specinterface_ln0" fromId="186" toId="44">
</dataflow>
<dataflow id="189" from="StgValue_186" to="specinterface_ln0" fromId="186" toId="44">
</dataflow>
<dataflow id="190" from="StgValue_186" to="specinterface_ln0" fromId="186" toId="44">
</dataflow>
<dataflow id="191" from="p_str1" to="specinterface_ln0" fromId="177" toId="44">
</dataflow>
<dataflow id="192" from="p_str1" to="specinterface_ln0" fromId="177" toId="44">
</dataflow>
<dataflow id="193" from="_ssdm_op_Read.ap_auto.i32" to="key_read" fromId="119" toId="45">
</dataflow>
<dataflow id="194" from="key" to="key_read" fromId="118" toId="45">
</dataflow>
<dataflow id="195" from="GetBalance" to="balanceFactor" fromId="165" toId="46">
</dataflow>
<dataflow id="196" from="myHeap" to="balanceFactor" fromId="116" toId="46">
</dataflow>
<dataflow id="197" from="nowPtr_read" to="balanceFactor" fromId="30" toId="46">
</dataflow>
<dataflow id="199" from="_ssdm_op_PartSelect.i31.i32.i32.i32" to="tmp_10" fromId="198" toId="47">
</dataflow>
<dataflow id="200" from="balanceFactor" to="tmp_10" fromId="46" toId="47">
</dataflow>
<dataflow id="201" from="StgValue_180" to="tmp_10" fromId="180" toId="47">
</dataflow>
<dataflow id="203" from="StgValue_202" to="tmp_10" fromId="202" toId="47">
</dataflow>
<dataflow id="204" from="tmp_10" to="icmp_ln143" fromId="47" toId="48">
</dataflow>
<dataflow id="206" from="StgValue_205" to="icmp_ln143" fromId="205" toId="48">
</dataflow>
<dataflow id="207" from="leftKey" to="icmp_ln143_1" fromId="36" toId="49">
</dataflow>
<dataflow id="208" from="key_read" to="icmp_ln143_1" fromId="45" toId="49">
</dataflow>
<dataflow id="209" from="icmp_ln143" to="and_ln143" fromId="48" toId="50">
</dataflow>
<dataflow id="210" from="icmp_ln143_1" to="and_ln143" fromId="49" toId="50">
</dataflow>
<dataflow id="211" from="and_ln143" to="br_ln143" fromId="50" toId="51">
</dataflow>
<dataflow id="212" from="balanceFactor" to="icmp_ln145" fromId="46" toId="52">
</dataflow>
<dataflow id="214" from="StgValue_213" to="icmp_ln145" fromId="213" toId="52">
</dataflow>
<dataflow id="215" from="rightKey" to="icmp_ln145_1" fromId="38" toId="53">
</dataflow>
<dataflow id="216" from="key_read" to="icmp_ln145_1" fromId="45" toId="53">
</dataflow>
<dataflow id="217" from="icmp_ln145" to="and_ln145" fromId="52" toId="54">
</dataflow>
<dataflow id="218" from="icmp_ln145_1" to="and_ln145" fromId="53" toId="54">
</dataflow>
<dataflow id="219" from="and_ln145" to="br_ln145" fromId="54" toId="55">
</dataflow>
<dataflow id="220" from="leftKey" to="icmp_ln147" fromId="36" toId="56">
</dataflow>
<dataflow id="221" from="key_read" to="icmp_ln147" fromId="45" toId="56">
</dataflow>
<dataflow id="222" from="icmp_ln143" to="and_ln147" fromId="48" toId="57">
</dataflow>
<dataflow id="223" from="icmp_ln147" to="and_ln147" fromId="56" toId="57">
</dataflow>
<dataflow id="224" from="and_ln147" to="br_ln147" fromId="57" toId="58">
</dataflow>
<dataflow id="225" from="rightKey" to="icmp_ln150" fromId="38" toId="59">
</dataflow>
<dataflow id="226" from="key_read" to="icmp_ln150" fromId="45" toId="59">
</dataflow>
<dataflow id="227" from="icmp_ln145" to="and_ln150" fromId="52" toId="60">
</dataflow>
<dataflow id="228" from="icmp_ln150" to="and_ln150" fromId="59" toId="60">
</dataflow>
<dataflow id="229" from="and_ln150" to="br_ln150" fromId="60" toId="61">
</dataflow>
<dataflow id="231" from="RightRotate" to="tmp_3" fromId="230" toId="62">
</dataflow>
<dataflow id="232" from="myHeap" to="tmp_3" fromId="116" toId="62">
</dataflow>
<dataflow id="233" from="rightPtr" to="tmp_3" fromId="34" toId="62">
</dataflow>
<dataflow id="234" from="RightRotate" to="tmp_3" fromId="230" toId="63">
</dataflow>
<dataflow id="235" from="myHeap" to="tmp_3" fromId="116" toId="63">
</dataflow>
<dataflow id="236" from="rightPtr" to="tmp_3" fromId="34" toId="63">
</dataflow>
<dataflow id="238" from="node_set_right" to="call_ln151" fromId="237" toId="64">
</dataflow>
<dataflow id="239" from="myHeap" to="call_ln151" fromId="116" toId="64">
</dataflow>
<dataflow id="240" from="nowPtr_read" to="call_ln151" fromId="30" toId="64">
</dataflow>
<dataflow id="241" from="tmp_3" to="call_ln151" fromId="63" toId="64">
</dataflow>
<dataflow id="242" from="node_set_right" to="call_ln151" fromId="237" toId="65">
</dataflow>
<dataflow id="243" from="myHeap" to="call_ln151" fromId="116" toId="65">
</dataflow>
<dataflow id="244" from="nowPtr_read" to="call_ln151" fromId="30" toId="65">
</dataflow>
<dataflow id="245" from="tmp_3" to="call_ln151" fromId="63" toId="65">
</dataflow>
<dataflow id="247" from="LeftRotate" to="outputPtr_4" fromId="246" toId="66">
</dataflow>
<dataflow id="248" from="myHeap" to="outputPtr_4" fromId="116" toId="66">
</dataflow>
<dataflow id="249" from="nowPtr_read" to="outputPtr_4" fromId="30" toId="66">
</dataflow>
<dataflow id="250" from="LeftRotate" to="outputPtr_4" fromId="246" toId="67">
</dataflow>
<dataflow id="251" from="myHeap" to="outputPtr_4" fromId="116" toId="67">
</dataflow>
<dataflow id="252" from="nowPtr_read" to="outputPtr_4" fromId="30" toId="67">
</dataflow>
<dataflow id="253" from="RightRotate" to="outputPtr_2" fromId="230" toId="69">
</dataflow>
<dataflow id="254" from="myHeap" to="outputPtr_2" fromId="116" toId="69">
</dataflow>
<dataflow id="255" from="nowPtr_read" to="outputPtr_2" fromId="30" toId="69">
</dataflow>
<dataflow id="256" from="outputPtr" to="outputPtr_3" fromId="82" toId="71">
<condition id="-1">
<or_exp><and_exp></and_exp></or_exp>
</condition>
</dataflow>
<dataflow id="257" from="br_ln145" to="outputPtr_3" fromId="83" toId="71">
</dataflow>
<dataflow id="258" from="outputPtr_1" to="outputPtr_3" fromId="79" toId="71">
<condition id="-1">
<or_exp><and_exp></and_exp></or_exp>
</condition>
</dataflow>
<dataflow id="259" from="br_ln147" to="outputPtr_3" fromId="80" toId="71">
</dataflow>
<dataflow id="260" from="outputPtr_2" to="outputPtr_3" fromId="69" toId="71">
<condition id="-1">
<or_exp><and_exp><literal name="and_ln143" val="0"/>
<literal name="and_ln145" val="0"/>
<literal name="and_ln147" val="1"/>
</and_exp></or_exp>
</condition>
</dataflow>
<dataflow id="261" from="br_ln150" to="outputPtr_3" fromId="70" toId="71">
</dataflow>
<dataflow id="262" from="outputPtr_4" to="outputPtr_3" fromId="67" toId="71">
<condition id="-1">
<or_exp><and_exp><literal name="and_ln143" val="0"/>
<literal name="and_ln145" val="0"/>
<literal name="and_ln147" val="0"/>
<literal name="and_ln150" val="1"/>
</and_exp></or_exp>
</condition>
</dataflow>
<dataflow id="263" from="br_ln153" to="outputPtr_3" fromId="68" toId="71">
</dataflow>
<dataflow id="264" from="nowPtr_read" to="outputPtr_3" fromId="30" toId="71">
<condition id="-1">
<or_exp><and_exp><literal name="and_ln143" val="0"/>
<literal name="and_ln145" val="0"/>
<literal name="and_ln147" val="0"/>
<literal name="and_ln150" val="0"/>
</and_exp></or_exp>
</condition>
</dataflow>
<dataflow id="265" from="br_ln150" to="outputPtr_3" fromId="61" toId="71">
</dataflow>
<dataflow id="266" from="outputPtr_3" to="ret_ln157" fromId="71" toId="72">
</dataflow>
<dataflow id="267" from="LeftRotate" to="tmp" fromId="246" toId="73">
</dataflow>
<dataflow id="268" from="myHeap" to="tmp" fromId="116" toId="73">
</dataflow>
<dataflow id="269" from="leftPtr" to="tmp" fromId="32" toId="73">
</dataflow>
<dataflow id="270" from="LeftRotate" to="tmp" fromId="246" toId="74">
</dataflow>
<dataflow id="271" from="myHeap" to="tmp" fromId="116" toId="74">
</dataflow>
<dataflow id="272" from="leftPtr" to="tmp" fromId="32" toId="74">
</dataflow>
<dataflow id="274" from="node_set_left" to="call_ln148" fromId="273" toId="75">
</dataflow>
<dataflow id="275" from="myHeap" to="call_ln148" fromId="116" toId="75">
</dataflow>
<dataflow id="276" from="nowPtr_read" to="call_ln148" fromId="30" toId="75">
</dataflow>
<dataflow id="277" from="tmp" to="call_ln148" fromId="74" toId="75">
</dataflow>
<dataflow id="278" from="node_set_left" to="call_ln148" fromId="273" toId="76">
</dataflow>
<dataflow id="279" from="myHeap" to="call_ln148" fromId="116" toId="76">
</dataflow>
<dataflow id="280" from="nowPtr_read" to="call_ln148" fromId="30" toId="76">
</dataflow>
<dataflow id="281" from="tmp" to="call_ln148" fromId="74" toId="76">
</dataflow>
<dataflow id="282" from="RightRotate" to="outputPtr_2" fromId="230" toId="77">
</dataflow>
<dataflow id="283" from="myHeap" to="outputPtr_2" fromId="116" toId="77">
</dataflow>
<dataflow id="284" from="nowPtr_read" to="outputPtr_2" fromId="30" toId="77">
</dataflow>
<dataflow id="285" from="LeftRotate" to="outputPtr_1" fromId="246" toId="78">
</dataflow>
<dataflow id="286" from="myHeap" to="outputPtr_1" fromId="116" toId="78">
</dataflow>
<dataflow id="287" from="nowPtr_read" to="outputPtr_1" fromId="30" toId="78">
</dataflow>
<dataflow id="288" from="LeftRotate" to="outputPtr_1" fromId="246" toId="79">
</dataflow>
<dataflow id="289" from="myHeap" to="outputPtr_1" fromId="116" toId="79">
</dataflow>
<dataflow id="290" from="nowPtr_read" to="outputPtr_1" fromId="30" toId="79">
</dataflow>
<dataflow id="291" from="RightRotate" to="outputPtr" fromId="230" toId="81">
</dataflow>
<dataflow id="292" from="myHeap" to="outputPtr" fromId="116" toId="81">
</dataflow>
<dataflow id="293" from="nowPtr_read" to="outputPtr" fromId="30" toId="81">
</dataflow>
<dataflow id="294" from="RightRotate" to="outputPtr" fromId="230" toId="82">
</dataflow>
<dataflow id="295" from="myHeap" to="outputPtr" fromId="116" toId="82">
</dataflow>
<dataflow id="296" from="nowPtr_read" to="outputPtr" fromId="30" toId="82">
</dataflow>
<dataflow id="297" from="and_ln143" to="StgValue_14" fromId="50" toId="14">
</dataflow>
<dataflow id="298" from="and_ln145" to="StgValue_14" fromId="54" toId="14">
</dataflow>
<dataflow id="299" from="and_ln147" to="StgValue_14" fromId="57" toId="14">
</dataflow>
<dataflow id="300" from="and_ln143" to="StgValue_20" fromId="50" toId="20">
</dataflow>
<dataflow id="301" from="and_ln145" to="StgValue_20" fromId="54" toId="20">
</dataflow>
<dataflow id="302" from="and_ln147" to="StgValue_20" fromId="57" toId="20">
</dataflow>
<dataflow id="303" from="and_ln150" to="StgValue_20" fromId="60" toId="20">
</dataflow>
<dataflow id="304" from="and_ln150" to="StgValue_14" fromId="60" toId="14">
</dataflow>
</dataflows>


</stg>
