<stg><name>ProcessNodeDeletion</name>


<trans_list>

<trans id="93" from="1" to="2">
<condition id="-1">
<or_exp><and_exp><literal name="icmp_ln166" val="0"/>
</and_exp></or_exp>
</condition>
</trans>

<trans id="94" from="1" to="26">
<condition id="-1">
<or_exp><and_exp><literal name="icmp_ln166" val="1"/>
</and_exp></or_exp>
</condition>
</trans>

<trans id="96" from="2" to="3">
<condition id="-1">
<or_exp><and_exp></and_exp></or_exp>
</condition>
</trans>

<trans id="97" from="3" to="4">
<condition id="-1">
<or_exp><and_exp></and_exp></or_exp>
</condition>
</trans>

<trans id="98" from="4" to="5">
<condition id="-1">
<or_exp><and_exp></and_exp></or_exp>
</condition>
</trans>

<trans id="99" from="5" to="6">
<condition id="-1">
<or_exp><and_exp></and_exp></or_exp>
</condition>
</trans>

<trans id="100" from="6" to="7">
<condition id="-1">
<or_exp><and_exp></and_exp></or_exp>
</condition>
</trans>

<trans id="101" from="7" to="8">
<condition id="-1">
<or_exp><and_exp></and_exp></or_exp>
</condition>
</trans>

<trans id="102" from="8" to="9">
<condition id="-1">
<or_exp><and_exp></and_exp></or_exp>
</condition>
</trans>

<trans id="103" from="9" to="10">
<condition id="-1">
<or_exp><and_exp></and_exp></or_exp>
</condition>
</trans>

<trans id="104" from="10" to="11">
<condition id="-1">
<or_exp><and_exp><literal name="icmp_ln179" val="1"/>
</and_exp></or_exp>
</condition>
</trans>

<trans id="105" from="10" to="16">
<condition id="-1">
<or_exp><and_exp><literal name="icmp_ln179" val="0"/>
</and_exp></or_exp>
</condition>
</trans>

<trans id="106" from="11" to="12">
<condition id="-1">
<or_exp><and_exp></and_exp></or_exp>
</condition>
</trans>

<trans id="107" from="12" to="13">
<condition id="-1">
<or_exp><and_exp><literal name="tmp_12" val="0"/>
</and_exp></or_exp>
</condition>
</trans>

<trans id="108" from="12" to="15">
<condition id="-1">
<or_exp><and_exp><literal name="tmp_12" val="1"/>
</and_exp></or_exp>
</condition>
</trans>

<trans id="109" from="13" to="14">
<condition id="-1">
<or_exp><and_exp></and_exp></or_exp>
</condition>
</trans>

<trans id="110" from="14" to="26">
<condition id="-1">
<or_exp><and_exp></and_exp></or_exp>
</condition>
</trans>

<trans id="111" from="15" to="16">
<condition id="-1">
<or_exp><and_exp></and_exp></or_exp>
</condition>
</trans>

<trans id="112" from="16" to="29">
<condition id="-1">
<or_exp><and_exp><literal name="icmp_ln179" val="1"/>
<literal name="tmp_13" val="1"/>
</and_exp></or_exp>
</condition>
</trans>

<trans id="113" from="16" to="17">
<condition id="-1">
<or_exp><and_exp><literal name="tmp_13" val="0"/>
<literal name="icmp_ln184" val="1"/>
</and_exp><and_exp><literal name="icmp_ln179" val="0"/>
<literal name="icmp_ln184" val="1"/>
</and_exp></or_exp>
</condition>
</trans>

<trans id="114" from="16" to="20">
<condition id="-1">
<or_exp><and_exp><literal name="tmp_13" val="0"/>
<literal name="icmp_ln184" val="0"/>
</and_exp><and_exp><literal name="icmp_ln179" val="0"/>
<literal name="icmp_ln184" val="0"/>
</and_exp></or_exp>
</condition>
</trans>

<trans id="115" from="17" to="18">
<condition id="-1">
<or_exp><and_exp></and_exp></or_exp>
</condition>
</trans>

<trans id="116" from="18" to="19">
<condition id="-1">
<or_exp><and_exp><literal name="icmp_ln184_1" val="0"/>
</and_exp></or_exp>
</condition>
</trans>

<trans id="117" from="18" to="27">
<condition id="-1">
<or_exp><and_exp><literal name="icmp_ln184_1" val="1"/>
</and_exp></or_exp>
</condition>
</trans>

<trans id="118" from="19" to="20">
<condition id="-1">
<or_exp><and_exp></and_exp></or_exp>
</condition>
</trans>

<trans id="119" from="20" to="21">
<condition id="-1">
<or_exp><and_exp><literal name="icmp_ln184" val="1"/>
<literal name="icmp_ln186" val="1"/>
</and_exp></or_exp>
</condition>
</trans>

<trans id="120" from="20" to="26">
<condition id="-1">
<or_exp><and_exp><literal name="icmp_ln186" val="0"/>
</and_exp><and_exp><literal name="icmp_ln184" val="0"/>
</and_exp></or_exp>
</condition>
</trans>

<trans id="121" from="21" to="22">
<condition id="-1">
<or_exp><and_exp></and_exp></or_exp>
</condition>
</trans>

<trans id="122" from="22" to="23">
<condition id="-1">
<or_exp><and_exp></and_exp></or_exp>
</condition>
</trans>

<trans id="123" from="23" to="24">
<condition id="-1">
<or_exp><and_exp></and_exp></or_exp>
</condition>
</trans>

<trans id="124" from="24" to="25">
<condition id="-1">
<or_exp><and_exp></and_exp></or_exp>
</condition>
</trans>

<trans id="125" from="25" to="26">
<condition id="-1">
<or_exp><and_exp></and_exp></or_exp>
</condition>
</trans>

<trans id="126" from="27" to="28">
<condition id="-1">
<or_exp><and_exp></and_exp></or_exp>
</condition>
</trans>

<trans id="127" from="28" to="26">
<condition id="-1">
<or_exp><and_exp></and_exp></or_exp>
</condition>
</trans>

<trans id="128" from="29" to="30">
<condition id="-1">
<or_exp><and_exp></and_exp></or_exp>
</condition>
</trans>

<trans id="129" from="30" to="31">
<condition id="-1">
<or_exp><and_exp></and_exp></or_exp>
</condition>
</trans>

<trans id="130" from="31" to="32">
<condition id="-1">
<or_exp><and_exp></and_exp></or_exp>
</condition>
</trans>

<trans id="131" from="32" to="33">
<condition id="-1">
<or_exp><and_exp></and_exp></or_exp>
</condition>
</trans>

<trans id="132" from="33" to="34">
<condition id="-1">
<or_exp><and_exp></and_exp></or_exp>
</condition>
</trans>

<trans id="133" from="34" to="26">
<condition id="-1">
<or_exp><and_exp></and_exp></or_exp>
</condition>
</trans>
</trans_list>



<state_list>

<state id="1" st_id="1">

<operation id="35" st_id="1" stage="1" lat="1">
<core>NULL</core>
<MemPortIdVec></MemPortIdVec>
<condition id="-1">
<or_exp><and_exp></and_exp></or_exp>
</condition>

<Node id="3" bw="0" op_0_bw="0" op_1_bw="32" op_2_bw="0" op_3_bw="32" op_4_bw="32" op_5_bw="0" op_6_bw="32" op_7_bw="32" op_8_bw="0" op_9_bw="0" op_10_bw="0" op_11_bw="32" op_12_bw="32" op_13_bw="32" op_14_bw="32" op_15_bw="0" op_16_bw="0">
<![CDATA[
:0  call void (...)* @_ssdm_op_SpecInterface(i32* %myHeap, [6 x i8]* @p_str3, i32 0, i32 0, [1 x i8]* @p_str1, i32 0, i32 1, [1 x i8]* @p_str1, [4 x i8]* @p_str4, [1 x i8]* @p_str1, i32 16, i32 16, i32 16, i32 16, [1 x i8]* @p_str1, [1 x i8]* @p_str1) nounwind

]]></Node>
<StgValue><ssdm name="specinterface_ln0"/></StgValue>
</operation>

<operation id="36" st_id="1" stage="1" lat="1">
<core>NULL</core>
<MemPortIdVec></MemPortIdVec>
<condition id="-1">
<or_exp><and_exp></and_exp></or_exp>
</condition>

<Node id="4" bw="32" op_0_bw="32" op_1_bw="32">
<![CDATA[
:1  %nowPtr_read = call i32 @_ssdm_op_Read.ap_auto.i32(i32 %nowPtr) nounwind

]]></Node>
<StgValue><ssdm name="nowPtr_read"/></StgValue>
</operation>

<operation id="37" st_id="1" stage="1" lat="1">
<core>Cmp</core>
<MemPortIdVec></MemPortIdVec>
<condition id="-1">
<or_exp><and_exp></and_exp></or_exp>
</condition>

<Node id="5" bw="1" op_0_bw="32" op_1_bw="32">
<![CDATA[
:2  %icmp_ln166 = icmp eq i32 %nowPtr_read, 0

]]></Node>
<StgValue><ssdm name="icmp_ln166"/></StgValue>
</operation>

<operation id="38" st_id="1" stage="1" lat="1">
<core>NULL</core>
<MemPortIdVec></MemPortIdVec>
<condition id="-1">
<or_exp><and_exp></and_exp></or_exp>
</condition>

<Node id="6" bw="0" op_0_bw="1" op_1_bw="0" op_2_bw="0">
<![CDATA[
:3  br i1 %icmp_ln166, label %._crit_edge, label %1

]]></Node>
<StgValue><ssdm name="br_ln166"/></StgValue>
</operation>

<operation id="39" st_id="1" stage="2" lat="2">
<core></core>
<MemPortIdVec></MemPortIdVec>
<condition id="-1">
<or_exp><and_exp><literal name="icmp_ln166" val="0"/>
</and_exp></or_exp>
</condition>

<Node id="8" bw="32" op_0_bw="32" op_1_bw="32" op_2_bw="32">
<![CDATA[
:0  %newHeight = call fastcc i32 @CalculateNodeHeight(i32* %myHeap, i32 %nowPtr_read)

]]></Node>
<StgValue><ssdm name="newHeight"/></StgValue>
</operation>
</state>

<state id="2" st_id="2">

<operation id="40" st_id="2" stage="1" lat="2">
<core></core>
<MemPortIdVec></MemPortIdVec>
<condition id="-1">
<or_exp><and_exp></and_exp></or_exp>
</condition>

<Node id="8" bw="32" op_0_bw="32" op_1_bw="32" op_2_bw="32">
<![CDATA[
:0  %newHeight = call fastcc i32 @CalculateNodeHeight(i32* %myHeap, i32 %nowPtr_read)

]]></Node>
<StgValue><ssdm name="newHeight"/></StgValue>
</operation>
</state>

<state id="3" st_id="3">

<operation id="41" st_id="3" stage="2" lat="2">
<core></core>
<MemPortIdVec></MemPortIdVec>
<condition id="-1">
<or_exp><and_exp></and_exp></or_exp>
</condition>

<Node id="9" bw="0" op_0_bw="0" op_1_bw="32" op_2_bw="32" op_3_bw="32" op_4_bw="32" op_5_bw="32">
<![CDATA[
:1  call fastcc void @node_set_height(i32* %myHeap, i32 %nowPtr_read, i32 %newHeight)

]]></Node>
<StgValue><ssdm name="call_ln171"/></StgValue>
</operation>
</state>

<state id="4" st_id="4">

<operation id="42" st_id="4" stage="1" lat="2">
<core></core>
<MemPortIdVec></MemPortIdVec>
<condition id="-1">
<or_exp><and_exp></and_exp></or_exp>
</condition>

<Node id="9" bw="0" op_0_bw="0" op_1_bw="32" op_2_bw="32" op_3_bw="32" op_4_bw="32" op_5_bw="32">
<![CDATA[
:1  call fastcc void @node_set_height(i32* %myHeap, i32 %nowPtr_read, i32 %newHeight)

]]></Node>
<StgValue><ssdm name="call_ln171"/></StgValue>
</operation>
</state>

<state id="5" st_id="5">

<operation id="43" st_id="5" stage="2" lat="2">
<core></core>
<MemPortIdVec></MemPortIdVec>
<condition id="-1">
<or_exp><and_exp></and_exp></or_exp>
</condition>

<Node id="10" bw="32" op_0_bw="32" op_1_bw="32" op_2_bw="32" op_3_bw="0" op_4_bw="0">
<![CDATA[
:2  %balanceFactor = call fastcc i32 @GetBalance(i32* %myHeap, i32 %nowPtr_read)

]]></Node>
<StgValue><ssdm name="balanceFactor"/></StgValue>
</operation>
</state>

<state id="6" st_id="6">

<operation id="44" st_id="6" stage="1" lat="2">
<core></core>
<MemPortIdVec></MemPortIdVec>
<condition id="-1">
<or_exp><and_exp></and_exp></or_exp>
</condition>

<Node id="10" bw="32" op_0_bw="32" op_1_bw="32" op_2_bw="32" op_3_bw="0" op_4_bw="0">
<![CDATA[
:2  %balanceFactor = call fastcc i32 @GetBalance(i32* %myHeap, i32 %nowPtr_read)

]]></Node>
<StgValue><ssdm name="balanceFactor"/></StgValue>
</operation>

<operation id="45" st_id="6" stage="1" lat="1">
<core>NULL</core>
<MemPortIdVec></MemPortIdVec>
<condition id="-1">
<or_exp><and_exp></and_exp></or_exp>
</condition>

<Node id="13" bw="31" op_0_bw="31" op_1_bw="32" op_2_bw="32" op_3_bw="32">
<![CDATA[
:5  %tmp_11 = call i31 @_ssdm_op_PartSelect.i31.i32.i32.i32(i32 %balanceFactor, i32 1, i32 31)

]]></Node>
<StgValue><ssdm name="tmp_11"/></StgValue>
</operation>

<operation id="46" st_id="6" stage="1" lat="1">
<core>Cmp</core>
<MemPortIdVec></MemPortIdVec>
<condition id="-1">
<or_exp><and_exp></and_exp></or_exp>
</condition>

<Node id="14" bw="1" op_0_bw="31" op_1_bw="31">
<![CDATA[
:6  %icmp_ln179 = icmp sgt i31 %tmp_11, 0

]]></Node>
<StgValue><ssdm name="icmp_ln179"/></StgValue>
</operation>
</state>

<state id="7" st_id="7">

<operation id="47" st_id="7" stage="2" lat="2">
<core></core>
<MemPortIdVec></MemPortIdVec>
<condition id="-1">
<or_exp><and_exp></and_exp></or_exp>
</condition>

<Node id="11" bw="32" op_0_bw="32" op_1_bw="32" op_2_bw="32" op_3_bw="32" op_4_bw="32">
<![CDATA[
:3  %leftPtr = call fastcc i32 @node_get_left_pointe(i32* %myHeap, i32 %nowPtr_read)

]]></Node>
<StgValue><ssdm name="leftPtr"/></StgValue>
</operation>
</state>

<state id="8" st_id="8">

<operation id="48" st_id="8" stage="1" lat="2">
<core></core>
<MemPortIdVec></MemPortIdVec>
<condition id="-1">
<or_exp><and_exp></and_exp></or_exp>
</condition>

<Node id="11" bw="32" op_0_bw="32" op_1_bw="32" op_2_bw="32" op_3_bw="32" op_4_bw="32">
<![CDATA[
:3  %leftPtr = call fastcc i32 @node_get_left_pointe(i32* %myHeap, i32 %nowPtr_read)

]]></Node>
<StgValue><ssdm name="leftPtr"/></StgValue>
</operation>
</state>

<state id="9" st_id="9">

<operation id="49" st_id="9" stage="2" lat="2">
<core></core>
<MemPortIdVec></MemPortIdVec>
<condition id="-1">
<or_exp><and_exp></and_exp></or_exp>
</condition>

<Node id="12" bw="32" op_0_bw="32" op_1_bw="32" op_2_bw="32" op_3_bw="32" op_4_bw="32">
<![CDATA[
:4  %rightPtr = call fastcc i32 @node_get_right_point(i32* %myHeap, i32 %nowPtr_read)

]]></Node>
<StgValue><ssdm name="rightPtr"/></StgValue>
</operation>
</state>

<state id="10" st_id="10">

<operation id="50" st_id="10" stage="1" lat="2">
<core></core>
<MemPortIdVec></MemPortIdVec>
<condition id="-1">
<or_exp><and_exp></and_exp></or_exp>
</condition>

<Node id="12" bw="32" op_0_bw="32" op_1_bw="32" op_2_bw="32" op_3_bw="32" op_4_bw="32">
<![CDATA[
:4  %rightPtr = call fastcc i32 @node_get_right_point(i32* %myHeap, i32 %nowPtr_read)

]]></Node>
<StgValue><ssdm name="rightPtr"/></StgValue>
</operation>

<operation id="51" st_id="10" stage="1" lat="1">
<core>NULL</core>
<MemPortIdVec></MemPortIdVec>
<condition id="-1">
<or_exp><and_exp></and_exp></or_exp>
</condition>

<Node id="15" bw="0" op_0_bw="1" op_1_bw="0" op_2_bw="0">
<![CDATA[
:7  br i1 %icmp_ln179, label %2, label %._crit_edge4

]]></Node>
<StgValue><ssdm name="br_ln179"/></StgValue>
</operation>
</state>

<state id="11" st_id="11">

<operation id="52" st_id="11" stage="2" lat="2">
<core></core>
<MemPortIdVec></MemPortIdVec>
<condition id="-1">
<or_exp><and_exp></and_exp></or_exp>
</condition>

<Node id="17" bw="32" op_0_bw="32" op_1_bw="32" op_2_bw="32" op_3_bw="32" op_4_bw="0" op_5_bw="32" op_6_bw="32" op_7_bw="32" op_8_bw="32" op_9_bw="0" op_10_bw="32" op_11_bw="32" op_12_bw="32">
<![CDATA[
:0  %tmp = call fastcc i32 @GetBalance(i32* %myHeap, i32 %leftPtr)

]]></Node>
<StgValue><ssdm name="tmp"/></StgValue>
</operation>
</state>

<state id="12" st_id="12">

<operation id="53" st_id="12" stage="1" lat="2">
<core></core>
<MemPortIdVec></MemPortIdVec>
<condition id="-1">
<or_exp><and_exp></and_exp></or_exp>
</condition>

<Node id="17" bw="32" op_0_bw="32" op_1_bw="32" op_2_bw="32" op_3_bw="32" op_4_bw="0" op_5_bw="32" op_6_bw="32" op_7_bw="32" op_8_bw="32" op_9_bw="0" op_10_bw="32" op_11_bw="32" op_12_bw="32">
<![CDATA[
:0  %tmp = call fastcc i32 @GetBalance(i32* %myHeap, i32 %leftPtr)

]]></Node>
<StgValue><ssdm name="tmp"/></StgValue>
</operation>

<operation id="54" st_id="12" stage="1" lat="1">
<core>NULL</core>
<MemPortIdVec></MemPortIdVec>
<condition id="-1">
<or_exp><and_exp></and_exp></or_exp>
</condition>

<Node id="18" bw="1" op_0_bw="1" op_1_bw="32" op_2_bw="32">
<![CDATA[
:1  %tmp_12 = call i1 @_ssdm_op_BitSelect.i1.i32.i32(i32 %tmp, i32 31)

]]></Node>
<StgValue><ssdm name="tmp_12"/></StgValue>
</operation>

<operation id="55" st_id="12" stage="1" lat="1">
<core>NULL</core>
<MemPortIdVec></MemPortIdVec>
<condition id="-1">
<or_exp><and_exp></and_exp></or_exp>
</condition>

<Node id="19" bw="0" op_0_bw="1" op_1_bw="0" op_2_bw="0">
<![CDATA[
:2  br i1 %tmp_12, label %._crit_edge1, label %3

]]></Node>
<StgValue><ssdm name="br_ln179"/></StgValue>
</operation>
</state>

<state id="13" st_id="13">

<operation id="56" st_id="13" stage="2" lat="2">
<core></core>
<MemPortIdVec></MemPortIdVec>
<condition id="-1">
<or_exp><and_exp></and_exp></or_exp>
</condition>

<Node id="21" bw="32" op_0_bw="32" op_1_bw="32" op_2_bw="32" op_3_bw="32" op_4_bw="0" op_5_bw="32" op_6_bw="32" op_7_bw="32" op_8_bw="32" op_9_bw="32" op_10_bw="0" op_11_bw="32" op_12_bw="32" op_13_bw="32" op_14_bw="32">
<![CDATA[
:0  %outputPtr = call fastcc i32 @RightRotate(i32* %myHeap, i32 %nowPtr_read)

]]></Node>
<StgValue><ssdm name="outputPtr"/></StgValue>
</operation>
</state>

<state id="14" st_id="14">

<operation id="57" st_id="14" stage="1" lat="2">
<core></core>
<MemPortIdVec></MemPortIdVec>
<condition id="-1">
<or_exp><and_exp></and_exp></or_exp>
</condition>

<Node id="21" bw="32" op_0_bw="32" op_1_bw="32" op_2_bw="32" op_3_bw="32" op_4_bw="0" op_5_bw="32" op_6_bw="32" op_7_bw="32" op_8_bw="32" op_9_bw="32" op_10_bw="0" op_11_bw="32" op_12_bw="32" op_13_bw="32" op_14_bw="32">
<![CDATA[
:0  %outputPtr = call fastcc i32 @RightRotate(i32* %myHeap, i32 %nowPtr_read)

]]></Node>
<StgValue><ssdm name="outputPtr"/></StgValue>
</operation>

<operation id="58" st_id="14" stage="1" lat="1">
<core>NULL</core>
<MemPortIdVec></MemPortIdVec>
<condition id="-1">
<or_exp><and_exp></and_exp></or_exp>
</condition>

<Node id="22" bw="0" op_0_bw="0">
<![CDATA[
:1  br label %._crit_edge

]]></Node>
<StgValue><ssdm name="br_ln181"/></StgValue>
</operation>
</state>

<state id="15" st_id="15">

<operation id="59" st_id="15" stage="2" lat="2">
<core></core>
<MemPortIdVec></MemPortIdVec>
<condition id="-1">
<or_exp><and_exp></and_exp></or_exp>
</condition>

<Node id="24" bw="32" op_0_bw="32" op_1_bw="32" op_2_bw="32" op_3_bw="32" op_4_bw="0" op_5_bw="32" op_6_bw="32" op_7_bw="32" op_8_bw="32" op_9_bw="32" op_10_bw="0" op_11_bw="32" op_12_bw="32" op_13_bw="32" op_14_bw="32">
<![CDATA[
._crit_edge1:0  %tmp_6 = call fastcc i32 @GetBalance(i32* %myHeap, i32 %leftPtr)

]]></Node>
<StgValue><ssdm name="tmp_6"/></StgValue>
</operation>
</state>

<state id="16" st_id="16">

<operation id="60" st_id="16" stage="1" lat="2">
<core></core>
<MemPortIdVec></MemPortIdVec>
<condition id="-1">
<or_exp><and_exp><literal name="icmp_ln179" val="1"/>
</and_exp></or_exp>
</condition>

<Node id="24" bw="32" op_0_bw="32" op_1_bw="32" op_2_bw="32" op_3_bw="32" op_4_bw="0" op_5_bw="32" op_6_bw="32" op_7_bw="32" op_8_bw="32" op_9_bw="32" op_10_bw="0" op_11_bw="32" op_12_bw="32" op_13_bw="32" op_14_bw="32">
<![CDATA[
._crit_edge1:0  %tmp_6 = call fastcc i32 @GetBalance(i32* %myHeap, i32 %leftPtr)

]]></Node>
<StgValue><ssdm name="tmp_6"/></StgValue>
</operation>

<operation id="61" st_id="16" stage="1" lat="1">
<core>NULL</core>
<MemPortIdVec></MemPortIdVec>
<condition id="-1">
<or_exp><and_exp><literal name="icmp_ln179" val="1"/>
</and_exp></or_exp>
</condition>

<Node id="25" bw="1" op_0_bw="1" op_1_bw="32" op_2_bw="32">
<![CDATA[
._crit_edge1:1  %tmp_13 = call i1 @_ssdm_op_BitSelect.i1.i32.i32(i32 %tmp_6, i32 31)

]]></Node>
<StgValue><ssdm name="tmp_13"/></StgValue>
</operation>

<operation id="62" st_id="16" stage="1" lat="1">
<core>NULL</core>
<MemPortIdVec></MemPortIdVec>
<condition id="-1">
<or_exp><and_exp><literal name="icmp_ln179" val="1"/>
</and_exp></or_exp>
</condition>

<Node id="26" bw="0" op_0_bw="1" op_1_bw="0" op_2_bw="0">
<![CDATA[
._crit_edge1:2  br i1 %tmp_13, label %4, label %._crit_edge4

]]></Node>
<StgValue><ssdm name="br_ln181"/></StgValue>
</operation>

<operation id="63" st_id="16" stage="1" lat="1">
<core>Cmp</core>
<MemPortIdVec></MemPortIdVec>
<condition id="-1">
<or_exp><and_exp><literal name="tmp_13" val="0"/>
</and_exp><and_exp><literal name="icmp_ln179" val="0"/>
</and_exp></or_exp>
</condition>

<Node id="28" bw="1" op_0_bw="32" op_1_bw="32">
<![CDATA[
._crit_edge4:0  %icmp_ln184 = icmp slt i32 %balanceFactor, -1

]]></Node>
<StgValue><ssdm name="icmp_ln184"/></StgValue>
</operation>

<operation id="64" st_id="16" stage="1" lat="1">
<core>NULL</core>
<MemPortIdVec></MemPortIdVec>
<condition id="-1">
<or_exp><and_exp><literal name="tmp_13" val="0"/>
</and_exp><and_exp><literal name="icmp_ln179" val="0"/>
</and_exp></or_exp>
</condition>

<Node id="29" bw="0" op_0_bw="1" op_1_bw="0" op_2_bw="0">
<![CDATA[
._crit_edge4:1  br i1 %icmp_ln184, label %5, label %._crit_edge8

]]></Node>
<StgValue><ssdm name="br_ln184"/></StgValue>
</operation>
</state>

<state id="17" st_id="17">

<operation id="65" st_id="17" stage="2" lat="2">
<core></core>
<MemPortIdVec></MemPortIdVec>
<condition id="-1">
<or_exp><and_exp></and_exp></or_exp>
</condition>

<Node id="31" bw="32" op_0_bw="32" op_1_bw="32" op_2_bw="32" op_3_bw="32" op_4_bw="0" op_5_bw="32" op_6_bw="32" op_7_bw="32" op_8_bw="32" op_9_bw="32" op_10_bw="32" op_11_bw="0" op_12_bw="32" op_13_bw="32" op_14_bw="32" op_15_bw="32" op_16_bw="32">
<![CDATA[
:0  %tmp_9 = call fastcc i32 @GetBalance(i32* %myHeap, i32 %rightPtr)

]]></Node>
<StgValue><ssdm name="tmp_9"/></StgValue>
</operation>
</state>

<state id="18" st_id="18">

<operation id="66" st_id="18" stage="1" lat="2">
<core></core>
<MemPortIdVec></MemPortIdVec>
<condition id="-1">
<or_exp><and_exp></and_exp></or_exp>
</condition>

<Node id="31" bw="32" op_0_bw="32" op_1_bw="32" op_2_bw="32" op_3_bw="32" op_4_bw="0" op_5_bw="32" op_6_bw="32" op_7_bw="32" op_8_bw="32" op_9_bw="32" op_10_bw="32" op_11_bw="0" op_12_bw="32" op_13_bw="32" op_14_bw="32" op_15_bw="32" op_16_bw="32">
<![CDATA[
:0  %tmp_9 = call fastcc i32 @GetBalance(i32* %myHeap, i32 %rightPtr)

]]></Node>
<StgValue><ssdm name="tmp_9"/></StgValue>
</operation>

<operation id="67" st_id="18" stage="1" lat="1">
<core>Cmp</core>
<MemPortIdVec></MemPortIdVec>
<condition id="-1">
<or_exp><and_exp></and_exp></or_exp>
</condition>

<Node id="32" bw="1" op_0_bw="32" op_1_bw="32">
<![CDATA[
:1  %icmp_ln184_1 = icmp slt i32 %tmp_9, 1

]]></Node>
<StgValue><ssdm name="icmp_ln184_1"/></StgValue>
</operation>

<operation id="68" st_id="18" stage="1" lat="1">
<core>NULL</core>
<MemPortIdVec></MemPortIdVec>
<condition id="-1">
<or_exp><and_exp></and_exp></or_exp>
</condition>

<Node id="33" bw="0" op_0_bw="1" op_1_bw="0" op_2_bw="0">
<![CDATA[
:2  br i1 %icmp_ln184_1, label %6, label %._crit_edge5

]]></Node>
<StgValue><ssdm name="br_ln184"/></StgValue>
</operation>
</state>

<state id="19" st_id="19">

<operation id="69" st_id="19" stage="2" lat="2">
<core></core>
<MemPortIdVec></MemPortIdVec>
<condition id="-1">
<or_exp><and_exp></and_exp></or_exp>
</condition>

<Node id="35" bw="32" op_0_bw="32" op_1_bw="32" op_2_bw="32" op_3_bw="32" op_4_bw="0" op_5_bw="32" op_6_bw="32" op_7_bw="32" op_8_bw="32" op_9_bw="32" op_10_bw="32" op_11_bw="32" op_12_bw="0" op_13_bw="32" op_14_bw="32" op_15_bw="32" op_16_bw="32" op_17_bw="32" op_18_bw="32">
<![CDATA[
._crit_edge5:0  %tmp_s = call fastcc i32 @GetBalance(i32* %myHeap, i32 %rightPtr)

]]></Node>
<StgValue><ssdm name="tmp_s"/></StgValue>
</operation>
</state>

<state id="20" st_id="20">

<operation id="70" st_id="20" stage="1" lat="2">
<core></core>
<MemPortIdVec></MemPortIdVec>
<condition id="-1">
<or_exp><and_exp><literal name="icmp_ln184" val="1"/>
</and_exp></or_exp>
</condition>

<Node id="35" bw="32" op_0_bw="32" op_1_bw="32" op_2_bw="32" op_3_bw="32" op_4_bw="0" op_5_bw="32" op_6_bw="32" op_7_bw="32" op_8_bw="32" op_9_bw="32" op_10_bw="32" op_11_bw="32" op_12_bw="0" op_13_bw="32" op_14_bw="32" op_15_bw="32" op_16_bw="32" op_17_bw="32" op_18_bw="32">
<![CDATA[
._crit_edge5:0  %tmp_s = call fastcc i32 @GetBalance(i32* %myHeap, i32 %rightPtr)

]]></Node>
<StgValue><ssdm name="tmp_s"/></StgValue>
</operation>

<operation id="71" st_id="20" stage="1" lat="1">
<core>Cmp</core>
<MemPortIdVec></MemPortIdVec>
<condition id="-1">
<or_exp><and_exp><literal name="icmp_ln184" val="1"/>
</and_exp></or_exp>
</condition>

<Node id="36" bw="1" op_0_bw="32" op_1_bw="32">
<![CDATA[
._crit_edge5:1  %icmp_ln186 = icmp sgt i32 %tmp_s, 0

]]></Node>
<StgValue><ssdm name="icmp_ln186"/></StgValue>
</operation>

<operation id="72" st_id="20" stage="1" lat="1">
<core>NULL</core>
<MemPortIdVec></MemPortIdVec>
<condition id="-1">
<or_exp><and_exp><literal name="icmp_ln184" val="1"/>
</and_exp></or_exp>
</condition>

<Node id="37" bw="0" op_0_bw="1" op_1_bw="0" op_2_bw="0">
<![CDATA[
._crit_edge5:2  br i1 %icmp_ln186, label %7, label %._crit_edge8

]]></Node>
<StgValue><ssdm name="br_ln186"/></StgValue>
</operation>

<operation id="73" st_id="20" stage="1" lat="1">
<core>NULL</core>
<MemPortIdVec></MemPortIdVec>
<condition id="-1">
<or_exp><and_exp><literal name="icmp_ln186" val="0"/>
</and_exp><and_exp><literal name="icmp_ln184" val="0"/>
</and_exp></or_exp>
</condition>

<Node id="39" bw="0" op_0_bw="0">
<![CDATA[
._crit_edge8:0  br label %._crit_edge

]]></Node>
<StgValue><ssdm name="br_ln0"/></StgValue>
</operation>
</state>

<state id="21" st_id="21">

<operation id="74" st_id="21" stage="2" lat="2">
<core></core>
<MemPortIdVec></MemPortIdVec>
<condition id="-1">
<or_exp><and_exp></and_exp></or_exp>
</condition>

<Node id="41" bw="32" op_0_bw="32" op_1_bw="32" op_2_bw="32" op_3_bw="32" op_4_bw="0" op_5_bw="32" op_6_bw="32" op_7_bw="32" op_8_bw="32" op_9_bw="32" op_10_bw="32" op_11_bw="32" op_12_bw="32" op_13_bw="0" op_14_bw="32" op_15_bw="32" op_16_bw="32" op_17_bw="32" op_18_bw="32" op_19_bw="32" op_20_bw="32">
<![CDATA[
:0  %tmp_1 = call fastcc i32 @RightRotate(i32* %myHeap, i32 %rightPtr)

]]></Node>
<StgValue><ssdm name="tmp_1"/></StgValue>
</operation>
</state>

<state id="22" st_id="22">

<operation id="75" st_id="22" stage="1" lat="2">
<core></core>
<MemPortIdVec></MemPortIdVec>
<condition id="-1">
<or_exp><and_exp></and_exp></or_exp>
</condition>

<Node id="41" bw="32" op_0_bw="32" op_1_bw="32" op_2_bw="32" op_3_bw="32" op_4_bw="0" op_5_bw="32" op_6_bw="32" op_7_bw="32" op_8_bw="32" op_9_bw="32" op_10_bw="32" op_11_bw="32" op_12_bw="32" op_13_bw="0" op_14_bw="32" op_15_bw="32" op_16_bw="32" op_17_bw="32" op_18_bw="32" op_19_bw="32" op_20_bw="32">
<![CDATA[
:0  %tmp_1 = call fastcc i32 @RightRotate(i32* %myHeap, i32 %rightPtr)

]]></Node>
<StgValue><ssdm name="tmp_1"/></StgValue>
</operation>
</state>

<state id="23" st_id="23">

<operation id="76" st_id="23" stage="2" lat="2">
<core></core>
<MemPortIdVec></MemPortIdVec>
<condition id="-1">
<or_exp><and_exp></and_exp></or_exp>
</condition>

<Node id="42" bw="0" op_0_bw="0" op_1_bw="32" op_2_bw="32" op_3_bw="32" op_4_bw="32" op_5_bw="32" op_6_bw="0" op_7_bw="32" op_8_bw="32" op_9_bw="32" op_10_bw="32" op_11_bw="32" op_12_bw="32" op_13_bw="32" op_14_bw="32" op_15_bw="32" op_16_bw="0" op_17_bw="32" op_18_bw="32" op_19_bw="32" op_20_bw="32" op_21_bw="32" op_22_bw="32" op_23_bw="32">
<![CDATA[
:1  call fastcc void @node_set_right(i32* %myHeap, i32 %nowPtr_read, i32 %tmp_1)

]]></Node>
<StgValue><ssdm name="call_ln187"/></StgValue>
</operation>
</state>

<state id="24" st_id="24">

<operation id="77" st_id="24" stage="1" lat="2">
<core></core>
<MemPortIdVec></MemPortIdVec>
<condition id="-1">
<or_exp><and_exp></and_exp></or_exp>
</condition>

<Node id="42" bw="0" op_0_bw="0" op_1_bw="32" op_2_bw="32" op_3_bw="32" op_4_bw="32" op_5_bw="32" op_6_bw="0" op_7_bw="32" op_8_bw="32" op_9_bw="32" op_10_bw="32" op_11_bw="32" op_12_bw="32" op_13_bw="32" op_14_bw="32" op_15_bw="32" op_16_bw="0" op_17_bw="32" op_18_bw="32" op_19_bw="32" op_20_bw="32" op_21_bw="32" op_22_bw="32" op_23_bw="32">
<![CDATA[
:1  call fastcc void @node_set_right(i32* %myHeap, i32 %nowPtr_read, i32 %tmp_1)

]]></Node>
<StgValue><ssdm name="call_ln187"/></StgValue>
</operation>
</state>

<state id="25" st_id="25">

<operation id="78" st_id="25" stage="2" lat="2">
<core></core>
<MemPortIdVec></MemPortIdVec>
<condition id="-1">
<or_exp><and_exp></and_exp></or_exp>
</condition>

<Node id="43" bw="32" op_0_bw="32" op_1_bw="32" op_2_bw="32" op_3_bw="0" op_4_bw="32" op_5_bw="0" op_6_bw="32" op_7_bw="32" op_8_bw="32" op_9_bw="32" op_10_bw="32" op_11_bw="32" op_12_bw="32" op_13_bw="0" op_14_bw="32" op_15_bw="0" op_16_bw="32" op_17_bw="32" op_18_bw="32" op_19_bw="32" op_20_bw="32" op_21_bw="32" op_22_bw="32">
<![CDATA[
:2  %outputPtr_7 = call fastcc i32 @LeftRotate(i32* %myHeap, i32 %nowPtr_read)

]]></Node>
<StgValue><ssdm name="outputPtr_7"/></StgValue>
</operation>
</state>

<state id="26" st_id="26">

<operation id="79" st_id="26" stage="1" lat="2">
<core></core>
<MemPortIdVec></MemPortIdVec>
<condition id="-1">
<or_exp><and_exp><literal name="icmp_ln166" val="0"/>
<literal name="tmp_12" val="1"/>
<literal name="tmp_13" val="0"/>
<literal name="icmp_ln184" val="1"/>
<literal name="icmp_ln184_1" val="0"/>
<literal name="icmp_ln186" val="1"/>
</and_exp><and_exp><literal name="icmp_ln166" val="0"/>
<literal name="icmp_ln179" val="0"/>
<literal name="icmp_ln184" val="1"/>
<literal name="icmp_ln184_1" val="0"/>
<literal name="icmp_ln186" val="1"/>
</and_exp></or_exp>
</condition>

<Node id="43" bw="32" op_0_bw="32" op_1_bw="32" op_2_bw="32" op_3_bw="0" op_4_bw="32" op_5_bw="0" op_6_bw="32" op_7_bw="32" op_8_bw="32" op_9_bw="32" op_10_bw="32" op_11_bw="32" op_12_bw="32" op_13_bw="0" op_14_bw="32" op_15_bw="0" op_16_bw="32" op_17_bw="32" op_18_bw="32" op_19_bw="32" op_20_bw="32" op_21_bw="32" op_22_bw="32">
<![CDATA[
:2  %outputPtr_7 = call fastcc i32 @LeftRotate(i32* %myHeap, i32 %nowPtr_read)

]]></Node>
<StgValue><ssdm name="outputPtr_7"/></StgValue>
</operation>

<operation id="80" st_id="26" stage="1" lat="1">
<core>NULL</core>
<MemPortIdVec></MemPortIdVec>
<condition id="-1">
<or_exp><and_exp><literal name="icmp_ln166" val="0"/>
<literal name="tmp_12" val="1"/>
<literal name="tmp_13" val="0"/>
<literal name="icmp_ln184" val="1"/>
<literal name="icmp_ln184_1" val="0"/>
<literal name="icmp_ln186" val="1"/>
</and_exp><and_exp><literal name="icmp_ln166" val="0"/>
<literal name="icmp_ln179" val="0"/>
<literal name="icmp_ln184" val="1"/>
<literal name="icmp_ln184_1" val="0"/>
<literal name="icmp_ln186" val="1"/>
</and_exp></or_exp>
</condition>

<Node id="44" bw="0" op_0_bw="0">
<![CDATA[
:3  br label %._crit_edge

]]></Node>
<StgValue><ssdm name="br_ln189"/></StgValue>
</operation>

<operation id="81" st_id="26" stage="1" lat="1">
<core>NULL</core>
<MemPortIdVec></MemPortIdVec>
<condition id="-1">
<or_exp><and_exp></and_exp></or_exp>
</condition>

<Node id="54" bw="32" op_0_bw="32" op_1_bw="0" op_2_bw="32" op_3_bw="0" op_4_bw="32" op_5_bw="0" op_6_bw="32" op_7_bw="0" op_8_bw="32" op_9_bw="0" op_10_bw="32" op_11_bw="0">
<![CDATA[
._crit_edge:0  %outputPtr_4 = phi i32 [ %outputPtr, %3 ], [ %outputPtr_5, %4 ], [ %outputPtr_6, %6 ], [ %outputPtr_7, %7 ], [ %nowPtr_read, %._crit_edge8 ], [ %nowPtr_read, %0 ]

]]></Node>
<StgValue><ssdm name="outputPtr_4"/></StgValue>
</operation>

<operation id="82" st_id="26" stage="1" lat="1">
<core>NULL</core>
<MemPortIdVec></MemPortIdVec>
<condition id="-1">
<or_exp><and_exp></and_exp></or_exp>
</condition>

<Node id="55" bw="0" op_0_bw="32">
<![CDATA[
._crit_edge:1  ret i32 %outputPtr_4

]]></Node>
<StgValue><ssdm name="ret_ln193"/></StgValue>
</operation>
</state>

<state id="27" st_id="27">

<operation id="83" st_id="27" stage="2" lat="2">
<core></core>
<MemPortIdVec></MemPortIdVec>
<condition id="-1">
<or_exp><and_exp></and_exp></or_exp>
</condition>

<Node id="46" bw="32" op_0_bw="32" op_1_bw="32" op_2_bw="32" op_3_bw="32" op_4_bw="0" op_5_bw="32" op_6_bw="32" op_7_bw="32" op_8_bw="32" op_9_bw="32" op_10_bw="32" op_11_bw="32" op_12_bw="0" op_13_bw="32" op_14_bw="32" op_15_bw="32" op_16_bw="32" op_17_bw="32" op_18_bw="32">
<![CDATA[
:0  %outputPtr_6 = call fastcc i32 @LeftRotate(i32* %myHeap, i32 %nowPtr_read)

]]></Node>
<StgValue><ssdm name="outputPtr_6"/></StgValue>
</operation>
</state>

<state id="28" st_id="28">

<operation id="84" st_id="28" stage="1" lat="2">
<core></core>
<MemPortIdVec></MemPortIdVec>
<condition id="-1">
<or_exp><and_exp></and_exp></or_exp>
</condition>

<Node id="46" bw="32" op_0_bw="32" op_1_bw="32" op_2_bw="32" op_3_bw="32" op_4_bw="0" op_5_bw="32" op_6_bw="32" op_7_bw="32" op_8_bw="32" op_9_bw="32" op_10_bw="32" op_11_bw="32" op_12_bw="0" op_13_bw="32" op_14_bw="32" op_15_bw="32" op_16_bw="32" op_17_bw="32" op_18_bw="32">
<![CDATA[
:0  %outputPtr_6 = call fastcc i32 @LeftRotate(i32* %myHeap, i32 %nowPtr_read)

]]></Node>
<StgValue><ssdm name="outputPtr_6"/></StgValue>
</operation>

<operation id="85" st_id="28" stage="1" lat="1">
<core>NULL</core>
<MemPortIdVec></MemPortIdVec>
<condition id="-1">
<or_exp><and_exp></and_exp></or_exp>
</condition>

<Node id="47" bw="0" op_0_bw="0">
<![CDATA[
:1  br label %._crit_edge

]]></Node>
<StgValue><ssdm name="br_ln186"/></StgValue>
</operation>
</state>

<state id="29" st_id="29">

<operation id="86" st_id="29" stage="2" lat="2">
<core></core>
<MemPortIdVec></MemPortIdVec>
<condition id="-1">
<or_exp><and_exp></and_exp></or_exp>
</condition>

<Node id="49" bw="32" op_0_bw="32" op_1_bw="32" op_2_bw="32" op_3_bw="32" op_4_bw="0" op_5_bw="32" op_6_bw="32" op_7_bw="32" op_8_bw="32" op_9_bw="32" op_10_bw="32" op_11_bw="0" op_12_bw="32" op_13_bw="32" op_14_bw="32" op_15_bw="32" op_16_bw="32">
<![CDATA[
:0  %tmp_7 = call fastcc i32 @LeftRotate(i32* %myHeap, i32 %leftPtr)

]]></Node>
<StgValue><ssdm name="tmp_7"/></StgValue>
</operation>
</state>

<state id="30" st_id="30">

<operation id="87" st_id="30" stage="1" lat="2">
<core></core>
<MemPortIdVec></MemPortIdVec>
<condition id="-1">
<or_exp><and_exp></and_exp></or_exp>
</condition>

<Node id="49" bw="32" op_0_bw="32" op_1_bw="32" op_2_bw="32" op_3_bw="32" op_4_bw="0" op_5_bw="32" op_6_bw="32" op_7_bw="32" op_8_bw="32" op_9_bw="32" op_10_bw="32" op_11_bw="0" op_12_bw="32" op_13_bw="32" op_14_bw="32" op_15_bw="32" op_16_bw="32">
<![CDATA[
:0  %tmp_7 = call fastcc i32 @LeftRotate(i32* %myHeap, i32 %leftPtr)

]]></Node>
<StgValue><ssdm name="tmp_7"/></StgValue>
</operation>
</state>

<state id="31" st_id="31">

<operation id="88" st_id="31" stage="2" lat="2">
<core></core>
<MemPortIdVec></MemPortIdVec>
<condition id="-1">
<or_exp><and_exp></and_exp></or_exp>
</condition>

<Node id="50" bw="0" op_0_bw="0" op_1_bw="32" op_2_bw="32" op_3_bw="32" op_4_bw="32" op_5_bw="32" op_6_bw="0" op_7_bw="32" op_8_bw="32" op_9_bw="32" op_10_bw="32" op_11_bw="32" op_12_bw="32" op_13_bw="32" op_14_bw="0" op_15_bw="32" op_16_bw="32" op_17_bw="32" op_18_bw="32" op_19_bw="32">
<![CDATA[
:1  call fastcc void @node_set_left(i32* %myHeap, i32 %nowPtr_read, i32 %tmp_7)

]]></Node>
<StgValue><ssdm name="call_ln182"/></StgValue>
</operation>
</state>

<state id="32" st_id="32">

<operation id="89" st_id="32" stage="1" lat="2">
<core></core>
<MemPortIdVec></MemPortIdVec>
<condition id="-1">
<or_exp><and_exp></and_exp></or_exp>
</condition>

<Node id="50" bw="0" op_0_bw="0" op_1_bw="32" op_2_bw="32" op_3_bw="32" op_4_bw="32" op_5_bw="32" op_6_bw="0" op_7_bw="32" op_8_bw="32" op_9_bw="32" op_10_bw="32" op_11_bw="32" op_12_bw="32" op_13_bw="32" op_14_bw="0" op_15_bw="32" op_16_bw="32" op_17_bw="32" op_18_bw="32" op_19_bw="32">
<![CDATA[
:1  call fastcc void @node_set_left(i32* %myHeap, i32 %nowPtr_read, i32 %tmp_7)

]]></Node>
<StgValue><ssdm name="call_ln182"/></StgValue>
</operation>
</state>

<state id="33" st_id="33">

<operation id="90" st_id="33" stage="2" lat="2">
<core></core>
<MemPortIdVec></MemPortIdVec>
<condition id="-1">
<or_exp><and_exp></and_exp></or_exp>
</condition>

<Node id="51" bw="32" op_0_bw="32" op_1_bw="32" op_2_bw="32" op_3_bw="0" op_4_bw="32" op_5_bw="0" op_6_bw="32" op_7_bw="32" op_8_bw="32" op_9_bw="32" op_10_bw="32" op_11_bw="0" op_12_bw="32" op_13_bw="0" op_14_bw="32" op_15_bw="32" op_16_bw="32" op_17_bw="32" op_18_bw="32">
<![CDATA[
:2  %outputPtr_5 = call fastcc i32 @RightRotate(i32* %myHeap, i32 %nowPtr_read)

]]></Node>
<StgValue><ssdm name="outputPtr_5"/></StgValue>
</operation>
</state>

<state id="34" st_id="34">

<operation id="91" st_id="34" stage="1" lat="2">
<core></core>
<MemPortIdVec></MemPortIdVec>
<condition id="-1">
<or_exp><and_exp></and_exp></or_exp>
</condition>

<Node id="51" bw="32" op_0_bw="32" op_1_bw="32" op_2_bw="32" op_3_bw="0" op_4_bw="32" op_5_bw="0" op_6_bw="32" op_7_bw="32" op_8_bw="32" op_9_bw="32" op_10_bw="32" op_11_bw="0" op_12_bw="32" op_13_bw="0" op_14_bw="32" op_15_bw="32" op_16_bw="32" op_17_bw="32" op_18_bw="32">
<![CDATA[
:2  %outputPtr_5 = call fastcc i32 @RightRotate(i32* %myHeap, i32 %nowPtr_read)

]]></Node>
<StgValue><ssdm name="outputPtr_5"/></StgValue>
</operation>

<operation id="92" st_id="34" stage="1" lat="1">
<core>NULL</core>
<MemPortIdVec></MemPortIdVec>
<condition id="-1">
<or_exp><and_exp></and_exp></or_exp>
</condition>

<Node id="52" bw="0" op_0_bw="0">
<![CDATA[
:3  br label %._crit_edge

]]></Node>
<StgValue><ssdm name="br_ln184"/></StgValue>
</operation>
</state>
</state_list>


<ports>
</ports>


<dataflows>
</dataflows>


</stg>
