<profile>

<section name = "Vivado HLS Report for 'ProcessNodeDeletion'" level="0">
<item name = "Date">Mon Sep 20 14:58:44 2021
</item>
<item name = "Version">2019.1 (Build 2552052 on Fri May 24 15:28:33 MDT 2019)</item>
<item name = "Project">avltreefint</item>
<item name = "Solution">solution1</item>
<item name = "Product family">virtex7</item>
<item name = "Target device">xc7vx485t-ffg1157-1</item>
</section>

<section name = "Performance Estimates" level="0">
<item name = "Timing (ns)">
<section name = "" level="1">
<item name = "Summary"><table name="" hasTotal="0">
<keys size="4">Clock, Target, Estimated, Uncertainty</keys>
<column name="ap_clk">10.00, 8.750, 1.25</column>
</table>
</item>
</section>
</item>
<item name = "Latency (clock cycles)">
<section name = "" level="1">
<item name = "Summary"><table name="" hasTotal="0">
<keys size="6">, min, max, min, max, Type</keys>
<column name="">1, 655, 1, 655, none</column>
</table>
</item>
<item name = "Detail">
<section name = "" level="1">
<item name = "Instance"><table name="" hasTotal="0">
<keys size="7">Instance, Module, min, max, min, max, Type</keys>
<column name="grp_RightRotate_fu_71">RightRotate, 28, 158, 28, 158, none</column>
<column name="grp_LeftRotate_fu_78">LeftRotate, 28, 158, 28, 158, none</column>
<column name="grp_CalculateNodeHeight_fu_86">CalculateNodeHeight, 1, 44, 1, 44, none</column>
<column name="grp_GetBalance_fu_94">GetBalance, 1, 47, 1, 47, none</column>
<column name="grp_node_get_right_point_fu_101">node_get_right_point, 10, 10, 10, 10, none</column>
<column name="grp_node_set_right_fu_108">node_set_right, 9, 9, 9, 9, none</column>
<column name="grp_node_set_height_fu_116">node_set_height, 8, 8, 8, 8, none</column>
<column name="grp_node_get_left_pointe_fu_124">node_get_left_pointe, 10, 10, 10, 10, none</column>
<column name="grp_node_set_left_fu_131">node_set_left, 9, 9, 9, 9, none</column>
</table>
</item>
<item name = "Loop"><table name="" hasTotal="0">
<keys size="8">Loop Name, min, max, Latency, achieved, target, Count, Pipelined</keys>
</table>
</item>
</section>
</item>
</section>
</item>
</section>

<section name = "Utilization Estimates" level="0">
<item name = "Summary"><table name="" hasTotal="1">
<keys size="6">Name, BRAM_18K, DSP48E, FF, LUT, URAM</keys>
<column name="DSP">-, -, -, -, -</column>
<column name="Expression">-, -, 0, 98, -</column>
<column name="FIFO">-, -, -, -, -</column>
<column name="Instance">-, -, 3285, 11152, -</column>
<column name="Memory">-, -, -, -, -</column>
<column name="Multiplexer">-, -, -, 1362, -</column>
<column name="Register">-, -, 274, -, -</column>
<specialColumn name="Available">2060, 2800, 607200, 303600, 0</specialColumn>
<specialColumn name="Utilization (%)">0, 0, ~0, 4, 0</specialColumn>
</table>
</item>
<item name = "Detail">
<section name = "" level="1">
<item name = "Instance"><table name="" hasTotal="1">
<keys size="7">Instance, Module, BRAM_18K, DSP48E, FF, LUT, URAM</keys>
<column name="grp_CalculateNodeHeight_fu_86">CalculateNodeHeight, 0, 0, 466, 1341, 0</column>
<column name="grp_GetBalance_fu_94">GetBalance, 0, 0, 468, 1307, 0</column>
<column name="grp_LeftRotate_fu_78">LeftRotate, 0, 0, 1002, 3566, 0</column>
<column name="grp_RightRotate_fu_71">RightRotate, 0, 0, 1002, 3566, 0</column>
<column name="grp_node_get_left_pointe_fu_124">node_get_left_pointe, 0, 0, 76, 251, 0</column>
<column name="grp_node_get_right_point_fu_101">node_get_right_point, 0, 0, 77, 290, 0</column>
<column name="grp_node_set_height_fu_116">node_set_height, 0, 0, 43, 260, 0</column>
<column name="grp_node_set_left_fu_131">node_set_left, 0, 0, 75, 266, 0</column>
<column name="grp_node_set_right_fu_108">node_set_right, 0, 0, 76, 305, 0</column>
</table>
</item>
<item name = "DSP48E"><table name="" hasTotal="0">
<keys size="3">Instance, Module, Expression</keys>
</table>
</item>
<item name = "Memory"><table name="" hasTotal="1">
<keys size="10">Memory, Module, BRAM_18K, FF, LUT, URAM, Words, Bits, Banks, W*Bits*Banks</keys>
</table>
</item>
<item name = "FIFO"><table name="" hasTotal="1">
<keys size="8">Name, BRAM_18K, FF, LUT, URAM, Depth, Bits, Size:D*B</keys>
</table>
</item>
<item name = "Expression"><table name="" hasTotal="1">
<keys size="7">Variable Name, Operation, DSP48E, FF, LUT, Bitwidth P0, Bitwidth P1</keys>
<column name="ap_block_state16_on_subcall_done">and, 0, 0, 2, 1, 1</column>
<column name="ap_block_state20_on_subcall_done">and, 0, 0, 2, 1, 1</column>
<column name="ap_block_state26_on_subcall_done">and, 0, 0, 2, 1, 1</column>
<column name="icmp_ln166_fu_159_p2">icmp, 0, 0, 18, 32, 1</column>
<column name="icmp_ln179_fu_175_p2">icmp, 0, 0, 18, 31, 1</column>
<column name="icmp_ln184_1_fu_186_p2">icmp, 0, 0, 18, 32, 1</column>
<column name="icmp_ln184_fu_181_p2">icmp, 0, 0, 18, 32, 2</column>
<column name="icmp_ln186_fu_192_p2">icmp, 0, 0, 18, 32, 1</column>
<column name="ap_predicate_op79_call_state26">or, 0, 0, 2, 1, 1</column>
</table>
</item>
<item name = "Multiplexer"><table name="" hasTotal="1">
<keys size="5">Name, LUT, Input Size, Bits, Total Bits</keys>
<column name="ap_NS_fsm">157, 35, 1, 35</column>
<column name="ap_phi_mux_outputPtr_4_phi_fu_57_p12">9, 2, 32, 64</column>
<column name="ap_return">9, 2, 32, 64</column>
<column name="grp_GetBalance_fu_94_nodePtr">21, 4, 32, 128</column>
<column name="grp_LeftRotate_fu_78_xPtr">15, 3, 32, 96</column>
<column name="grp_RightRotate_fu_71_yPtr">15, 3, 32, 96</column>
<column name="m_axi_myHeap_ARADDR">38, 7, 32, 224</column>
<column name="m_axi_myHeap_ARBURST">38, 7, 2, 14</column>
<column name="m_axi_myHeap_ARCACHE">38, 7, 4, 28</column>
<column name="m_axi_myHeap_ARID">38, 7, 1, 7</column>
<column name="m_axi_myHeap_ARLEN">38, 7, 32, 224</column>
<column name="m_axi_myHeap_ARLOCK">38, 7, 2, 14</column>
<column name="m_axi_myHeap_ARPROT">38, 7, 3, 21</column>
<column name="m_axi_myHeap_ARQOS">38, 7, 4, 28</column>
<column name="m_axi_myHeap_ARREGION">38, 7, 4, 28</column>
<column name="m_axi_myHeap_ARSIZE">38, 7, 3, 21</column>
<column name="m_axi_myHeap_ARUSER">38, 7, 1, 7</column>
<column name="m_axi_myHeap_ARVALID">38, 7, 1, 7</column>
<column name="m_axi_myHeap_AWADDR">33, 6, 32, 192</column>
<column name="m_axi_myHeap_AWBURST">33, 6, 2, 12</column>
<column name="m_axi_myHeap_AWCACHE">33, 6, 4, 24</column>
<column name="m_axi_myHeap_AWID">33, 6, 1, 6</column>
<column name="m_axi_myHeap_AWLEN">33, 6, 32, 192</column>
<column name="m_axi_myHeap_AWLOCK">33, 6, 2, 12</column>
<column name="m_axi_myHeap_AWPROT">33, 6, 3, 18</column>
<column name="m_axi_myHeap_AWQOS">33, 6, 4, 24</column>
<column name="m_axi_myHeap_AWREGION">33, 6, 4, 24</column>
<column name="m_axi_myHeap_AWSIZE">33, 6, 3, 18</column>
<column name="m_axi_myHeap_AWUSER">33, 6, 1, 6</column>
<column name="m_axi_myHeap_AWVALID">33, 6, 1, 6</column>
<column name="m_axi_myHeap_BREADY">33, 6, 1, 6</column>
<column name="m_axi_myHeap_RREADY">38, 7, 1, 7</column>
<column name="m_axi_myHeap_WDATA">33, 6, 32, 192</column>
<column name="m_axi_myHeap_WID">33, 6, 1, 6</column>
<column name="m_axi_myHeap_WLAST">33, 6, 1, 6</column>
<column name="m_axi_myHeap_WSTRB">33, 6, 4, 24</column>
<column name="m_axi_myHeap_WUSER">33, 6, 1, 6</column>
<column name="m_axi_myHeap_WVALID">33, 6, 1, 6</column>
<column name="outputPtr_4_reg_54">15, 3, 32, 96</column>
</table>
</item>
<item name = "Register"><table name="" hasTotal="1">
<keys size="5">Name, FF, LUT, Bits, Const Bits</keys>
<column name="ap_CS_fsm">34, 0, 34, 0</column>
<column name="ap_return_preg">32, 0, 32, 0</column>
<column name="balanceFactor_reg_222">32, 0, 32, 0</column>
<column name="grp_CalculateNodeHeight_fu_86_ap_start_reg">1, 0, 1, 0</column>
<column name="grp_GetBalance_fu_94_ap_start_reg">1, 0, 1, 0</column>
<column name="grp_LeftRotate_fu_78_ap_start_reg">1, 0, 1, 0</column>
<column name="grp_RightRotate_fu_71_ap_start_reg">1, 0, 1, 0</column>
<column name="grp_node_get_left_pointe_fu_124_ap_start_reg">1, 0, 1, 0</column>
<column name="grp_node_get_right_point_fu_101_ap_start_reg">1, 0, 1, 0</column>
<column name="grp_node_set_height_fu_116_ap_start_reg">1, 0, 1, 0</column>
<column name="grp_node_set_left_fu_131_ap_start_reg">1, 0, 1, 0</column>
<column name="grp_node_set_right_fu_108_ap_start_reg">1, 0, 1, 0</column>
<column name="icmp_ln166_reg_213">1, 0, 1, 0</column>
<column name="icmp_ln179_reg_227">1, 0, 1, 0</column>
<column name="icmp_ln184_1_reg_255">1, 0, 1, 0</column>
<column name="icmp_ln184_reg_251">1, 0, 1, 0</column>
<column name="icmp_ln186_reg_259">1, 0, 1, 0</column>
<column name="leftPtr_reg_231">32, 0, 32, 0</column>
<column name="outputPtr_4_reg_54">32, 0, 32, 0</column>
<column name="reg_147">32, 0, 32, 0</column>
<column name="reg_153">32, 0, 32, 0</column>
<column name="rightPtr_reg_237">32, 0, 32, 0</column>
<column name="tmp_12_reg_243">1, 0, 1, 0</column>
<column name="tmp_13_reg_247">1, 0, 1, 0</column>
</table>
</item>
</section>
</item>
</section>

<section name = "Interface" level="0">
<item name = "Summary"><table name="" hasTotal="0">
<keys size="6">RTL Ports, Dir, Bits, Protocol, Source Object, C Type</keys>
<column name="ap_clk">in, 1, ap_ctrl_hs, ProcessNodeDeletion, return value</column>
<column name="ap_rst">in, 1, ap_ctrl_hs, ProcessNodeDeletion, return value</column>
<column name="ap_start">in, 1, ap_ctrl_hs, ProcessNodeDeletion, return value</column>
<column name="ap_done">out, 1, ap_ctrl_hs, ProcessNodeDeletion, return value</column>
<column name="ap_idle">out, 1, ap_ctrl_hs, ProcessNodeDeletion, return value</column>
<column name="ap_ready">out, 1, ap_ctrl_hs, ProcessNodeDeletion, return value</column>
<column name="ap_return">out, 32, ap_ctrl_hs, ProcessNodeDeletion, return value</column>
<column name="m_axi_myHeap_AWVALID">out, 1, m_axi, myHeap, pointer</column>
<column name="m_axi_myHeap_AWREADY">in, 1, m_axi, myHeap, pointer</column>
<column name="m_axi_myHeap_AWADDR">out, 32, m_axi, myHeap, pointer</column>
<column name="m_axi_myHeap_AWID">out, 1, m_axi, myHeap, pointer</column>
<column name="m_axi_myHeap_AWLEN">out, 32, m_axi, myHeap, pointer</column>
<column name="m_axi_myHeap_AWSIZE">out, 3, m_axi, myHeap, pointer</column>
<column name="m_axi_myHeap_AWBURST">out, 2, m_axi, myHeap, pointer</column>
<column name="m_axi_myHeap_AWLOCK">out, 2, m_axi, myHeap, pointer</column>
<column name="m_axi_myHeap_AWCACHE">out, 4, m_axi, myHeap, pointer</column>
<column name="m_axi_myHeap_AWPROT">out, 3, m_axi, myHeap, pointer</column>
<column name="m_axi_myHeap_AWQOS">out, 4, m_axi, myHeap, pointer</column>
<column name="m_axi_myHeap_AWREGION">out, 4, m_axi, myHeap, pointer</column>
<column name="m_axi_myHeap_AWUSER">out, 1, m_axi, myHeap, pointer</column>
<column name="m_axi_myHeap_WVALID">out, 1, m_axi, myHeap, pointer</column>
<column name="m_axi_myHeap_WREADY">in, 1, m_axi, myHeap, pointer</column>
<column name="m_axi_myHeap_WDATA">out, 32, m_axi, myHeap, pointer</column>
<column name="m_axi_myHeap_WSTRB">out, 4, m_axi, myHeap, pointer</column>
<column name="m_axi_myHeap_WLAST">out, 1, m_axi, myHeap, pointer</column>
<column name="m_axi_myHeap_WID">out, 1, m_axi, myHeap, pointer</column>
<column name="m_axi_myHeap_WUSER">out, 1, m_axi, myHeap, pointer</column>
<column name="m_axi_myHeap_ARVALID">out, 1, m_axi, myHeap, pointer</column>
<column name="m_axi_myHeap_ARREADY">in, 1, m_axi, myHeap, pointer</column>
<column name="m_axi_myHeap_ARADDR">out, 32, m_axi, myHeap, pointer</column>
<column name="m_axi_myHeap_ARID">out, 1, m_axi, myHeap, pointer</column>
<column name="m_axi_myHeap_ARLEN">out, 32, m_axi, myHeap, pointer</column>
<column name="m_axi_myHeap_ARSIZE">out, 3, m_axi, myHeap, pointer</column>
<column name="m_axi_myHeap_ARBURST">out, 2, m_axi, myHeap, pointer</column>
<column name="m_axi_myHeap_ARLOCK">out, 2, m_axi, myHeap, pointer</column>
<column name="m_axi_myHeap_ARCACHE">out, 4, m_axi, myHeap, pointer</column>
<column name="m_axi_myHeap_ARPROT">out, 3, m_axi, myHeap, pointer</column>
<column name="m_axi_myHeap_ARQOS">out, 4, m_axi, myHeap, pointer</column>
<column name="m_axi_myHeap_ARREGION">out, 4, m_axi, myHeap, pointer</column>
<column name="m_axi_myHeap_ARUSER">out, 1, m_axi, myHeap, pointer</column>
<column name="m_axi_myHeap_RVALID">in, 1, m_axi, myHeap, pointer</column>
<column name="m_axi_myHeap_RREADY">out, 1, m_axi, myHeap, pointer</column>
<column name="m_axi_myHeap_RDATA">in, 32, m_axi, myHeap, pointer</column>
<column name="m_axi_myHeap_RLAST">in, 1, m_axi, myHeap, pointer</column>
<column name="m_axi_myHeap_RID">in, 1, m_axi, myHeap, pointer</column>
<column name="m_axi_myHeap_RUSER">in, 1, m_axi, myHeap, pointer</column>
<column name="m_axi_myHeap_RRESP">in, 2, m_axi, myHeap, pointer</column>
<column name="m_axi_myHeap_BVALID">in, 1, m_axi, myHeap, pointer</column>
<column name="m_axi_myHeap_BREADY">out, 1, m_axi, myHeap, pointer</column>
<column name="m_axi_myHeap_BRESP">in, 2, m_axi, myHeap, pointer</column>
<column name="m_axi_myHeap_BID">in, 1, m_axi, myHeap, pointer</column>
<column name="m_axi_myHeap_BUSER">in, 1, m_axi, myHeap, pointer</column>
<column name="nowPtr">in, 32, ap_none, nowPtr, scalar</column>
</table>
</item>
</section>
</profile>
