<profile>

<section name = "Vivado HLS Report for 'RandGen'" level="0">
<item name = "Date">Mon Sep 20 14:58:37 2021
</item>
<item name = "Version">2019.1 (Build 2552052 on Fri May 24 15:28:33 MDT 2019)</item>
<item name = "Project">avltreefint</item>
<item name = "Solution">solution1</item>
<item name = "Product family">virtex7</item>
<item name = "Target device">xc7vx485t-ffg1157-1</item>
</section>

<section name = "Performance Estimates" level="0">
<item name = "Timing (ns)">
<section name = "" level="1">
<item name = "Summary"><table name="" hasTotal="0">
<keys size="4">Clock, Target, Estimated, Uncertainty</keys>
<column name="ap_clk">10.00, 2.310, 1.25</column>
</table>
</item>
</section>
</item>
<item name = "Latency (clock cycles)">
<section name = "" level="1">
<item name = "Summary"><table name="" hasTotal="0">
<keys size="6">, min, max, min, max, Type</keys>
<column name="">?, ?, ?, ?, none</column>
</table>
</item>
<item name = "Detail">
<section name = "" level="1">
<item name = "Instance"><table name="" hasTotal="0">
<keys size="7">Instance, Module, min, max, min, max, Type</keys>
</table>
</item>
<item name = "Loop"><table name="" hasTotal="0">
<keys size="8">Loop Name, min, max, Latency, achieved, target, Count, Pipelined</keys>
<column name="- Loop 1">?, ?, 1, -, -, ?, no</column>
</table>
</item>
</section>
</item>
</section>
</item>
</section>

<section name = "Utilization Estimates" level="0">
<item name = "Summary"><table name="" hasTotal="1">
<keys size="6">Name, BRAM_18K, DSP48E, FF, LUT, URAM</keys>
<column name="DSP">-, -, -, -, -</column>
<column name="Expression">-, -, 0, 320, -</column>
<column name="FIFO">-, -, -, -, -</column>
<column name="Instance">-, -, -, -, -</column>
<column name="Memory">-, -, -, -, -</column>
<column name="Multiplexer">-, -, -, 69, -</column>
<column name="Register">-, -, 97, -, -</column>
<specialColumn name="Available">2060, 2800, 607200, 303600, 0</specialColumn>
<specialColumn name="Utilization (%)">0, 0, ~0, ~0, 0</specialColumn>
</table>
</item>
<item name = "Detail">
<section name = "" level="1">
<item name = "Instance"><table name="" hasTotal="1">
<keys size="7">Instance, Module, BRAM_18K, DSP48E, FF, LUT, URAM</keys>
</table>
</item>
<item name = "DSP48E"><table name="" hasTotal="0">
<keys size="3">Instance, Module, Expression</keys>
</table>
</item>
<item name = "Memory"><table name="" hasTotal="1">
<keys size="10">Memory, Module, BRAM_18K, FF, LUT, URAM, Words, Bits, Banks, W*Bits*Banks</keys>
</table>
</item>
<item name = "FIFO"><table name="" hasTotal="1">
<keys size="8">Name, BRAM_18K, FF, LUT, URAM, Depth, Bits, Size:D*B</keys>
</table>
</item>
<item name = "Expression"><table name="" hasTotal="1">
<keys size="7">Variable Name, Operation, DSP48E, FF, LUT, Bitwidth P0, Bitwidth P1</keys>
<column name="i_fu_67_p2">+, 0, 0, 38, 31, 1</column>
<column name="and_ln6_fu_173_p2">and, 0, 0, 32, 32, 32</column>
<column name="icmp_ln12_fu_62_p2">icmp, 0, 0, 18, 32, 32</column>
<column name="mask_fu_79_p2">or, 0, 0, 32, 32, 32</column>
<column name="shl_ln13_fu_73_p2">shl, 0, 0, 85, 1, 32</column>
<column name="t_fu_95_p2">xor, 0, 0, 32, 32, 32</column>
<column name="xor_ln23_1_fu_151_p2">xor, 0, 0, 19, 19, 19</column>
<column name="xor_ln23_2_fu_161_p2">xor, 0, 0, 32, 32, 32</column>
<column name="xor_ln23_fu_145_p2">xor, 0, 0, 32, 32, 32</column>
</table>
</item>
<item name = "Multiplexer"><table name="" hasTotal="1">
<keys size="5">Name, LUT, Input Size, Bits, Total Bits</keys>
<column name="ap_NS_fsm">15, 3, 1, 3</column>
<column name="ap_return">9, 2, 32, 64</column>
<column name="i_0_i_reg_47">9, 2, 31, 62</column>
<column name="mask_1_reg_36">9, 2, 32, 64</column>
<column name="seed_w_o">9, 2, 32, 64</column>
<column name="seed_x_o">9, 2, 32, 64</column>
<column name="seed_y_o">9, 2, 32, 64</column>
</table>
</item>
<item name = "Register"><table name="" hasTotal="1">
<keys size="5">Name, FF, LUT, Bits, Const Bits</keys>
<column name="ap_CS_fsm">2, 0, 2, 0</column>
<column name="ap_return_preg">32, 0, 32, 0</column>
<column name="i_0_i_reg_47">31, 0, 31, 0</column>
<column name="mask_1_reg_36">32, 0, 32, 0</column>
</table>
</item>
</section>
</item>
</section>

<section name = "Interface" level="0">
<item name = "Summary"><table name="" hasTotal="0">
<keys size="6">RTL Ports, Dir, Bits, Protocol, Source Object, C Type</keys>
<column name="ap_clk">in, 1, ap_ctrl_hs, RandGen, return value</column>
<column name="ap_rst">in, 1, ap_ctrl_hs, RandGen, return value</column>
<column name="ap_start">in, 1, ap_ctrl_hs, RandGen, return value</column>
<column name="ap_done">out, 1, ap_ctrl_hs, RandGen, return value</column>
<column name="ap_idle">out, 1, ap_ctrl_hs, RandGen, return value</column>
<column name="ap_ready">out, 1, ap_ctrl_hs, RandGen, return value</column>
<column name="ap_return">out, 32, ap_ctrl_hs, RandGen, return value</column>
<column name="log2_num_range">in, 32, ap_none, log2_num_range, scalar</column>
<column name="seed_x_i">in, 32, ap_ovld, seed_x, pointer</column>
<column name="seed_x_o">out, 32, ap_ovld, seed_x, pointer</column>
<column name="seed_x_o_ap_vld">out, 1, ap_ovld, seed_x, pointer</column>
<column name="seed_y_i">in, 32, ap_ovld, seed_y, pointer</column>
<column name="seed_y_o">out, 32, ap_ovld, seed_y, pointer</column>
<column name="seed_y_o_ap_vld">out, 1, ap_ovld, seed_y, pointer</column>
<column name="seed_w_i">in, 32, ap_ovld, seed_w, pointer</column>
<column name="seed_w_o">out, 32, ap_ovld, seed_w, pointer</column>
<column name="seed_w_o_ap_vld">out, 1, ap_ovld, seed_w, pointer</column>
</table>
</item>
</section>
</profile>
