<stg><name>RandGen</name>


<trans_list>

<trans id="31" from="1" to="2">
<condition id="-1">
<or_exp><and_exp></and_exp></or_exp>
</condition>
</trans>

<trans id="32" from="2" to="2">
<condition id="-1">
<or_exp><and_exp><literal name="icmp_ln12" val="1"/>
</and_exp></or_exp>
</condition>
</trans>
</trans_list>



<state_list>

<state id="1" st_id="1">

<operation id="3" st_id="1" stage="1" lat="1">
<core>NULL</core>
<MemPortIdVec></MemPortIdVec>
<condition id="-1">
<or_exp><and_exp></and_exp></or_exp>
</condition>

<Node id="5" bw="32" op_0_bw="32" op_1_bw="32">
<![CDATA[
:0  %log2_num_range_read = call i32 @_ssdm_op_Read.ap_auto.i32(i32 %log2_num_range) nounwind

]]></Node>
<StgValue><ssdm name="log2_num_range_read"/></StgValue>
</operation>

<operation id="4" st_id="1" stage="1" lat="1">
<core>NULL</core>
<MemPortIdVec></MemPortIdVec>
<condition id="-1">
<or_exp><and_exp></and_exp></or_exp>
</condition>

<Node id="6" bw="0" op_0_bw="0">
<![CDATA[
:1  br label %1

]]></Node>
<StgValue><ssdm name="br_ln12"/></StgValue>
</operation>
</state>

<state id="2" st_id="2">

<operation id="5" st_id="2" stage="1" lat="1">
<core>NULL</core>
<MemPortIdVec></MemPortIdVec>
<condition id="-1">
<or_exp><and_exp></and_exp></or_exp>
</condition>

<Node id="8" bw="32" op_0_bw="32" op_1_bw="0" op_2_bw="32" op_3_bw="0">
<![CDATA[
:0  %mask_1 = phi i32 [ 0, %0 ], [ %mask, %2 ]

]]></Node>
<StgValue><ssdm name="mask_1"/></StgValue>
</operation>

<operation id="6" st_id="2" stage="1" lat="1">
<core>NULL</core>
<MemPortIdVec></MemPortIdVec>
<condition id="-1">
<or_exp><and_exp></and_exp></or_exp>
</condition>

<Node id="9" bw="31" op_0_bw="31" op_1_bw="0" op_2_bw="31" op_3_bw="0">
<![CDATA[
:1  %i_0_i = phi i31 [ 0, %0 ], [ %i, %2 ]

]]></Node>
<StgValue><ssdm name="i_0_i"/></StgValue>
</operation>

<operation id="7" st_id="2" stage="1" lat="1">
<core>NULL</core>
<MemPortIdVec></MemPortIdVec>
<condition id="-1">
<or_exp><and_exp></and_exp></or_exp>
</condition>

<Node id="10" bw="32" op_0_bw="31">
<![CDATA[
:2  %zext_ln12 = zext i31 %i_0_i to i32

]]></Node>
<StgValue><ssdm name="zext_ln12"/></StgValue>
</operation>

<operation id="8" st_id="2" stage="1" lat="1">
<core>Cmp</core>
<MemPortIdVec></MemPortIdVec>
<condition id="-1">
<or_exp><and_exp></and_exp></or_exp>
</condition>

<Node id="11" bw="1" op_0_bw="32" op_1_bw="32">
<![CDATA[
:3  %icmp_ln12 = icmp slt i32 %zext_ln12, %log2_num_range_read

]]></Node>
<StgValue><ssdm name="icmp_ln12"/></StgValue>
</operation>

<operation id="9" st_id="2" stage="1" lat="1">
<core>AddSub</core>
<MemPortIdVec></MemPortIdVec>
<condition id="-1">
<or_exp><and_exp></and_exp></or_exp>
</condition>

<Node id="12" bw="31" op_0_bw="31" op_1_bw="31">
<![CDATA[
:4  %i = add i31 %i_0_i, 1

]]></Node>
<StgValue><ssdm name="i"/></StgValue>
</operation>

<operation id="10" st_id="2" stage="1" lat="1">
<core>NULL</core>
<MemPortIdVec></MemPortIdVec>
<condition id="-1">
<or_exp><and_exp></and_exp></or_exp>
</condition>

<Node id="13" bw="0" op_0_bw="1" op_1_bw="0" op_2_bw="0">
<![CDATA[
:5  br i1 %icmp_ln12, label %2, label %MaskCreate.exit

]]></Node>
<StgValue><ssdm name="br_ln12"/></StgValue>
</operation>

<operation id="11" st_id="2" stage="1" lat="1">
<core>Shift</core>
<MemPortIdVec></MemPortIdVec>
<condition id="-1">
<or_exp><and_exp><literal name="icmp_ln12" val="1"/>
</and_exp></or_exp>
</condition>

<Node id="15" bw="32" op_0_bw="32" op_1_bw="32">
<![CDATA[
:0  %shl_ln13 = shl i32 1, %zext_ln12

]]></Node>
<StgValue><ssdm name="shl_ln13"/></StgValue>
</operation>

<operation id="12" st_id="2" stage="1" lat="1">
<core>LogicGate</core>
<MemPortIdVec></MemPortIdVec>
<condition id="-1">
<or_exp><and_exp><literal name="icmp_ln12" val="1"/>
</and_exp></or_exp>
</condition>

<Node id="16" bw="32" op_0_bw="32" op_1_bw="32">
<![CDATA[
:1  %mask = or i32 %shl_ln13, %mask_1

]]></Node>
<StgValue><ssdm name="mask"/></StgValue>
</operation>

<operation id="13" st_id="2" stage="1" lat="1">
<core>NULL</core>
<MemPortIdVec></MemPortIdVec>
<condition id="-1">
<or_exp><and_exp><literal name="icmp_ln12" val="1"/>
</and_exp></or_exp>
</condition>

<Node id="17" bw="0" op_0_bw="0">
<![CDATA[
:2  br label %1

]]></Node>
<StgValue><ssdm name="br_ln12"/></StgValue>
</operation>

<operation id="14" st_id="2" stage="1" lat="1">
<core>NULL</core>
<MemPortIdVec></MemPortIdVec>
<condition id="-1">
<or_exp><and_exp><literal name="icmp_ln12" val="0"/>
</and_exp></or_exp>
</condition>

<Node id="19" bw="32" op_0_bw="32">
<![CDATA[
MaskCreate.exit:0  %seed_x_load = load i32* @seed_x, align 4

]]></Node>
<StgValue><ssdm name="seed_x_load"/></StgValue>
</operation>

<operation id="15" st_id="2" stage="1" lat="1">
<core>NULL</core>
<MemPortIdVec></MemPortIdVec>
<condition id="-1">
<or_exp><and_exp><literal name="icmp_ln12" val="0"/>
</and_exp></or_exp>
</condition>

<Node id="20" bw="32" op_0_bw="32" op_1_bw="32">
<![CDATA[
MaskCreate.exit:1  %shl_ln19 = shl i32 %seed_x_load, 2

]]></Node>
<StgValue><ssdm name="shl_ln19"/></StgValue>
</operation>

<operation id="16" st_id="2" stage="1" lat="1">
<core>LogicGate</core>
<MemPortIdVec></MemPortIdVec>
<condition id="-1">
<or_exp><and_exp><literal name="icmp_ln12" val="0"/>
</and_exp></or_exp>
</condition>

<Node id="21" bw="32" op_0_bw="32" op_1_bw="32">
<![CDATA[
MaskCreate.exit:2  %t = xor i32 %seed_x_load, %shl_ln19

]]></Node>
<StgValue><ssdm name="t"/></StgValue>
</operation>

<operation id="17" st_id="2" stage="1" lat="1">
<core>NULL</core>
<MemPortIdVec></MemPortIdVec>
<condition id="-1">
<or_exp><and_exp><literal name="icmp_ln12" val="0"/>
</and_exp></or_exp>
</condition>

<Node id="22" bw="32" op_0_bw="32">
<![CDATA[
MaskCreate.exit:3  %seed_y_load = load i32* @seed_y, align 4

]]></Node>
<StgValue><ssdm name="seed_y_load"/></StgValue>
</operation>

<operation id="18" st_id="2" stage="1" lat="1">
<core>NULL</core>
<MemPortIdVec></MemPortIdVec>
<condition id="-1">
<or_exp><and_exp><literal name="icmp_ln12" val="0"/>
</and_exp></or_exp>
</condition>

<Node id="23" bw="0" op_0_bw="32" op_1_bw="32" op_2_bw="32">
<![CDATA[
MaskCreate.exit:4  store i32 %seed_y_load, i32* @seed_x, align 4

]]></Node>
<StgValue><ssdm name="store_ln20"/></StgValue>
</operation>

<operation id="19" st_id="2" stage="1" lat="1">
<core>NULL</core>
<MemPortIdVec></MemPortIdVec>
<condition id="-1">
<or_exp><and_exp><literal name="icmp_ln12" val="0"/>
</and_exp></or_exp>
</condition>

<Node id="24" bw="32" op_0_bw="32">
<![CDATA[
MaskCreate.exit:5  %seed_w_load = load i32* @seed_w, align 4

]]></Node>
<StgValue><ssdm name="seed_w_load"/></StgValue>
</operation>

<operation id="20" st_id="2" stage="1" lat="1">
<core>NULL</core>
<MemPortIdVec></MemPortIdVec>
<condition id="-1">
<or_exp><and_exp><literal name="icmp_ln12" val="0"/>
</and_exp></or_exp>
</condition>

<Node id="25" bw="0" op_0_bw="32" op_1_bw="32" op_2_bw="32">
<![CDATA[
MaskCreate.exit:6  store i32 %seed_w_load, i32* @seed_y, align 4

]]></Node>
<StgValue><ssdm name="store_ln21"/></StgValue>
</operation>

<operation id="21" st_id="2" stage="1" lat="1">
<core>NULL</core>
<MemPortIdVec></MemPortIdVec>
<condition id="-1">
<or_exp><and_exp><literal name="icmp_ln12" val="0"/>
</and_exp></or_exp>
</condition>

<Node id="26" bw="19" op_0_bw="19" op_1_bw="32" op_2_bw="32" op_3_bw="32">
<![CDATA[
MaskCreate.exit:7  %trunc_ln = call i19 @_ssdm_op_PartSelect.i19.i32.i32.i32(i32 %seed_w_load, i32 13, i32 31)

]]></Node>
<StgValue><ssdm name="trunc_ln"/></StgValue>
</operation>

<operation id="22" st_id="2" stage="1" lat="1">
<core>NULL</core>
<MemPortIdVec></MemPortIdVec>
<condition id="-1">
<or_exp><and_exp><literal name="icmp_ln12" val="0"/>
</and_exp></or_exp>
</condition>

<Node id="27" bw="9" op_0_bw="9" op_1_bw="32" op_2_bw="32" op_3_bw="32">
<![CDATA[
MaskCreate.exit:8  %trunc_ln23_1 = call i9 @_ssdm_op_PartSelect.i9.i32.i32.i32(i32 %t, i32 23, i32 31)

]]></Node>
<StgValue><ssdm name="trunc_ln23_1"/></StgValue>
</operation>

<operation id="23" st_id="2" stage="1" lat="1">
<core>NULL</core>
<MemPortIdVec></MemPortIdVec>
<condition id="-1">
<or_exp><and_exp><literal name="icmp_ln12" val="0"/>
</and_exp></or_exp>
</condition>

<Node id="28" bw="19" op_0_bw="9">
<![CDATA[
MaskCreate.exit:9  %sext_ln23 = sext i9 %trunc_ln23_1 to i19

]]></Node>
<StgValue><ssdm name="sext_ln23"/></StgValue>
</operation>

<operation id="24" st_id="2" stage="1" lat="1">
<core>LogicGate</core>
<MemPortIdVec></MemPortIdVec>
<condition id="-1">
<or_exp><and_exp><literal name="icmp_ln12" val="0"/>
</and_exp></or_exp>
</condition>

<Node id="29" bw="32" op_0_bw="32" op_1_bw="32">
<![CDATA[
MaskCreate.exit:10  %xor_ln23 = xor i32 %seed_w_load, %t

]]></Node>
<StgValue><ssdm name="xor_ln23"/></StgValue>
</operation>

<operation id="25" st_id="2" stage="1" lat="1">
<core>LogicGate</core>
<MemPortIdVec></MemPortIdVec>
<condition id="-1">
<or_exp><and_exp><literal name="icmp_ln12" val="0"/>
</and_exp></or_exp>
</condition>

<Node id="30" bw="19" op_0_bw="19" op_1_bw="19">
<![CDATA[
MaskCreate.exit:11  %xor_ln23_1 = xor i19 %trunc_ln, %sext_ln23

]]></Node>
<StgValue><ssdm name="xor_ln23_1"/></StgValue>
</operation>

<operation id="26" st_id="2" stage="1" lat="1">
<core>NULL</core>
<MemPortIdVec></MemPortIdVec>
<condition id="-1">
<or_exp><and_exp><literal name="icmp_ln12" val="0"/>
</and_exp></or_exp>
</condition>

<Node id="31" bw="32" op_0_bw="19">
<![CDATA[
MaskCreate.exit:12  %sext_ln23_1 = sext i19 %xor_ln23_1 to i32

]]></Node>
<StgValue><ssdm name="sext_ln23_1"/></StgValue>
</operation>

<operation id="27" st_id="2" stage="1" lat="1">
<core>LogicGate</core>
<MemPortIdVec></MemPortIdVec>
<condition id="-1">
<or_exp><and_exp><literal name="icmp_ln12" val="0"/>
</and_exp></or_exp>
</condition>

<Node id="32" bw="32" op_0_bw="32" op_1_bw="32">
<![CDATA[
MaskCreate.exit:13  %xor_ln23_2 = xor i32 %sext_ln23_1, %xor_ln23

]]></Node>
<StgValue><ssdm name="xor_ln23_2"/></StgValue>
</operation>

<operation id="28" st_id="2" stage="1" lat="1">
<core>NULL</core>
<MemPortIdVec></MemPortIdVec>
<condition id="-1">
<or_exp><and_exp><literal name="icmp_ln12" val="0"/>
</and_exp></or_exp>
</condition>

<Node id="33" bw="0" op_0_bw="32" op_1_bw="32" op_2_bw="32">
<![CDATA[
MaskCreate.exit:14  store i32 %xor_ln23_2, i32* @seed_w, align 4

]]></Node>
<StgValue><ssdm name="store_ln23"/></StgValue>
</operation>

<operation id="29" st_id="2" stage="1" lat="1">
<core>LogicGate</core>
<MemPortIdVec></MemPortIdVec>
<condition id="-1">
<or_exp><and_exp><literal name="icmp_ln12" val="0"/>
</and_exp></or_exp>
</condition>

<Node id="34" bw="32" op_0_bw="32" op_1_bw="32">
<![CDATA[
MaskCreate.exit:15  %and_ln6 = and i32 %xor_ln23_2, %mask_1

]]></Node>
<StgValue><ssdm name="and_ln6"/></StgValue>
</operation>

<operation id="30" st_id="2" stage="1" lat="1">
<core>NULL</core>
<MemPortIdVec></MemPortIdVec>
<condition id="-1">
<or_exp><and_exp><literal name="icmp_ln12" val="0"/>
</and_exp></or_exp>
</condition>

<Node id="35" bw="0" op_0_bw="32">
<![CDATA[
MaskCreate.exit:16  ret i32 %and_ln6

]]></Node>
<StgValue><ssdm name="ret_ln6"/></StgValue>
</operation>
</state>
</state_list>


<ports>
</ports>


<dataflows>
</dataflows>


</stg>
