<stg><name>RandGen</name>


<trans_list>

<trans id="31" from="1" to="2">
<condition id="-1">
<or_exp><and_exp></and_exp></or_exp>
</condition>
</trans>

<trans id="32" from="2" to="2">
<condition id="-1">
<or_exp><and_exp><literal name="icmp_ln12" val="1"/>
</and_exp></or_exp>
</condition>
</trans>
</trans_list>



<state_list>

<state id="1" st_id="1">

<operation id="3" st_id="1" stage="1" lat="1">
<core>NULL</core>
<MemPortIdVec></MemPortIdVec>
<condition id="-1">
<or_exp><and_exp></and_exp></or_exp>
</condition>

<Node id="5" bw="32" op_0_bw="32" op_1_bw="32">
<![CDATA[
:0  %log2_num_range_read = call i32 @_ssdm_op_Read.ap_auto.i32(i32 %log2_num_range) nounwind

]]></Node>
<StgValue><ssdm name="log2_num_range_read"/></StgValue>
</operation>

<operation id="4" st_id="1" stage="1" lat="1">
<core>NULL</core>
<MemPortIdVec></MemPortIdVec>
<condition id="-1">
<or_exp><and_exp></and_exp></or_exp>
</condition>

<Node id="6" bw="0" op_0_bw="0">
<![CDATA[
:1  br label %1

]]></Node>
<StgValue><ssdm name="br_ln12"/></StgValue>
</operation>
</state>

<state id="2" st_id="2">

<operation id="5" st_id="2" stage="1" lat="1">
<core>NULL</core>
<MemPortIdVec></MemPortIdVec>
<condition id="-1">
<or_exp><and_exp></and_exp></or_exp>
</condition>

<Node id="8" bw="32" op_0_bw="32" op_1_bw="0" op_2_bw="32" op_3_bw="0">
<![CDATA[
:0  %mask_1 = phi i32 [ 0, %0 ], [ %mask, %2 ]

]]></Node>
<StgValue><ssdm name="mask_1"/></StgValue>
</operation>

<operation id="6" st_id="2" stage="1" lat="1">
<core>NULL</core>
<MemPortIdVec></MemPortIdVec>
<condition id="-1">
<or_exp><and_exp></and_exp></or_exp>
</condition>

<Node id="9" bw="31" op_0_bw="31" op_1_bw="0" op_2_bw="31" op_3_bw="0">
<![CDATA[
:1  %i_0_i = phi i31 [ 0, %0 ], [ %i, %2 ]

]]></Node>
<StgValue><ssdm name="i_0_i"/></StgValue>
</operation>

<operation id="7" st_id="2" stage="1" lat="1">
<core>NULL</core>
<MemPortIdVec></MemPortIdVec>
<condition id="-1">
<or_exp><and_exp></and_exp></or_exp>
</condition>

<Node id="10" bw="32" op_0_bw="31">
<![CDATA[
:2  %zext_ln12 = zext i31 %i_0_i to i32

]]></Node>
<StgValue><ssdm name="zext_ln12"/></StgValue>
</operation>

<operation id="8" st_id="2" stage="1" lat="1">
<core>Cmp</core>
<MemPortIdVec></MemPortIdVec>
<condition id="-1">
<or_exp><and_exp></and_exp></or_exp>
</condition>

<Node id="11" bw="1" op_0_bw="32" op_1_bw="32">
<![CDATA[
:3  %icmp_ln12 = icmp slt i32 %zext_ln12, %log2_num_range_read

]]></Node>
<StgValue><ssdm name="icmp_ln12"/></StgValue>
</operation>

<operation id="9" st_id="2" stage="1" lat="1">
<core>AddSub</core>
<MemPortIdVec></MemPortIdVec>
<condition id="-1">
<or_exp><and_exp></and_exp></or_exp>
</condition>

<Node id="12" bw="31" op_0_bw="31" op_1_bw="31">
<![CDATA[
:4  %i = add i31 %i_0_i, 1

]]></Node>
<StgValue><ssdm name="i"/></StgValue>
</operation>

<operation id="10" st_id="2" stage="1" lat="1">
<core>NULL</core>
<MemPortIdVec></MemPortIdVec>
<condition id="-1">
<or_exp><and_exp></and_exp></or_exp>
</condition>

<Node id="13" bw="0" op_0_bw="1" op_1_bw="0" op_2_bw="0">
<![CDATA[
:5  br i1 %icmp_ln12, label %2, label %MaskCreate.exit

]]></Node>
<StgValue><ssdm name="br_ln12"/></StgValue>
</operation>

<operation id="11" st_id="2" stage="1" lat="1">
<core>Shift</core>
<MemPortIdVec></MemPortIdVec>
<condition id="-1">
<or_exp><and_exp><literal name="icmp_ln12" val="1"/>
</and_exp></or_exp>
</condition>

<Node id="15" bw="32" op_0_bw="32" op_1_bw="32">
<![CDATA[
:0  %shl_ln13 = shl i32 1, %zext_ln12

]]></Node>
<StgValue><ssdm name="shl_ln13"/></StgValue>
</operation>

<operation id="12" st_id="2" stage="1" lat="1">
<core>LogicGate</core>
<MemPortIdVec></MemPortIdVec>
<condition id="-1">
<or_exp><and_exp><literal name="icmp_ln12" val="1"/>
</and_exp></or_exp>
</condition>

<Node id="16" bw="32" op_0_bw="32" op_1_bw="32">
<![CDATA[
:1  %mask = or i32 %shl_ln13, %mask_1

]]></Node>
<StgValue><ssdm name="mask"/></StgValue>
</operation>

<operation id="13" st_id="2" stage="1" lat="1">
<core>NULL</core>
<MemPortIdVec></MemPortIdVec>
<condition id="-1">
<or_exp><and_exp><literal name="icmp_ln12" val="1"/>
</and_exp></or_exp>
</condition>

<Node id="17" bw="0" op_0_bw="0">
<![CDATA[
:2  br label %1

]]></Node>
<StgValue><ssdm name="br_ln12"/></StgValue>
</operation>

<operation id="14" st_id="2" stage="1" lat="1">
<core>NULL</core>
<MemPortIdVec></MemPortIdVec>
<condition id="-1">
<or_exp><and_exp><literal name="icmp_ln12" val="0"/>
</and_exp></or_exp>
</condition>

<Node id="19" bw="32" op_0_bw="32">
<![CDATA[
MaskCreate.exit:0  %seed_x_load = load i32* @seed_x, align 4

]]></Node>
<StgValue><ssdm name="seed_x_load"/></StgValue>
</operation>

<operation id="15" st_id="2" stage="1" lat="1">
<core>NULL</core>
<MemPortIdVec></MemPortIdVec>
<condition id="-1">
<or_exp><and_exp><literal name="icmp_ln12" val="0"/>
</and_exp></or_exp>
</condition>

<Node id="20" bw="32" op_0_bw="32" op_1_bw="32">
<![CDATA[
MaskCreate.exit:1  %shl_ln19 = shl i32 %seed_x_load, 2

]]></Node>
<StgValue><ssdm name="shl_ln19"/></StgValue>
</operation>

<operation id="16" st_id="2" stage="1" lat="1">
<core>LogicGate</core>
<MemPortIdVec></MemPortIdVec>
<condition id="-1">
<or_exp><and_exp><literal name="icmp_ln12" val="0"/>
</and_exp></or_exp>
</condition>

<Node id="21" bw="32" op_0_bw="32" op_1_bw="32">
<![CDATA[
MaskCreate.exit:2  %t = xor i32 %seed_x_load, %shl_ln19

]]></Node>
<StgValue><ssdm name="t"/></StgValue>
</operation>

<operation id="17" st_id="2" stage="1" lat="1">
<core>NULL</core>
<MemPortIdVec></MemPortIdVec>
<condition id="-1">
<or_exp><and_exp><literal name="icmp_ln12" val="0"/>
</and_exp></or_exp>
</condition>

<Node id="22" bw="32" op_0_bw="32">
<![CDATA[
MaskCreate.exit:3  %seed_y_load = load i32* @seed_y, align 4

]]></Node>
<StgValue><ssdm name="seed_y_load"/></StgValue>
</operation>

<operation id="18" st_id="2" stage="1" lat="1">
<core>NULL</core>
<MemPortIdVec></MemPortIdVec>
<condition id="-1">
<or_exp><and_exp><literal name="icmp_ln12" val="0"/>
</and_exp></or_exp>
</condition>

<Node id="23" bw="0" op_0_bw="32" op_1_bw="32" op_2_bw="32">
<![CDATA[
MaskCreate.exit:4  store i32 %seed_y_load, i32* @seed_x, align 4

]]></Node>
<StgValue><ssdm name="store_ln20"/></StgValue>
</operation>

<operation id="19" st_id="2" stage="1" lat="1">
<core>NULL</core>
<MemPortIdVec></MemPortIdVec>
<condition id="-1">
<or_exp><and_exp><literal name="icmp_ln12" val="0"/>
</and_exp></or_exp>
</condition>

<Node id="24" bw="32" op_0_bw="32">
<![CDATA[
MaskCreate.exit:5  %seed_w_load = load i32* @seed_w, align 4

]]></Node>
<StgValue><ssdm name="seed_w_load"/></StgValue>
</operation>

<operation id="20" st_id="2" stage="1" lat="1">
<core>NULL</core>
<MemPortIdVec></MemPortIdVec>
<condition id="-1">
<or_exp><and_exp><literal name="icmp_ln12" val="0"/>
</and_exp></or_exp>
</condition>

<Node id="25" bw="0" op_0_bw="32" op_1_bw="32" op_2_bw="32">
<![CDATA[
MaskCreate.exit:6  store i32 %seed_w_load, i32* @seed_y, align 4

]]></Node>
<StgValue><ssdm name="store_ln21"/></StgValue>
</operation>

<operation id="21" st_id="2" stage="1" lat="1">
<core>NULL</core>
<MemPortIdVec></MemPortIdVec>
<condition id="-1">
<or_exp><and_exp><literal name="icmp_ln12" val="0"/>
</and_exp></or_exp>
</condition>

<Node id="26" bw="19" op_0_bw="19" op_1_bw="32" op_2_bw="32" op_3_bw="32">
<![CDATA[
MaskCreate.exit:7  %trunc_ln = call i19 @_ssdm_op_PartSelect.i19.i32.i32.i32(i32 %seed_w_load, i32 13, i32 31)

]]></Node>
<StgValue><ssdm name="trunc_ln"/></StgValue>
</operation>

<operation id="22" st_id="2" stage="1" lat="1">
<core>NULL</core>
<MemPortIdVec></MemPortIdVec>
<condition id="-1">
<or_exp><and_exp><literal name="icmp_ln12" val="0"/>
</and_exp></or_exp>
</condition>

<Node id="27" bw="9" op_0_bw="9" op_1_bw="32" op_2_bw="32" op_3_bw="32">
<![CDATA[
MaskCreate.exit:8  %trunc_ln23_1 = call i9 @_ssdm_op_PartSelect.i9.i32.i32.i32(i32 %t, i32 23, i32 31)

]]></Node>
<StgValue><ssdm name="trunc_ln23_1"/></StgValue>
</operation>

<operation id="23" st_id="2" stage="1" lat="1">
<core>NULL</core>
<MemPortIdVec></MemPortIdVec>
<condition id="-1">
<or_exp><and_exp><literal name="icmp_ln12" val="0"/>
</and_exp></or_exp>
</condition>

<Node id="28" bw="19" op_0_bw="9">
<![CDATA[
MaskCreate.exit:9  %sext_ln23 = sext i9 %trunc_ln23_1 to i19

]]></Node>
<StgValue><ssdm name="sext_ln23"/></StgValue>
</operation>

<operation id="24" st_id="2" stage="1" lat="1">
<core>LogicGate</core>
<MemPortIdVec></MemPortIdVec>
<condition id="-1">
<or_exp><and_exp><literal name="icmp_ln12" val="0"/>
</and_exp></or_exp>
</condition>

<Node id="29" bw="32" op_0_bw="32" op_1_bw="32">
<![CDATA[
MaskCreate.exit:10  %xor_ln23 = xor i32 %seed_w_load, %t

]]></Node>
<StgValue><ssdm name="xor_ln23"/></StgValue>
</operation>

<operation id="25" st_id="2" stage="1" lat="1">
<core>LogicGate</core>
<MemPortIdVec></MemPortIdVec>
<condition id="-1">
<or_exp><and_exp><literal name="icmp_ln12" val="0"/>
</and_exp></or_exp>
</condition>

<Node id="30" bw="19" op_0_bw="19" op_1_bw="19">
<![CDATA[
MaskCreate.exit:11  %xor_ln23_1 = xor i19 %trunc_ln, %sext_ln23

]]></Node>
<StgValue><ssdm name="xor_ln23_1"/></StgValue>
</operation>

<operation id="26" st_id="2" stage="1" lat="1">
<core>NULL</core>
<MemPortIdVec></MemPortIdVec>
<condition id="-1">
<or_exp><and_exp><literal name="icmp_ln12" val="0"/>
</and_exp></or_exp>
</condition>

<Node id="31" bw="32" op_0_bw="19">
<![CDATA[
MaskCreate.exit:12  %sext_ln23_1 = sext i19 %xor_ln23_1 to i32

]]></Node>
<StgValue><ssdm name="sext_ln23_1"/></StgValue>
</operation>

<operation id="27" st_id="2" stage="1" lat="1">
<core>LogicGate</core>
<MemPortIdVec></MemPortIdVec>
<condition id="-1">
<or_exp><and_exp><literal name="icmp_ln12" val="0"/>
</and_exp></or_exp>
</condition>

<Node id="32" bw="32" op_0_bw="32" op_1_bw="32">
<![CDATA[
MaskCreate.exit:13  %xor_ln23_2 = xor i32 %sext_ln23_1, %xor_ln23

]]></Node>
<StgValue><ssdm name="xor_ln23_2"/></StgValue>
</operation>

<operation id="28" st_id="2" stage="1" lat="1">
<core>NULL</core>
<MemPortIdVec></MemPortIdVec>
<condition id="-1">
<or_exp><and_exp><literal name="icmp_ln12" val="0"/>
</and_exp></or_exp>
</condition>

<Node id="33" bw="0" op_0_bw="32" op_1_bw="32" op_2_bw="32">
<![CDATA[
MaskCreate.exit:14  store i32 %xor_ln23_2, i32* @seed_w, align 4

]]></Node>
<StgValue><ssdm name="store_ln23"/></StgValue>
</operation>

<operation id="29" st_id="2" stage="1" lat="1">
<core>LogicGate</core>
<MemPortIdVec></MemPortIdVec>
<condition id="-1">
<or_exp><and_exp><literal name="icmp_ln12" val="0"/>
</and_exp></or_exp>
</condition>

<Node id="34" bw="32" op_0_bw="32" op_1_bw="32">
<![CDATA[
MaskCreate.exit:15  %and_ln6 = and i32 %xor_ln23_2, %mask_1

]]></Node>
<StgValue><ssdm name="and_ln6"/></StgValue>
</operation>

<operation id="30" st_id="2" stage="1" lat="1">
<core>NULL</core>
<MemPortIdVec></MemPortIdVec>
<condition id="-1">
<or_exp><and_exp><literal name="icmp_ln12" val="0"/>
</and_exp></or_exp>
</condition>

<Node id="35" bw="0" op_0_bw="32">
<![CDATA[
MaskCreate.exit:16  ret i32 %and_ln6

]]></Node>
<StgValue><ssdm name="ret_ln6"/></StgValue>
</operation>
</state>
</state_list>


<ports>
<port id="33" name="log2_num_range" dir="0" iftype="0">
<core>NULL</core><StgValue><ssdm name="log2_num_range"/></StgValue>
</port>
<port id="34" name="seed_x" dir="2" iftype="0">
<core>NULL</core><StgValue><ssdm name="seed_x"/></StgValue>
</port>
<port id="35" name="seed_y" dir="2" iftype="0">
<core>NULL</core><StgValue><ssdm name="seed_y"/></StgValue>
</port>
<port id="36" name="seed_w" dir="2" iftype="0">
<core>NULL</core><StgValue><ssdm name="seed_w"/></StgValue>
</port>
</ports>


<dataflows>
<dataflow id="38" from="_ssdm_op_Read.ap_auto.i32" to="log2_num_range_read" fromId="37" toId="3">
</dataflow>
<dataflow id="39" from="log2_num_range" to="log2_num_range_read" fromId="33" toId="3">
</dataflow>
<dataflow id="41" from="StgValue_40" to="mask_1" fromId="40" toId="5">
<condition id="-1">
<or_exp><and_exp></and_exp></or_exp>
</condition>
</dataflow>
<dataflow id="42" from="br_ln12" to="mask_1" fromId="4" toId="5">
</dataflow>
<dataflow id="43" from="mask" to="mask_1" fromId="12" toId="5">
<BackEdge/>
<condition id="-1">
<or_exp><and_exp><literal name="icmp_ln12" val="1"/>
</and_exp></or_exp>
</condition>
</dataflow>
<dataflow id="44" from="br_ln12" to="mask_1" fromId="13" toId="5">
<BackEdge/>
</dataflow>
<dataflow id="46" from="StgValue_45" to="i_0_i" fromId="45" toId="6">
<condition id="-1">
<or_exp><and_exp></and_exp></or_exp>
</condition>
</dataflow>
<dataflow id="47" from="br_ln12" to="i_0_i" fromId="4" toId="6">
</dataflow>
<dataflow id="48" from="i" to="i_0_i" fromId="9" toId="6">
<BackEdge/>
<condition id="-1">
<or_exp><and_exp><literal name="icmp_ln12" val="1"/>
</and_exp></or_exp>
</condition>
</dataflow>
<dataflow id="49" from="br_ln12" to="i_0_i" fromId="13" toId="6">
<BackEdge/>
</dataflow>
<dataflow id="50" from="i_0_i" to="zext_ln12" fromId="6" toId="7">
</dataflow>
<dataflow id="51" from="zext_ln12" to="icmp_ln12" fromId="7" toId="8">
</dataflow>
<dataflow id="52" from="log2_num_range_read" to="icmp_ln12" fromId="3" toId="8">
</dataflow>
<dataflow id="53" from="i_0_i" to="i" fromId="6" toId="9">
</dataflow>
<dataflow id="55" from="StgValue_54" to="i" fromId="54" toId="9">
</dataflow>
<dataflow id="56" from="icmp_ln12" to="br_ln12" fromId="8" toId="10">
</dataflow>
<dataflow id="58" from="StgValue_57" to="shl_ln13" fromId="57" toId="11">
</dataflow>
<dataflow id="59" from="zext_ln12" to="shl_ln13" fromId="7" toId="11">
</dataflow>
<dataflow id="60" from="shl_ln13" to="mask" fromId="11" toId="12">
</dataflow>
<dataflow id="61" from="mask_1" to="mask" fromId="5" toId="12">
</dataflow>
<dataflow id="62" from="seed_x" to="seed_x_load" fromId="34" toId="14">
</dataflow>
<dataflow id="63" from="seed_x_load" to="shl_ln19" fromId="14" toId="15">
</dataflow>
<dataflow id="65" from="StgValue_64" to="shl_ln19" fromId="64" toId="15">
</dataflow>
<dataflow id="66" from="seed_x_load" to="t" fromId="14" toId="16">
</dataflow>
<dataflow id="67" from="shl_ln19" to="t" fromId="15" toId="16">
</dataflow>
<dataflow id="68" from="seed_y" to="seed_y_load" fromId="35" toId="17">
</dataflow>
<dataflow id="69" from="seed_y_load" to="store_ln20" fromId="17" toId="18">
</dataflow>
<dataflow id="70" from="seed_x" to="store_ln20" fromId="34" toId="18">
</dataflow>
<dataflow id="71" from="seed_w" to="seed_w_load" fromId="36" toId="19">
</dataflow>
<dataflow id="72" from="seed_w_load" to="store_ln21" fromId="19" toId="20">
</dataflow>
<dataflow id="73" from="seed_y" to="store_ln21" fromId="35" toId="20">
</dataflow>
<dataflow id="75" from="_ssdm_op_PartSelect.i19.i32.i32.i32" to="trunc_ln" fromId="74" toId="21">
</dataflow>
<dataflow id="76" from="seed_w_load" to="trunc_ln" fromId="19" toId="21">
</dataflow>
<dataflow id="78" from="StgValue_77" to="trunc_ln" fromId="77" toId="21">
</dataflow>
<dataflow id="80" from="StgValue_79" to="trunc_ln" fromId="79" toId="21">
</dataflow>
<dataflow id="82" from="_ssdm_op_PartSelect.i9.i32.i32.i32" to="trunc_ln23_1" fromId="81" toId="22">
</dataflow>
<dataflow id="83" from="t" to="trunc_ln23_1" fromId="16" toId="22">
</dataflow>
<dataflow id="85" from="StgValue_84" to="trunc_ln23_1" fromId="84" toId="22">
</dataflow>
<dataflow id="86" from="StgValue_79" to="trunc_ln23_1" fromId="79" toId="22">
</dataflow>
<dataflow id="87" from="trunc_ln23_1" to="sext_ln23" fromId="22" toId="23">
</dataflow>
<dataflow id="88" from="seed_w_load" to="xor_ln23" fromId="19" toId="24">
</dataflow>
<dataflow id="89" from="t" to="xor_ln23" fromId="16" toId="24">
</dataflow>
<dataflow id="90" from="trunc_ln" to="xor_ln23_1" fromId="21" toId="25">
</dataflow>
<dataflow id="91" from="sext_ln23" to="xor_ln23_1" fromId="23" toId="25">
</dataflow>
<dataflow id="92" from="xor_ln23_1" to="sext_ln23_1" fromId="25" toId="26">
</dataflow>
<dataflow id="93" from="sext_ln23_1" to="xor_ln23_2" fromId="26" toId="27">
</dataflow>
<dataflow id="94" from="xor_ln23" to="xor_ln23_2" fromId="24" toId="27">
</dataflow>
<dataflow id="95" from="xor_ln23_2" to="store_ln23" fromId="27" toId="28">
</dataflow>
<dataflow id="96" from="seed_w" to="store_ln23" fromId="36" toId="28">
</dataflow>
<dataflow id="97" from="xor_ln23_2" to="and_ln6" fromId="27" toId="29">
</dataflow>
<dataflow id="98" from="mask_1" to="and_ln6" fromId="5" toId="29">
</dataflow>
<dataflow id="99" from="and_ln6" to="ret_ln6" fromId="29" toId="30">
</dataflow>
<dataflow id="100" from="icmp_ln12" to="StgValue_2" fromId="8" toId="2">
</dataflow>
</dataflows>


</stg>
