<stg><name>SearchSub</name>


<trans_list>

<trans id="15" from="1" to="2">
<condition id="-1">
<or_exp><and_exp></and_exp></or_exp>
</condition>
</trans>

<trans id="16" from="2" to="3">
<condition id="-1">
<or_exp><and_exp></and_exp></or_exp>
</condition>
</trans>
</trans_list>



<state_list>

<state id="1" st_id="1">

<operation id="4" st_id="1" stage="1" lat="1">
<core>NULL</core>
<MemPortIdVec></MemPortIdVec>
<condition id="-1">
<or_exp><and_exp></and_exp></or_exp>
</condition>

<Node id="6" bw="32" op_0_bw="32" op_1_bw="32">
<![CDATA[
_ifconv:2  %treePtr_read = call i32 @_ssdm_op_Read.ap_auto.i32(i32 %treePtr)

]]></Node>
<StgValue><ssdm name="treePtr_read"/></StgValue>
</operation>

<operation id="5" st_id="1" stage="2" lat="2">
<core></core>
<MemPortIdVec></MemPortIdVec>
<condition id="-1">
<or_exp><and_exp></and_exp></or_exp>
</condition>

<Node id="7" bw="32" op_0_bw="32" op_1_bw="32" op_2_bw="32">
<![CDATA[
_ifconv:3  %readData = call fastcc i32 @node_read_data(i32* %myHeap, i32 %treePtr_read)

]]></Node>
<StgValue><ssdm name="readData"/></StgValue>
</operation>
</state>

<state id="2" st_id="2">

<operation id="6" st_id="2" stage="1" lat="2">
<core></core>
<MemPortIdVec></MemPortIdVec>
<condition id="-1">
<or_exp><and_exp></and_exp></or_exp>
</condition>

<Node id="7" bw="32" op_0_bw="32" op_1_bw="32" op_2_bw="32">
<![CDATA[
_ifconv:3  %readData = call fastcc i32 @node_read_data(i32* %myHeap, i32 %treePtr_read)

]]></Node>
<StgValue><ssdm name="readData"/></StgValue>
</operation>
</state>

<state id="3" st_id="3">

<operation id="7" st_id="3" stage="1" lat="1">
<core>NULL</core>
<MemPortIdVec></MemPortIdVec>
<condition id="-1">
<or_exp><and_exp></and_exp></or_exp>
</condition>

<Node id="4" bw="0" op_0_bw="0" op_1_bw="32" op_2_bw="0" op_3_bw="32" op_4_bw="32" op_5_bw="0" op_6_bw="32" op_7_bw="32" op_8_bw="0" op_9_bw="0" op_10_bw="0" op_11_bw="32" op_12_bw="32" op_13_bw="32" op_14_bw="32" op_15_bw="0" op_16_bw="0">
<![CDATA[
_ifconv:0  call void (...)* @_ssdm_op_SpecInterface(i32* %myHeap, [6 x i8]* @p_str3, i32 0, i32 0, [1 x i8]* @p_str1, i32 0, i32 1, [1 x i8]* @p_str1, [4 x i8]* @p_str4, [1 x i8]* @p_str1, i32 16, i32 16, i32 16, i32 16, [1 x i8]* @p_str1, [1 x i8]* @p_str1) nounwind

]]></Node>
<StgValue><ssdm name="specinterface_ln0"/></StgValue>
</operation>

<operation id="8" st_id="3" stage="1" lat="1">
<core>NULL</core>
<MemPortIdVec></MemPortIdVec>
<condition id="-1">
<or_exp><and_exp></and_exp></or_exp>
</condition>

<Node id="5" bw="32" op_0_bw="32" op_1_bw="32">
<![CDATA[
_ifconv:1  %data_read = call i32 @_ssdm_op_Read.ap_auto.i32(i32 %data)

]]></Node>
<StgValue><ssdm name="data_read"/></StgValue>
</operation>

<operation id="9" st_id="3" stage="1" lat="1">
<core>Cmp</core>
<MemPortIdVec></MemPortIdVec>
<condition id="-1">
<or_exp><and_exp></and_exp></or_exp>
</condition>

<Node id="8" bw="1" op_0_bw="32" op_1_bw="32">
<![CDATA[
_ifconv:4  %icmp_ln171 = icmp eq i32 %readData, %data_read

]]></Node>
<StgValue><ssdm name="icmp_ln171"/></StgValue>
</operation>

<operation id="10" st_id="3" stage="1" lat="1">
<core>Sel</core>
<MemPortIdVec></MemPortIdVec>
<condition id="-1">
<or_exp><and_exp></and_exp></or_exp>
</condition>

<Node id="9" bw="2" op_0_bw="1" op_1_bw="2" op_2_bw="2">
<![CDATA[
_ifconv:5  %select_ln171 = select i1 %icmp_ln171, i2 1, i2 -2

]]></Node>
<StgValue><ssdm name="select_ln171"/></StgValue>
</operation>

<operation id="11" st_id="3" stage="1" lat="1">
<core>Cmp</core>
<MemPortIdVec></MemPortIdVec>
<condition id="-1">
<or_exp><and_exp></and_exp></or_exp>
</condition>

<Node id="10" bw="1" op_0_bw="32" op_1_bw="32">
<![CDATA[
_ifconv:6  %icmp_ln171_1 = icmp slt i32 %readData, %data_read

]]></Node>
<StgValue><ssdm name="icmp_ln171_1"/></StgValue>
</operation>

<operation id="12" st_id="3" stage="1" lat="1">
<core>LogicGate</core>
<MemPortIdVec></MemPortIdVec>
<condition id="-1">
<or_exp><and_exp></and_exp></or_exp>
</condition>

<Node id="11" bw="1" op_0_bw="1" op_1_bw="1">
<![CDATA[
_ifconv:7  %xor_ln171 = xor i1 %icmp_ln171_1, true

]]></Node>
<StgValue><ssdm name="xor_ln171"/></StgValue>
</operation>

<operation id="13" st_id="3" stage="1" lat="1">
<core>Sel</core>
<MemPortIdVec></MemPortIdVec>
<condition id="-1">
<or_exp><and_exp></and_exp></or_exp>
</condition>

<Node id="12" bw="2" op_0_bw="1" op_1_bw="2" op_2_bw="2">
<![CDATA[
_ifconv:8  %select_ln171_1 = select i1 %xor_ln171, i2 %select_ln171, i2 -1

]]></Node>
<StgValue><ssdm name="select_ln171_1"/></StgValue>
</operation>

<operation id="14" st_id="3" stage="1" lat="1">
<core>NULL</core>
<MemPortIdVec></MemPortIdVec>
<condition id="-1">
<or_exp><and_exp></and_exp></or_exp>
</condition>

<Node id="13" bw="0" op_0_bw="2">
<![CDATA[
_ifconv:9  ret i2 %select_ln171_1

]]></Node>
<StgValue><ssdm name="ret_ln171"/></StgValue>
</operation>
</state>
</state_list>


<ports>
<port id="17" name="myHeap" dir="0" iftype="4">
<core>NULL</core><StgValue><ssdm name="myHeap"/></StgValue>
</port>
<port id="18" name="treePtr" dir="0" iftype="0">
<core>NULL</core><StgValue><ssdm name="treePtr"/></StgValue>
</port>
<port id="19" name="data" dir="0" iftype="0">
<core>NULL</core><StgValue><ssdm name="data"/></StgValue>
</port>
</ports>


<dataflows>
<dataflow id="21" from="_ssdm_op_Read.ap_auto.i32" to="treePtr_read" fromId="20" toId="4">
</dataflow>
<dataflow id="22" from="treePtr" to="treePtr_read" fromId="18" toId="4">
</dataflow>
<dataflow id="24" from="node_read_data" to="readData" fromId="23" toId="5">
</dataflow>
<dataflow id="25" from="myHeap" to="readData" fromId="17" toId="5">
</dataflow>
<dataflow id="26" from="treePtr_read" to="readData" fromId="4" toId="5">
</dataflow>
<dataflow id="27" from="node_read_data" to="readData" fromId="23" toId="6">
</dataflow>
<dataflow id="28" from="myHeap" to="readData" fromId="17" toId="6">
</dataflow>
<dataflow id="29" from="treePtr_read" to="readData" fromId="4" toId="6">
</dataflow>
<dataflow id="31" from="_ssdm_op_SpecInterface" to="specinterface_ln0" fromId="30" toId="7">
</dataflow>
<dataflow id="32" from="myHeap" to="specinterface_ln0" fromId="17" toId="7">
</dataflow>
<dataflow id="34" from="p_str3" to="specinterface_ln0" fromId="33" toId="7">
</dataflow>
<dataflow id="36" from="StgValue_35" to="specinterface_ln0" fromId="35" toId="7">
</dataflow>
<dataflow id="37" from="StgValue_35" to="specinterface_ln0" fromId="35" toId="7">
</dataflow>
<dataflow id="39" from="p_str1" to="specinterface_ln0" fromId="38" toId="7">
</dataflow>
<dataflow id="40" from="StgValue_35" to="specinterface_ln0" fromId="35" toId="7">
</dataflow>
<dataflow id="42" from="StgValue_41" to="specinterface_ln0" fromId="41" toId="7">
</dataflow>
<dataflow id="43" from="p_str1" to="specinterface_ln0" fromId="38" toId="7">
</dataflow>
<dataflow id="45" from="p_str4" to="specinterface_ln0" fromId="44" toId="7">
</dataflow>
<dataflow id="46" from="p_str1" to="specinterface_ln0" fromId="38" toId="7">
</dataflow>
<dataflow id="48" from="StgValue_47" to="specinterface_ln0" fromId="47" toId="7">
</dataflow>
<dataflow id="49" from="StgValue_47" to="specinterface_ln0" fromId="47" toId="7">
</dataflow>
<dataflow id="50" from="StgValue_47" to="specinterface_ln0" fromId="47" toId="7">
</dataflow>
<dataflow id="51" from="StgValue_47" to="specinterface_ln0" fromId="47" toId="7">
</dataflow>
<dataflow id="52" from="p_str1" to="specinterface_ln0" fromId="38" toId="7">
</dataflow>
<dataflow id="53" from="p_str1" to="specinterface_ln0" fromId="38" toId="7">
</dataflow>
<dataflow id="54" from="_ssdm_op_Read.ap_auto.i32" to="data_read" fromId="20" toId="8">
</dataflow>
<dataflow id="55" from="data" to="data_read" fromId="19" toId="8">
</dataflow>
<dataflow id="56" from="readData" to="icmp_ln171" fromId="6" toId="9">
</dataflow>
<dataflow id="57" from="data_read" to="icmp_ln171" fromId="8" toId="9">
</dataflow>
<dataflow id="58" from="icmp_ln171" to="select_ln171" fromId="9" toId="10">
</dataflow>
<dataflow id="60" from="StgValue_59" to="select_ln171" fromId="59" toId="10">
</dataflow>
<dataflow id="62" from="StgValue_61" to="select_ln171" fromId="61" toId="10">
</dataflow>
<dataflow id="63" from="readData" to="icmp_ln171_1" fromId="6" toId="11">
</dataflow>
<dataflow id="64" from="data_read" to="icmp_ln171_1" fromId="8" toId="11">
</dataflow>
<dataflow id="65" from="icmp_ln171_1" to="xor_ln171" fromId="11" toId="12">
</dataflow>
<dataflow id="67" from="StgValue_66" to="xor_ln171" fromId="66" toId="12">
</dataflow>
<dataflow id="68" from="xor_ln171" to="select_ln171_1" fromId="12" toId="13">
</dataflow>
<dataflow id="69" from="select_ln171" to="select_ln171_1" fromId="10" toId="13">
</dataflow>
<dataflow id="71" from="StgValue_70" to="select_ln171_1" fromId="70" toId="13">
</dataflow>
<dataflow id="72" from="select_ln171_1" to="ret_ln171" fromId="13" toId="14">
</dataflow>
</dataflows>


</stg>
