<stg><name>Search</name>


<trans_list>

<trans id="53" from="1" to="2">
<condition id="-1">
<or_exp><and_exp></and_exp></or_exp>
</condition>
</trans>

<trans id="54" from="2" to="3">
<condition id="-1">
<or_exp><and_exp></and_exp></or_exp>
</condition>
</trans>

<trans id="55" from="3" to="7">
<condition id="-1">
<or_exp><and_exp><literal name="and_ln134" val="1"/>
<literal name="icmp_ln136" val="1"/>
</and_exp></or_exp>
</condition>
</trans>

<trans id="56" from="3" to="4">
<condition id="-1">
<or_exp><and_exp><literal name="and_ln134" val="1"/>
<literal name="icmp_ln136" val="0"/>
<literal name="icmp_ln148" val="0"/>
</and_exp></or_exp>
</condition>
</trans>

<trans id="57" from="3" to="5">
<condition id="-1">
<or_exp><and_exp><literal name="and_ln134" val="1"/>
<literal name="icmp_ln136" val="0"/>
<literal name="icmp_ln148" val="1"/>
</and_exp></or_exp>
</condition>
</trans>

<trans id="59" from="4" to="6">
<condition id="-1">
<or_exp><and_exp></and_exp></or_exp>
</condition>
</trans>

<trans id="61" from="5" to="6">
<condition id="-1">
<or_exp><and_exp></and_exp></or_exp>
</condition>
</trans>

<trans id="62" from="6" to="7">
<condition id="-1">
<or_exp><and_exp></and_exp></or_exp>
</condition>
</trans>

<trans id="65" from="7" to="3">
<condition id="-1">
<or_exp><and_exp></and_exp></or_exp>
</condition>
</trans>
</trans_list>



<state_list>

<state id="1" st_id="1">

<operation id="8" st_id="1" stage="1" lat="1">
<core>NULL</core>
<MemPortIdVec></MemPortIdVec>
<condition id="-1">
<or_exp><and_exp></and_exp></or_exp>
</condition>

<Node id="4" bw="32" op_0_bw="32">
<![CDATA[
:0  %subResult_0_0 = alloca i32

]]></Node>
<StgValue><ssdm name="subResult_0_0"/></StgValue>
</operation>

<operation id="9" st_id="1" stage="1" lat="1">
<core>NULL</core>
<MemPortIdVec></MemPortIdVec>
<condition id="-1">
<or_exp><and_exp></and_exp></or_exp>
</condition>

<Node id="5" bw="2" op_0_bw="32">
<![CDATA[
:1  %agg_result_3_0 = alloca i2

]]></Node>
<StgValue><ssdm name="agg_result_3_0"/></StgValue>
</operation>

<operation id="10" st_id="1" stage="1" lat="1">
<core>NULL</core>
<MemPortIdVec></MemPortIdVec>
<condition id="-1">
<or_exp><and_exp></and_exp></or_exp>
</condition>

<Node id="6" bw="32" op_0_bw="32">
<![CDATA[
:2  %output_parentPtr = alloca i32

]]></Node>
<StgValue><ssdm name="output_parentPtr"/></StgValue>
</operation>

<operation id="11" st_id="1" stage="1" lat="1">
<core>NULL</core>
<MemPortIdVec></MemPortIdVec>
<condition id="-1">
<or_exp><and_exp></and_exp></or_exp>
</condition>

<Node id="8" bw="32" op_0_bw="32" op_1_bw="32">
<![CDATA[
:4  %data_read = call i32 @_ssdm_op_Read.ap_auto.i32(i32 %data)

]]></Node>
<StgValue><ssdm name="data_read"/></StgValue>
</operation>

<operation id="12" st_id="1" stage="1" lat="1">
<core>NULL</core>
<MemPortIdVec></MemPortIdVec>
<condition id="-1">
<or_exp><and_exp></and_exp></or_exp>
</condition>

<Node id="9" bw="32" op_0_bw="32" op_1_bw="32">
<![CDATA[
:5  %treePtr_read = call i32 @_ssdm_op_Read.ap_auto.i32(i32 %treePtr)

]]></Node>
<StgValue><ssdm name="treePtr_read"/></StgValue>
</operation>

<operation id="13" st_id="1" stage="2" lat="2">
<core></core>
<MemPortIdVec></MemPortIdVec>
<condition id="-1">
<or_exp><and_exp></and_exp></or_exp>
</condition>

<Node id="10" bw="2" op_0_bw="2" op_1_bw="32" op_2_bw="32" op_3_bw="32">
<![CDATA[
:6  %subResult_feedback = call fastcc i2 @SearchSub(i32* %myHeap, i32 %treePtr_read, i32 %data_read)

]]></Node>
<StgValue><ssdm name="subResult_feedback"/></StgValue>
</operation>

<operation id="14" st_id="1" stage="1" lat="1">
<core>NULL</core>
<MemPortIdVec></MemPortIdVec>
<condition id="-1">
<or_exp><and_exp></and_exp></or_exp>
</condition>

<Node id="12" bw="0" op_0_bw="32" op_1_bw="32">
<![CDATA[
:8  store i32 %treePtr_read, i32* %output_parentPtr

]]></Node>
<StgValue><ssdm name="store_ln134"/></StgValue>
</operation>

<operation id="15" st_id="1" stage="1" lat="1">
<core>NULL</core>
<MemPortIdVec></MemPortIdVec>
<condition id="-1">
<or_exp><and_exp></and_exp></or_exp>
</condition>

<Node id="13" bw="0" op_0_bw="2" op_1_bw="2">
<![CDATA[
:9  store i2 0, i2* %agg_result_3_0

]]></Node>
<StgValue><ssdm name="store_ln134"/></StgValue>
</operation>
</state>

<state id="2" st_id="2">

<operation id="16" st_id="2" stage="1" lat="1">
<core>NULL</core>
<MemPortIdVec></MemPortIdVec>
<condition id="-1">
<or_exp><and_exp></and_exp></or_exp>
</condition>

<Node id="7" bw="0" op_0_bw="0" op_1_bw="32" op_2_bw="0" op_3_bw="32" op_4_bw="32" op_5_bw="0" op_6_bw="32" op_7_bw="32" op_8_bw="0" op_9_bw="0" op_10_bw="0" op_11_bw="32" op_12_bw="32" op_13_bw="32" op_14_bw="32" op_15_bw="0" op_16_bw="0">
<![CDATA[
:3  call void (...)* @_ssdm_op_SpecInterface(i32* %myHeap, [6 x i8]* @p_str3, i32 0, i32 0, [1 x i8]* @p_str1, i32 0, i32 1, [1 x i8]* @p_str1, [4 x i8]* @p_str4, [1 x i8]* @p_str1, i32 16, i32 16, i32 16, i32 16, [1 x i8]* @p_str1, [1 x i8]* @p_str1) nounwind

]]></Node>
<StgValue><ssdm name="specinterface_ln0"/></StgValue>
</operation>

<operation id="17" st_id="2" stage="1" lat="2">
<core></core>
<MemPortIdVec></MemPortIdVec>
<condition id="-1">
<or_exp><and_exp></and_exp></or_exp>
</condition>

<Node id="10" bw="2" op_0_bw="2" op_1_bw="32" op_2_bw="32" op_3_bw="32">
<![CDATA[
:6  %subResult_feedback = call fastcc i2 @SearchSub(i32* %myHeap, i32 %treePtr_read, i32 %data_read)

]]></Node>
<StgValue><ssdm name="subResult_feedback"/></StgValue>
</operation>

<operation id="18" st_id="2" stage="1" lat="1">
<core>NULL</core>
<MemPortIdVec></MemPortIdVec>
<condition id="-1">
<or_exp><and_exp></and_exp></or_exp>
</condition>

<Node id="11" bw="32" op_0_bw="2">
<![CDATA[
:7  %zext_ln133 = zext i2 %subResult_feedback to i32

]]></Node>
<StgValue><ssdm name="zext_ln133"/></StgValue>
</operation>

<operation id="19" st_id="2" stage="1" lat="1">
<core>NULL</core>
<MemPortIdVec></MemPortIdVec>
<condition id="-1">
<or_exp><and_exp></and_exp></or_exp>
</condition>

<Node id="14" bw="0" op_0_bw="32" op_1_bw="32">
<![CDATA[
:10  store i32 %zext_ln133, i32* %subResult_0_0

]]></Node>
<StgValue><ssdm name="store_ln134"/></StgValue>
</operation>

<operation id="20" st_id="2" stage="1" lat="1">
<core>NULL</core>
<MemPortIdVec></MemPortIdVec>
<condition id="-1">
<or_exp><and_exp></and_exp></or_exp>
</condition>

<Node id="15" bw="0" op_0_bw="0">
<![CDATA[
:11  br label %.backedge

]]></Node>
<StgValue><ssdm name="br_ln134"/></StgValue>
</operation>
</state>

<state id="3" st_id="3">

<operation id="21" st_id="3" stage="1" lat="1">
<core>NULL</core>
<MemPortIdVec></MemPortIdVec>
<condition id="-1">
<or_exp><and_exp></and_exp></or_exp>
</condition>

<Node id="17" bw="1" op_0_bw="1" op_1_bw="0" op_2_bw="1" op_3_bw="0">
<![CDATA[
.backedge:0  %phi_ln134 = phi i1 [ true, %0 ], [ %phi_ln134_be, %.backedge.backedge ]

]]></Node>
<StgValue><ssdm name="phi_ln134"/></StgValue>
</operation>

<operation id="22" st_id="3" stage="1" lat="1">
<core>NULL</core>
<MemPortIdVec></MemPortIdVec>
<condition id="-1">
<or_exp><and_exp></and_exp></or_exp>
</condition>

<Node id="18" bw="32" op_0_bw="32" op_1_bw="0">
<![CDATA[
.backedge:1  %output_parentPtr_1 = load i32* %output_parentPtr

]]></Node>
<StgValue><ssdm name="output_parentPtr_1"/></StgValue>
</operation>

<operation id="23" st_id="3" stage="1" lat="1">
<core>Cmp</core>
<MemPortIdVec></MemPortIdVec>
<condition id="-1">
<or_exp><and_exp></and_exp></or_exp>
</condition>

<Node id="19" bw="1" op_0_bw="32" op_1_bw="32">
<![CDATA[
.backedge:2  %icmp_ln134 = icmp ne i32 %output_parentPtr_1, 0

]]></Node>
<StgValue><ssdm name="icmp_ln134"/></StgValue>
</operation>

<operation id="24" st_id="3" stage="1" lat="1">
<core>LogicGate</core>
<MemPortIdVec></MemPortIdVec>
<condition id="-1">
<or_exp><and_exp></and_exp></or_exp>
</condition>

<Node id="20" bw="1" op_0_bw="1" op_1_bw="1">
<![CDATA[
.backedge:3  %and_ln134 = and i1 %phi_ln134, %icmp_ln134

]]></Node>
<StgValue><ssdm name="and_ln134"/></StgValue>
</operation>

<operation id="25" st_id="3" stage="1" lat="1">
<core>NULL</core>
<MemPortIdVec></MemPortIdVec>
<condition id="-1">
<or_exp><and_exp></and_exp></or_exp>
</condition>

<Node id="21" bw="0" op_0_bw="1" op_1_bw="0" op_2_bw="0">
<![CDATA[
.backedge:4  br i1 %and_ln134, label %1, label %7

]]></Node>
<StgValue><ssdm name="br_ln134"/></StgValue>
</operation>

<operation id="26" st_id="3" stage="1" lat="1">
<core>NULL</core>
<MemPortIdVec></MemPortIdVec>
<condition id="-1">
<or_exp><and_exp><literal name="and_ln134" val="1"/>
</and_exp></or_exp>
</condition>

<Node id="23" bw="32" op_0_bw="32" op_1_bw="0">
<![CDATA[
:0  %subResult_0_0_load = load i32* %subResult_0_0

]]></Node>
<StgValue><ssdm name="subResult_0_0_load"/></StgValue>
</operation>

<operation id="27" st_id="3" stage="1" lat="1">
<core>Cmp</core>
<MemPortIdVec></MemPortIdVec>
<condition id="-1">
<or_exp><and_exp><literal name="and_ln134" val="1"/>
</and_exp></or_exp>
</condition>

<Node id="24" bw="1" op_0_bw="32" op_1_bw="32">
<![CDATA[
:1  %icmp_ln136 = icmp eq i32 %subResult_0_0_load, 1

]]></Node>
<StgValue><ssdm name="icmp_ln136"/></StgValue>
</operation>

<operation id="28" st_id="3" stage="1" lat="1">
<core>NULL</core>
<MemPortIdVec></MemPortIdVec>
<condition id="-1">
<or_exp><and_exp><literal name="and_ln134" val="1"/>
</and_exp></or_exp>
</condition>

<Node id="25" bw="0" op_0_bw="1" op_1_bw="0" op_2_bw="0">
<![CDATA[
:2  br i1 %icmp_ln136, label %.backedge.backedge, label %2

]]></Node>
<StgValue><ssdm name="br_ln136"/></StgValue>
</operation>

<operation id="29" st_id="3" stage="1" lat="1">
<core>Cmp</core>
<MemPortIdVec></MemPortIdVec>
<condition id="-1">
<or_exp><and_exp><literal name="and_ln134" val="1"/>
<literal name="icmp_ln136" val="0"/>
</and_exp></or_exp>
</condition>

<Node id="27" bw="1" op_0_bw="32" op_1_bw="32">
<![CDATA[
:0  %icmp_ln148 = icmp eq i32 %subResult_0_0_load, 2

]]></Node>
<StgValue><ssdm name="icmp_ln148"/></StgValue>
</operation>

<operation id="30" st_id="3" stage="1" lat="1">
<core>NULL</core>
<MemPortIdVec></MemPortIdVec>
<condition id="-1">
<or_exp><and_exp><literal name="and_ln134" val="1"/>
<literal name="icmp_ln136" val="0"/>
</and_exp></or_exp>
</condition>

<Node id="28" bw="0" op_0_bw="1" op_1_bw="0" op_2_bw="0">
<![CDATA[
:1  br i1 %icmp_ln148, label %3, label %4

]]></Node>
<StgValue><ssdm name="br_ln148"/></StgValue>
</operation>

<operation id="31" st_id="3" stage="2" lat="2">
<core></core>
<MemPortIdVec></MemPortIdVec>
<condition id="-1">
<or_exp><and_exp><literal name="and_ln134" val="1"/>
<literal name="icmp_ln136" val="0"/>
<literal name="icmp_ln148" val="0"/>
</and_exp></or_exp>
</condition>

<Node id="30" bw="32" op_0_bw="32" op_1_bw="32" op_2_bw="32" op_3_bw="2" op_4_bw="2">
<![CDATA[
:0  %localPtr_1 = call fastcc i32 @node_get_right_point(i32* %myHeap, i32 %output_parentPtr_1)

]]></Node>
<StgValue><ssdm name="localPtr_1"/></StgValue>
</operation>

<operation id="32" st_id="3" stage="2" lat="2">
<core></core>
<MemPortIdVec></MemPortIdVec>
<condition id="-1">
<or_exp><and_exp><literal name="and_ln134" val="1"/>
<literal name="icmp_ln136" val="0"/>
<literal name="icmp_ln148" val="1"/>
</and_exp></or_exp>
</condition>

<Node id="34" bw="32" op_0_bw="32" op_1_bw="32" op_2_bw="32" op_3_bw="2" op_4_bw="2">
<![CDATA[
:0  %localPtr = call fastcc i32 @node_get_left_pointe(i32* %myHeap, i32 %output_parentPtr_1)

]]></Node>
<StgValue><ssdm name="localPtr"/></StgValue>
</operation>

<operation id="33" st_id="3" stage="1" lat="1">
<core>NULL</core>
<MemPortIdVec></MemPortIdVec>
<condition id="-1">
<or_exp><and_exp><literal name="and_ln134" val="0"/>
</and_exp></or_exp>
</condition>

<Node id="53" bw="2" op_0_bw="2" op_1_bw="0">
<![CDATA[
:0  %agg_result_3_0_load = load i2* %agg_result_3_0

]]></Node>
<StgValue><ssdm name="agg_result_3_0_load"/></StgValue>
</operation>

<operation id="34" st_id="3" stage="1" lat="1">
<core>NULL</core>
<MemPortIdVec></MemPortIdVec>
<condition id="-1">
<or_exp><and_exp><literal name="and_ln134" val="0"/>
</and_exp></or_exp>
</condition>

<Node id="54" bw="0" op_0_bw="2">
<![CDATA[
:1  ret i2 %agg_result_3_0_load

]]></Node>
<StgValue><ssdm name="ret_ln0"/></StgValue>
</operation>
</state>

<state id="4" st_id="4">

<operation id="35" st_id="4" stage="1" lat="2">
<core></core>
<MemPortIdVec></MemPortIdVec>
<condition id="-1">
<or_exp><and_exp></and_exp></or_exp>
</condition>

<Node id="30" bw="32" op_0_bw="32" op_1_bw="32" op_2_bw="32" op_3_bw="2" op_4_bw="2">
<![CDATA[
:0  %localPtr_1 = call fastcc i32 @node_get_right_point(i32* %myHeap, i32 %output_parentPtr_1)

]]></Node>
<StgValue><ssdm name="localPtr_1"/></StgValue>
</operation>

<operation id="36" st_id="4" stage="1" lat="1">
<core>NULL</core>
<MemPortIdVec></MemPortIdVec>
<condition id="-1">
<or_exp><and_exp></and_exp></or_exp>
</condition>

<Node id="31" bw="0" op_0_bw="32" op_1_bw="32" op_2_bw="0" op_3_bw="32">
<![CDATA[
:1  store i32 %localPtr_1, i32* %output_parentPtr

]]></Node>
<StgValue><ssdm name="store_ln155"/></StgValue>
</operation>

<operation id="37" st_id="4" stage="1" lat="1">
<core>NULL</core>
<MemPortIdVec></MemPortIdVec>
<condition id="-1">
<or_exp><and_exp></and_exp></or_exp>
</condition>

<Node id="32" bw="0" op_0_bw="0">
<![CDATA[
:2  br label %5

]]></Node>
<StgValue><ssdm name="br_ln0"/></StgValue>
</operation>
</state>

<state id="5" st_id="5">

<operation id="38" st_id="5" stage="1" lat="2">
<core></core>
<MemPortIdVec></MemPortIdVec>
<condition id="-1">
<or_exp><and_exp></and_exp></or_exp>
</condition>

<Node id="34" bw="32" op_0_bw="32" op_1_bw="32" op_2_bw="32" op_3_bw="2" op_4_bw="2">
<![CDATA[
:0  %localPtr = call fastcc i32 @node_get_left_pointe(i32* %myHeap, i32 %output_parentPtr_1)

]]></Node>
<StgValue><ssdm name="localPtr"/></StgValue>
</operation>

<operation id="39" st_id="5" stage="1" lat="1">
<core>NULL</core>
<MemPortIdVec></MemPortIdVec>
<condition id="-1">
<or_exp><and_exp></and_exp></or_exp>
</condition>

<Node id="35" bw="0" op_0_bw="32" op_1_bw="32" op_2_bw="0" op_3_bw="32">
<![CDATA[
:1  store i32 %localPtr, i32* %output_parentPtr

]]></Node>
<StgValue><ssdm name="store_ln152"/></StgValue>
</operation>

<operation id="40" st_id="5" stage="1" lat="1">
<core>NULL</core>
<MemPortIdVec></MemPortIdVec>
<condition id="-1">
<or_exp><and_exp></and_exp></or_exp>
</condition>

<Node id="36" bw="0" op_0_bw="0">
<![CDATA[
:2  br label %5

]]></Node>
<StgValue><ssdm name="br_ln152"/></StgValue>
</operation>
</state>

<state id="6" st_id="6">

<operation id="41" st_id="6" stage="1" lat="1">
<core>NULL</core>
<MemPortIdVec></MemPortIdVec>
<condition id="-1">
<or_exp><and_exp></and_exp></or_exp>
</condition>

<Node id="38" bw="32" op_0_bw="32" op_1_bw="0" op_2_bw="0" op_3_bw="0">
<![CDATA[
:0  %output_parentPtr_loa = load i32* %output_parentPtr

]]></Node>
<StgValue><ssdm name="output_parentPtr_loa"/></StgValue>
</operation>

<operation id="42" st_id="6" stage="1" lat="1">
<core>Cmp</core>
<MemPortIdVec></MemPortIdVec>
<condition id="-1">
<or_exp><and_exp></and_exp></or_exp>
</condition>

<Node id="39" bw="1" op_0_bw="32" op_1_bw="32">
<![CDATA[
:1  %icmp_ln157 = icmp eq i32 %output_parentPtr_loa, 0

]]></Node>
<StgValue><ssdm name="icmp_ln157"/></StgValue>
</operation>

<operation id="43" st_id="6" stage="1" lat="1">
<core>NULL</core>
<MemPortIdVec></MemPortIdVec>
<condition id="-1">
<or_exp><and_exp></and_exp></or_exp>
</condition>

<Node id="40" bw="0" op_0_bw="1" op_1_bw="0" op_2_bw="0">
<![CDATA[
:2  br i1 %icmp_ln157, label %..backedge.backedge_crit_edge, label %6

]]></Node>
<StgValue><ssdm name="br_ln157"/></StgValue>
</operation>

<operation id="44" st_id="6" stage="2" lat="2">
<core></core>
<MemPortIdVec></MemPortIdVec>
<condition id="-1">
<or_exp><and_exp><literal name="icmp_ln157" val="0"/>
</and_exp></or_exp>
</condition>

<Node id="42" bw="2" op_0_bw="2" op_1_bw="32" op_2_bw="32" op_3_bw="32" op_4_bw="2" op_5_bw="32" op_6_bw="32" op_7_bw="2" op_8_bw="32" op_9_bw="32">
<![CDATA[
:0  %subResult_feedback_1 = call fastcc i2 @SearchSub(i32* %myHeap, i32 %output_parentPtr_loa, i32 %data_read)

]]></Node>
<StgValue><ssdm name="subResult_feedback_1"/></StgValue>
</operation>

<operation id="45" st_id="6" stage="1" lat="1">
<core>NULL</core>
<MemPortIdVec></MemPortIdVec>
<condition id="-1">
<or_exp><and_exp><literal name="icmp_ln157" val="1"/>
</and_exp></or_exp>
</condition>

<Node id="47" bw="0" op_0_bw="2" op_1_bw="2" op_2_bw="0">
<![CDATA[
..backedge.backedge_crit_edge:0  store i2 1, i2* %agg_result_3_0

]]></Node>
<StgValue><ssdm name="store_ln157"/></StgValue>
</operation>

<operation id="46" st_id="6" stage="1" lat="1">
<core>NULL</core>
<MemPortIdVec></MemPortIdVec>
<condition id="-1">
<or_exp><and_exp><literal name="icmp_ln157" val="1"/>
</and_exp></or_exp>
</condition>

<Node id="48" bw="0" op_0_bw="0">
<![CDATA[
..backedge.backedge_crit_edge:1  br label %.backedge.backedge

]]></Node>
<StgValue><ssdm name="br_ln157"/></StgValue>
</operation>
</state>

<state id="7" st_id="7">

<operation id="47" st_id="7" stage="1" lat="2">
<core></core>
<MemPortIdVec></MemPortIdVec>
<condition id="-1">
<or_exp><and_exp><literal name="icmp_ln136" val="0"/>
<literal name="icmp_ln157" val="0"/>
</and_exp></or_exp>
</condition>

<Node id="42" bw="2" op_0_bw="2" op_1_bw="32" op_2_bw="32" op_3_bw="32" op_4_bw="2" op_5_bw="32" op_6_bw="32" op_7_bw="2" op_8_bw="32" op_9_bw="32">
<![CDATA[
:0  %subResult_feedback_1 = call fastcc i2 @SearchSub(i32* %myHeap, i32 %output_parentPtr_loa, i32 %data_read)

]]></Node>
<StgValue><ssdm name="subResult_feedback_1"/></StgValue>
</operation>

<operation id="48" st_id="7" stage="1" lat="1">
<core>NULL</core>
<MemPortIdVec></MemPortIdVec>
<condition id="-1">
<or_exp><and_exp><literal name="icmp_ln136" val="0"/>
<literal name="icmp_ln157" val="0"/>
</and_exp></or_exp>
</condition>

<Node id="43" bw="32" op_0_bw="2">
<![CDATA[
:1  %zext_ln161 = zext i2 %subResult_feedback_1 to i32

]]></Node>
<StgValue><ssdm name="zext_ln161"/></StgValue>
</operation>

<operation id="49" st_id="7" stage="1" lat="1">
<core>NULL</core>
<MemPortIdVec></MemPortIdVec>
<condition id="-1">
<or_exp><and_exp><literal name="icmp_ln136" val="0"/>
<literal name="icmp_ln157" val="0"/>
</and_exp></or_exp>
</condition>

<Node id="44" bw="0" op_0_bw="32" op_1_bw="32" op_2_bw="0" op_3_bw="32">
<![CDATA[
:2  store i32 %zext_ln161, i32* %subResult_0_0

]]></Node>
<StgValue><ssdm name="store_ln161"/></StgValue>
</operation>

<operation id="50" st_id="7" stage="1" lat="1">
<core>NULL</core>
<MemPortIdVec></MemPortIdVec>
<condition id="-1">
<or_exp><and_exp><literal name="icmp_ln136" val="0"/>
<literal name="icmp_ln157" val="0"/>
</and_exp></or_exp>
</condition>

<Node id="45" bw="0" op_0_bw="0">
<![CDATA[
:3  br label %.backedge.backedge

]]></Node>
<StgValue><ssdm name="br_ln0"/></StgValue>
</operation>

<operation id="51" st_id="7" stage="1" lat="1">
<core>NULL</core>
<MemPortIdVec></MemPortIdVec>
<condition id="-1">
<or_exp><and_exp></and_exp></or_exp>
</condition>

<Node id="50" bw="1" op_0_bw="1" op_1_bw="0" op_2_bw="1" op_3_bw="0" op_4_bw="1" op_5_bw="0">
<![CDATA[
.backedge.backedge:0  %phi_ln134_be = phi i1 [ false, %1 ], [ false, %..backedge.backedge_crit_edge ], [ true, %6 ]

]]></Node>
<StgValue><ssdm name="phi_ln134_be"/></StgValue>
</operation>

<operation id="52" st_id="7" stage="1" lat="1">
<core>NULL</core>
<MemPortIdVec></MemPortIdVec>
<condition id="-1">
<or_exp><and_exp></and_exp></or_exp>
</condition>

<Node id="51" bw="0" op_0_bw="0">
<![CDATA[
.backedge.backedge:1  br label %.backedge

]]></Node>
<StgValue><ssdm name="br_ln0"/></StgValue>
</operation>
</state>
</state_list>


<ports>
</ports>


<dataflows>
</dataflows>


</stg>
