<stg><name>Search</name>


<trans_list>

<trans id="53" from="1" to="2">
<condition id="-1">
<or_exp><and_exp></and_exp></or_exp>
</condition>
</trans>

<trans id="54" from="2" to="3">
<condition id="-1">
<or_exp><and_exp></and_exp></or_exp>
</condition>
</trans>

<trans id="55" from="3" to="7">
<condition id="-1">
<or_exp><and_exp><literal name="and_ln134" val="1"/>
<literal name="icmp_ln136" val="1"/>
</and_exp></or_exp>
</condition>
</trans>

<trans id="56" from="3" to="4">
<condition id="-1">
<or_exp><and_exp><literal name="and_ln134" val="1"/>
<literal name="icmp_ln136" val="0"/>
<literal name="icmp_ln148" val="0"/>
</and_exp></or_exp>
</condition>
</trans>

<trans id="57" from="3" to="5">
<condition id="-1">
<or_exp><and_exp><literal name="and_ln134" val="1"/>
<literal name="icmp_ln136" val="0"/>
<literal name="icmp_ln148" val="1"/>
</and_exp></or_exp>
</condition>
</trans>

<trans id="59" from="4" to="6">
<condition id="-1">
<or_exp><and_exp></and_exp></or_exp>
</condition>
</trans>

<trans id="61" from="5" to="6">
<condition id="-1">
<or_exp><and_exp></and_exp></or_exp>
</condition>
</trans>

<trans id="62" from="6" to="7">
<condition id="-1">
<or_exp><and_exp></and_exp></or_exp>
</condition>
</trans>

<trans id="65" from="7" to="3">
<condition id="-1">
<or_exp><and_exp></and_exp></or_exp>
</condition>
</trans>
</trans_list>



<state_list>

<state id="1" st_id="1">

<operation id="8" st_id="1" stage="1" lat="1">
<core>NULL</core>
<MemPortIdVec></MemPortIdVec>
<condition id="-1">
<or_exp><and_exp></and_exp></or_exp>
</condition>

<Node id="4" bw="32" op_0_bw="32">
<![CDATA[
:0  %subResult_0_0 = alloca i32

]]></Node>
<StgValue><ssdm name="subResult_0_0"/></StgValue>
</operation>

<operation id="9" st_id="1" stage="1" lat="1">
<core>NULL</core>
<MemPortIdVec></MemPortIdVec>
<condition id="-1">
<or_exp><and_exp></and_exp></or_exp>
</condition>

<Node id="5" bw="2" op_0_bw="32">
<![CDATA[
:1  %agg_result_3_0 = alloca i2

]]></Node>
<StgValue><ssdm name="agg_result_3_0"/></StgValue>
</operation>

<operation id="10" st_id="1" stage="1" lat="1">
<core>NULL</core>
<MemPortIdVec></MemPortIdVec>
<condition id="-1">
<or_exp><and_exp></and_exp></or_exp>
</condition>

<Node id="6" bw="32" op_0_bw="32">
<![CDATA[
:2  %output_parentPtr = alloca i32

]]></Node>
<StgValue><ssdm name="output_parentPtr"/></StgValue>
</operation>

<operation id="11" st_id="1" stage="1" lat="1">
<core>NULL</core>
<MemPortIdVec></MemPortIdVec>
<condition id="-1">
<or_exp><and_exp></and_exp></or_exp>
</condition>

<Node id="8" bw="32" op_0_bw="32" op_1_bw="32">
<![CDATA[
:4  %data_read = call i32 @_ssdm_op_Read.ap_auto.i32(i32 %data)

]]></Node>
<StgValue><ssdm name="data_read"/></StgValue>
</operation>

<operation id="12" st_id="1" stage="1" lat="1">
<core>NULL</core>
<MemPortIdVec></MemPortIdVec>
<condition id="-1">
<or_exp><and_exp></and_exp></or_exp>
</condition>

<Node id="9" bw="32" op_0_bw="32" op_1_bw="32">
<![CDATA[
:5  %treePtr_read = call i32 @_ssdm_op_Read.ap_auto.i32(i32 %treePtr)

]]></Node>
<StgValue><ssdm name="treePtr_read"/></StgValue>
</operation>

<operation id="13" st_id="1" stage="2" lat="2">
<core></core>
<MemPortIdVec></MemPortIdVec>
<condition id="-1">
<or_exp><and_exp></and_exp></or_exp>
</condition>

<Node id="10" bw="2" op_0_bw="2" op_1_bw="32" op_2_bw="32" op_3_bw="32">
<![CDATA[
:6  %subResult_feedback = call fastcc i2 @SearchSub(i32* %myHeap, i32 %treePtr_read, i32 %data_read)

]]></Node>
<StgValue><ssdm name="subResult_feedback"/></StgValue>
</operation>

<operation id="14" st_id="1" stage="1" lat="1">
<core>NULL</core>
<MemPortIdVec></MemPortIdVec>
<condition id="-1">
<or_exp><and_exp></and_exp></or_exp>
</condition>

<Node id="12" bw="0" op_0_bw="32" op_1_bw="32">
<![CDATA[
:8  store i32 %treePtr_read, i32* %output_parentPtr

]]></Node>
<StgValue><ssdm name="store_ln134"/></StgValue>
</operation>

<operation id="15" st_id="1" stage="1" lat="1">
<core>NULL</core>
<MemPortIdVec></MemPortIdVec>
<condition id="-1">
<or_exp><and_exp></and_exp></or_exp>
</condition>

<Node id="13" bw="0" op_0_bw="2" op_1_bw="2">
<![CDATA[
:9  store i2 0, i2* %agg_result_3_0

]]></Node>
<StgValue><ssdm name="store_ln134"/></StgValue>
</operation>
</state>

<state id="2" st_id="2">

<operation id="16" st_id="2" stage="1" lat="1">
<core>NULL</core>
<MemPortIdVec></MemPortIdVec>
<condition id="-1">
<or_exp><and_exp></and_exp></or_exp>
</condition>

<Node id="7" bw="0" op_0_bw="0" op_1_bw="32" op_2_bw="0" op_3_bw="32" op_4_bw="32" op_5_bw="0" op_6_bw="32" op_7_bw="32" op_8_bw="0" op_9_bw="0" op_10_bw="0" op_11_bw="32" op_12_bw="32" op_13_bw="32" op_14_bw="32" op_15_bw="0" op_16_bw="0">
<![CDATA[
:3  call void (...)* @_ssdm_op_SpecInterface(i32* %myHeap, [6 x i8]* @p_str3, i32 0, i32 0, [1 x i8]* @p_str1, i32 0, i32 1, [1 x i8]* @p_str1, [4 x i8]* @p_str4, [1 x i8]* @p_str1, i32 16, i32 16, i32 16, i32 16, [1 x i8]* @p_str1, [1 x i8]* @p_str1) nounwind

]]></Node>
<StgValue><ssdm name="specinterface_ln0"/></StgValue>
</operation>

<operation id="17" st_id="2" stage="1" lat="2">
<core></core>
<MemPortIdVec></MemPortIdVec>
<condition id="-1">
<or_exp><and_exp></and_exp></or_exp>
</condition>

<Node id="10" bw="2" op_0_bw="2" op_1_bw="32" op_2_bw="32" op_3_bw="32">
<![CDATA[
:6  %subResult_feedback = call fastcc i2 @SearchSub(i32* %myHeap, i32 %treePtr_read, i32 %data_read)

]]></Node>
<StgValue><ssdm name="subResult_feedback"/></StgValue>
</operation>

<operation id="18" st_id="2" stage="1" lat="1">
<core>NULL</core>
<MemPortIdVec></MemPortIdVec>
<condition id="-1">
<or_exp><and_exp></and_exp></or_exp>
</condition>

<Node id="11" bw="32" op_0_bw="2">
<![CDATA[
:7  %zext_ln133 = zext i2 %subResult_feedback to i32

]]></Node>
<StgValue><ssdm name="zext_ln133"/></StgValue>
</operation>

<operation id="19" st_id="2" stage="1" lat="1">
<core>NULL</core>
<MemPortIdVec></MemPortIdVec>
<condition id="-1">
<or_exp><and_exp></and_exp></or_exp>
</condition>

<Node id="14" bw="0" op_0_bw="32" op_1_bw="32">
<![CDATA[
:10  store i32 %zext_ln133, i32* %subResult_0_0

]]></Node>
<StgValue><ssdm name="store_ln134"/></StgValue>
</operation>

<operation id="20" st_id="2" stage="1" lat="1">
<core>NULL</core>
<MemPortIdVec></MemPortIdVec>
<condition id="-1">
<or_exp><and_exp></and_exp></or_exp>
</condition>

<Node id="15" bw="0" op_0_bw="0">
<![CDATA[
:11  br label %.backedge

]]></Node>
<StgValue><ssdm name="br_ln134"/></StgValue>
</operation>
</state>

<state id="3" st_id="3">

<operation id="21" st_id="3" stage="1" lat="1">
<core>NULL</core>
<MemPortIdVec></MemPortIdVec>
<condition id="-1">
<or_exp><and_exp></and_exp></or_exp>
</condition>

<Node id="17" bw="1" op_0_bw="1" op_1_bw="0" op_2_bw="1" op_3_bw="0">
<![CDATA[
.backedge:0  %phi_ln134 = phi i1 [ true, %0 ], [ %phi_ln134_be, %.backedge.backedge ]

]]></Node>
<StgValue><ssdm name="phi_ln134"/></StgValue>
</operation>

<operation id="22" st_id="3" stage="1" lat="1">
<core>NULL</core>
<MemPortIdVec></MemPortIdVec>
<condition id="-1">
<or_exp><and_exp></and_exp></or_exp>
</condition>

<Node id="18" bw="32" op_0_bw="32" op_1_bw="0">
<![CDATA[
.backedge:1  %output_parentPtr_1 = load i32* %output_parentPtr

]]></Node>
<StgValue><ssdm name="output_parentPtr_1"/></StgValue>
</operation>

<operation id="23" st_id="3" stage="1" lat="1">
<core>Cmp</core>
<MemPortIdVec></MemPortIdVec>
<condition id="-1">
<or_exp><and_exp></and_exp></or_exp>
</condition>

<Node id="19" bw="1" op_0_bw="32" op_1_bw="32">
<![CDATA[
.backedge:2  %icmp_ln134 = icmp ne i32 %output_parentPtr_1, 0

]]></Node>
<StgValue><ssdm name="icmp_ln134"/></StgValue>
</operation>

<operation id="24" st_id="3" stage="1" lat="1">
<core>LogicGate</core>
<MemPortIdVec></MemPortIdVec>
<condition id="-1">
<or_exp><and_exp></and_exp></or_exp>
</condition>

<Node id="20" bw="1" op_0_bw="1" op_1_bw="1">
<![CDATA[
.backedge:3  %and_ln134 = and i1 %phi_ln134, %icmp_ln134

]]></Node>
<StgValue><ssdm name="and_ln134"/></StgValue>
</operation>

<operation id="25" st_id="3" stage="1" lat="1">
<core>NULL</core>
<MemPortIdVec></MemPortIdVec>
<condition id="-1">
<or_exp><and_exp></and_exp></or_exp>
</condition>

<Node id="21" bw="0" op_0_bw="1" op_1_bw="0" op_2_bw="0">
<![CDATA[
.backedge:4  br i1 %and_ln134, label %1, label %7

]]></Node>
<StgValue><ssdm name="br_ln134"/></StgValue>
</operation>

<operation id="26" st_id="3" stage="1" lat="1">
<core>NULL</core>
<MemPortIdVec></MemPortIdVec>
<condition id="-1">
<or_exp><and_exp><literal name="and_ln134" val="1"/>
</and_exp></or_exp>
</condition>

<Node id="23" bw="32" op_0_bw="32" op_1_bw="0">
<![CDATA[
:0  %subResult_0_0_load = load i32* %subResult_0_0

]]></Node>
<StgValue><ssdm name="subResult_0_0_load"/></StgValue>
</operation>

<operation id="27" st_id="3" stage="1" lat="1">
<core>Cmp</core>
<MemPortIdVec></MemPortIdVec>
<condition id="-1">
<or_exp><and_exp><literal name="and_ln134" val="1"/>
</and_exp></or_exp>
</condition>

<Node id="24" bw="1" op_0_bw="32" op_1_bw="32">
<![CDATA[
:1  %icmp_ln136 = icmp eq i32 %subResult_0_0_load, 1

]]></Node>
<StgValue><ssdm name="icmp_ln136"/></StgValue>
</operation>

<operation id="28" st_id="3" stage="1" lat="1">
<core>NULL</core>
<MemPortIdVec></MemPortIdVec>
<condition id="-1">
<or_exp><and_exp><literal name="and_ln134" val="1"/>
</and_exp></or_exp>
</condition>

<Node id="25" bw="0" op_0_bw="1" op_1_bw="0" op_2_bw="0">
<![CDATA[
:2  br i1 %icmp_ln136, label %.backedge.backedge, label %2

]]></Node>
<StgValue><ssdm name="br_ln136"/></StgValue>
</operation>

<operation id="29" st_id="3" stage="1" lat="1">
<core>Cmp</core>
<MemPortIdVec></MemPortIdVec>
<condition id="-1">
<or_exp><and_exp><literal name="and_ln134" val="1"/>
<literal name="icmp_ln136" val="0"/>
</and_exp></or_exp>
</condition>

<Node id="27" bw="1" op_0_bw="32" op_1_bw="32">
<![CDATA[
:0  %icmp_ln148 = icmp eq i32 %subResult_0_0_load, 2

]]></Node>
<StgValue><ssdm name="icmp_ln148"/></StgValue>
</operation>

<operation id="30" st_id="3" stage="1" lat="1">
<core>NULL</core>
<MemPortIdVec></MemPortIdVec>
<condition id="-1">
<or_exp><and_exp><literal name="and_ln134" val="1"/>
<literal name="icmp_ln136" val="0"/>
</and_exp></or_exp>
</condition>

<Node id="28" bw="0" op_0_bw="1" op_1_bw="0" op_2_bw="0">
<![CDATA[
:1  br i1 %icmp_ln148, label %3, label %4

]]></Node>
<StgValue><ssdm name="br_ln148"/></StgValue>
</operation>

<operation id="31" st_id="3" stage="2" lat="2">
<core></core>
<MemPortIdVec></MemPortIdVec>
<condition id="-1">
<or_exp><and_exp><literal name="and_ln134" val="1"/>
<literal name="icmp_ln136" val="0"/>
<literal name="icmp_ln148" val="0"/>
</and_exp></or_exp>
</condition>

<Node id="30" bw="32" op_0_bw="32" op_1_bw="32" op_2_bw="32" op_3_bw="2" op_4_bw="2">
<![CDATA[
:0  %localPtr_1 = call fastcc i32 @node_get_right_point(i32* %myHeap, i32 %output_parentPtr_1)

]]></Node>
<StgValue><ssdm name="localPtr_1"/></StgValue>
</operation>

<operation id="32" st_id="3" stage="2" lat="2">
<core></core>
<MemPortIdVec></MemPortIdVec>
<condition id="-1">
<or_exp><and_exp><literal name="and_ln134" val="1"/>
<literal name="icmp_ln136" val="0"/>
<literal name="icmp_ln148" val="1"/>
</and_exp></or_exp>
</condition>

<Node id="34" bw="32" op_0_bw="32" op_1_bw="32" op_2_bw="32" op_3_bw="2" op_4_bw="2">
<![CDATA[
:0  %localPtr = call fastcc i32 @node_get_left_pointe(i32* %myHeap, i32 %output_parentPtr_1)

]]></Node>
<StgValue><ssdm name="localPtr"/></StgValue>
</operation>

<operation id="33" st_id="3" stage="1" lat="1">
<core>NULL</core>
<MemPortIdVec></MemPortIdVec>
<condition id="-1">
<or_exp><and_exp><literal name="and_ln134" val="0"/>
</and_exp></or_exp>
</condition>

<Node id="53" bw="2" op_0_bw="2" op_1_bw="0">
<![CDATA[
:0  %agg_result_3_0_load = load i2* %agg_result_3_0

]]></Node>
<StgValue><ssdm name="agg_result_3_0_load"/></StgValue>
</operation>

<operation id="34" st_id="3" stage="1" lat="1">
<core>NULL</core>
<MemPortIdVec></MemPortIdVec>
<condition id="-1">
<or_exp><and_exp><literal name="and_ln134" val="0"/>
</and_exp></or_exp>
</condition>

<Node id="54" bw="0" op_0_bw="2">
<![CDATA[
:1  ret i2 %agg_result_3_0_load

]]></Node>
<StgValue><ssdm name="ret_ln0"/></StgValue>
</operation>
</state>

<state id="4" st_id="4">

<operation id="35" st_id="4" stage="1" lat="2">
<core></core>
<MemPortIdVec></MemPortIdVec>
<condition id="-1">
<or_exp><and_exp></and_exp></or_exp>
</condition>

<Node id="30" bw="32" op_0_bw="32" op_1_bw="32" op_2_bw="32" op_3_bw="2" op_4_bw="2">
<![CDATA[
:0  %localPtr_1 = call fastcc i32 @node_get_right_point(i32* %myHeap, i32 %output_parentPtr_1)

]]></Node>
<StgValue><ssdm name="localPtr_1"/></StgValue>
</operation>

<operation id="36" st_id="4" stage="1" lat="1">
<core>NULL</core>
<MemPortIdVec></MemPortIdVec>
<condition id="-1">
<or_exp><and_exp></and_exp></or_exp>
</condition>

<Node id="31" bw="0" op_0_bw="32" op_1_bw="32" op_2_bw="0" op_3_bw="32">
<![CDATA[
:1  store i32 %localPtr_1, i32* %output_parentPtr

]]></Node>
<StgValue><ssdm name="store_ln155"/></StgValue>
</operation>

<operation id="37" st_id="4" stage="1" lat="1">
<core>NULL</core>
<MemPortIdVec></MemPortIdVec>
<condition id="-1">
<or_exp><and_exp></and_exp></or_exp>
</condition>

<Node id="32" bw="0" op_0_bw="0">
<![CDATA[
:2  br label %5

]]></Node>
<StgValue><ssdm name="br_ln0"/></StgValue>
</operation>
</state>

<state id="5" st_id="5">

<operation id="38" st_id="5" stage="1" lat="2">
<core></core>
<MemPortIdVec></MemPortIdVec>
<condition id="-1">
<or_exp><and_exp></and_exp></or_exp>
</condition>

<Node id="34" bw="32" op_0_bw="32" op_1_bw="32" op_2_bw="32" op_3_bw="2" op_4_bw="2">
<![CDATA[
:0  %localPtr = call fastcc i32 @node_get_left_pointe(i32* %myHeap, i32 %output_parentPtr_1)

]]></Node>
<StgValue><ssdm name="localPtr"/></StgValue>
</operation>

<operation id="39" st_id="5" stage="1" lat="1">
<core>NULL</core>
<MemPortIdVec></MemPortIdVec>
<condition id="-1">
<or_exp><and_exp></and_exp></or_exp>
</condition>

<Node id="35" bw="0" op_0_bw="32" op_1_bw="32" op_2_bw="0" op_3_bw="32">
<![CDATA[
:1  store i32 %localPtr, i32* %output_parentPtr

]]></Node>
<StgValue><ssdm name="store_ln152"/></StgValue>
</operation>

<operation id="40" st_id="5" stage="1" lat="1">
<core>NULL</core>
<MemPortIdVec></MemPortIdVec>
<condition id="-1">
<or_exp><and_exp></and_exp></or_exp>
</condition>

<Node id="36" bw="0" op_0_bw="0">
<![CDATA[
:2  br label %5

]]></Node>
<StgValue><ssdm name="br_ln152"/></StgValue>
</operation>
</state>

<state id="6" st_id="6">

<operation id="41" st_id="6" stage="1" lat="1">
<core>NULL</core>
<MemPortIdVec></MemPortIdVec>
<condition id="-1">
<or_exp><and_exp></and_exp></or_exp>
</condition>

<Node id="38" bw="32" op_0_bw="32" op_1_bw="0" op_2_bw="0" op_3_bw="0">
<![CDATA[
:0  %output_parentPtr_loa = load i32* %output_parentPtr

]]></Node>
<StgValue><ssdm name="output_parentPtr_loa"/></StgValue>
</operation>

<operation id="42" st_id="6" stage="1" lat="1">
<core>Cmp</core>
<MemPortIdVec></MemPortIdVec>
<condition id="-1">
<or_exp><and_exp></and_exp></or_exp>
</condition>

<Node id="39" bw="1" op_0_bw="32" op_1_bw="32">
<![CDATA[
:1  %icmp_ln157 = icmp eq i32 %output_parentPtr_loa, 0

]]></Node>
<StgValue><ssdm name="icmp_ln157"/></StgValue>
</operation>

<operation id="43" st_id="6" stage="1" lat="1">
<core>NULL</core>
<MemPortIdVec></MemPortIdVec>
<condition id="-1">
<or_exp><and_exp></and_exp></or_exp>
</condition>

<Node id="40" bw="0" op_0_bw="1" op_1_bw="0" op_2_bw="0">
<![CDATA[
:2  br i1 %icmp_ln157, label %..backedge.backedge_crit_edge, label %6

]]></Node>
<StgValue><ssdm name="br_ln157"/></StgValue>
</operation>

<operation id="44" st_id="6" stage="2" lat="2">
<core></core>
<MemPortIdVec></MemPortIdVec>
<condition id="-1">
<or_exp><and_exp><literal name="icmp_ln157" val="0"/>
</and_exp></or_exp>
</condition>

<Node id="42" bw="2" op_0_bw="2" op_1_bw="32" op_2_bw="32" op_3_bw="32" op_4_bw="2" op_5_bw="32" op_6_bw="32" op_7_bw="2" op_8_bw="32" op_9_bw="32">
<![CDATA[
:0  %subResult_feedback_1 = call fastcc i2 @SearchSub(i32* %myHeap, i32 %output_parentPtr_loa, i32 %data_read)

]]></Node>
<StgValue><ssdm name="subResult_feedback_1"/></StgValue>
</operation>

<operation id="45" st_id="6" stage="1" lat="1">
<core>NULL</core>
<MemPortIdVec></MemPortIdVec>
<condition id="-1">
<or_exp><and_exp><literal name="icmp_ln157" val="1"/>
</and_exp></or_exp>
</condition>

<Node id="47" bw="0" op_0_bw="2" op_1_bw="2" op_2_bw="0">
<![CDATA[
..backedge.backedge_crit_edge:0  store i2 1, i2* %agg_result_3_0

]]></Node>
<StgValue><ssdm name="store_ln157"/></StgValue>
</operation>

<operation id="46" st_id="6" stage="1" lat="1">
<core>NULL</core>
<MemPortIdVec></MemPortIdVec>
<condition id="-1">
<or_exp><and_exp><literal name="icmp_ln157" val="1"/>
</and_exp></or_exp>
</condition>

<Node id="48" bw="0" op_0_bw="0">
<![CDATA[
..backedge.backedge_crit_edge:1  br label %.backedge.backedge

]]></Node>
<StgValue><ssdm name="br_ln157"/></StgValue>
</operation>
</state>

<state id="7" st_id="7">

<operation id="47" st_id="7" stage="1" lat="2">
<core></core>
<MemPortIdVec></MemPortIdVec>
<condition id="-1">
<or_exp><and_exp><literal name="icmp_ln136" val="0"/>
<literal name="icmp_ln157" val="0"/>
</and_exp></or_exp>
</condition>

<Node id="42" bw="2" op_0_bw="2" op_1_bw="32" op_2_bw="32" op_3_bw="32" op_4_bw="2" op_5_bw="32" op_6_bw="32" op_7_bw="2" op_8_bw="32" op_9_bw="32">
<![CDATA[
:0  %subResult_feedback_1 = call fastcc i2 @SearchSub(i32* %myHeap, i32 %output_parentPtr_loa, i32 %data_read)

]]></Node>
<StgValue><ssdm name="subResult_feedback_1"/></StgValue>
</operation>

<operation id="48" st_id="7" stage="1" lat="1">
<core>NULL</core>
<MemPortIdVec></MemPortIdVec>
<condition id="-1">
<or_exp><and_exp><literal name="icmp_ln136" val="0"/>
<literal name="icmp_ln157" val="0"/>
</and_exp></or_exp>
</condition>

<Node id="43" bw="32" op_0_bw="2">
<![CDATA[
:1  %zext_ln161 = zext i2 %subResult_feedback_1 to i32

]]></Node>
<StgValue><ssdm name="zext_ln161"/></StgValue>
</operation>

<operation id="49" st_id="7" stage="1" lat="1">
<core>NULL</core>
<MemPortIdVec></MemPortIdVec>
<condition id="-1">
<or_exp><and_exp><literal name="icmp_ln136" val="0"/>
<literal name="icmp_ln157" val="0"/>
</and_exp></or_exp>
</condition>

<Node id="44" bw="0" op_0_bw="32" op_1_bw="32" op_2_bw="0" op_3_bw="32">
<![CDATA[
:2  store i32 %zext_ln161, i32* %subResult_0_0

]]></Node>
<StgValue><ssdm name="store_ln161"/></StgValue>
</operation>

<operation id="50" st_id="7" stage="1" lat="1">
<core>NULL</core>
<MemPortIdVec></MemPortIdVec>
<condition id="-1">
<or_exp><and_exp><literal name="icmp_ln136" val="0"/>
<literal name="icmp_ln157" val="0"/>
</and_exp></or_exp>
</condition>

<Node id="45" bw="0" op_0_bw="0">
<![CDATA[
:3  br label %.backedge.backedge

]]></Node>
<StgValue><ssdm name="br_ln0"/></StgValue>
</operation>

<operation id="51" st_id="7" stage="1" lat="1">
<core>NULL</core>
<MemPortIdVec></MemPortIdVec>
<condition id="-1">
<or_exp><and_exp></and_exp></or_exp>
</condition>

<Node id="50" bw="1" op_0_bw="1" op_1_bw="0" op_2_bw="1" op_3_bw="0" op_4_bw="1" op_5_bw="0">
<![CDATA[
.backedge.backedge:0  %phi_ln134_be = phi i1 [ false, %1 ], [ false, %..backedge.backedge_crit_edge ], [ true, %6 ]

]]></Node>
<StgValue><ssdm name="phi_ln134_be"/></StgValue>
</operation>

<operation id="52" st_id="7" stage="1" lat="1">
<core>NULL</core>
<MemPortIdVec></MemPortIdVec>
<condition id="-1">
<or_exp><and_exp></and_exp></or_exp>
</condition>

<Node id="51" bw="0" op_0_bw="0">
<![CDATA[
.backedge.backedge:1  br label %.backedge

]]></Node>
<StgValue><ssdm name="br_ln0"/></StgValue>
</operation>
</state>
</state_list>


<ports>
<port id="66" name="myHeap" dir="0" iftype="4">
<core>NULL</core><StgValue><ssdm name="myHeap"/></StgValue>
</port>
<port id="67" name="treePtr" dir="0" iftype="0">
<core>NULL</core><StgValue><ssdm name="treePtr"/></StgValue>
</port>
<port id="68" name="data" dir="0" iftype="0">
<core>NULL</core><StgValue><ssdm name="data"/></StgValue>
</port>
</ports>


<dataflows>
<dataflow id="70" from="StgValue_69" to="subResult_0_0" fromId="69" toId="8">
</dataflow>
<dataflow id="71" from="StgValue_69" to="agg_result_3_0" fromId="69" toId="9">
</dataflow>
<dataflow id="72" from="StgValue_69" to="output_parentPtr" fromId="69" toId="10">
</dataflow>
<dataflow id="74" from="_ssdm_op_Read.ap_auto.i32" to="data_read" fromId="73" toId="11">
</dataflow>
<dataflow id="75" from="data" to="data_read" fromId="68" toId="11">
</dataflow>
<dataflow id="76" from="_ssdm_op_Read.ap_auto.i32" to="treePtr_read" fromId="73" toId="12">
</dataflow>
<dataflow id="77" from="treePtr" to="treePtr_read" fromId="67" toId="12">
</dataflow>
<dataflow id="79" from="SearchSub" to="subResult_feedback" fromId="78" toId="13">
</dataflow>
<dataflow id="80" from="myHeap" to="subResult_feedback" fromId="66" toId="13">
</dataflow>
<dataflow id="81" from="treePtr_read" to="subResult_feedback" fromId="12" toId="13">
</dataflow>
<dataflow id="82" from="data_read" to="subResult_feedback" fromId="11" toId="13">
</dataflow>
<dataflow id="83" from="treePtr_read" to="store_ln134" fromId="12" toId="14">
</dataflow>
<dataflow id="84" from="output_parentPtr" to="store_ln134" fromId="10" toId="14">
</dataflow>
<dataflow id="86" from="StgValue_85" to="store_ln134" fromId="85" toId="15">
</dataflow>
<dataflow id="87" from="agg_result_3_0" to="store_ln134" fromId="9" toId="15">
</dataflow>
<dataflow id="89" from="_ssdm_op_SpecInterface" to="specinterface_ln0" fromId="88" toId="16">
</dataflow>
<dataflow id="90" from="myHeap" to="specinterface_ln0" fromId="66" toId="16">
</dataflow>
<dataflow id="92" from="p_str3" to="specinterface_ln0" fromId="91" toId="16">
</dataflow>
<dataflow id="94" from="StgValue_93" to="specinterface_ln0" fromId="93" toId="16">
</dataflow>
<dataflow id="95" from="StgValue_93" to="specinterface_ln0" fromId="93" toId="16">
</dataflow>
<dataflow id="97" from="p_str1" to="specinterface_ln0" fromId="96" toId="16">
</dataflow>
<dataflow id="98" from="StgValue_93" to="specinterface_ln0" fromId="93" toId="16">
</dataflow>
<dataflow id="99" from="StgValue_69" to="specinterface_ln0" fromId="69" toId="16">
</dataflow>
<dataflow id="100" from="p_str1" to="specinterface_ln0" fromId="96" toId="16">
</dataflow>
<dataflow id="102" from="p_str4" to="specinterface_ln0" fromId="101" toId="16">
</dataflow>
<dataflow id="103" from="p_str1" to="specinterface_ln0" fromId="96" toId="16">
</dataflow>
<dataflow id="105" from="StgValue_104" to="specinterface_ln0" fromId="104" toId="16">
</dataflow>
<dataflow id="106" from="StgValue_104" to="specinterface_ln0" fromId="104" toId="16">
</dataflow>
<dataflow id="107" from="StgValue_104" to="specinterface_ln0" fromId="104" toId="16">
</dataflow>
<dataflow id="108" from="StgValue_104" to="specinterface_ln0" fromId="104" toId="16">
</dataflow>
<dataflow id="109" from="p_str1" to="specinterface_ln0" fromId="96" toId="16">
</dataflow>
<dataflow id="110" from="p_str1" to="specinterface_ln0" fromId="96" toId="16">
</dataflow>
<dataflow id="111" from="SearchSub" to="subResult_feedback" fromId="78" toId="17">
</dataflow>
<dataflow id="112" from="myHeap" to="subResult_feedback" fromId="66" toId="17">
</dataflow>
<dataflow id="113" from="treePtr_read" to="subResult_feedback" fromId="12" toId="17">
</dataflow>
<dataflow id="114" from="data_read" to="subResult_feedback" fromId="11" toId="17">
</dataflow>
<dataflow id="115" from="subResult_feedback" to="zext_ln133" fromId="17" toId="18">
</dataflow>
<dataflow id="116" from="zext_ln133" to="store_ln134" fromId="18" toId="19">
</dataflow>
<dataflow id="117" from="subResult_0_0" to="store_ln134" fromId="8" toId="19">
</dataflow>
<dataflow id="119" from="StgValue_118" to="phi_ln134" fromId="118" toId="21">
<condition id="-1">
<or_exp><and_exp></and_exp></or_exp>
</condition>
</dataflow>
<dataflow id="120" from="br_ln134" to="phi_ln134" fromId="20" toId="21">
</dataflow>
<dataflow id="121" from="phi_ln134_be" to="phi_ln134" fromId="51" toId="21">
<BackEdge/>
<condition id="-1">
<or_exp><and_exp></and_exp></or_exp>
</condition>
</dataflow>
<dataflow id="122" from="br_ln0" to="phi_ln134" fromId="52" toId="21">
<BackEdge/>
</dataflow>
<dataflow id="123" from="output_parentPtr" to="output_parentPtr_1" fromId="10" toId="22">
</dataflow>
<dataflow id="124" from="output_parentPtr_1" to="icmp_ln134" fromId="22" toId="23">
</dataflow>
<dataflow id="125" from="StgValue_93" to="icmp_ln134" fromId="93" toId="23">
</dataflow>
<dataflow id="126" from="phi_ln134" to="and_ln134" fromId="21" toId="24">
</dataflow>
<dataflow id="127" from="icmp_ln134" to="and_ln134" fromId="23" toId="24">
</dataflow>
<dataflow id="128" from="and_ln134" to="br_ln134" fromId="24" toId="25">
</dataflow>
<dataflow id="129" from="subResult_0_0" to="subResult_0_0_load" fromId="8" toId="26">
</dataflow>
<dataflow id="130" from="subResult_0_0_load" to="icmp_ln136" fromId="26" toId="27">
</dataflow>
<dataflow id="131" from="StgValue_69" to="icmp_ln136" fromId="69" toId="27">
</dataflow>
<dataflow id="132" from="icmp_ln136" to="br_ln136" fromId="27" toId="28">
</dataflow>
<dataflow id="133" from="subResult_0_0_load" to="icmp_ln148" fromId="26" toId="29">
</dataflow>
<dataflow id="135" from="StgValue_134" to="icmp_ln148" fromId="134" toId="29">
</dataflow>
<dataflow id="136" from="icmp_ln148" to="br_ln148" fromId="29" toId="30">
</dataflow>
<dataflow id="138" from="node_get_right_point" to="localPtr_1" fromId="137" toId="31">
</dataflow>
<dataflow id="139" from="myHeap" to="localPtr_1" fromId="66" toId="31">
</dataflow>
<dataflow id="140" from="output_parentPtr_1" to="localPtr_1" fromId="22" toId="31">
</dataflow>
<dataflow id="142" from="node_get_left_pointe" to="localPtr" fromId="141" toId="32">
</dataflow>
<dataflow id="143" from="myHeap" to="localPtr" fromId="66" toId="32">
</dataflow>
<dataflow id="144" from="output_parentPtr_1" to="localPtr" fromId="22" toId="32">
</dataflow>
<dataflow id="145" from="agg_result_3_0" to="agg_result_3_0_load" fromId="9" toId="33">
</dataflow>
<dataflow id="146" from="agg_result_3_0_load" to="ret_ln0" fromId="33" toId="34">
</dataflow>
<dataflow id="147" from="node_get_right_point" to="localPtr_1" fromId="137" toId="35">
</dataflow>
<dataflow id="148" from="myHeap" to="localPtr_1" fromId="66" toId="35">
</dataflow>
<dataflow id="149" from="output_parentPtr_1" to="localPtr_1" fromId="22" toId="35">
</dataflow>
<dataflow id="150" from="localPtr_1" to="store_ln155" fromId="35" toId="36">
</dataflow>
<dataflow id="151" from="output_parentPtr" to="store_ln155" fromId="10" toId="36">
</dataflow>
<dataflow id="152" from="node_get_left_pointe" to="localPtr" fromId="141" toId="38">
</dataflow>
<dataflow id="153" from="myHeap" to="localPtr" fromId="66" toId="38">
</dataflow>
<dataflow id="154" from="output_parentPtr_1" to="localPtr" fromId="22" toId="38">
</dataflow>
<dataflow id="155" from="localPtr" to="store_ln152" fromId="38" toId="39">
</dataflow>
<dataflow id="156" from="output_parentPtr" to="store_ln152" fromId="10" toId="39">
</dataflow>
<dataflow id="157" from="output_parentPtr" to="output_parentPtr_loa" fromId="10" toId="41">
</dataflow>
<dataflow id="158" from="output_parentPtr_loa" to="icmp_ln157" fromId="41" toId="42">
</dataflow>
<dataflow id="159" from="StgValue_93" to="icmp_ln157" fromId="93" toId="42">
</dataflow>
<dataflow id="160" from="icmp_ln157" to="br_ln157" fromId="42" toId="43">
</dataflow>
<dataflow id="161" from="SearchSub" to="subResult_feedback_1" fromId="78" toId="44">
</dataflow>
<dataflow id="162" from="myHeap" to="subResult_feedback_1" fromId="66" toId="44">
</dataflow>
<dataflow id="163" from="output_parentPtr_loa" to="subResult_feedback_1" fromId="41" toId="44">
</dataflow>
<dataflow id="164" from="data_read" to="subResult_feedback_1" fromId="11" toId="44">
</dataflow>
<dataflow id="166" from="StgValue_165" to="store_ln157" fromId="165" toId="45">
</dataflow>
<dataflow id="167" from="agg_result_3_0" to="store_ln157" fromId="9" toId="45">
</dataflow>
<dataflow id="168" from="SearchSub" to="subResult_feedback_1" fromId="78" toId="47">
</dataflow>
<dataflow id="169" from="myHeap" to="subResult_feedback_1" fromId="66" toId="47">
</dataflow>
<dataflow id="170" from="output_parentPtr_loa" to="subResult_feedback_1" fromId="41" toId="47">
</dataflow>
<dataflow id="171" from="data_read" to="subResult_feedback_1" fromId="11" toId="47">
</dataflow>
<dataflow id="172" from="subResult_feedback_1" to="zext_ln161" fromId="47" toId="48">
</dataflow>
<dataflow id="173" from="zext_ln161" to="store_ln161" fromId="48" toId="49">
</dataflow>
<dataflow id="174" from="subResult_0_0" to="store_ln161" fromId="8" toId="49">
</dataflow>
<dataflow id="176" from="StgValue_175" to="phi_ln134_be" fromId="175" toId="51">
<condition id="-1">
<or_exp><and_exp><literal name="and_ln134" val="1"/>
<literal name="icmp_ln136" val="1"/>
</and_exp></or_exp>
</condition>
</dataflow>
<dataflow id="177" from="br_ln136" to="phi_ln134_be" fromId="28" toId="51">
</dataflow>
<dataflow id="178" from="StgValue_175" to="phi_ln134_be" fromId="175" toId="51">
<condition id="-1">
<or_exp><and_exp><literal name="icmp_ln157" val="1"/>
</and_exp></or_exp>
</condition>
</dataflow>
<dataflow id="179" from="br_ln157" to="phi_ln134_be" fromId="46" toId="51">
</dataflow>
<dataflow id="180" from="StgValue_118" to="phi_ln134_be" fromId="118" toId="51">
<condition id="-1">
<or_exp><and_exp><literal name="icmp_ln136" val="0"/>
<literal name="icmp_ln157" val="0"/>
</and_exp></or_exp>
</condition>
</dataflow>
<dataflow id="181" from="br_ln0" to="phi_ln134_be" fromId="50" toId="51">
</dataflow>
<dataflow id="182" from="and_ln134" to="StgValue_3" fromId="24" toId="3">
</dataflow>
<dataflow id="183" from="icmp_ln136" to="StgValue_3" fromId="27" toId="3">
</dataflow>
<dataflow id="184" from="icmp_ln148" to="StgValue_3" fromId="29" toId="3">
</dataflow>
<dataflow id="185" from="icmp_ln157" to="StgValue_6" fromId="42" toId="6">
</dataflow>
<dataflow id="186" from="icmp_ln136" to="StgValue_7" fromId="27" toId="7">
</dataflow>
<dataflow id="187" from="icmp_ln157" to="StgValue_7" fromId="42" toId="7">
</dataflow>
</dataflows>


</stg>
