<profile>

<section name = "Vivado HLS Report for 'Search'" level="0">
<item name = "Date">Mon Sep 20 14:58:38 2021
</item>
<item name = "Version">2019.1 (Build 2552052 on Fri May 24 15:28:33 MDT 2019)</item>
<item name = "Project">avltreefint</item>
<item name = "Solution">solution1</item>
<item name = "Product family">virtex7</item>
<item name = "Target device">xc7vx485t-ffg1157-1</item>
</section>

<section name = "Performance Estimates" level="0">
<item name = "Timing (ns)">
<section name = "" level="1">
<item name = "Summary"><table name="" hasTotal="0">
<keys size="4">Clock, Target, Estimated, Uncertainty</keys>
<column name="ap_clk">10.00, 8.750, 1.25</column>
</table>
</item>
</section>
</item>
<item name = "Latency (clock cycles)">
<section name = "" level="1">
<item name = "Summary"><table name="" hasTotal="0">
<keys size="6">, min, max, min, max, Type</keys>
<column name="">?, ?, ?, ?, none</column>
</table>
</item>
<item name = "Detail">
<section name = "" level="1">
<item name = "Instance"><table name="" hasTotal="0">
<keys size="7">Instance, Module, min, max, min, max, Type</keys>
<column name="grp_SearchSub_fu_90">SearchSub, 10, 10, 10, 10, none</column>
<column name="grp_node_get_right_point_fu_100">node_get_right_point, 10, 10, 10, 10, none</column>
<column name="grp_node_get_left_pointe_fu_107">node_get_left_pointe, 10, 10, 10, 10, none</column>
</table>
</item>
<item name = "Loop"><table name="" hasTotal="0">
<keys size="8">Loop Name, min, max, Latency, achieved, target, Count, Pipelined</keys>
<column name="- Loop 1">?, ?, 2 ~ 24, -, -, ?, no</column>
</table>
</item>
</section>
</item>
</section>
</item>
</section>

<section name = "Utilization Estimates" level="0">
<item name = "Summary"><table name="" hasTotal="1">
<keys size="6">Name, BRAM_18K, DSP48E, FF, LUT, URAM</keys>
<column name="DSP">-, -, -, -, -</column>
<column name="Expression">-, -, 0, 78, -</column>
<column name="FIFO">-, -, -, -, -</column>
<column name="Instance">-, -, 232, 844, -</column>
<column name="Memory">-, -, -, -, -</column>
<column name="Multiplexer">-, -, -, 371, -</column>
<column name="Register">-, -, 81, -, -</column>
<specialColumn name="Available">2060, 2800, 607200, 303600, 0</specialColumn>
<specialColumn name="Utilization (%)">0, 0, ~0, ~0, 0</specialColumn>
</table>
</item>
<item name = "Detail">
<section name = "" level="1">
<item name = "Instance"><table name="" hasTotal="1">
<keys size="7">Instance, Module, BRAM_18K, DSP48E, FF, LUT, URAM</keys>
<column name="grp_SearchSub_fu_90">SearchSub, 0, 0, 79, 303, 0</column>
<column name="grp_node_get_left_pointe_fu_107">node_get_left_pointe, 0, 0, 76, 251, 0</column>
<column name="grp_node_get_right_point_fu_100">node_get_right_point, 0, 0, 77, 290, 0</column>
</table>
</item>
<item name = "DSP48E"><table name="" hasTotal="0">
<keys size="3">Instance, Module, Expression</keys>
</table>
</item>
<item name = "Memory"><table name="" hasTotal="1">
<keys size="10">Memory, Module, BRAM_18K, FF, LUT, URAM, Words, Bits, Banks, W*Bits*Banks</keys>
</table>
</item>
<item name = "FIFO"><table name="" hasTotal="1">
<keys size="8">Name, BRAM_18K, FF, LUT, URAM, Depth, Bits, Size:D*B</keys>
</table>
</item>
<item name = "Expression"><table name="" hasTotal="1">
<keys size="7">Variable Name, Operation, DSP48E, FF, LUT, Bitwidth P0, Bitwidth P1</keys>
<column name="and_ln134_fu_152_p2">and, 0, 0, 2, 1, 1</column>
<column name="ap_block_state7_on_subcall_done">and, 0, 0, 2, 1, 1</column>
<column name="ap_predicate_op47_call_state7">and, 0, 0, 2, 1, 1</column>
<column name="icmp_ln134_fu_146_p2">icmp, 0, 0, 18, 32, 1</column>
<column name="icmp_ln136_fu_161_p2">icmp, 0, 0, 18, 32, 1</column>
<column name="icmp_ln148_fu_167_p2">icmp, 0, 0, 18, 32, 2</column>
<column name="icmp_ln157_fu_186_p2">icmp, 0, 0, 18, 32, 1</column>
</table>
</item>
<item name = "Multiplexer"><table name="" hasTotal="1">
<keys size="5">Name, LUT, Input Size, Bits, Total Bits</keys>
<column name="ap_NS_fsm">41, 8, 1, 8</column>
<column name="ap_phi_mux_phi_ln134_be_phi_fu_78_p6">9, 2, 1, 2</column>
<column name="grp_SearchSub_fu_90_treePtr">15, 3, 32, 96</column>
<column name="m_axi_myHeap_ARADDR">21, 4, 32, 128</column>
<column name="m_axi_myHeap_ARBURST">21, 4, 2, 8</column>
<column name="m_axi_myHeap_ARCACHE">21, 4, 4, 16</column>
<column name="m_axi_myHeap_ARID">21, 4, 1, 4</column>
<column name="m_axi_myHeap_ARLEN">21, 4, 32, 128</column>
<column name="m_axi_myHeap_ARLOCK">21, 4, 2, 8</column>
<column name="m_axi_myHeap_ARPROT">21, 4, 3, 12</column>
<column name="m_axi_myHeap_ARQOS">21, 4, 4, 16</column>
<column name="m_axi_myHeap_ARREGION">21, 4, 4, 16</column>
<column name="m_axi_myHeap_ARSIZE">21, 4, 3, 12</column>
<column name="m_axi_myHeap_ARUSER">21, 4, 1, 4</column>
<column name="m_axi_myHeap_ARVALID">21, 4, 1, 4</column>
<column name="m_axi_myHeap_RREADY">21, 4, 1, 4</column>
<column name="output_parentPtr_fu_46">15, 3, 32, 96</column>
<column name="phi_ln134_reg_62">9, 2, 1, 2</column>
<column name="subResult_0_0_fu_38">9, 2, 2, 4</column>
</table>
</item>
<item name = "Register"><table name="" hasTotal="1">
<keys size="5">Name, FF, LUT, Bits, Const Bits</keys>
<column name="agg_result_3_0_fu_42">1, 0, 2, 1</column>
<column name="ap_CS_fsm">7, 0, 7, 0</column>
<column name="grp_SearchSub_fu_90_ap_start_reg">1, 0, 1, 0</column>
<column name="grp_node_get_left_pointe_fu_107_ap_start_reg">1, 0, 1, 0</column>
<column name="grp_node_get_right_point_fu_100_ap_start_reg">1, 0, 1, 0</column>
<column name="icmp_ln136_reg_241">1, 0, 1, 0</column>
<column name="icmp_ln157_reg_248">1, 0, 1, 0</column>
<column name="output_parentPtr_fu_46">32, 0, 32, 0</column>
<column name="phi_ln134_be_reg_73">1, 0, 1, 0</column>
<column name="phi_ln134_reg_62">1, 0, 1, 0</column>
<column name="reg_120">32, 0, 32, 0</column>
<column name="subResult_0_0_fu_38">2, 0, 32, 30</column>
</table>
</item>
</section>
</item>
</section>

<section name = "Interface" level="0">
<item name = "Summary"><table name="" hasTotal="0">
<keys size="6">RTL Ports, Dir, Bits, Protocol, Source Object, C Type</keys>
<column name="ap_clk">in, 1, ap_ctrl_hs, Search, return value</column>
<column name="ap_rst">in, 1, ap_ctrl_hs, Search, return value</column>
<column name="ap_start">in, 1, ap_ctrl_hs, Search, return value</column>
<column name="ap_done">out, 1, ap_ctrl_hs, Search, return value</column>
<column name="ap_idle">out, 1, ap_ctrl_hs, Search, return value</column>
<column name="ap_ready">out, 1, ap_ctrl_hs, Search, return value</column>
<column name="ap_return">out, 2, ap_ctrl_hs, Search, return value</column>
<column name="m_axi_myHeap_AWVALID">out, 1, m_axi, myHeap, pointer</column>
<column name="m_axi_myHeap_AWREADY">in, 1, m_axi, myHeap, pointer</column>
<column name="m_axi_myHeap_AWADDR">out, 32, m_axi, myHeap, pointer</column>
<column name="m_axi_myHeap_AWID">out, 1, m_axi, myHeap, pointer</column>
<column name="m_axi_myHeap_AWLEN">out, 32, m_axi, myHeap, pointer</column>
<column name="m_axi_myHeap_AWSIZE">out, 3, m_axi, myHeap, pointer</column>
<column name="m_axi_myHeap_AWBURST">out, 2, m_axi, myHeap, pointer</column>
<column name="m_axi_myHeap_AWLOCK">out, 2, m_axi, myHeap, pointer</column>
<column name="m_axi_myHeap_AWCACHE">out, 4, m_axi, myHeap, pointer</column>
<column name="m_axi_myHeap_AWPROT">out, 3, m_axi, myHeap, pointer</column>
<column name="m_axi_myHeap_AWQOS">out, 4, m_axi, myHeap, pointer</column>
<column name="m_axi_myHeap_AWREGION">out, 4, m_axi, myHeap, pointer</column>
<column name="m_axi_myHeap_AWUSER">out, 1, m_axi, myHeap, pointer</column>
<column name="m_axi_myHeap_WVALID">out, 1, m_axi, myHeap, pointer</column>
<column name="m_axi_myHeap_WREADY">in, 1, m_axi, myHeap, pointer</column>
<column name="m_axi_myHeap_WDATA">out, 32, m_axi, myHeap, pointer</column>
<column name="m_axi_myHeap_WSTRB">out, 4, m_axi, myHeap, pointer</column>
<column name="m_axi_myHeap_WLAST">out, 1, m_axi, myHeap, pointer</column>
<column name="m_axi_myHeap_WID">out, 1, m_axi, myHeap, pointer</column>
<column name="m_axi_myHeap_WUSER">out, 1, m_axi, myHeap, pointer</column>
<column name="m_axi_myHeap_ARVALID">out, 1, m_axi, myHeap, pointer</column>
<column name="m_axi_myHeap_ARREADY">in, 1, m_axi, myHeap, pointer</column>
<column name="m_axi_myHeap_ARADDR">out, 32, m_axi, myHeap, pointer</column>
<column name="m_axi_myHeap_ARID">out, 1, m_axi, myHeap, pointer</column>
<column name="m_axi_myHeap_ARLEN">out, 32, m_axi, myHeap, pointer</column>
<column name="m_axi_myHeap_ARSIZE">out, 3, m_axi, myHeap, pointer</column>
<column name="m_axi_myHeap_ARBURST">out, 2, m_axi, myHeap, pointer</column>
<column name="m_axi_myHeap_ARLOCK">out, 2, m_axi, myHeap, pointer</column>
<column name="m_axi_myHeap_ARCACHE">out, 4, m_axi, myHeap, pointer</column>
<column name="m_axi_myHeap_ARPROT">out, 3, m_axi, myHeap, pointer</column>
<column name="m_axi_myHeap_ARQOS">out, 4, m_axi, myHeap, pointer</column>
<column name="m_axi_myHeap_ARREGION">out, 4, m_axi, myHeap, pointer</column>
<column name="m_axi_myHeap_ARUSER">out, 1, m_axi, myHeap, pointer</column>
<column name="m_axi_myHeap_RVALID">in, 1, m_axi, myHeap, pointer</column>
<column name="m_axi_myHeap_RREADY">out, 1, m_axi, myHeap, pointer</column>
<column name="m_axi_myHeap_RDATA">in, 32, m_axi, myHeap, pointer</column>
<column name="m_axi_myHeap_RLAST">in, 1, m_axi, myHeap, pointer</column>
<column name="m_axi_myHeap_RID">in, 1, m_axi, myHeap, pointer</column>
<column name="m_axi_myHeap_RUSER">in, 1, m_axi, myHeap, pointer</column>
<column name="m_axi_myHeap_RRESP">in, 2, m_axi, myHeap, pointer</column>
<column name="m_axi_myHeap_BVALID">in, 1, m_axi, myHeap, pointer</column>
<column name="m_axi_myHeap_BREADY">out, 1, m_axi, myHeap, pointer</column>
<column name="m_axi_myHeap_BRESP">in, 2, m_axi, myHeap, pointer</column>
<column name="m_axi_myHeap_BID">in, 1, m_axi, myHeap, pointer</column>
<column name="m_axi_myHeap_BUSER">in, 1, m_axi, myHeap, pointer</column>
<column name="treePtr">in, 32, ap_none, treePtr, scalar</column>
<column name="data">in, 32, ap_none, data, scalar</column>
</table>
</item>
</section>
</profile>
