<stg><name>SysFree</name>


<trans_list>

<trans id="77" from="1" to="2">
<condition id="-1">
<or_exp><and_exp></and_exp></or_exp>
</condition>
</trans>

<trans id="78" from="2" to="3">
<condition id="-1">
<or_exp><and_exp></and_exp></or_exp>
</condition>
</trans>

<trans id="79" from="3" to="4">
<condition id="-1">
<or_exp><and_exp></and_exp></or_exp>
</condition>
</trans>

<trans id="80" from="4" to="5">
<condition id="-1">
<or_exp><and_exp></and_exp></or_exp>
</condition>
</trans>

<trans id="81" from="5" to="6">
<condition id="-1">
<or_exp><and_exp></and_exp></or_exp>
</condition>
</trans>

<trans id="82" from="6" to="7">
<condition id="-1">
<or_exp><and_exp></and_exp></or_exp>
</condition>
</trans>

<trans id="83" from="7" to="8">
<condition id="-1">
<or_exp><and_exp></and_exp></or_exp>
</condition>
</trans>

<trans id="84" from="8" to="9">
<condition id="-1">
<or_exp><and_exp></and_exp></or_exp>
</condition>
</trans>

<trans id="85" from="9" to="10">
<condition id="-1">
<or_exp><and_exp></and_exp></or_exp>
</condition>
</trans>

<trans id="86" from="10" to="2">
<condition id="-1">
<or_exp><and_exp><literal name="icmp_ln28" val="1"/>
</and_exp></or_exp>
</condition>
</trans>

<trans id="87" from="10" to="11">
<condition id="-1">
<or_exp><and_exp><literal name="icmp_ln28" val="0"/>
</and_exp></or_exp>
</condition>
</trans>

<trans id="89" from="11" to="12">
<condition id="-1">
<or_exp><and_exp></and_exp></or_exp>
</condition>
</trans>

<trans id="90" from="12" to="13">
<condition id="-1">
<or_exp><and_exp></and_exp></or_exp>
</condition>
</trans>

<trans id="91" from="13" to="14">
<condition id="-1">
<or_exp><and_exp></and_exp></or_exp>
</condition>
</trans>

<trans id="92" from="14" to="15">
<condition id="-1">
<or_exp><and_exp></and_exp></or_exp>
</condition>
</trans>

<trans id="93" from="15" to="16">
<condition id="-1">
<or_exp><and_exp></and_exp></or_exp>
</condition>
</trans>

<trans id="94" from="16" to="17">
<condition id="-1">
<or_exp><and_exp></and_exp></or_exp>
</condition>
</trans>

<trans id="95" from="17" to="18">
<condition id="-1">
<or_exp><and_exp></and_exp></or_exp>
</condition>
</trans>

<trans id="96" from="18" to="19">
<condition id="-1">
<or_exp><and_exp></and_exp></or_exp>
</condition>
</trans>

<trans id="97" from="19" to="20">
<condition id="-1">
<or_exp><and_exp></and_exp></or_exp>
</condition>
</trans>

<trans id="98" from="20" to="21">
<condition id="-1">
<or_exp><and_exp></and_exp></or_exp>
</condition>
</trans>

<trans id="99" from="21" to="22">
<condition id="-1">
<or_exp><and_exp></and_exp></or_exp>
</condition>
</trans>

<trans id="100" from="22" to="23">
<condition id="-1">
<or_exp><and_exp></and_exp></or_exp>
</condition>
</trans>

<trans id="101" from="23" to="24">
<condition id="-1">
<or_exp><and_exp></and_exp></or_exp>
</condition>
</trans>

<trans id="102" from="24" to="25">
<condition id="-1">
<or_exp><and_exp></and_exp></or_exp>
</condition>
</trans>

<trans id="103" from="25" to="17">
<condition id="-1">
<or_exp><and_exp><literal name="icmp_ln34" val="1"/>
</and_exp></or_exp>
</condition>
</trans>

<trans id="104" from="25" to="26">
<condition id="-1">
<or_exp><and_exp><literal name="icmp_ln34" val="0"/>
</and_exp></or_exp>
</condition>
</trans>

<trans id="106" from="26" to="27">
<condition id="-1">
<or_exp><and_exp></and_exp></or_exp>
</condition>
</trans>

<trans id="107" from="27" to="28">
<condition id="-1">
<or_exp><and_exp></and_exp></or_exp>
</condition>
</trans>

<trans id="108" from="28" to="29">
<condition id="-1">
<or_exp><and_exp></and_exp></or_exp>
</condition>
</trans>

<trans id="109" from="29" to="30">
<condition id="-1">
<or_exp><and_exp></and_exp></or_exp>
</condition>
</trans>

<trans id="110" from="30" to="31">
<condition id="-1">
<or_exp><and_exp></and_exp></or_exp>
</condition>
</trans>

<trans id="111" from="31" to="32">
<condition id="-1">
<or_exp><and_exp></and_exp></or_exp>
</condition>
</trans>
</trans_list>



<state_list>

<state id="1" st_id="1">

<operation id="33" st_id="1" stage="1" lat="1">
<core>NULL</core>
<MemPortIdVec></MemPortIdVec>
<condition id="-1">
<or_exp><and_exp></and_exp></or_exp>
</condition>

<Node id="3" bw="0" op_0_bw="0" op_1_bw="32" op_2_bw="0" op_3_bw="32" op_4_bw="32" op_5_bw="0" op_6_bw="32" op_7_bw="32" op_8_bw="0" op_9_bw="0" op_10_bw="0" op_11_bw="32" op_12_bw="32" op_13_bw="32" op_14_bw="32" op_15_bw="0" op_16_bw="0">
<![CDATA[
.critedge:0  call void (...)* @_ssdm_op_SpecInterface(i32* %Master2SysAlloc, [6 x i8]* @p_str3, i32 0, i32 0, [1 x i8]* @p_str1, i32 0, i32 1, [1 x i8]* @p_str1, [4 x i8]* @p_str4, [1 x i8]* @p_str1, i32 16, i32 16, i32 16, i32 16, [1 x i8]* @p_str1, [1 x i8]* @p_str1) nounwind

]]></Node>
<StgValue><ssdm name="specinterface_ln0"/></StgValue>
</operation>

<operation id="34" st_id="1" stage="1" lat="1">
<core>NULL</core>
<MemPortIdVec></MemPortIdVec>
<condition id="-1">
<or_exp><and_exp></and_exp></or_exp>
</condition>

<Node id="4" bw="32" op_0_bw="32" op_1_bw="32">
<![CDATA[
.critedge:1  %addr_read = call i32 @_ssdm_op_Read.ap_auto.i32(i32 %addr) nounwind

]]></Node>
<StgValue><ssdm name="addr_read"/></StgValue>
</operation>

<operation id="35" st_id="1" stage="1" lat="1">
<core>NULL</core>
<MemPortIdVec></MemPortIdVec>
<condition id="-1">
<or_exp><and_exp></and_exp></or_exp>
</condition>

<Node id="5" bw="32" op_0_bw="32" op_1_bw="32">
<![CDATA[
.critedge:2  %Master2SysAlloc_addr = getelementptr inbounds i32* %Master2SysAlloc, i64 284164096

]]></Node>
<StgValue><ssdm name="Master2SysAlloc_addr"/></StgValue>
</operation>

<operation id="36" st_id="1" stage="1" lat="1">
<core>NULL</core>
<MemPortIdVec></MemPortIdVec>
<condition id="-1">
<or_exp><and_exp></and_exp></or_exp>
</condition>

<Node id="6" bw="0" op_0_bw="0">
<![CDATA[
.critedge:3  br label %._crit_edge

]]></Node>
<StgValue><ssdm name="br_ln0"/></StgValue>
</operation>
</state>

<state id="2" st_id="2">

<operation id="37" st_id="2" stage="7" lat="7">
<core>m_axi</core>
<MemPortIdVec></MemPortIdVec>
<condition id="-1">
<or_exp><and_exp></and_exp></or_exp>
</condition>

<Node id="8" bw="1" op_0_bw="1" op_1_bw="32" op_2_bw="32">
<![CDATA[
._crit_edge:0  %token_req = call i1 @_ssdm_op_ReadReq.m_axi.i32P(i32* %Master2SysAlloc_addr, i32 1) nounwind

]]></Node>
<StgValue><ssdm name="token_req"/></StgValue>
</operation>
</state>

<state id="3" st_id="3">

<operation id="38" st_id="3" stage="6" lat="7">
<core>m_axi</core>
<MemPortIdVec></MemPortIdVec>
<condition id="-1">
<or_exp><and_exp></and_exp></or_exp>
</condition>

<Node id="8" bw="1" op_0_bw="1" op_1_bw="32" op_2_bw="32">
<![CDATA[
._crit_edge:0  %token_req = call i1 @_ssdm_op_ReadReq.m_axi.i32P(i32* %Master2SysAlloc_addr, i32 1) nounwind

]]></Node>
<StgValue><ssdm name="token_req"/></StgValue>
</operation>
</state>

<state id="4" st_id="4">

<operation id="39" st_id="4" stage="5" lat="7">
<core>m_axi</core>
<MemPortIdVec></MemPortIdVec>
<condition id="-1">
<or_exp><and_exp></and_exp></or_exp>
</condition>

<Node id="8" bw="1" op_0_bw="1" op_1_bw="32" op_2_bw="32">
<![CDATA[
._crit_edge:0  %token_req = call i1 @_ssdm_op_ReadReq.m_axi.i32P(i32* %Master2SysAlloc_addr, i32 1) nounwind

]]></Node>
<StgValue><ssdm name="token_req"/></StgValue>
</operation>
</state>

<state id="5" st_id="5">

<operation id="40" st_id="5" stage="4" lat="7">
<core>m_axi</core>
<MemPortIdVec></MemPortIdVec>
<condition id="-1">
<or_exp><and_exp></and_exp></or_exp>
</condition>

<Node id="8" bw="1" op_0_bw="1" op_1_bw="32" op_2_bw="32">
<![CDATA[
._crit_edge:0  %token_req = call i1 @_ssdm_op_ReadReq.m_axi.i32P(i32* %Master2SysAlloc_addr, i32 1) nounwind

]]></Node>
<StgValue><ssdm name="token_req"/></StgValue>
</operation>
</state>

<state id="6" st_id="6">

<operation id="41" st_id="6" stage="3" lat="7">
<core>m_axi</core>
<MemPortIdVec></MemPortIdVec>
<condition id="-1">
<or_exp><and_exp></and_exp></or_exp>
</condition>

<Node id="8" bw="1" op_0_bw="1" op_1_bw="32" op_2_bw="32">
<![CDATA[
._crit_edge:0  %token_req = call i1 @_ssdm_op_ReadReq.m_axi.i32P(i32* %Master2SysAlloc_addr, i32 1) nounwind

]]></Node>
<StgValue><ssdm name="token_req"/></StgValue>
</operation>
</state>

<state id="7" st_id="7">

<operation id="42" st_id="7" stage="2" lat="7">
<core>m_axi</core>
<MemPortIdVec></MemPortIdVec>
<condition id="-1">
<or_exp><and_exp></and_exp></or_exp>
</condition>

<Node id="8" bw="1" op_0_bw="1" op_1_bw="32" op_2_bw="32">
<![CDATA[
._crit_edge:0  %token_req = call i1 @_ssdm_op_ReadReq.m_axi.i32P(i32* %Master2SysAlloc_addr, i32 1) nounwind

]]></Node>
<StgValue><ssdm name="token_req"/></StgValue>
</operation>
</state>

<state id="8" st_id="8">

<operation id="43" st_id="8" stage="1" lat="7">
<core>m_axi</core>
<MemPortIdVec></MemPortIdVec>
<condition id="-1">
<or_exp><and_exp></and_exp></or_exp>
</condition>

<Node id="8" bw="1" op_0_bw="1" op_1_bw="32" op_2_bw="32">
<![CDATA[
._crit_edge:0  %token_req = call i1 @_ssdm_op_ReadReq.m_axi.i32P(i32* %Master2SysAlloc_addr, i32 1) nounwind

]]></Node>
<StgValue><ssdm name="token_req"/></StgValue>
</operation>
</state>

<state id="9" st_id="9">

<operation id="44" st_id="9" stage="1" lat="1">
<core>m_axi</core>
<MemPortIdVec></MemPortIdVec>
<condition id="-1">
<or_exp><and_exp></and_exp></or_exp>
</condition>

<Node id="9" bw="32" op_0_bw="32" op_1_bw="32" op_2_bw="1">
<![CDATA[
._crit_edge:1  %token = call i32 @_ssdm_op_Read.m_axi.volatile.i32P(i32* %Master2SysAlloc_addr) nounwind

]]></Node>
<StgValue><ssdm name="token"/></StgValue>
</operation>
</state>

<state id="10" st_id="10">

<operation id="45" st_id="10" stage="1" lat="1">
<core>Cmp</core>
<MemPortIdVec></MemPortIdVec>
<condition id="-1">
<or_exp><and_exp></and_exp></or_exp>
</condition>

<Node id="10" bw="1" op_0_bw="32" op_1_bw="32">
<![CDATA[
._crit_edge:2  %icmp_ln28 = icmp eq i32 %token, 0

]]></Node>
<StgValue><ssdm name="icmp_ln28"/></StgValue>
</operation>

<operation id="46" st_id="10" stage="1" lat="1">
<core>NULL</core>
<MemPortIdVec></MemPortIdVec>
<condition id="-1">
<or_exp><and_exp></and_exp></or_exp>
</condition>

<Node id="11" bw="0" op_0_bw="1" op_1_bw="0" op_2_bw="0">
<![CDATA[
._crit_edge:3  br i1 %icmp_ln28, label %._crit_edge, label %.critedge2

]]></Node>
<StgValue><ssdm name="br_ln26"/></StgValue>
</operation>

<operation id="47" st_id="10" stage="1" lat="1">
<core>NULL</core>
<MemPortIdVec></MemPortIdVec>
<condition id="-1">
<or_exp><and_exp><literal name="icmp_ln28" val="0"/>
</and_exp></or_exp>
</condition>

<Node id="13" bw="32" op_0_bw="32" op_1_bw="32">
<![CDATA[
.critedge2:0  %Master2SysAlloc_addr_4 = getelementptr inbounds i32* %Master2SysAlloc, i64 284164100

]]></Node>
<StgValue><ssdm name="Master2SysAlloc_addr_4"/></StgValue>
</operation>

<operation id="48" st_id="10" stage="1" lat="1">
<core>m_axi</core>
<MemPortIdVec></MemPortIdVec>
<condition id="-1">
<or_exp><and_exp><literal name="icmp_ln28" val="0"/>
</and_exp></or_exp>
</condition>

<Node id="14" bw="1" op_0_bw="1" op_1_bw="32" op_2_bw="32">
<![CDATA[
.critedge2:1  %Master2SysAlloc_addr_7 = call i1 @_ssdm_op_WriteReq.m_axi.i32P(i32* %Master2SysAlloc_addr_4, i32 1) nounwind

]]></Node>
<StgValue><ssdm name="Master2SysAlloc_addr_7"/></StgValue>
</operation>
</state>

<state id="11" st_id="11">

<operation id="49" st_id="11" stage="1" lat="1">
<core>m_axi</core>
<MemPortIdVec></MemPortIdVec>
<condition id="-1">
<or_exp><and_exp></and_exp></or_exp>
</condition>

<Node id="15" bw="0" op_0_bw="0" op_1_bw="32" op_2_bw="32" op_3_bw="4" op_4_bw="1" op_5_bw="1" op_6_bw="32">
<![CDATA[
.critedge2:2  call void @_ssdm_op_Write.m_axi.volatile.i32P(i32* %Master2SysAlloc_addr_4, i32 %addr_read, i4 -1) nounwind

]]></Node>
<StgValue><ssdm name="write_ln30"/></StgValue>
</operation>
</state>

<state id="12" st_id="12">

<operation id="50" st_id="12" stage="5" lat="5">
<core>m_axi</core>
<MemPortIdVec></MemPortIdVec>
<condition id="-1">
<or_exp><and_exp></and_exp></or_exp>
</condition>

<Node id="16" bw="1" op_0_bw="1" op_1_bw="32" op_2_bw="0">
<![CDATA[
.critedge2:3  %Master2SysAlloc_addr_8 = call i1 @_ssdm_op_WriteResp.m_axi.i32P(i32* %Master2SysAlloc_addr_4) nounwind

]]></Node>
<StgValue><ssdm name="Master2SysAlloc_addr_8"/></StgValue>
</operation>
</state>

<state id="13" st_id="13">

<operation id="51" st_id="13" stage="4" lat="5">
<core>m_axi</core>
<MemPortIdVec></MemPortIdVec>
<condition id="-1">
<or_exp><and_exp></and_exp></or_exp>
</condition>

<Node id="16" bw="1" op_0_bw="1" op_1_bw="32" op_2_bw="0">
<![CDATA[
.critedge2:3  %Master2SysAlloc_addr_8 = call i1 @_ssdm_op_WriteResp.m_axi.i32P(i32* %Master2SysAlloc_addr_4) nounwind

]]></Node>
<StgValue><ssdm name="Master2SysAlloc_addr_8"/></StgValue>
</operation>
</state>

<state id="14" st_id="14">

<operation id="52" st_id="14" stage="3" lat="5">
<core>m_axi</core>
<MemPortIdVec></MemPortIdVec>
<condition id="-1">
<or_exp><and_exp></and_exp></or_exp>
</condition>

<Node id="16" bw="1" op_0_bw="1" op_1_bw="32" op_2_bw="0">
<![CDATA[
.critedge2:3  %Master2SysAlloc_addr_8 = call i1 @_ssdm_op_WriteResp.m_axi.i32P(i32* %Master2SysAlloc_addr_4) nounwind

]]></Node>
<StgValue><ssdm name="Master2SysAlloc_addr_8"/></StgValue>
</operation>
</state>

<state id="15" st_id="15">

<operation id="53" st_id="15" stage="2" lat="5">
<core>m_axi</core>
<MemPortIdVec></MemPortIdVec>
<condition id="-1">
<or_exp><and_exp></and_exp></or_exp>
</condition>

<Node id="16" bw="1" op_0_bw="1" op_1_bw="32" op_2_bw="0">
<![CDATA[
.critedge2:3  %Master2SysAlloc_addr_8 = call i1 @_ssdm_op_WriteResp.m_axi.i32P(i32* %Master2SysAlloc_addr_4) nounwind

]]></Node>
<StgValue><ssdm name="Master2SysAlloc_addr_8"/></StgValue>
</operation>
</state>

<state id="16" st_id="16">

<operation id="54" st_id="16" stage="1" lat="5">
<core>m_axi</core>
<MemPortIdVec></MemPortIdVec>
<condition id="-1">
<or_exp><and_exp></and_exp></or_exp>
</condition>

<Node id="16" bw="1" op_0_bw="1" op_1_bw="32" op_2_bw="0">
<![CDATA[
.critedge2:3  %Master2SysAlloc_addr_8 = call i1 @_ssdm_op_WriteResp.m_axi.i32P(i32* %Master2SysAlloc_addr_4) nounwind

]]></Node>
<StgValue><ssdm name="Master2SysAlloc_addr_8"/></StgValue>
</operation>

<operation id="55" st_id="16" stage="1" lat="1">
<core>NULL</core>
<MemPortIdVec></MemPortIdVec>
<condition id="-1">
<or_exp><and_exp></and_exp></or_exp>
</condition>

<Node id="17" bw="32" op_0_bw="32" op_1_bw="32">
<![CDATA[
.critedge2:4  %Master2SysAlloc_addr_5 = getelementptr inbounds i32* %Master2SysAlloc, i64 284164097

]]></Node>
<StgValue><ssdm name="Master2SysAlloc_addr_5"/></StgValue>
</operation>

<operation id="56" st_id="16" stage="1" lat="1">
<core>NULL</core>
<MemPortIdVec></MemPortIdVec>
<condition id="-1">
<or_exp><and_exp></and_exp></or_exp>
</condition>

<Node id="18" bw="0" op_0_bw="0">
<![CDATA[
.critedge2:5  br label %._crit_edge3

]]></Node>
<StgValue><ssdm name="br_ln0"/></StgValue>
</operation>
</state>

<state id="17" st_id="17">

<operation id="57" st_id="17" stage="7" lat="7">
<core>m_axi</core>
<MemPortIdVec></MemPortIdVec>
<condition id="-1">
<or_exp><and_exp></and_exp></or_exp>
</condition>

<Node id="20" bw="1" op_0_bw="1" op_1_bw="32" op_2_bw="32" op_3_bw="1" op_4_bw="0" op_5_bw="1">
<![CDATA[
._crit_edge3:0  %status_req = call i1 @_ssdm_op_ReadReq.m_axi.i32P(i32* %Master2SysAlloc_addr_5, i32 1) nounwind

]]></Node>
<StgValue><ssdm name="status_req"/></StgValue>
</operation>
</state>

<state id="18" st_id="18">

<operation id="58" st_id="18" stage="6" lat="7">
<core>m_axi</core>
<MemPortIdVec></MemPortIdVec>
<condition id="-1">
<or_exp><and_exp></and_exp></or_exp>
</condition>

<Node id="20" bw="1" op_0_bw="1" op_1_bw="32" op_2_bw="32" op_3_bw="1" op_4_bw="0" op_5_bw="1">
<![CDATA[
._crit_edge3:0  %status_req = call i1 @_ssdm_op_ReadReq.m_axi.i32P(i32* %Master2SysAlloc_addr_5, i32 1) nounwind

]]></Node>
<StgValue><ssdm name="status_req"/></StgValue>
</operation>
</state>

<state id="19" st_id="19">

<operation id="59" st_id="19" stage="5" lat="7">
<core>m_axi</core>
<MemPortIdVec></MemPortIdVec>
<condition id="-1">
<or_exp><and_exp></and_exp></or_exp>
</condition>

<Node id="20" bw="1" op_0_bw="1" op_1_bw="32" op_2_bw="32" op_3_bw="1" op_4_bw="0" op_5_bw="1">
<![CDATA[
._crit_edge3:0  %status_req = call i1 @_ssdm_op_ReadReq.m_axi.i32P(i32* %Master2SysAlloc_addr_5, i32 1) nounwind

]]></Node>
<StgValue><ssdm name="status_req"/></StgValue>
</operation>
</state>

<state id="20" st_id="20">

<operation id="60" st_id="20" stage="4" lat="7">
<core>m_axi</core>
<MemPortIdVec></MemPortIdVec>
<condition id="-1">
<or_exp><and_exp></and_exp></or_exp>
</condition>

<Node id="20" bw="1" op_0_bw="1" op_1_bw="32" op_2_bw="32" op_3_bw="1" op_4_bw="0" op_5_bw="1">
<![CDATA[
._crit_edge3:0  %status_req = call i1 @_ssdm_op_ReadReq.m_axi.i32P(i32* %Master2SysAlloc_addr_5, i32 1) nounwind

]]></Node>
<StgValue><ssdm name="status_req"/></StgValue>
</operation>
</state>

<state id="21" st_id="21">

<operation id="61" st_id="21" stage="3" lat="7">
<core>m_axi</core>
<MemPortIdVec></MemPortIdVec>
<condition id="-1">
<or_exp><and_exp></and_exp></or_exp>
</condition>

<Node id="20" bw="1" op_0_bw="1" op_1_bw="32" op_2_bw="32" op_3_bw="1" op_4_bw="0" op_5_bw="1">
<![CDATA[
._crit_edge3:0  %status_req = call i1 @_ssdm_op_ReadReq.m_axi.i32P(i32* %Master2SysAlloc_addr_5, i32 1) nounwind

]]></Node>
<StgValue><ssdm name="status_req"/></StgValue>
</operation>
</state>

<state id="22" st_id="22">

<operation id="62" st_id="22" stage="2" lat="7">
<core>m_axi</core>
<MemPortIdVec></MemPortIdVec>
<condition id="-1">
<or_exp><and_exp></and_exp></or_exp>
</condition>

<Node id="20" bw="1" op_0_bw="1" op_1_bw="32" op_2_bw="32" op_3_bw="1" op_4_bw="0" op_5_bw="1">
<![CDATA[
._crit_edge3:0  %status_req = call i1 @_ssdm_op_ReadReq.m_axi.i32P(i32* %Master2SysAlloc_addr_5, i32 1) nounwind

]]></Node>
<StgValue><ssdm name="status_req"/></StgValue>
</operation>
</state>

<state id="23" st_id="23">

<operation id="63" st_id="23" stage="1" lat="7">
<core>m_axi</core>
<MemPortIdVec></MemPortIdVec>
<condition id="-1">
<or_exp><and_exp></and_exp></or_exp>
</condition>

<Node id="20" bw="1" op_0_bw="1" op_1_bw="32" op_2_bw="32" op_3_bw="1" op_4_bw="0" op_5_bw="1">
<![CDATA[
._crit_edge3:0  %status_req = call i1 @_ssdm_op_ReadReq.m_axi.i32P(i32* %Master2SysAlloc_addr_5, i32 1) nounwind

]]></Node>
<StgValue><ssdm name="status_req"/></StgValue>
</operation>
</state>

<state id="24" st_id="24">

<operation id="64" st_id="24" stage="1" lat="1">
<core>m_axi</core>
<MemPortIdVec></MemPortIdVec>
<condition id="-1">
<or_exp><and_exp></and_exp></or_exp>
</condition>

<Node id="21" bw="32" op_0_bw="32" op_1_bw="32" op_2_bw="1" op_3_bw="1" op_4_bw="32" op_5_bw="0">
<![CDATA[
._crit_edge3:1  %status = call i32 @_ssdm_op_Read.m_axi.volatile.i32P(i32* %Master2SysAlloc_addr_5) nounwind

]]></Node>
<StgValue><ssdm name="status"/></StgValue>
</operation>
</state>

<state id="25" st_id="25">

<operation id="65" st_id="25" stage="1" lat="1">
<core>Cmp</core>
<MemPortIdVec></MemPortIdVec>
<condition id="-1">
<or_exp><and_exp></and_exp></or_exp>
</condition>

<Node id="22" bw="1" op_0_bw="32" op_1_bw="32">
<![CDATA[
._crit_edge3:2  %icmp_ln34 = icmp eq i32 %status, 0

]]></Node>
<StgValue><ssdm name="icmp_ln34"/></StgValue>
</operation>

<operation id="66" st_id="25" stage="1" lat="1">
<core>NULL</core>
<MemPortIdVec></MemPortIdVec>
<condition id="-1">
<or_exp><and_exp></and_exp></or_exp>
</condition>

<Node id="23" bw="0" op_0_bw="1" op_1_bw="0" op_2_bw="0">
<![CDATA[
._crit_edge3:3  br i1 %icmp_ln34, label %._crit_edge3, label %0

]]></Node>
<StgValue><ssdm name="br_ln32"/></StgValue>
</operation>

<operation id="67" st_id="25" stage="1" lat="1">
<core>NULL</core>
<MemPortIdVec></MemPortIdVec>
<condition id="-1">
<or_exp><and_exp><literal name="icmp_ln34" val="0"/>
</and_exp></or_exp>
</condition>

<Node id="25" bw="32" op_0_bw="32" op_1_bw="32">
<![CDATA[
:0  %Master2SysAlloc_addr_6 = getelementptr inbounds i32* %Master2SysAlloc, i64 284164098

]]></Node>
<StgValue><ssdm name="Master2SysAlloc_addr_6"/></StgValue>
</operation>

<operation id="68" st_id="25" stage="7" lat="7">
<core>m_axi</core>
<MemPortIdVec></MemPortIdVec>
<condition id="-1">
<or_exp><and_exp><literal name="icmp_ln34" val="0"/>
</and_exp></or_exp>
</condition>

<Node id="26" bw="1" op_0_bw="1" op_1_bw="32" op_2_bw="32" op_3_bw="1" op_4_bw="0" op_5_bw="1" op_6_bw="1">
<![CDATA[
:1  %p_req = call i1 @_ssdm_op_ReadReq.m_axi.i32P(i32* %Master2SysAlloc_addr_6, i32 1) nounwind

]]></Node>
<StgValue><ssdm name="p_req"/></StgValue>
</operation>
</state>

<state id="26" st_id="26">

<operation id="69" st_id="26" stage="6" lat="7">
<core>m_axi</core>
<MemPortIdVec></MemPortIdVec>
<condition id="-1">
<or_exp><and_exp></and_exp></or_exp>
</condition>

<Node id="26" bw="1" op_0_bw="1" op_1_bw="32" op_2_bw="32" op_3_bw="1" op_4_bw="0" op_5_bw="1" op_6_bw="1">
<![CDATA[
:1  %p_req = call i1 @_ssdm_op_ReadReq.m_axi.i32P(i32* %Master2SysAlloc_addr_6, i32 1) nounwind

]]></Node>
<StgValue><ssdm name="p_req"/></StgValue>
</operation>
</state>

<state id="27" st_id="27">

<operation id="70" st_id="27" stage="5" lat="7">
<core>m_axi</core>
<MemPortIdVec></MemPortIdVec>
<condition id="-1">
<or_exp><and_exp></and_exp></or_exp>
</condition>

<Node id="26" bw="1" op_0_bw="1" op_1_bw="32" op_2_bw="32" op_3_bw="1" op_4_bw="0" op_5_bw="1" op_6_bw="1">
<![CDATA[
:1  %p_req = call i1 @_ssdm_op_ReadReq.m_axi.i32P(i32* %Master2SysAlloc_addr_6, i32 1) nounwind

]]></Node>
<StgValue><ssdm name="p_req"/></StgValue>
</operation>
</state>

<state id="28" st_id="28">

<operation id="71" st_id="28" stage="4" lat="7">
<core>m_axi</core>
<MemPortIdVec></MemPortIdVec>
<condition id="-1">
<or_exp><and_exp></and_exp></or_exp>
</condition>

<Node id="26" bw="1" op_0_bw="1" op_1_bw="32" op_2_bw="32" op_3_bw="1" op_4_bw="0" op_5_bw="1" op_6_bw="1">
<![CDATA[
:1  %p_req = call i1 @_ssdm_op_ReadReq.m_axi.i32P(i32* %Master2SysAlloc_addr_6, i32 1) nounwind

]]></Node>
<StgValue><ssdm name="p_req"/></StgValue>
</operation>
</state>

<state id="29" st_id="29">

<operation id="72" st_id="29" stage="3" lat="7">
<core>m_axi</core>
<MemPortIdVec></MemPortIdVec>
<condition id="-1">
<or_exp><and_exp></and_exp></or_exp>
</condition>

<Node id="26" bw="1" op_0_bw="1" op_1_bw="32" op_2_bw="32" op_3_bw="1" op_4_bw="0" op_5_bw="1" op_6_bw="1">
<![CDATA[
:1  %p_req = call i1 @_ssdm_op_ReadReq.m_axi.i32P(i32* %Master2SysAlloc_addr_6, i32 1) nounwind

]]></Node>
<StgValue><ssdm name="p_req"/></StgValue>
</operation>
</state>

<state id="30" st_id="30">

<operation id="73" st_id="30" stage="2" lat="7">
<core>m_axi</core>
<MemPortIdVec></MemPortIdVec>
<condition id="-1">
<or_exp><and_exp></and_exp></or_exp>
</condition>

<Node id="26" bw="1" op_0_bw="1" op_1_bw="32" op_2_bw="32" op_3_bw="1" op_4_bw="0" op_5_bw="1" op_6_bw="1">
<![CDATA[
:1  %p_req = call i1 @_ssdm_op_ReadReq.m_axi.i32P(i32* %Master2SysAlloc_addr_6, i32 1) nounwind

]]></Node>
<StgValue><ssdm name="p_req"/></StgValue>
</operation>
</state>

<state id="31" st_id="31">

<operation id="74" st_id="31" stage="1" lat="7">
<core>m_axi</core>
<MemPortIdVec></MemPortIdVec>
<condition id="-1">
<or_exp><and_exp></and_exp></or_exp>
</condition>

<Node id="26" bw="1" op_0_bw="1" op_1_bw="32" op_2_bw="32" op_3_bw="1" op_4_bw="0" op_5_bw="1" op_6_bw="1">
<![CDATA[
:1  %p_req = call i1 @_ssdm_op_ReadReq.m_axi.i32P(i32* %Master2SysAlloc_addr_6, i32 1) nounwind

]]></Node>
<StgValue><ssdm name="p_req"/></StgValue>
</operation>
</state>

<state id="32" st_id="32">

<operation id="75" st_id="32" stage="1" lat="1">
<core>m_axi</core>
<MemPortIdVec></MemPortIdVec>
<condition id="-1">
<or_exp><and_exp></and_exp></or_exp>
</condition>

<Node id="27" bw="32" op_0_bw="32" op_1_bw="32" op_2_bw="1" op_3_bw="1" op_4_bw="32" op_5_bw="0" op_6_bw="1" op_7_bw="32">
<![CDATA[
:2  %empty = call i32 @_ssdm_op_Read.m_axi.volatile.i32P(i32* %Master2SysAlloc_addr_6) nounwind

]]></Node>
<StgValue><ssdm name="empty"/></StgValue>
</operation>

<operation id="76" st_id="32" stage="1" lat="1">
<core>NULL</core>
<MemPortIdVec></MemPortIdVec>
<condition id="-1">
<or_exp><and_exp></and_exp></or_exp>
</condition>

<Node id="28" bw="0">
<![CDATA[
:3  ret void

]]></Node>
<StgValue><ssdm name="ret_ln37"/></StgValue>
</operation>
</state>
</state_list>


<ports>
<port id="112" name="addr" dir="0" iftype="0">
<core>NULL</core><StgValue><ssdm name="addr"/></StgValue>
</port>
<port id="113" name="Master2SysAlloc" dir="2" iftype="4">
<core>NULL</core><StgValue><ssdm name="Master2SysAlloc"/></StgValue>
</port>
</ports>


<dataflows>
<dataflow id="115" from="_ssdm_op_SpecInterface" to="specinterface_ln0" fromId="114" toId="33">
</dataflow>
<dataflow id="116" from="Master2SysAlloc" to="specinterface_ln0" fromId="113" toId="33">
</dataflow>
<dataflow id="118" from="p_str3" to="specinterface_ln0" fromId="117" toId="33">
</dataflow>
<dataflow id="120" from="StgValue_119" to="specinterface_ln0" fromId="119" toId="33">
</dataflow>
<dataflow id="121" from="StgValue_119" to="specinterface_ln0" fromId="119" toId="33">
</dataflow>
<dataflow id="123" from="p_str1" to="specinterface_ln0" fromId="122" toId="33">
</dataflow>
<dataflow id="124" from="StgValue_119" to="specinterface_ln0" fromId="119" toId="33">
</dataflow>
<dataflow id="126" from="StgValue_125" to="specinterface_ln0" fromId="125" toId="33">
</dataflow>
<dataflow id="127" from="p_str1" to="specinterface_ln0" fromId="122" toId="33">
</dataflow>
<dataflow id="129" from="p_str4" to="specinterface_ln0" fromId="128" toId="33">
</dataflow>
<dataflow id="130" from="p_str1" to="specinterface_ln0" fromId="122" toId="33">
</dataflow>
<dataflow id="132" from="StgValue_131" to="specinterface_ln0" fromId="131" toId="33">
</dataflow>
<dataflow id="133" from="StgValue_131" to="specinterface_ln0" fromId="131" toId="33">
</dataflow>
<dataflow id="134" from="StgValue_131" to="specinterface_ln0" fromId="131" toId="33">
</dataflow>
<dataflow id="135" from="StgValue_131" to="specinterface_ln0" fromId="131" toId="33">
</dataflow>
<dataflow id="136" from="p_str1" to="specinterface_ln0" fromId="122" toId="33">
</dataflow>
<dataflow id="137" from="p_str1" to="specinterface_ln0" fromId="122" toId="33">
</dataflow>
<dataflow id="139" from="_ssdm_op_Read.ap_auto.i32" to="addr_read" fromId="138" toId="34">
</dataflow>
<dataflow id="140" from="addr" to="addr_read" fromId="112" toId="34">
</dataflow>
<dataflow id="141" from="Master2SysAlloc" to="Master2SysAlloc_addr" fromId="113" toId="35">
</dataflow>
<dataflow id="143" from="StgValue_142" to="Master2SysAlloc_addr" fromId="142" toId="35">
</dataflow>
<dataflow id="145" from="_ssdm_op_ReadReq.m_axi.i32P" to="token_req" fromId="144" toId="37">
</dataflow>
<dataflow id="146" from="Master2SysAlloc_addr" to="token_req" fromId="35" toId="37">
</dataflow>
<dataflow id="147" from="StgValue_125" to="token_req" fromId="125" toId="37">
</dataflow>
<dataflow id="148" from="_ssdm_op_ReadReq.m_axi.i32P" to="token_req" fromId="144" toId="38">
</dataflow>
<dataflow id="149" from="Master2SysAlloc_addr" to="token_req" fromId="35" toId="38">
</dataflow>
<dataflow id="150" from="StgValue_125" to="token_req" fromId="125" toId="38">
</dataflow>
<dataflow id="151" from="_ssdm_op_ReadReq.m_axi.i32P" to="token_req" fromId="144" toId="39">
</dataflow>
<dataflow id="152" from="Master2SysAlloc_addr" to="token_req" fromId="35" toId="39">
</dataflow>
<dataflow id="153" from="StgValue_125" to="token_req" fromId="125" toId="39">
</dataflow>
<dataflow id="154" from="_ssdm_op_ReadReq.m_axi.i32P" to="token_req" fromId="144" toId="40">
</dataflow>
<dataflow id="155" from="Master2SysAlloc_addr" to="token_req" fromId="35" toId="40">
</dataflow>
<dataflow id="156" from="StgValue_125" to="token_req" fromId="125" toId="40">
</dataflow>
<dataflow id="157" from="_ssdm_op_ReadReq.m_axi.i32P" to="token_req" fromId="144" toId="41">
</dataflow>
<dataflow id="158" from="Master2SysAlloc_addr" to="token_req" fromId="35" toId="41">
</dataflow>
<dataflow id="159" from="StgValue_125" to="token_req" fromId="125" toId="41">
</dataflow>
<dataflow id="160" from="_ssdm_op_ReadReq.m_axi.i32P" to="token_req" fromId="144" toId="42">
</dataflow>
<dataflow id="161" from="Master2SysAlloc_addr" to="token_req" fromId="35" toId="42">
</dataflow>
<dataflow id="162" from="StgValue_125" to="token_req" fromId="125" toId="42">
</dataflow>
<dataflow id="163" from="_ssdm_op_ReadReq.m_axi.i32P" to="token_req" fromId="144" toId="43">
</dataflow>
<dataflow id="164" from="Master2SysAlloc_addr" to="token_req" fromId="35" toId="43">
</dataflow>
<dataflow id="165" from="StgValue_125" to="token_req" fromId="125" toId="43">
</dataflow>
<dataflow id="167" from="_ssdm_op_Read.m_axi.volatile.i32P" to="token" fromId="166" toId="44">
</dataflow>
<dataflow id="168" from="Master2SysAlloc_addr" to="token" fromId="35" toId="44">
</dataflow>
<dataflow id="169" from="token" to="icmp_ln28" fromId="44" toId="45">
</dataflow>
<dataflow id="170" from="StgValue_119" to="icmp_ln28" fromId="119" toId="45">
</dataflow>
<dataflow id="171" from="icmp_ln28" to="br_ln26" fromId="45" toId="46">
</dataflow>
<dataflow id="172" from="Master2SysAlloc" to="Master2SysAlloc_addr_4" fromId="113" toId="47">
</dataflow>
<dataflow id="174" from="StgValue_173" to="Master2SysAlloc_addr_4" fromId="173" toId="47">
</dataflow>
<dataflow id="176" from="_ssdm_op_WriteReq.m_axi.i32P" to="Master2SysAlloc_addr_7" fromId="175" toId="48">
</dataflow>
<dataflow id="177" from="Master2SysAlloc_addr_4" to="Master2SysAlloc_addr_7" fromId="47" toId="48">
</dataflow>
<dataflow id="178" from="StgValue_125" to="Master2SysAlloc_addr_7" fromId="125" toId="48">
</dataflow>
<dataflow id="180" from="_ssdm_op_Write.m_axi.volatile.i32P" to="write_ln30" fromId="179" toId="49">
</dataflow>
<dataflow id="181" from="Master2SysAlloc_addr_4" to="write_ln30" fromId="47" toId="49">
</dataflow>
<dataflow id="182" from="addr_read" to="write_ln30" fromId="34" toId="49">
</dataflow>
<dataflow id="184" from="StgValue_183" to="write_ln30" fromId="183" toId="49">
</dataflow>
<dataflow id="186" from="_ssdm_op_WriteResp.m_axi.i32P" to="Master2SysAlloc_addr_8" fromId="185" toId="50">
</dataflow>
<dataflow id="187" from="Master2SysAlloc_addr_4" to="Master2SysAlloc_addr_8" fromId="47" toId="50">
</dataflow>
<dataflow id="188" from="_ssdm_op_WriteResp.m_axi.i32P" to="Master2SysAlloc_addr_8" fromId="185" toId="51">
</dataflow>
<dataflow id="189" from="Master2SysAlloc_addr_4" to="Master2SysAlloc_addr_8" fromId="47" toId="51">
</dataflow>
<dataflow id="190" from="_ssdm_op_WriteResp.m_axi.i32P" to="Master2SysAlloc_addr_8" fromId="185" toId="52">
</dataflow>
<dataflow id="191" from="Master2SysAlloc_addr_4" to="Master2SysAlloc_addr_8" fromId="47" toId="52">
</dataflow>
<dataflow id="192" from="_ssdm_op_WriteResp.m_axi.i32P" to="Master2SysAlloc_addr_8" fromId="185" toId="53">
</dataflow>
<dataflow id="193" from="Master2SysAlloc_addr_4" to="Master2SysAlloc_addr_8" fromId="47" toId="53">
</dataflow>
<dataflow id="194" from="_ssdm_op_WriteResp.m_axi.i32P" to="Master2SysAlloc_addr_8" fromId="185" toId="54">
</dataflow>
<dataflow id="195" from="Master2SysAlloc_addr_4" to="Master2SysAlloc_addr_8" fromId="47" toId="54">
</dataflow>
<dataflow id="196" from="Master2SysAlloc" to="Master2SysAlloc_addr_5" fromId="113" toId="55">
</dataflow>
<dataflow id="198" from="StgValue_197" to="Master2SysAlloc_addr_5" fromId="197" toId="55">
</dataflow>
<dataflow id="199" from="_ssdm_op_ReadReq.m_axi.i32P" to="status_req" fromId="144" toId="57">
</dataflow>
<dataflow id="200" from="Master2SysAlloc_addr_5" to="status_req" fromId="55" toId="57">
</dataflow>
<dataflow id="201" from="StgValue_125" to="status_req" fromId="125" toId="57">
</dataflow>
<dataflow id="202" from="_ssdm_op_ReadReq.m_axi.i32P" to="status_req" fromId="144" toId="58">
</dataflow>
<dataflow id="203" from="Master2SysAlloc_addr_5" to="status_req" fromId="55" toId="58">
</dataflow>
<dataflow id="204" from="StgValue_125" to="status_req" fromId="125" toId="58">
</dataflow>
<dataflow id="205" from="_ssdm_op_ReadReq.m_axi.i32P" to="status_req" fromId="144" toId="59">
</dataflow>
<dataflow id="206" from="Master2SysAlloc_addr_5" to="status_req" fromId="55" toId="59">
</dataflow>
<dataflow id="207" from="StgValue_125" to="status_req" fromId="125" toId="59">
</dataflow>
<dataflow id="208" from="_ssdm_op_ReadReq.m_axi.i32P" to="status_req" fromId="144" toId="60">
</dataflow>
<dataflow id="209" from="Master2SysAlloc_addr_5" to="status_req" fromId="55" toId="60">
</dataflow>
<dataflow id="210" from="StgValue_125" to="status_req" fromId="125" toId="60">
</dataflow>
<dataflow id="211" from="_ssdm_op_ReadReq.m_axi.i32P" to="status_req" fromId="144" toId="61">
</dataflow>
<dataflow id="212" from="Master2SysAlloc_addr_5" to="status_req" fromId="55" toId="61">
</dataflow>
<dataflow id="213" from="StgValue_125" to="status_req" fromId="125" toId="61">
</dataflow>
<dataflow id="214" from="_ssdm_op_ReadReq.m_axi.i32P" to="status_req" fromId="144" toId="62">
</dataflow>
<dataflow id="215" from="Master2SysAlloc_addr_5" to="status_req" fromId="55" toId="62">
</dataflow>
<dataflow id="216" from="StgValue_125" to="status_req" fromId="125" toId="62">
</dataflow>
<dataflow id="217" from="_ssdm_op_ReadReq.m_axi.i32P" to="status_req" fromId="144" toId="63">
</dataflow>
<dataflow id="218" from="Master2SysAlloc_addr_5" to="status_req" fromId="55" toId="63">
</dataflow>
<dataflow id="219" from="StgValue_125" to="status_req" fromId="125" toId="63">
</dataflow>
<dataflow id="220" from="_ssdm_op_Read.m_axi.volatile.i32P" to="status" fromId="166" toId="64">
</dataflow>
<dataflow id="221" from="Master2SysAlloc_addr_5" to="status" fromId="55" toId="64">
</dataflow>
<dataflow id="222" from="status" to="icmp_ln34" fromId="64" toId="65">
</dataflow>
<dataflow id="223" from="StgValue_119" to="icmp_ln34" fromId="119" toId="65">
</dataflow>
<dataflow id="224" from="icmp_ln34" to="br_ln32" fromId="65" toId="66">
</dataflow>
<dataflow id="225" from="Master2SysAlloc" to="Master2SysAlloc_addr_6" fromId="113" toId="67">
</dataflow>
<dataflow id="227" from="StgValue_226" to="Master2SysAlloc_addr_6" fromId="226" toId="67">
</dataflow>
<dataflow id="228" from="_ssdm_op_ReadReq.m_axi.i32P" to="p_req" fromId="144" toId="68">
</dataflow>
<dataflow id="229" from="Master2SysAlloc_addr_6" to="p_req" fromId="67" toId="68">
</dataflow>
<dataflow id="230" from="StgValue_125" to="p_req" fromId="125" toId="68">
</dataflow>
<dataflow id="231" from="_ssdm_op_ReadReq.m_axi.i32P" to="p_req" fromId="144" toId="69">
</dataflow>
<dataflow id="232" from="Master2SysAlloc_addr_6" to="p_req" fromId="67" toId="69">
</dataflow>
<dataflow id="233" from="StgValue_125" to="p_req" fromId="125" toId="69">
</dataflow>
<dataflow id="234" from="_ssdm_op_ReadReq.m_axi.i32P" to="p_req" fromId="144" toId="70">
</dataflow>
<dataflow id="235" from="Master2SysAlloc_addr_6" to="p_req" fromId="67" toId="70">
</dataflow>
<dataflow id="236" from="StgValue_125" to="p_req" fromId="125" toId="70">
</dataflow>
<dataflow id="237" from="_ssdm_op_ReadReq.m_axi.i32P" to="p_req" fromId="144" toId="71">
</dataflow>
<dataflow id="238" from="Master2SysAlloc_addr_6" to="p_req" fromId="67" toId="71">
</dataflow>
<dataflow id="239" from="StgValue_125" to="p_req" fromId="125" toId="71">
</dataflow>
<dataflow id="240" from="_ssdm_op_ReadReq.m_axi.i32P" to="p_req" fromId="144" toId="72">
</dataflow>
<dataflow id="241" from="Master2SysAlloc_addr_6" to="p_req" fromId="67" toId="72">
</dataflow>
<dataflow id="242" from="StgValue_125" to="p_req" fromId="125" toId="72">
</dataflow>
<dataflow id="243" from="_ssdm_op_ReadReq.m_axi.i32P" to="p_req" fromId="144" toId="73">
</dataflow>
<dataflow id="244" from="Master2SysAlloc_addr_6" to="p_req" fromId="67" toId="73">
</dataflow>
<dataflow id="245" from="StgValue_125" to="p_req" fromId="125" toId="73">
</dataflow>
<dataflow id="246" from="_ssdm_op_ReadReq.m_axi.i32P" to="p_req" fromId="144" toId="74">
</dataflow>
<dataflow id="247" from="Master2SysAlloc_addr_6" to="p_req" fromId="67" toId="74">
</dataflow>
<dataflow id="248" from="StgValue_125" to="p_req" fromId="125" toId="74">
</dataflow>
<dataflow id="249" from="_ssdm_op_Read.m_axi.volatile.i32P" to="empty" fromId="166" toId="75">
</dataflow>
<dataflow id="250" from="Master2SysAlloc_addr_6" to="empty" fromId="67" toId="75">
</dataflow>
<dataflow id="251" from="icmp_ln28" to="StgValue_10" fromId="45" toId="10">
</dataflow>
<dataflow id="252" from="icmp_ln34" to="StgValue_25" fromId="65" toId="25">
</dataflow>
</dataflows>


</stg>
