<stg><name>SysMalloc</name>


<trans_list>

<trans id="76" from="1" to="2">
<condition id="-1">
<or_exp><and_exp></and_exp></or_exp>
</condition>
</trans>

<trans id="77" from="2" to="3">
<condition id="-1">
<or_exp><and_exp></and_exp></or_exp>
</condition>
</trans>

<trans id="78" from="3" to="4">
<condition id="-1">
<or_exp><and_exp></and_exp></or_exp>
</condition>
</trans>

<trans id="79" from="4" to="5">
<condition id="-1">
<or_exp><and_exp></and_exp></or_exp>
</condition>
</trans>

<trans id="80" from="5" to="6">
<condition id="-1">
<or_exp><and_exp></and_exp></or_exp>
</condition>
</trans>

<trans id="81" from="6" to="7">
<condition id="-1">
<or_exp><and_exp></and_exp></or_exp>
</condition>
</trans>

<trans id="82" from="7" to="8">
<condition id="-1">
<or_exp><and_exp></and_exp></or_exp>
</condition>
</trans>

<trans id="83" from="8" to="9">
<condition id="-1">
<or_exp><and_exp></and_exp></or_exp>
</condition>
</trans>

<trans id="84" from="9" to="10">
<condition id="-1">
<or_exp><and_exp></and_exp></or_exp>
</condition>
</trans>

<trans id="85" from="10" to="2">
<condition id="-1">
<or_exp><and_exp><literal name="icmp_ln9" val="1"/>
</and_exp></or_exp>
</condition>
</trans>

<trans id="86" from="10" to="11">
<condition id="-1">
<or_exp><and_exp><literal name="icmp_ln9" val="0"/>
</and_exp></or_exp>
</condition>
</trans>

<trans id="88" from="11" to="12">
<condition id="-1">
<or_exp><and_exp></and_exp></or_exp>
</condition>
</trans>

<trans id="89" from="12" to="13">
<condition id="-1">
<or_exp><and_exp></and_exp></or_exp>
</condition>
</trans>

<trans id="90" from="13" to="14">
<condition id="-1">
<or_exp><and_exp></and_exp></or_exp>
</condition>
</trans>

<trans id="91" from="14" to="15">
<condition id="-1">
<or_exp><and_exp></and_exp></or_exp>
</condition>
</trans>

<trans id="92" from="15" to="16">
<condition id="-1">
<or_exp><and_exp></and_exp></or_exp>
</condition>
</trans>

<trans id="93" from="16" to="17">
<condition id="-1">
<or_exp><and_exp></and_exp></or_exp>
</condition>
</trans>

<trans id="94" from="17" to="18">
<condition id="-1">
<or_exp><and_exp></and_exp></or_exp>
</condition>
</trans>

<trans id="95" from="18" to="19">
<condition id="-1">
<or_exp><and_exp></and_exp></or_exp>
</condition>
</trans>

<trans id="96" from="19" to="20">
<condition id="-1">
<or_exp><and_exp></and_exp></or_exp>
</condition>
</trans>

<trans id="97" from="20" to="21">
<condition id="-1">
<or_exp><and_exp></and_exp></or_exp>
</condition>
</trans>

<trans id="98" from="21" to="22">
<condition id="-1">
<or_exp><and_exp></and_exp></or_exp>
</condition>
</trans>

<trans id="99" from="22" to="23">
<condition id="-1">
<or_exp><and_exp></and_exp></or_exp>
</condition>
</trans>

<trans id="100" from="23" to="24">
<condition id="-1">
<or_exp><and_exp></and_exp></or_exp>
</condition>
</trans>

<trans id="101" from="24" to="25">
<condition id="-1">
<or_exp><and_exp></and_exp></or_exp>
</condition>
</trans>

<trans id="102" from="25" to="17">
<condition id="-1">
<or_exp><and_exp><literal name="icmp_ln15" val="1"/>
</and_exp></or_exp>
</condition>
</trans>

<trans id="103" from="25" to="26">
<condition id="-1">
<or_exp><and_exp><literal name="icmp_ln15" val="0"/>
</and_exp></or_exp>
</condition>
</trans>

<trans id="105" from="26" to="27">
<condition id="-1">
<or_exp><and_exp></and_exp></or_exp>
</condition>
</trans>

<trans id="106" from="27" to="28">
<condition id="-1">
<or_exp><and_exp></and_exp></or_exp>
</condition>
</trans>

<trans id="107" from="28" to="29">
<condition id="-1">
<or_exp><and_exp></and_exp></or_exp>
</condition>
</trans>

<trans id="108" from="29" to="30">
<condition id="-1">
<or_exp><and_exp></and_exp></or_exp>
</condition>
</trans>

<trans id="109" from="30" to="31">
<condition id="-1">
<or_exp><and_exp></and_exp></or_exp>
</condition>
</trans>

<trans id="110" from="31" to="32">
<condition id="-1">
<or_exp><and_exp></and_exp></or_exp>
</condition>
</trans>
</trans_list>



<state_list>

<state id="1" st_id="1">

<operation id="33" st_id="1" stage="1" lat="1">
<core>NULL</core>
<MemPortIdVec></MemPortIdVec>
<condition id="-1">
<or_exp><and_exp></and_exp></or_exp>
</condition>

<Node id="2" bw="0" op_0_bw="0" op_1_bw="32" op_2_bw="0" op_3_bw="32" op_4_bw="32" op_5_bw="0" op_6_bw="32" op_7_bw="32" op_8_bw="0" op_9_bw="0" op_10_bw="0" op_11_bw="32" op_12_bw="32" op_13_bw="32" op_14_bw="32" op_15_bw="0" op_16_bw="0">
<![CDATA[
.critedge:0  call void (...)* @_ssdm_op_SpecInterface(i32* %Master2SysAlloc, [6 x i8]* @p_str3, i32 0, i32 0, [1 x i8]* @p_str1, i32 0, i32 1, [1 x i8]* @p_str1, [4 x i8]* @p_str4, [1 x i8]* @p_str1, i32 16, i32 16, i32 16, i32 16, [1 x i8]* @p_str1, [1 x i8]* @p_str1) nounwind

]]></Node>
<StgValue><ssdm name="specinterface_ln0"/></StgValue>
</operation>

<operation id="34" st_id="1" stage="1" lat="1">
<core>NULL</core>
<MemPortIdVec></MemPortIdVec>
<condition id="-1">
<or_exp><and_exp></and_exp></or_exp>
</condition>

<Node id="3" bw="32" op_0_bw="32" op_1_bw="64">
<![CDATA[
.critedge:1  %Master2SysAlloc_addr = getelementptr inbounds i32* %Master2SysAlloc, i64 284164096

]]></Node>
<StgValue><ssdm name="Master2SysAlloc_addr"/></StgValue>
</operation>

<operation id="35" st_id="1" stage="1" lat="1">
<core>NULL</core>
<MemPortIdVec></MemPortIdVec>
<condition id="-1">
<or_exp><and_exp></and_exp></or_exp>
</condition>

<Node id="4" bw="0" op_0_bw="0">
<![CDATA[
.critedge:2  br label %._crit_edge

]]></Node>
<StgValue><ssdm name="br_ln0"/></StgValue>
</operation>
</state>

<state id="2" st_id="2">

<operation id="36" st_id="2" stage="7" lat="7">
<core>m_axi</core>
<MemPortIdVec></MemPortIdVec>
<condition id="-1">
<or_exp><and_exp></and_exp></or_exp>
</condition>

<Node id="6" bw="1" op_0_bw="1" op_1_bw="32" op_2_bw="32">
<![CDATA[
._crit_edge:0  %token_req = call i1 @_ssdm_op_ReadReq.m_axi.i32P(i32* %Master2SysAlloc_addr, i32 1) nounwind

]]></Node>
<StgValue><ssdm name="token_req"/></StgValue>
</operation>
</state>

<state id="3" st_id="3">

<operation id="37" st_id="3" stage="6" lat="7">
<core>m_axi</core>
<MemPortIdVec></MemPortIdVec>
<condition id="-1">
<or_exp><and_exp></and_exp></or_exp>
</condition>

<Node id="6" bw="1" op_0_bw="1" op_1_bw="32" op_2_bw="32">
<![CDATA[
._crit_edge:0  %token_req = call i1 @_ssdm_op_ReadReq.m_axi.i32P(i32* %Master2SysAlloc_addr, i32 1) nounwind

]]></Node>
<StgValue><ssdm name="token_req"/></StgValue>
</operation>
</state>

<state id="4" st_id="4">

<operation id="38" st_id="4" stage="5" lat="7">
<core>m_axi</core>
<MemPortIdVec></MemPortIdVec>
<condition id="-1">
<or_exp><and_exp></and_exp></or_exp>
</condition>

<Node id="6" bw="1" op_0_bw="1" op_1_bw="32" op_2_bw="32">
<![CDATA[
._crit_edge:0  %token_req = call i1 @_ssdm_op_ReadReq.m_axi.i32P(i32* %Master2SysAlloc_addr, i32 1) nounwind

]]></Node>
<StgValue><ssdm name="token_req"/></StgValue>
</operation>
</state>

<state id="5" st_id="5">

<operation id="39" st_id="5" stage="4" lat="7">
<core>m_axi</core>
<MemPortIdVec></MemPortIdVec>
<condition id="-1">
<or_exp><and_exp></and_exp></or_exp>
</condition>

<Node id="6" bw="1" op_0_bw="1" op_1_bw="32" op_2_bw="32">
<![CDATA[
._crit_edge:0  %token_req = call i1 @_ssdm_op_ReadReq.m_axi.i32P(i32* %Master2SysAlloc_addr, i32 1) nounwind

]]></Node>
<StgValue><ssdm name="token_req"/></StgValue>
</operation>
</state>

<state id="6" st_id="6">

<operation id="40" st_id="6" stage="3" lat="7">
<core>m_axi</core>
<MemPortIdVec></MemPortIdVec>
<condition id="-1">
<or_exp><and_exp></and_exp></or_exp>
</condition>

<Node id="6" bw="1" op_0_bw="1" op_1_bw="32" op_2_bw="32">
<![CDATA[
._crit_edge:0  %token_req = call i1 @_ssdm_op_ReadReq.m_axi.i32P(i32* %Master2SysAlloc_addr, i32 1) nounwind

]]></Node>
<StgValue><ssdm name="token_req"/></StgValue>
</operation>
</state>

<state id="7" st_id="7">

<operation id="41" st_id="7" stage="2" lat="7">
<core>m_axi</core>
<MemPortIdVec></MemPortIdVec>
<condition id="-1">
<or_exp><and_exp></and_exp></or_exp>
</condition>

<Node id="6" bw="1" op_0_bw="1" op_1_bw="32" op_2_bw="32">
<![CDATA[
._crit_edge:0  %token_req = call i1 @_ssdm_op_ReadReq.m_axi.i32P(i32* %Master2SysAlloc_addr, i32 1) nounwind

]]></Node>
<StgValue><ssdm name="token_req"/></StgValue>
</operation>
</state>

<state id="8" st_id="8">

<operation id="42" st_id="8" stage="1" lat="7">
<core>m_axi</core>
<MemPortIdVec></MemPortIdVec>
<condition id="-1">
<or_exp><and_exp></and_exp></or_exp>
</condition>

<Node id="6" bw="1" op_0_bw="1" op_1_bw="32" op_2_bw="32">
<![CDATA[
._crit_edge:0  %token_req = call i1 @_ssdm_op_ReadReq.m_axi.i32P(i32* %Master2SysAlloc_addr, i32 1) nounwind

]]></Node>
<StgValue><ssdm name="token_req"/></StgValue>
</operation>
</state>

<state id="9" st_id="9">

<operation id="43" st_id="9" stage="1" lat="1">
<core>m_axi</core>
<MemPortIdVec></MemPortIdVec>
<condition id="-1">
<or_exp><and_exp></and_exp></or_exp>
</condition>

<Node id="7" bw="32" op_0_bw="32" op_1_bw="32" op_2_bw="1">
<![CDATA[
._crit_edge:1  %token = call i32 @_ssdm_op_Read.m_axi.volatile.i32P(i32* %Master2SysAlloc_addr) nounwind

]]></Node>
<StgValue><ssdm name="token"/></StgValue>
</operation>
</state>

<state id="10" st_id="10">

<operation id="44" st_id="10" stage="1" lat="1">
<core>Cmp</core>
<MemPortIdVec></MemPortIdVec>
<condition id="-1">
<or_exp><and_exp></and_exp></or_exp>
</condition>

<Node id="8" bw="1" op_0_bw="32" op_1_bw="32">
<![CDATA[
._crit_edge:2  %icmp_ln9 = icmp eq i32 %token, 0

]]></Node>
<StgValue><ssdm name="icmp_ln9"/></StgValue>
</operation>

<operation id="45" st_id="10" stage="1" lat="1">
<core>NULL</core>
<MemPortIdVec></MemPortIdVec>
<condition id="-1">
<or_exp><and_exp></and_exp></or_exp>
</condition>

<Node id="9" bw="0" op_0_bw="1" op_1_bw="0" op_2_bw="0">
<![CDATA[
._crit_edge:3  br i1 %icmp_ln9, label %._crit_edge, label %.critedge2

]]></Node>
<StgValue><ssdm name="br_ln7"/></StgValue>
</operation>

<operation id="46" st_id="10" stage="1" lat="1">
<core>NULL</core>
<MemPortIdVec></MemPortIdVec>
<condition id="-1">
<or_exp><and_exp><literal name="icmp_ln9" val="0"/>
</and_exp></or_exp>
</condition>

<Node id="11" bw="32" op_0_bw="32" op_1_bw="64">
<![CDATA[
.critedge2:0  %Master2SysAlloc_addr_1 = getelementptr inbounds i32* %Master2SysAlloc, i64 284164099

]]></Node>
<StgValue><ssdm name="Master2SysAlloc_addr_1"/></StgValue>
</operation>

<operation id="47" st_id="10" stage="1" lat="1">
<core>m_axi</core>
<MemPortIdVec></MemPortIdVec>
<condition id="-1">
<or_exp><and_exp><literal name="icmp_ln9" val="0"/>
</and_exp></or_exp>
</condition>

<Node id="12" bw="1" op_0_bw="1" op_1_bw="32" op_2_bw="32">
<![CDATA[
.critedge2:1  %Master2SysAlloc_addr_4 = call i1 @_ssdm_op_WriteReq.m_axi.i32P(i32* %Master2SysAlloc_addr_1, i32 1) nounwind

]]></Node>
<StgValue><ssdm name="Master2SysAlloc_addr_4"/></StgValue>
</operation>
</state>

<state id="11" st_id="11">

<operation id="48" st_id="11" stage="1" lat="1">
<core>m_axi</core>
<MemPortIdVec></MemPortIdVec>
<condition id="-1">
<or_exp><and_exp></and_exp></or_exp>
</condition>

<Node id="13" bw="0" op_0_bw="0" op_1_bw="32" op_2_bw="32" op_3_bw="4" op_4_bw="1" op_5_bw="1" op_6_bw="32">
<![CDATA[
.critedge2:2  call void @_ssdm_op_Write.m_axi.volatile.i32P(i32* %Master2SysAlloc_addr_1, i32 28, i4 -1) nounwind

]]></Node>
<StgValue><ssdm name="write_ln11"/></StgValue>
</operation>
</state>

<state id="12" st_id="12">

<operation id="49" st_id="12" stage="5" lat="5">
<core>m_axi</core>
<MemPortIdVec></MemPortIdVec>
<condition id="-1">
<or_exp><and_exp></and_exp></or_exp>
</condition>

<Node id="14" bw="1" op_0_bw="1" op_1_bw="32" op_2_bw="0">
<![CDATA[
.critedge2:3  %Master2SysAlloc_addr_5 = call i1 @_ssdm_op_WriteResp.m_axi.i32P(i32* %Master2SysAlloc_addr_1) nounwind

]]></Node>
<StgValue><ssdm name="Master2SysAlloc_addr_5"/></StgValue>
</operation>
</state>

<state id="13" st_id="13">

<operation id="50" st_id="13" stage="4" lat="5">
<core>m_axi</core>
<MemPortIdVec></MemPortIdVec>
<condition id="-1">
<or_exp><and_exp></and_exp></or_exp>
</condition>

<Node id="14" bw="1" op_0_bw="1" op_1_bw="32" op_2_bw="0">
<![CDATA[
.critedge2:3  %Master2SysAlloc_addr_5 = call i1 @_ssdm_op_WriteResp.m_axi.i32P(i32* %Master2SysAlloc_addr_1) nounwind

]]></Node>
<StgValue><ssdm name="Master2SysAlloc_addr_5"/></StgValue>
</operation>
</state>

<state id="14" st_id="14">

<operation id="51" st_id="14" stage="3" lat="5">
<core>m_axi</core>
<MemPortIdVec></MemPortIdVec>
<condition id="-1">
<or_exp><and_exp></and_exp></or_exp>
</condition>

<Node id="14" bw="1" op_0_bw="1" op_1_bw="32" op_2_bw="0">
<![CDATA[
.critedge2:3  %Master2SysAlloc_addr_5 = call i1 @_ssdm_op_WriteResp.m_axi.i32P(i32* %Master2SysAlloc_addr_1) nounwind

]]></Node>
<StgValue><ssdm name="Master2SysAlloc_addr_5"/></StgValue>
</operation>
</state>

<state id="15" st_id="15">

<operation id="52" st_id="15" stage="2" lat="5">
<core>m_axi</core>
<MemPortIdVec></MemPortIdVec>
<condition id="-1">
<or_exp><and_exp></and_exp></or_exp>
</condition>

<Node id="14" bw="1" op_0_bw="1" op_1_bw="32" op_2_bw="0">
<![CDATA[
.critedge2:3  %Master2SysAlloc_addr_5 = call i1 @_ssdm_op_WriteResp.m_axi.i32P(i32* %Master2SysAlloc_addr_1) nounwind

]]></Node>
<StgValue><ssdm name="Master2SysAlloc_addr_5"/></StgValue>
</operation>
</state>

<state id="16" st_id="16">

<operation id="53" st_id="16" stage="1" lat="5">
<core>m_axi</core>
<MemPortIdVec></MemPortIdVec>
<condition id="-1">
<or_exp><and_exp></and_exp></or_exp>
</condition>

<Node id="14" bw="1" op_0_bw="1" op_1_bw="32" op_2_bw="0">
<![CDATA[
.critedge2:3  %Master2SysAlloc_addr_5 = call i1 @_ssdm_op_WriteResp.m_axi.i32P(i32* %Master2SysAlloc_addr_1) nounwind

]]></Node>
<StgValue><ssdm name="Master2SysAlloc_addr_5"/></StgValue>
</operation>

<operation id="54" st_id="16" stage="1" lat="1">
<core>NULL</core>
<MemPortIdVec></MemPortIdVec>
<condition id="-1">
<or_exp><and_exp></and_exp></or_exp>
</condition>

<Node id="15" bw="32" op_0_bw="32" op_1_bw="64">
<![CDATA[
.critedge2:4  %Master2SysAlloc_addr_2 = getelementptr inbounds i32* %Master2SysAlloc, i64 284164097

]]></Node>
<StgValue><ssdm name="Master2SysAlloc_addr_2"/></StgValue>
</operation>

<operation id="55" st_id="16" stage="1" lat="1">
<core>NULL</core>
<MemPortIdVec></MemPortIdVec>
<condition id="-1">
<or_exp><and_exp></and_exp></or_exp>
</condition>

<Node id="16" bw="0" op_0_bw="0">
<![CDATA[
.critedge2:5  br label %._crit_edge1

]]></Node>
<StgValue><ssdm name="br_ln0"/></StgValue>
</operation>
</state>

<state id="17" st_id="17">

<operation id="56" st_id="17" stage="7" lat="7">
<core>m_axi</core>
<MemPortIdVec></MemPortIdVec>
<condition id="-1">
<or_exp><and_exp></and_exp></or_exp>
</condition>

<Node id="18" bw="1" op_0_bw="1" op_1_bw="32" op_2_bw="32" op_3_bw="1" op_4_bw="0" op_5_bw="1">
<![CDATA[
._crit_edge1:0  %status_req = call i1 @_ssdm_op_ReadReq.m_axi.i32P(i32* %Master2SysAlloc_addr_2, i32 1) nounwind

]]></Node>
<StgValue><ssdm name="status_req"/></StgValue>
</operation>
</state>

<state id="18" st_id="18">

<operation id="57" st_id="18" stage="6" lat="7">
<core>m_axi</core>
<MemPortIdVec></MemPortIdVec>
<condition id="-1">
<or_exp><and_exp></and_exp></or_exp>
</condition>

<Node id="18" bw="1" op_0_bw="1" op_1_bw="32" op_2_bw="32" op_3_bw="1" op_4_bw="0" op_5_bw="1">
<![CDATA[
._crit_edge1:0  %status_req = call i1 @_ssdm_op_ReadReq.m_axi.i32P(i32* %Master2SysAlloc_addr_2, i32 1) nounwind

]]></Node>
<StgValue><ssdm name="status_req"/></StgValue>
</operation>
</state>

<state id="19" st_id="19">

<operation id="58" st_id="19" stage="5" lat="7">
<core>m_axi</core>
<MemPortIdVec></MemPortIdVec>
<condition id="-1">
<or_exp><and_exp></and_exp></or_exp>
</condition>

<Node id="18" bw="1" op_0_bw="1" op_1_bw="32" op_2_bw="32" op_3_bw="1" op_4_bw="0" op_5_bw="1">
<![CDATA[
._crit_edge1:0  %status_req = call i1 @_ssdm_op_ReadReq.m_axi.i32P(i32* %Master2SysAlloc_addr_2, i32 1) nounwind

]]></Node>
<StgValue><ssdm name="status_req"/></StgValue>
</operation>
</state>

<state id="20" st_id="20">

<operation id="59" st_id="20" stage="4" lat="7">
<core>m_axi</core>
<MemPortIdVec></MemPortIdVec>
<condition id="-1">
<or_exp><and_exp></and_exp></or_exp>
</condition>

<Node id="18" bw="1" op_0_bw="1" op_1_bw="32" op_2_bw="32" op_3_bw="1" op_4_bw="0" op_5_bw="1">
<![CDATA[
._crit_edge1:0  %status_req = call i1 @_ssdm_op_ReadReq.m_axi.i32P(i32* %Master2SysAlloc_addr_2, i32 1) nounwind

]]></Node>
<StgValue><ssdm name="status_req"/></StgValue>
</operation>
</state>

<state id="21" st_id="21">

<operation id="60" st_id="21" stage="3" lat="7">
<core>m_axi</core>
<MemPortIdVec></MemPortIdVec>
<condition id="-1">
<or_exp><and_exp></and_exp></or_exp>
</condition>

<Node id="18" bw="1" op_0_bw="1" op_1_bw="32" op_2_bw="32" op_3_bw="1" op_4_bw="0" op_5_bw="1">
<![CDATA[
._crit_edge1:0  %status_req = call i1 @_ssdm_op_ReadReq.m_axi.i32P(i32* %Master2SysAlloc_addr_2, i32 1) nounwind

]]></Node>
<StgValue><ssdm name="status_req"/></StgValue>
</operation>
</state>

<state id="22" st_id="22">

<operation id="61" st_id="22" stage="2" lat="7">
<core>m_axi</core>
<MemPortIdVec></MemPortIdVec>
<condition id="-1">
<or_exp><and_exp></and_exp></or_exp>
</condition>

<Node id="18" bw="1" op_0_bw="1" op_1_bw="32" op_2_bw="32" op_3_bw="1" op_4_bw="0" op_5_bw="1">
<![CDATA[
._crit_edge1:0  %status_req = call i1 @_ssdm_op_ReadReq.m_axi.i32P(i32* %Master2SysAlloc_addr_2, i32 1) nounwind

]]></Node>
<StgValue><ssdm name="status_req"/></StgValue>
</operation>
</state>

<state id="23" st_id="23">

<operation id="62" st_id="23" stage="1" lat="7">
<core>m_axi</core>
<MemPortIdVec></MemPortIdVec>
<condition id="-1">
<or_exp><and_exp></and_exp></or_exp>
</condition>

<Node id="18" bw="1" op_0_bw="1" op_1_bw="32" op_2_bw="32" op_3_bw="1" op_4_bw="0" op_5_bw="1">
<![CDATA[
._crit_edge1:0  %status_req = call i1 @_ssdm_op_ReadReq.m_axi.i32P(i32* %Master2SysAlloc_addr_2, i32 1) nounwind

]]></Node>
<StgValue><ssdm name="status_req"/></StgValue>
</operation>
</state>

<state id="24" st_id="24">

<operation id="63" st_id="24" stage="1" lat="1">
<core>m_axi</core>
<MemPortIdVec></MemPortIdVec>
<condition id="-1">
<or_exp><and_exp></and_exp></or_exp>
</condition>

<Node id="19" bw="32" op_0_bw="32" op_1_bw="32" op_2_bw="1" op_3_bw="1" op_4_bw="32" op_5_bw="0">
<![CDATA[
._crit_edge1:1  %status = call i32 @_ssdm_op_Read.m_axi.volatile.i32P(i32* %Master2SysAlloc_addr_2) nounwind

]]></Node>
<StgValue><ssdm name="status"/></StgValue>
</operation>
</state>

<state id="25" st_id="25">

<operation id="64" st_id="25" stage="1" lat="1">
<core>Cmp</core>
<MemPortIdVec></MemPortIdVec>
<condition id="-1">
<or_exp><and_exp></and_exp></or_exp>
</condition>

<Node id="20" bw="1" op_0_bw="32" op_1_bw="32">
<![CDATA[
._crit_edge1:2  %icmp_ln15 = icmp eq i32 %status, 0

]]></Node>
<StgValue><ssdm name="icmp_ln15"/></StgValue>
</operation>

<operation id="65" st_id="25" stage="1" lat="1">
<core>NULL</core>
<MemPortIdVec></MemPortIdVec>
<condition id="-1">
<or_exp><and_exp></and_exp></or_exp>
</condition>

<Node id="21" bw="0" op_0_bw="1" op_1_bw="0" op_2_bw="0">
<![CDATA[
._crit_edge1:3  br i1 %icmp_ln15, label %._crit_edge1, label %0

]]></Node>
<StgValue><ssdm name="br_ln13"/></StgValue>
</operation>

<operation id="66" st_id="25" stage="1" lat="1">
<core>NULL</core>
<MemPortIdVec></MemPortIdVec>
<condition id="-1">
<or_exp><and_exp><literal name="icmp_ln15" val="0"/>
</and_exp></or_exp>
</condition>

<Node id="23" bw="32" op_0_bw="32" op_1_bw="64">
<![CDATA[
:0  %Master2SysAlloc_addr_3 = getelementptr inbounds i32* %Master2SysAlloc, i64 284164098

]]></Node>
<StgValue><ssdm name="Master2SysAlloc_addr_3"/></StgValue>
</operation>

<operation id="67" st_id="25" stage="7" lat="7">
<core>m_axi</core>
<MemPortIdVec></MemPortIdVec>
<condition id="-1">
<or_exp><and_exp><literal name="icmp_ln15" val="0"/>
</and_exp></or_exp>
</condition>

<Node id="24" bw="1" op_0_bw="1" op_1_bw="32" op_2_bw="32" op_3_bw="1" op_4_bw="0" op_5_bw="1" op_6_bw="1">
<![CDATA[
:1  %result_req = call i1 @_ssdm_op_ReadReq.m_axi.i32P(i32* %Master2SysAlloc_addr_3, i32 1) nounwind

]]></Node>
<StgValue><ssdm name="result_req"/></StgValue>
</operation>
</state>

<state id="26" st_id="26">

<operation id="68" st_id="26" stage="6" lat="7">
<core>m_axi</core>
<MemPortIdVec></MemPortIdVec>
<condition id="-1">
<or_exp><and_exp></and_exp></or_exp>
</condition>

<Node id="24" bw="1" op_0_bw="1" op_1_bw="32" op_2_bw="32" op_3_bw="1" op_4_bw="0" op_5_bw="1" op_6_bw="1">
<![CDATA[
:1  %result_req = call i1 @_ssdm_op_ReadReq.m_axi.i32P(i32* %Master2SysAlloc_addr_3, i32 1) nounwind

]]></Node>
<StgValue><ssdm name="result_req"/></StgValue>
</operation>
</state>

<state id="27" st_id="27">

<operation id="69" st_id="27" stage="5" lat="7">
<core>m_axi</core>
<MemPortIdVec></MemPortIdVec>
<condition id="-1">
<or_exp><and_exp></and_exp></or_exp>
</condition>

<Node id="24" bw="1" op_0_bw="1" op_1_bw="32" op_2_bw="32" op_3_bw="1" op_4_bw="0" op_5_bw="1" op_6_bw="1">
<![CDATA[
:1  %result_req = call i1 @_ssdm_op_ReadReq.m_axi.i32P(i32* %Master2SysAlloc_addr_3, i32 1) nounwind

]]></Node>
<StgValue><ssdm name="result_req"/></StgValue>
</operation>
</state>

<state id="28" st_id="28">

<operation id="70" st_id="28" stage="4" lat="7">
<core>m_axi</core>
<MemPortIdVec></MemPortIdVec>
<condition id="-1">
<or_exp><and_exp></and_exp></or_exp>
</condition>

<Node id="24" bw="1" op_0_bw="1" op_1_bw="32" op_2_bw="32" op_3_bw="1" op_4_bw="0" op_5_bw="1" op_6_bw="1">
<![CDATA[
:1  %result_req = call i1 @_ssdm_op_ReadReq.m_axi.i32P(i32* %Master2SysAlloc_addr_3, i32 1) nounwind

]]></Node>
<StgValue><ssdm name="result_req"/></StgValue>
</operation>
</state>

<state id="29" st_id="29">

<operation id="71" st_id="29" stage="3" lat="7">
<core>m_axi</core>
<MemPortIdVec></MemPortIdVec>
<condition id="-1">
<or_exp><and_exp></and_exp></or_exp>
</condition>

<Node id="24" bw="1" op_0_bw="1" op_1_bw="32" op_2_bw="32" op_3_bw="1" op_4_bw="0" op_5_bw="1" op_6_bw="1">
<![CDATA[
:1  %result_req = call i1 @_ssdm_op_ReadReq.m_axi.i32P(i32* %Master2SysAlloc_addr_3, i32 1) nounwind

]]></Node>
<StgValue><ssdm name="result_req"/></StgValue>
</operation>
</state>

<state id="30" st_id="30">

<operation id="72" st_id="30" stage="2" lat="7">
<core>m_axi</core>
<MemPortIdVec></MemPortIdVec>
<condition id="-1">
<or_exp><and_exp></and_exp></or_exp>
</condition>

<Node id="24" bw="1" op_0_bw="1" op_1_bw="32" op_2_bw="32" op_3_bw="1" op_4_bw="0" op_5_bw="1" op_6_bw="1">
<![CDATA[
:1  %result_req = call i1 @_ssdm_op_ReadReq.m_axi.i32P(i32* %Master2SysAlloc_addr_3, i32 1) nounwind

]]></Node>
<StgValue><ssdm name="result_req"/></StgValue>
</operation>
</state>

<state id="31" st_id="31">

<operation id="73" st_id="31" stage="1" lat="7">
<core>m_axi</core>
<MemPortIdVec></MemPortIdVec>
<condition id="-1">
<or_exp><and_exp></and_exp></or_exp>
</condition>

<Node id="24" bw="1" op_0_bw="1" op_1_bw="32" op_2_bw="32" op_3_bw="1" op_4_bw="0" op_5_bw="1" op_6_bw="1">
<![CDATA[
:1  %result_req = call i1 @_ssdm_op_ReadReq.m_axi.i32P(i32* %Master2SysAlloc_addr_3, i32 1) nounwind

]]></Node>
<StgValue><ssdm name="result_req"/></StgValue>
</operation>
</state>

<state id="32" st_id="32">

<operation id="74" st_id="32" stage="1" lat="1">
<core>m_axi</core>
<MemPortIdVec></MemPortIdVec>
<condition id="-1">
<or_exp><and_exp></and_exp></or_exp>
</condition>

<Node id="25" bw="32" op_0_bw="32" op_1_bw="32" op_2_bw="1" op_3_bw="1" op_4_bw="32" op_5_bw="0" op_6_bw="1" op_7_bw="32">
<![CDATA[
:2  %result = call i32 @_ssdm_op_Read.m_axi.volatile.i32P(i32* %Master2SysAlloc_addr_3) nounwind

]]></Node>
<StgValue><ssdm name="result"/></StgValue>
</operation>

<operation id="75" st_id="32" stage="1" lat="1">
<core>NULL</core>
<MemPortIdVec></MemPortIdVec>
<condition id="-1">
<or_exp><and_exp></and_exp></or_exp>
</condition>

<Node id="26" bw="0" op_0_bw="32">
<![CDATA[
:3  ret i32 %result

]]></Node>
<StgValue><ssdm name="ret_ln19"/></StgValue>
</operation>
</state>
</state_list>


<ports>
</ports>


<dataflows>
</dataflows>


</stg>
