<stg><name>UpdateNode</name>


<trans_list>

<trans id="16" from="1" to="2">
<condition id="-1">
<or_exp><and_exp></and_exp></or_exp>
</condition>
</trans>

<trans id="17" from="2" to="3">
<condition id="-1">
<or_exp><and_exp></and_exp></or_exp>
</condition>
</trans>

<trans id="18" from="3" to="4">
<condition id="-1">
<or_exp><and_exp></and_exp></or_exp>
</condition>
</trans>
</trans_list>



<state_list>

<state id="1" st_id="1">

<operation id="5" st_id="1" stage="1" lat="1">
<core>NULL</core>
<MemPortIdVec></MemPortIdVec>
<condition id="-1">
<or_exp><and_exp></and_exp></or_exp>
</condition>

<Node id="11" bw="32" op_0_bw="32" op_1_bw="32">
<![CDATA[
:3  %oldKey_read = call i32 @_ssdm_op_Read.ap_auto.i32(i32 %oldKey)

]]></Node>
<StgValue><ssdm name="oldKey_read"/></StgValue>
</operation>

<operation id="6" st_id="1" stage="1" lat="1">
<core>NULL</core>
<MemPortIdVec></MemPortIdVec>
<condition id="-1">
<or_exp><and_exp></and_exp></or_exp>
</condition>

<Node id="12" bw="32" op_0_bw="32" op_1_bw="32">
<![CDATA[
:4  %rootPtr_read = call i32 @_ssdm_op_Read.ap_auto.i32(i32 %rootPtr)

]]></Node>
<StgValue><ssdm name="rootPtr_read"/></StgValue>
</operation>

<operation id="7" st_id="1" stage="2" lat="2">
<core></core>
<MemPortIdVec></MemPortIdVec>
<condition id="-1">
<or_exp><and_exp></and_exp></or_exp>
</condition>

<Node id="13" bw="32" op_0_bw="32" op_1_bw="32" op_2_bw="32" op_3_bw="32" op_4_bw="32" op_5_bw="32" op_6_bw="32">
<![CDATA[
:5  %rootPtr_assign = call fastcc i32 @DeleteTreeNode(i32* %myHeap, i32* %Master2SysAlloc, [40 x i32]* %fixedStack, [40 x i32]* %secondStack, i32 %rootPtr_read, i32 %oldKey_read)

]]></Node>
<StgValue><ssdm name="rootPtr_assign"/></StgValue>
</operation>
</state>

<state id="2" st_id="2">

<operation id="8" st_id="2" stage="1" lat="2">
<core></core>
<MemPortIdVec></MemPortIdVec>
<condition id="-1">
<or_exp><and_exp></and_exp></or_exp>
</condition>

<Node id="13" bw="32" op_0_bw="32" op_1_bw="32" op_2_bw="32" op_3_bw="32" op_4_bw="32" op_5_bw="32" op_6_bw="32">
<![CDATA[
:5  %rootPtr_assign = call fastcc i32 @DeleteTreeNode(i32* %myHeap, i32* %Master2SysAlloc, [40 x i32]* %fixedStack, [40 x i32]* %secondStack, i32 %rootPtr_read, i32 %oldKey_read)

]]></Node>
<StgValue><ssdm name="rootPtr_assign"/></StgValue>
</operation>
</state>

<state id="3" st_id="3">

<operation id="9" st_id="3" stage="1" lat="1">
<core>NULL</core>
<MemPortIdVec></MemPortIdVec>
<condition id="-1">
<or_exp><and_exp></and_exp></or_exp>
</condition>

<Node id="10" bw="32" op_0_bw="32" op_1_bw="32">
<![CDATA[
:2  %newKey_read = call i32 @_ssdm_op_Read.ap_auto.i32(i32 %newKey)

]]></Node>
<StgValue><ssdm name="newKey_read"/></StgValue>
</operation>

<operation id="10" st_id="3" stage="2" lat="2">
<core></core>
<MemPortIdVec></MemPortIdVec>
<condition id="-1">
<or_exp><and_exp></and_exp></or_exp>
</condition>

<Node id="14" bw="64" op_0_bw="64" op_1_bw="32" op_2_bw="32" op_3_bw="32" op_4_bw="32" op_5_bw="32" op_6_bw="32" op_7_bw="32" op_8_bw="32" op_9_bw="32" op_10_bw="32">
<![CDATA[
:6  %Insert_ret = call fastcc { i32, i32 } @Insert(i32 undef, i32 undef, i32* %myHeap, i32* %Master2SysAlloc, [40 x i32]* %fixedStack, i32 %rootPtr_assign, i32 %newKey_read)

]]></Node>
<StgValue><ssdm name="Insert_ret"/></StgValue>
</operation>
</state>

<state id="4" st_id="4">

<operation id="11" st_id="4" stage="1" lat="1">
<core>NULL</core>
<MemPortIdVec></MemPortIdVec>
<condition id="-1">
<or_exp><and_exp></and_exp></or_exp>
</condition>

<Node id="8" bw="0" op_0_bw="0" op_1_bw="32" op_2_bw="0" op_3_bw="32" op_4_bw="32" op_5_bw="0" op_6_bw="32" op_7_bw="32" op_8_bw="0" op_9_bw="0" op_10_bw="0" op_11_bw="32" op_12_bw="32" op_13_bw="32" op_14_bw="32" op_15_bw="0" op_16_bw="0">
<![CDATA[
:0  call void (...)* @_ssdm_op_SpecInterface(i32* %myHeap, [6 x i8]* @p_str3, i32 0, i32 0, [1 x i8]* @p_str1, i32 0, i32 1, [1 x i8]* @p_str1, [4 x i8]* @p_str4, [1 x i8]* @p_str1, i32 16, i32 16, i32 16, i32 16, [1 x i8]* @p_str1, [1 x i8]* @p_str1) nounwind

]]></Node>
<StgValue><ssdm name="specinterface_ln0"/></StgValue>
</operation>

<operation id="12" st_id="4" stage="1" lat="1">
<core>NULL</core>
<MemPortIdVec></MemPortIdVec>
<condition id="-1">
<or_exp><and_exp></and_exp></or_exp>
</condition>

<Node id="9" bw="0" op_0_bw="0" op_1_bw="32" op_2_bw="0" op_3_bw="32" op_4_bw="32" op_5_bw="0" op_6_bw="32" op_7_bw="32" op_8_bw="0" op_9_bw="0" op_10_bw="0" op_11_bw="32" op_12_bw="32" op_13_bw="32" op_14_bw="32" op_15_bw="0" op_16_bw="0">
<![CDATA[
:1  call void (...)* @_ssdm_op_SpecInterface(i32* %Master2SysAlloc, [6 x i8]* @p_str3, i32 0, i32 0, [1 x i8]* @p_str1, i32 0, i32 1, [1 x i8]* @p_str1, [4 x i8]* @p_str4, [1 x i8]* @p_str1, i32 16, i32 16, i32 16, i32 16, [1 x i8]* @p_str1, [1 x i8]* @p_str1) nounwind

]]></Node>
<StgValue><ssdm name="specinterface_ln0"/></StgValue>
</operation>

<operation id="13" st_id="4" stage="1" lat="2">
<core></core>
<MemPortIdVec></MemPortIdVec>
<condition id="-1">
<or_exp><and_exp></and_exp></or_exp>
</condition>

<Node id="14" bw="64" op_0_bw="64" op_1_bw="32" op_2_bw="32" op_3_bw="32" op_4_bw="32" op_5_bw="32" op_6_bw="32" op_7_bw="32" op_8_bw="32" op_9_bw="32" op_10_bw="32">
<![CDATA[
:6  %Insert_ret = call fastcc { i32, i32 } @Insert(i32 undef, i32 undef, i32* %myHeap, i32* %Master2SysAlloc, [40 x i32]* %fixedStack, i32 %rootPtr_assign, i32 %newKey_read)

]]></Node>
<StgValue><ssdm name="Insert_ret"/></StgValue>
</operation>

<operation id="14" st_id="4" stage="1" lat="1">
<core>NULL</core>
<MemPortIdVec></MemPortIdVec>
<condition id="-1">
<or_exp><and_exp></and_exp></or_exp>
</condition>

<Node id="15" bw="32" op_0_bw="64">
<![CDATA[
:7  %newBundle_root = extractvalue { i32, i32 } %Insert_ret, 0

]]></Node>
<StgValue><ssdm name="newBundle_root"/></StgValue>
</operation>

<operation id="15" st_id="4" stage="1" lat="1">
<core>NULL</core>
<MemPortIdVec></MemPortIdVec>
<condition id="-1">
<or_exp><and_exp></and_exp></or_exp>
</condition>

<Node id="16" bw="0" op_0_bw="32">
<![CDATA[
:8  ret i32 %newBundle_root

]]></Node>
<StgValue><ssdm name="ret_ln16"/></StgValue>
</operation>
</state>
</state_list>


<ports>
<port id="19" name="myHeap" dir="2" iftype="4">
<core>NULL</core><StgValue><ssdm name="myHeap"/></StgValue>
</port>
<port id="20" name="Master2SysAlloc" dir="2" iftype="4">
<core>NULL</core><StgValue><ssdm name="Master2SysAlloc"/></StgValue>
</port>
<port id="21" name="fixedStack" dir="2" iftype="1">
<core>RAM</core><StgValue><ssdm name="fixedStack"/><MemPortTyVec>2 3 </MemPortTyVec>
</StgValue>
</port>
<port id="22" name="secondStack" dir="2" iftype="1">
<core>RAM</core><StgValue><ssdm name="secondStack"/><MemPortTyVec>2 3 </MemPortTyVec>
</StgValue>
</port>
<port id="23" name="rootPtr" dir="0" iftype="0">
<core>NULL</core><StgValue><ssdm name="rootPtr"/></StgValue>
</port>
<port id="24" name="oldKey" dir="0" iftype="0">
<core>NULL</core><StgValue><ssdm name="oldKey"/></StgValue>
</port>
<port id="25" name="newKey" dir="0" iftype="0">
<core>NULL</core><StgValue><ssdm name="newKey"/></StgValue>
</port>
</ports>


<dataflows>
<dataflow id="27" from="_ssdm_op_Read.ap_auto.i32" to="oldKey_read" fromId="26" toId="5">
</dataflow>
<dataflow id="28" from="oldKey" to="oldKey_read" fromId="24" toId="5">
</dataflow>
<dataflow id="29" from="_ssdm_op_Read.ap_auto.i32" to="rootPtr_read" fromId="26" toId="6">
</dataflow>
<dataflow id="30" from="rootPtr" to="rootPtr_read" fromId="23" toId="6">
</dataflow>
<dataflow id="32" from="DeleteTreeNode" to="rootPtr_assign" fromId="31" toId="7">
</dataflow>
<dataflow id="33" from="myHeap" to="rootPtr_assign" fromId="19" toId="7">
</dataflow>
<dataflow id="34" from="Master2SysAlloc" to="rootPtr_assign" fromId="20" toId="7">
</dataflow>
<dataflow id="35" from="fixedStack" to="rootPtr_assign" fromId="21" toId="7">
</dataflow>
<dataflow id="36" from="secondStack" to="rootPtr_assign" fromId="22" toId="7">
</dataflow>
<dataflow id="37" from="rootPtr_read" to="rootPtr_assign" fromId="6" toId="7">
</dataflow>
<dataflow id="38" from="oldKey_read" to="rootPtr_assign" fromId="5" toId="7">
</dataflow>
<dataflow id="39" from="DeleteTreeNode" to="rootPtr_assign" fromId="31" toId="8">
</dataflow>
<dataflow id="40" from="myHeap" to="rootPtr_assign" fromId="19" toId="8">
</dataflow>
<dataflow id="41" from="Master2SysAlloc" to="rootPtr_assign" fromId="20" toId="8">
</dataflow>
<dataflow id="42" from="fixedStack" to="rootPtr_assign" fromId="21" toId="8">
</dataflow>
<dataflow id="43" from="secondStack" to="rootPtr_assign" fromId="22" toId="8">
</dataflow>
<dataflow id="44" from="rootPtr_read" to="rootPtr_assign" fromId="6" toId="8">
</dataflow>
<dataflow id="45" from="oldKey_read" to="rootPtr_assign" fromId="5" toId="8">
</dataflow>
<dataflow id="46" from="_ssdm_op_Read.ap_auto.i32" to="newKey_read" fromId="26" toId="9">
</dataflow>
<dataflow id="47" from="newKey" to="newKey_read" fromId="25" toId="9">
</dataflow>
<dataflow id="49" from="Insert" to="Insert_ret" fromId="48" toId="10">
</dataflow>
<dataflow id="51" from="StgValue_50" to="Insert_ret" fromId="50" toId="10">
</dataflow>
<dataflow id="52" from="StgValue_50" to="Insert_ret" fromId="50" toId="10">
</dataflow>
<dataflow id="53" from="myHeap" to="Insert_ret" fromId="19" toId="10">
</dataflow>
<dataflow id="54" from="Master2SysAlloc" to="Insert_ret" fromId="20" toId="10">
</dataflow>
<dataflow id="55" from="fixedStack" to="Insert_ret" fromId="21" toId="10">
</dataflow>
<dataflow id="56" from="rootPtr_assign" to="Insert_ret" fromId="8" toId="10">
</dataflow>
<dataflow id="57" from="newKey_read" to="Insert_ret" fromId="9" toId="10">
</dataflow>
<dataflow id="59" from="_ssdm_op_SpecInterface" to="specinterface_ln0" fromId="58" toId="11">
</dataflow>
<dataflow id="60" from="myHeap" to="specinterface_ln0" fromId="19" toId="11">
</dataflow>
<dataflow id="62" from="p_str3" to="specinterface_ln0" fromId="61" toId="11">
</dataflow>
<dataflow id="64" from="StgValue_63" to="specinterface_ln0" fromId="63" toId="11">
</dataflow>
<dataflow id="65" from="StgValue_63" to="specinterface_ln0" fromId="63" toId="11">
</dataflow>
<dataflow id="67" from="p_str1" to="specinterface_ln0" fromId="66" toId="11">
</dataflow>
<dataflow id="68" from="StgValue_63" to="specinterface_ln0" fromId="63" toId="11">
</dataflow>
<dataflow id="70" from="StgValue_69" to="specinterface_ln0" fromId="69" toId="11">
</dataflow>
<dataflow id="71" from="p_str1" to="specinterface_ln0" fromId="66" toId="11">
</dataflow>
<dataflow id="73" from="p_str4" to="specinterface_ln0" fromId="72" toId="11">
</dataflow>
<dataflow id="74" from="p_str1" to="specinterface_ln0" fromId="66" toId="11">
</dataflow>
<dataflow id="76" from="StgValue_75" to="specinterface_ln0" fromId="75" toId="11">
</dataflow>
<dataflow id="77" from="StgValue_75" to="specinterface_ln0" fromId="75" toId="11">
</dataflow>
<dataflow id="78" from="StgValue_75" to="specinterface_ln0" fromId="75" toId="11">
</dataflow>
<dataflow id="79" from="StgValue_75" to="specinterface_ln0" fromId="75" toId="11">
</dataflow>
<dataflow id="80" from="p_str1" to="specinterface_ln0" fromId="66" toId="11">
</dataflow>
<dataflow id="81" from="p_str1" to="specinterface_ln0" fromId="66" toId="11">
</dataflow>
<dataflow id="82" from="_ssdm_op_SpecInterface" to="specinterface_ln0" fromId="58" toId="12">
</dataflow>
<dataflow id="83" from="Master2SysAlloc" to="specinterface_ln0" fromId="20" toId="12">
</dataflow>
<dataflow id="84" from="p_str3" to="specinterface_ln0" fromId="61" toId="12">
</dataflow>
<dataflow id="85" from="StgValue_63" to="specinterface_ln0" fromId="63" toId="12">
</dataflow>
<dataflow id="86" from="StgValue_63" to="specinterface_ln0" fromId="63" toId="12">
</dataflow>
<dataflow id="87" from="p_str1" to="specinterface_ln0" fromId="66" toId="12">
</dataflow>
<dataflow id="88" from="StgValue_63" to="specinterface_ln0" fromId="63" toId="12">
</dataflow>
<dataflow id="89" from="StgValue_69" to="specinterface_ln0" fromId="69" toId="12">
</dataflow>
<dataflow id="90" from="p_str1" to="specinterface_ln0" fromId="66" toId="12">
</dataflow>
<dataflow id="91" from="p_str4" to="specinterface_ln0" fromId="72" toId="12">
</dataflow>
<dataflow id="92" from="p_str1" to="specinterface_ln0" fromId="66" toId="12">
</dataflow>
<dataflow id="93" from="StgValue_75" to="specinterface_ln0" fromId="75" toId="12">
</dataflow>
<dataflow id="94" from="StgValue_75" to="specinterface_ln0" fromId="75" toId="12">
</dataflow>
<dataflow id="95" from="StgValue_75" to="specinterface_ln0" fromId="75" toId="12">
</dataflow>
<dataflow id="96" from="StgValue_75" to="specinterface_ln0" fromId="75" toId="12">
</dataflow>
<dataflow id="97" from="p_str1" to="specinterface_ln0" fromId="66" toId="12">
</dataflow>
<dataflow id="98" from="p_str1" to="specinterface_ln0" fromId="66" toId="12">
</dataflow>
<dataflow id="99" from="Insert" to="Insert_ret" fromId="48" toId="13">
</dataflow>
<dataflow id="100" from="StgValue_50" to="Insert_ret" fromId="50" toId="13">
</dataflow>
<dataflow id="101" from="StgValue_50" to="Insert_ret" fromId="50" toId="13">
</dataflow>
<dataflow id="102" from="myHeap" to="Insert_ret" fromId="19" toId="13">
</dataflow>
<dataflow id="103" from="Master2SysAlloc" to="Insert_ret" fromId="20" toId="13">
</dataflow>
<dataflow id="104" from="fixedStack" to="Insert_ret" fromId="21" toId="13">
</dataflow>
<dataflow id="105" from="rootPtr_assign" to="Insert_ret" fromId="8" toId="13">
</dataflow>
<dataflow id="106" from="newKey_read" to="Insert_ret" fromId="9" toId="13">
</dataflow>
<dataflow id="107" from="Insert_ret" to="newBundle_root" fromId="13" toId="14">
</dataflow>
<dataflow id="108" from="newBundle_root" to="ret_ln16" fromId="14" toId="15">
</dataflow>
</dataflows>


</stg>
